provider,region,state,family,architecture,processor,vCPU,ram(GB),price($/h),N-price($/h),daily_price,N-daily_price,weekly_price,N-weekly_price,monthly_price,N-monthly_price
oci,global,global,A1,ARM,Ampere Altra Q80-30,1,2,0.0,0.0,0.0,0.0,0.0,0.0,0.0,0.0
oci,global,global,A1,ARM,Ampere Altra Q80-30,1,4,0.0,0.0,0.0,0.0,0.0,0.0,0.0,0.0
oci,global,global,A1,ARM,Ampere Altra Q80-30,1,8,0.0,0.0,0.0,0.0,0.0,0.0,0.0,0.0
oci,global,global,A1,ARM,Ampere Altra Q80-30,1,16,0.0,0.0,0.0,0.0,0.0,0.0,0.0,0.0
oci,global,global,A1,ARM,Ampere Altra Q80-30,2,4,0.0,0.0,0.0,0.0,0.0,0.0,0.0,0.0
oci,global,global,A1,ARM,Ampere Altra Q80-30,2,8,0.0,0.0,0.0,0.0,0.0,0.0,0.0,0.0
oci,global,global,A1,ARM,Ampere Altra Q80-30,2,16,0.0,0.0,0.0,0.0,0.0,0.0,0.0,0.0
oci,global,global,A1,ARM,Ampere Altra Q80-30,2,32,0.0,0.0,0.0,0.0,0.0,0.0,8.04,8.04
oci,global,global,A1,ARM,Ampere Altra Q80-30,4,8,0.0,0.0,0.0,0.0,0.0,0.0,0.0,0.0
oci,global,global,A1,ARM,Ampere Altra Q80-30,4,16,0.0,0.0,0.0,0.0,0.0,0.0,0.0,0.0
oci,global,global,A1,ARM,Ampere Altra Q80-30,4,32,0.0,0.0,0.0,0.0,0.0,0.0,8.04,8.04
oci,global,global,A1,ARM,Ampere Altra Q80-30,4,64,0.0,0.0,0.0,0.0,0.0,0.0,43.08,43.08
oci,global,global,A1,ARM,Ampere Altra Q80-30,8,16,0.0,0.0,0.0,0.0,0.0,0.0,28.4,28.4
oci,global,global,A1,ARM,Ampere Altra Q80-30,8,32,0.0,0.0,0.0,0.0,0.0,0.0,36.44,36.44
oci,global,global,A1,ARM,Ampere Altra Q80-30,8,64,0.0,0.0,0.0,0.0,0.0,0.0,71.48,71.48
oci,global,global,A1,ARM,Ampere Altra Q80-30,8,128,0.0,0.0,0.0,0.0,5.26,5.26,141.56,141.56
oci,global,global,A1,ARM,Ampere Altra Q80-30,16,32,0.0,0.0,0.0,0.0,0.0,0.0,94.84,94.84
oci,global,global,A1,ARM,Ampere Altra Q80-30,16,64,0.0,0.0,0.0,0.0,0.0,0.0,129.88,129.88
oci,global,global,A1,ARM,Ampere Altra Q80-30,16,128,0.0,0.0,0.0,0.0,5.26,5.26,199.96,199.96
oci,global,global,A1,ARM,Ampere Altra Q80-30,16,256,0.0,0.0,0.0,0.0,37.51,37.51,340.12,340.12
oci,global,global,A1,ARM,Ampere Altra Q80-30,32,64,0.0,0.0,0.0,0.0,23.76,23.76,246.68,246.68
oci,global,global,A1,ARM,Ampere Altra Q80-30,32,128,0.0,0.0,0.0,0.0,29.02,29.02,316.76,316.76
oci,global,global,A1,ARM,Ampere Altra Q80-30,32,256,0.0,0.0,0.0,0.0,61.27,61.27,456.92,456.92
oci,global,global,A1,ARM,Ampere Altra Q80-30,48,96,0.0,0.0,0.0,0.0,50.64,50.64,398.52,398.52
oci,global,global,A1,ARM,Ampere Altra Q80-30,48,192,0.0,0.0,0.0,0.0,72.02,72.02,503.64,503.64
oci,global,global,A1,ARM,Ampere Altra Q80-30,48,384,0.0,0.0,0.0,0.0,120.41,120.41,713.88,713.88
oci,global,global,A1,ARM,Ampere Altra Q80-30,64,128,0.0,0.0,0.0,0.0,82.78,82.78,550.36,550.36
oci,global,global,A1,ARM,Ampere Altra Q80-30,64,256,0.0,0.0,0.0,0.0,115.03,115.03,690.52,690.52
oci,global,global,A2,ARM,Ampere AmpereOne A160-30,2,4,0.022,0.022,0.53,0.53,3.7,3.7,16.06,16.06
oci,global,global,A2,ARM,Ampere AmpereOne A160-30,2,8,0.03,0.03,0.72,0.72,5.04,5.04,21.9,21.9
oci,global,global,A2,ARM,Ampere AmpereOne A160-30,2,16,0.046,0.046,1.1,1.1,7.73,7.73,33.58,33.58
oci,global,global,A2,ARM,Ampere AmpereOne A160-30,2,32,0.078,0.078,1.87,1.87,13.1,13.1,56.94,56.94
oci,global,global,A2,ARM,Ampere AmpereOne A160-30,4,8,0.044,0.044,1.06,1.06,7.39,7.39,32.12,32.12
oci,global,global,A2,ARM,Ampere AmpereOne A160-30,4,16,0.06,0.06,1.44,1.44,10.08,10.08,43.8,43.8
oci,global,global,A2,ARM,Ampere AmpereOne A160-30,4,32,0.092,0.092,2.21,2.21,15.46,15.46,67.16,67.16
oci,global,global,A2,ARM,Ampere AmpereOne A160-30,4,64,0.156,0.156,3.74,3.74,26.21,26.21,113.88,113.88
oci,global,global,A2,ARM,Ampere AmpereOne A160-30,8,16,0.088,0.088,2.11,2.11,14.78,14.78,64.24,64.24
oci,global,global,A2,ARM,Ampere AmpereOne A160-30,8,32,0.12,0.12,2.88,2.88,20.16,20.16,87.6,87.6
oci,global,global,A2,ARM,Ampere AmpereOne A160-30,8,64,0.184,0.184,4.42,4.42,30.91,30.91,134.32,134.32
oci,global,global,A2,ARM,Ampere AmpereOne A160-30,8,128,0.312,0.312,7.49,7.49,52.42,52.42,227.76,227.76
oci,global,global,A2,ARM,Ampere AmpereOne A160-30,16,32,0.176,0.176,4.22,4.22,29.57,29.57,128.48,128.48
oci,global,global,A2,ARM,Ampere AmpereOne A160-30,16,64,0.24,0.24,5.76,5.76,40.32,40.32,175.2,175.2
oci,global,global,A2,ARM,Ampere AmpereOne A160-30,16,128,0.368,0.368,8.83,8.83,61.82,61.82,268.64,268.64
oci,global,global,A2,ARM,Ampere AmpereOne A160-30,16,256,0.624,0.624,14.98,14.98,104.83,104.83,455.52,455.52
oci,global,global,A2,ARM,Ampere AmpereOne A160-30,32,64,0.352,0.352,8.45,8.45,59.14,59.14,256.96,256.96
oci,global,global,A2,ARM,Ampere AmpereOne A160-30,32,128,0.48,0.48,11.52,11.52,80.64,80.64,350.4,350.4
oci,global,global,A2,ARM,Ampere AmpereOne A160-30,32,256,0.736,0.736,17.66,17.66,123.65,123.65,537.28,537.28
oci,global,global,A2,ARM,Ampere AmpereOne A160-30,32,512,1.248,1.248,29.95,29.95,209.66,209.66,911.04,911.04
oci,global,global,A2,ARM,Ampere AmpereOne A160-30,48,96,0.528,0.528,12.67,12.67,88.7,88.7,385.44,385.44
oci,global,global,A2,ARM,Ampere AmpereOne A160-30,48,192,0.72,0.72,17.28,17.28,120.96,120.96,525.6,525.6
oci,global,global,A2,ARM,Ampere AmpereOne A160-30,48,384,1.104,1.104,26.5,26.5,185.47,185.47,805.92,805.92
oci,global,global,A2,ARM,Ampere AmpereOne A160-30,48,768,1.872,1.872,44.93,44.93,314.5,314.5,1366.56,1366.56
oci,global,global,A2,ARM,Ampere AmpereOne A160-30,64,128,0.704,0.704,16.9,16.9,118.27,118.27,513.92,513.92
oci,global,global,A2,ARM,Ampere AmpereOne A160-30,64,256,0.96,0.96,23.04,23.04,161.28,161.28,700.8,700.8
oci,global,global,A2,ARM,Ampere AmpereOne A160-30,64,512,1.472,1.472,35.33,35.33,247.3,247.3,1074.56,1074.56
oci,global,global,A2,ARM,Ampere AmpereOne A160-30,96,192,1.056,1.056,25.34,25.34,177.41,177.41,770.88,770.88
oci,global,global,A2,ARM,Ampere AmpereOne A160-30,96,384,1.44,1.44,34.56,34.56,241.92,241.92,1051.2,1051.2
oci,global,global,A2,ARM,Ampere AmpereOne A160-30,96,768,2.208,2.208,52.99,52.99,370.94,370.94,1611.84,1611.84
oci,global,global,A2,ARM,Ampere AmpereOne A160-30,128,256,1.408,1.408,33.79,33.79,236.54,236.54,1027.84,1027.84
oci,global,global,A2,ARM,Ampere AmpereOne A160-30,128,512,1.92,1.92,46.08,46.08,322.56,322.56,1401.6,1401.6
oci,global,global,A4,ARM,Ampere AmpereOne M A06-36M,2,4,0.0246,0.01757,0.59,0.4214,4.13,2.95,17.96,12.83
oci,global,global,A4,ARM,Ampere AmpereOne M A06-36M,2,8,0.0354,0.02529,0.85,0.6071,5.95,4.25,25.84,18.46
oci,global,global,A4,ARM,Ampere AmpereOne M A06-36M,2,16,0.057,0.04071,1.37,0.9786,9.58,6.843,41.61,29.72
oci,global,global,A4,ARM,Ampere AmpereOne M A06-36M,2,32,0.1002,0.07157,2.4,1.7143,16.83,12.021,73.15,52.25
oci,global,global,A4,ARM,Ampere AmpereOne M A06-36M,4,8,0.0492,0.03514,1.18,0.8429,8.27,5.907,35.92,25.66
oci,global,global,A4,ARM,Ampere AmpereOne M A06-36M,4,16,0.0708,0.05057,1.7,1.2143,11.89,8.493,51.68,36.91
oci,global,global,A4,ARM,Ampere AmpereOne M A06-36M,4,32,0.114,0.08143,2.74,1.9571,19.15,13.679,83.22,59.44
oci,global,global,A4,ARM,Ampere AmpereOne M A06-36M,4,64,0.2004,0.14314,4.81,3.4357,33.67,24.05,146.29,104.49
oci,global,global,A4,ARM,Ampere AmpereOne M A06-36M,8,16,0.0984,0.07029,2.36,1.6857,16.53,11.807,71.83,51.31
oci,global,global,A4,ARM,Ampere AmpereOne M A06-36M,8,32,0.1416,0.10114,3.4,2.4286,23.79,16.993,103.37,73.84
oci,global,global,A4,ARM,Ampere AmpereOne M A06-36M,8,64,0.228,0.16286,5.47,3.9071,38.3,27.357,166.44,118.89
oci,global,global,A4,ARM,Ampere AmpereOne M A06-36M,8,128,0.4008,0.28629,9.62,6.8714,67.33,48.093,292.58,208.99
oci,global,global,A4,ARM,Ampere AmpereOne M A06-36M,16,32,0.1968,0.14057,4.72,3.3714,33.06,23.614,143.66,102.61
oci,global,global,A4,ARM,Ampere AmpereOne M A06-36M,16,64,0.2832,0.20229,6.8,4.8571,47.58,33.986,206.74,147.67
oci,global,global,A4,ARM,Ampere AmpereOne M A06-36M,16,128,0.456,0.32571,10.94,7.8143,76.61,54.721,332.88,237.77
oci,global,global,A4,ARM,Ampere AmpereOne M A06-36M,16,256,0.8016,0.57257,19.24,13.7429,134.67,96.193,585.17,417.98
oci,global,global,A4,ARM,Ampere AmpereOne M A06-36M,32,64,0.3936,0.28114,9.45,6.75,66.12,47.229,287.33,205.24
oci,global,global,A4,ARM,Ampere AmpereOne M A06-36M,32,128,0.5664,0.40457,13.59,9.7071,95.16,67.971,413.47,295.34
oci,global,global,A4,ARM,Ampere AmpereOne M A06-36M,32,256,0.912,0.65143,21.89,15.6357,153.22,109.443,665.76,475.54
oci,global,global,A4,ARM,Ampere AmpereOne M A06-36M,32,512,1.6032,1.14514,38.48,27.4857,269.34,192.386,1170.34,835.96
oci,global,global,A4,ARM,Ampere AmpereOne M A06-36M,48,96,0.5904,0.42171,14.17,10.1214,99.19,70.85,430.99,307.85
oci,global,global,A4,ARM,Ampere AmpereOne M A06-36M,48,192,0.8496,0.60686,20.39,14.5643,142.73,101.95,620.21,443.01
oci,global,global,A4,ARM,Ampere AmpereOne M A06-36M,48,384,1.368,0.97714,32.83,23.45,229.82,164.157,998.64,713.31
oci,global,global,A4,ARM,Ampere AmpereOne M A06-36M,64,128,0.7872,0.56229,18.89,13.4929,132.25,94.464,574.66,410.47
oci,global,global,A4,ARM,Ampere AmpereOne M A06-36M,64,256,1.1328,0.80914,27.19,19.4214,190.31,135.936,826.94,590.67
oci,global,global,A4,ARM,Ampere AmpereOne M A06-36M,64,512,1.824,1.30286,43.78,31.2714,306.43,218.879,1331.52,951.09
oci,global,global,A4 Ax,ARM,Ampere AmpereOne M 192-36M,2,4,0.0526,0.03757,1.26,0.9,8.84,6.314,38.4,27.43
oci,global,global,A4 Ax,ARM,Ampere AmpereOne M 192-36M,2,8,0.0862,0.06157,2.07,1.4786,14.48,10.343,62.93,44.95
oci,global,global,A4 Ax,ARM,Ampere AmpereOne M 192-36M,2,16,0.1534,0.10957,3.68,2.6286,25.77,18.407,111.98,79.99
oci,global,global,A4 Ax,ARM,Ampere AmpereOne M 192-36M,2,32,0.2878,0.20557,6.91,4.9357,48.35,34.536,210.09,150.06
oci,global,global,A4 Ax,ARM,Ampere AmpereOne M 192-36M,4,8,0.1052,0.07514,2.52,1.8,17.67,12.621,76.8,54.86
oci,global,global,A4 Ax,ARM,Ampere AmpereOne M 192-36M,4,16,0.1724,0.12314,4.14,2.9571,28.96,20.686,125.85,89.89
oci,global,global,A4 Ax,ARM,Ampere AmpereOne M 192-36M,4,32,0.3068,0.21914,7.36,5.2571,51.54,36.814,223.96,159.97
oci,global,global,A4 Ax,ARM,Ampere AmpereOne M 192-36M,4,64,0.5756,0.41114,13.81,9.8643,96.7,69.071,420.19,300.14
oci,global,global,A4 Ax,ARM,Ampere AmpereOne M 192-36M,8,16,0.2104,0.15029,5.05,3.6071,35.35,25.25,153.59,109.71
oci,global,global,A4 Ax,ARM,Ampere AmpereOne M 192-36M,8,32,0.3448,0.24629,8.28,5.9143,57.93,41.379,251.7,179.79
oci,global,global,A4 Ax,ARM,Ampere AmpereOne M 192-36M,8,64,0.6136,0.43829,14.73,10.5214,103.08,73.629,447.93,319.95
oci,global,global,A4 Ax,ARM,Ampere AmpereOne M 192-36M,8,128,1.1512,0.82229,27.63,19.7357,193.4,138.143,840.38,600.27
oci,global,global,A4 Ax,ARM,Ampere AmpereOne M 192-36M,16,32,0.4208,0.30057,10.1,7.2143,70.69,50.493,307.18,219.41
oci,global,global,A4 Ax,ARM,Ampere AmpereOne M 192-36M,16,64,0.6896,0.49257,16.55,11.8214,115.85,82.75,503.41,359.58
oci,global,global,A4 Ax,ARM,Ampere AmpereOne M 192-36M,16,128,1.2272,0.87657,29.45,21.0357,206.17,147.264,895.86,639.9
oci,global,global,A4 Ax,ARM,Ampere AmpereOne M 192-36M,16,256,2.3024,1.64457,55.26,39.4714,386.8,276.286,1680.75,1200.54
oci,global,global,A4 Ax,ARM,Ampere AmpereOne M 192-36M,32,64,0.8416,0.60114,20.2,14.4286,141.39,100.993,614.37,438.84
oci,global,global,A4 Ax,ARM,Ampere AmpereOne M 192-36M,32,128,1.3792,0.98514,33.1,23.6429,231.71,165.507,1006.82,719.16
oci,global,global,A4 Ax,ARM,Ampere AmpereOne M 192-36M,32,256,2.4544,1.75314,58.91,42.0786,412.34,294.529,1791.71,1279.79
oci,global,global,A4 Ax,ARM,Ampere AmpereOne M 192-36M,32,512,4.6048,3.28914,110.52,78.9429,773.61,552.579,3361.5,2401.07
oci,global,global,A4 Ax,ARM,Ampere AmpereOne M 192-36M,48,96,1.2624,0.90171,30.3,21.6429,212.08,151.486,921.55,658.25
oci,global,global,A4 Ax,ARM,Ampere AmpereOne M 192-36M,48,192,2.0688,1.47771,49.65,35.4643,347.56,248.257,1510.22,1078.73
oci,global,global,A4 Ax,ARM,Ampere AmpereOne M 192-36M,48,384,3.6816,2.62971,88.36,63.1143,618.51,441.793,2687.57,1919.69
oci,global,global,A4 Ax,ARM,Ampere AmpereOne M 192-36M,64,128,1.6832,1.20229,40.4,28.8571,282.78,201.986,1228.74,877.67
oci,global,global,A4 Ax,ARM,Ampere AmpereOne M 192-36M,64,256,2.7584,1.97029,66.2,47.2857,463.41,331.007,2013.63,1438.31
oci,global,global,A4 Ax,ARM,Ampere AmpereOne M 192-36M,64,512,4.9088,3.50629,117.81,84.15,824.68,589.057,3583.42,2559.59
oci,global,global,E4,x86(AMD),AMD EPYC 7J13,2,4,0.031,0.03815,0.74,0.9108,5.21,6.412,22.63,27.85
oci,global,global,E4,x86(AMD),AMD EPYC 7J13,2,8,0.037,0.04554,0.89,1.0954,6.22,7.655,27.01,33.24
oci,global,global,E4,x86(AMD),AMD EPYC 7J13,2,16,0.049,0.06031,1.18,1.4523,8.23,10.129,35.77,44.02
oci,global,global,E4,x86(AMD),AMD EPYC 7J13,2,32,0.073,0.08985,1.75,2.1538,12.26,15.089,53.29,65.59
oci,global,global,E4,x86(AMD),AMD EPYC 7J13,4,8,0.062,0.07631,1.49,1.8338,10.42,12.825,45.26,55.7
oci,global,global,E4,x86(AMD),AMD EPYC 7J13,4,16,0.074,0.09108,1.78,2.1908,12.43,15.298,54.02,66.49
oci,global,global,E4,x86(AMD),AMD EPYC 7J13,4,32,0.098,0.12062,2.35,2.8923,16.46,20.258,71.54,88.05
oci,global,global,E4,x86(AMD),AMD EPYC 7J13,4,64,0.146,0.17969,3.5,4.3077,24.53,30.191,106.58,131.18
oci,global,global,E4,x86(AMD),AMD EPYC 7J13,8,16,0.124,0.15262,2.98,3.6677,20.83,25.637,90.52,111.41
oci,global,global,E4,x86(AMD),AMD EPYC 7J13,8,32,0.148,0.18215,3.55,4.3692,24.86,30.597,108.04,132.97
oci,global,global,E4,x86(AMD),AMD EPYC 7J13,8,64,0.196,0.24123,4.7,5.7846,32.93,40.529,143.08,176.1
oci,global,global,E4,x86(AMD),AMD EPYC 7J13,8,128,0.292,0.35938,7.01,8.6277,49.06,60.382,213.16,262.35
oci,global,global,E4,x86(AMD),AMD EPYC 7J13,16,32,0.248,0.30523,5.95,7.3231,41.66,51.274,181.04,222.82
oci,global,global,E4,x86(AMD),AMD EPYC 7J13,16,64,0.296,0.36431,7.1,8.7385,49.73,61.206,216.08,265.94
oci,global,global,E4,x86(AMD),AMD EPYC 7J13,16,128,0.392,0.48246,9.41,11.5815,65.86,81.058,286.16,352.2
oci,global,global,E4,x86(AMD),AMD EPYC 7J13,16,256,0.584,0.71877,14.02,17.2554,98.11,120.751,426.32,524.7
oci,global,global,E4,x86(AMD),AMD EPYC 7J13,32,64,0.496,0.61046,11.9,14.6462,83.33,102.56,362.08,445.64
oci,global,global,E4,x86(AMD),AMD EPYC 7J13,32,128,0.592,0.72862,14.21,17.4892,99.46,122.412,432.16,531.89
oci,global,global,E4,x86(AMD),AMD EPYC 7J13,32,256,0.784,0.96492,18.82,23.1631,131.71,162.105,572.32,704.39
oci,global,global,E4,x86(AMD),AMD EPYC 7J13,32,512,1.168,1.43754,28.03,34.4985,196.22,241.502,852.64,1049.4
oci,global,global,E4,x86(AMD),AMD EPYC 7J13,48,96,0.744,0.91569,17.86,21.9815,124.99,153.834,543.12,668.46
oci,global,global,E4,x86(AMD),AMD EPYC 7J13,48,192,0.888,1.09292,21.31,26.2277,149.18,183.606,648.24,797.83
oci,global,global,E4,x86(AMD),AMD EPYC 7J13,48,384,1.176,1.44738,28.22,34.7323,197.57,243.163,858.48,1056.59
oci,global,global,E4,x86(AMD),AMD EPYC 7J13,48,768,1.752,2.15631,42.05,51.7538,294.34,362.265,1278.96,1574.1
oci,global,global,E4,x86(AMD),AMD EPYC 7J13,64,128,0.992,1.22092,23.81,29.3046,166.66,205.12,724.16,891.27
oci,global,global,E4,x86(AMD),AMD EPYC 7J13,64,256,1.184,1.45723,28.42,34.9785,198.91,244.812,864.32,1063.78
oci,global,global,E4,x86(AMD),AMD EPYC 7J13,64,512,1.568,1.92985,37.63,46.3138,263.42,324.209,1144.64,1408.79
oci,global,global,E4,x86(AMD),AMD EPYC 7J13,64,1024,2.336,2.87508,56.06,68.9969,392.45,483.015,1705.28,2098.81
oci,global,global,E4,x86(AMD),AMD EPYC 7J13,96,192,1.488,1.83138,35.71,43.9508,249.98,307.668,1086.24,1336.91
oci,global,global,E4,x86(AMD),AMD EPYC 7J13,96,384,1.776,2.18585,42.62,52.4554,298.37,367.225,1296.48,1595.67
oci,global,global,E4,x86(AMD),AMD EPYC 7J13,96,768,2.352,2.89477,56.45,69.4769,395.14,486.326,1716.96,2113.18
oci,global,global,E4,x86(AMD),AMD EPYC 7J13,96,1536,3.504,4.31262,84.1,103.5077,588.67,724.517,2557.92,3148.21
oci,global,global,E4,x86(AMD),AMD EPYC 7J13,128,256,1.984,2.44185,47.62,58.6092,333.31,410.228,1448.32,1782.55
oci,global,global,E4,x86(AMD),AMD EPYC 7J13,128,512,2.368,2.91446,56.83,69.9446,397.82,489.625,1728.64,2127.56
oci,global,global,E4,x86(AMD),AMD EPYC 7J13,128,1024,3.136,3.85969,75.26,92.6277,526.85,648.431,2289.28,2817.58
oci,global,global,E4,x86(AMD),AMD EPYC 7J13,192,384,2.976,3.66277,71.42,87.9015,499.97,615.348,2172.48,2673.82
oci,global,global,E4,x86(AMD),AMD EPYC 7J13,192,768,3.552,4.37169,85.25,104.9231,596.74,734.449,2592.96,3191.34
oci,global,global,E4,x86(AMD),AMD EPYC 7J13,192,1536,4.704,5.78954,112.9,138.9538,790.27,972.64,3433.92,4226.36
oci,global,global,E5,x86(AMD),AMD EPYC 9J14,2,4,0.038,0.03685,0.91,0.8824,6.38,6.187,27.74,26.9
oci,global,global,E5,x86(AMD),AMD EPYC 9J14,2,8,0.046,0.04461,1.1,1.0667,7.73,7.496,33.58,32.56
oci,global,global,E5,x86(AMD),AMD EPYC 9J14,2,16,0.062,0.06012,1.49,1.4448,10.42,10.104,45.26,43.89
oci,global,global,E5,x86(AMD),AMD EPYC 9J14,2,32,0.094,0.09115,2.26,2.1915,15.79,15.312,68.62,66.54
oci,global,global,E5,x86(AMD),AMD EPYC 9J14,4,8,0.076,0.0737,1.82,1.7648,12.77,12.383,55.48,53.8
oci,global,global,E5,x86(AMD),AMD EPYC 9J14,4,16,0.092,0.08921,2.21,2.143,15.46,14.992,67.16,65.12
oci,global,global,E5,x86(AMD),AMD EPYC 9J14,4,32,0.124,0.12024,2.98,2.8897,20.83,20.199,90.52,87.78
oci,global,global,E5,x86(AMD),AMD EPYC 9J14,4,64,0.188,0.1823,4.51,4.3733,31.58,30.623,137.24,133.08
oci,global,global,E5,x86(AMD),AMD EPYC 9J14,8,16,0.152,0.14739,3.65,3.5394,25.54,24.766,110.96,107.6
oci,global,global,E5,x86(AMD),AMD EPYC 9J14,8,32,0.184,0.17842,4.42,4.2861,30.91,29.973,134.32,130.25
oci,global,global,E5,x86(AMD),AMD EPYC 9J14,8,64,0.248,0.24048,5.95,5.7697,41.66,40.398,181.04,175.55
oci,global,global,E5,x86(AMD),AMD EPYC 9J14,8,128,0.376,0.36461,9.02,8.7467,63.17,61.256,274.48,266.16
oci,global,global,E5,x86(AMD),AMD EPYC 9J14,16,32,0.304,0.29479,7.3,7.0788,51.07,49.522,221.92,215.2
oci,global,global,E5,x86(AMD),AMD EPYC 9J14,16,64,0.368,0.35685,8.83,8.5624,61.82,59.947,268.64,260.5
oci,global,global,E5,x86(AMD),AMD EPYC 9J14,16,128,0.496,0.48097,11.9,11.5394,83.33,80.805,362.08,351.11
oci,global,global,E5,x86(AMD),AMD EPYC 9J14,16,256,0.752,0.72921,18.05,17.503,126.34,122.512,548.96,532.32
oci,global,global,E5,x86(AMD),AMD EPYC 9J14,32,64,0.608,0.58958,14.59,14.1479,102.14,99.045,443.84,430.39
oci,global,global,E5,x86(AMD),AMD EPYC 9J14,32,128,0.736,0.7137,17.66,17.1248,123.65,119.903,537.28,521.0
oci,global,global,E5,x86(AMD),AMD EPYC 9J14,32,256,0.992,0.96194,23.81,23.0885,166.66,161.61,724.16,702.22
oci,global,global,E5,x86(AMD),AMD EPYC 9J14,32,512,1.504,1.45842,36.1,35.0061,252.67,245.013,1097.92,1064.65
oci,global,global,E5,x86(AMD),AMD EPYC 9J14,48,96,0.912,0.88436,21.89,21.2267,153.22,148.577,665.76,645.59
oci,global,global,E5,x86(AMD),AMD EPYC 9J14,48,192,1.104,1.07055,26.5,25.697,185.47,179.85,805.92,781.5
oci,global,global,E5,x86(AMD),AMD EPYC 9J14,48,384,1.488,1.44291,35.71,34.6279,249.98,242.405,1086.24,1053.32
oci,global,global,E5,x86(AMD),AMD EPYC 9J14,48,768,2.256,2.18764,54.14,52.4994,379.01,367.525,1646.88,1596.97
oci,global,global,E5,x86(AMD),AMD EPYC 9J14,64,128,1.216,1.17915,29.18,28.2958,204.29,198.099,887.68,860.78
oci,global,global,E5,x86(AMD),AMD EPYC 9J14,64,256,1.472,1.42739,35.33,34.2594,247.3,239.806,1074.56,1042.0
oci,global,global,E5,x86(AMD),AMD EPYC 9J14,64,512,1.984,1.92388,47.62,46.177,333.31,323.21,1448.32,1404.43
oci,global,global,E5,x86(AMD),AMD EPYC 9J14,64,1024,3.008,2.91685,72.19,70.0024,505.34,490.027,2195.84,2129.3
oci,global,global,E5,x86(AMD),AMD EPYC 9J14,96,192,1.824,1.76873,43.78,42.4533,306.43,297.144,1331.52,1291.17
oci,global,global,E5,x86(AMD),AMD EPYC 9J14,96,384,2.208,2.14109,52.99,51.3842,370.94,359.699,1611.84,1563.0
oci,global,global,E5,x86(AMD),AMD EPYC 9J14,96,768,2.976,2.88582,71.42,69.2558,499.97,484.819,2172.48,2106.65
oci,global,global,E5,x86(AMD),AMD EPYC 9J14,96,1536,4.512,4.37527,108.29,105.0085,758.02,735.05,3293.76,3193.95
oci,global,global,E5,x86(AMD),AMD EPYC 9J14,128,256,2.432,2.3583,58.37,56.6012,408.58,396.199,1775.36,1721.56
oci,global,global,E5,x86(AMD),AMD EPYC 9J14,128,512,2.944,2.85479,70.66,68.5188,494.59,479.602,2149.12,2084.0
oci,global,global,E5,x86(AMD),AMD EPYC 9J14,128,1024,3.968,3.84776,95.23,92.3442,666.62,646.419,2896.64,2808.86
oci,global,global,E5,x86(AMD),AMD EPYC 9J14,128,2048,6.016,5.8337,144.38,140.0048,1010.69,980.063,4391.68,4258.6
oci,global,global,E5,x86(AMD),AMD EPYC 9J14,192,384,3.648,3.53745,87.55,84.897,612.86,594.288,2663.04,2582.34
oci,global,global,E5,x86(AMD),AMD EPYC 9J14,192,768,4.416,4.28218,105.98,102.7685,741.89,719.408,3223.68,3125.99
oci,global,global,E5,x86(AMD),AMD EPYC 9J14,192,1536,5.952,5.77164,142.85,138.5212,999.94,969.639,4344.96,4213.29
oci,global,global,E6,x86(AMD),AMD EPYC 9J45,2,4,0.038,0.02828,0.91,0.6772,6.38,4.748,27.74,20.64
oci,global,global,E6,x86(AMD),AMD EPYC 9J45,2,8,0.046,0.03423,1.1,0.8186,7.73,5.753,33.58,24.99
oci,global,global,E6,x86(AMD),AMD EPYC 9J45,2,16,0.062,0.04614,1.49,1.1088,10.42,7.754,45.26,33.68
oci,global,global,E6,x86(AMD),AMD EPYC 9J45,2,32,0.094,0.06995,2.26,1.6819,15.79,11.751,68.62,51.07
oci,global,global,E6,x86(AMD),AMD EPYC 9J45,4,8,0.076,0.05656,1.82,1.3544,12.77,9.503,55.48,41.29
oci,global,global,E6,x86(AMD),AMD EPYC 9J45,4,16,0.092,0.06847,2.21,1.6447,15.46,11.505,67.16,49.98
oci,global,global,E6,x86(AMD),AMD EPYC 9J45,4,32,0.124,0.09228,2.98,2.2177,20.83,15.501,90.52,67.36
oci,global,global,E6,x86(AMD),AMD EPYC 9J45,4,64,0.188,0.13991,4.51,3.3563,31.58,23.501,137.24,102.13
oci,global,global,E6,x86(AMD),AMD EPYC 9J45,8,16,0.152,0.11312,3.65,2.7163,25.54,19.007,110.96,82.57
oci,global,global,E6,x86(AMD),AMD EPYC 9J45,8,32,0.184,0.13693,4.42,3.2893,30.91,23.003,134.32,99.96
oci,global,global,E6,x86(AMD),AMD EPYC 9J45,8,64,0.248,0.18456,5.95,4.4279,41.66,31.003,181.04,134.73
oci,global,global,E6,x86(AMD),AMD EPYC 9J45,8,128,0.376,0.27981,9.02,6.7126,63.17,47.01,274.48,204.26
oci,global,global,E6,x86(AMD),AMD EPYC 9J45,16,32,0.304,0.22623,7.3,5.4326,51.07,38.006,221.92,165.15
oci,global,global,E6,x86(AMD),AMD EPYC 9J45,16,64,0.368,0.27386,8.83,6.5712,61.82,46.006,268.64,199.92
oci,global,global,E6,x86(AMD),AMD EPYC 9J45,16,128,0.496,0.36912,11.9,8.8558,83.33,62.013,362.08,269.45
oci,global,global,E6,x86(AMD),AMD EPYC 9J45,16,256,0.752,0.55963,18.05,13.4326,126.34,94.02,548.96,408.53
oci,global,global,E6,x86(AMD),AMD EPYC 9J45,32,64,0.608,0.45247,14.59,10.8577,102.14,76.011,443.84,330.3
oci,global,global,E6,x86(AMD),AMD EPYC 9J45,32,128,0.736,0.54772,17.66,13.1423,123.65,92.019,537.28,399.84
oci,global,global,E6,x86(AMD),AMD EPYC 9J45,32,256,0.992,0.73823,23.81,17.7191,166.66,124.026,724.16,538.91
oci,global,global,E6,x86(AMD),AMD EPYC 9J45,32,512,1.504,1.11926,36.1,26.8651,252.67,188.033,1097.92,817.06
oci,global,global,E6,x86(AMD),AMD EPYC 9J45,48,96,0.912,0.6787,21.89,16.2902,153.22,114.024,665.76,495.45
oci,global,global,E6,x86(AMD),AMD EPYC 9J45,48,192,1.104,0.82158,26.5,19.7209,185.47,138.024,805.92,599.75
oci,global,global,E6,x86(AMD),AMD EPYC 9J45,48,384,1.488,1.10735,35.71,26.5749,249.98,186.032,1086.24,808.36
oci,global,global,E6,x86(AMD),AMD EPYC 9J45,48,768,2.256,1.67888,54.14,40.2902,379.01,282.054,1646.88,1225.59
oci,global,global,E6,x86(AMD),AMD EPYC 9J45,64,128,1.216,0.90493,29.18,21.7153,204.29,152.03,887.68,660.6
oci,global,global,E6,x86(AMD),AMD EPYC 9J45,64,256,1.472,1.09544,35.33,26.2921,247.3,184.037,1074.56,799.67
oci,global,global,E6,x86(AMD),AMD EPYC 9J45,64,512,1.984,1.47647,47.62,35.4381,333.31,248.045,1448.32,1077.82
oci,global,global,E6,x86(AMD),AMD EPYC 9J45,64,1024,3.008,2.23851,72.19,53.7228,505.34,376.067,2195.84,1634.11
oci,global,global,E6,x86(AMD),AMD EPYC 9J45,96,192,1.824,1.3574,43.78,32.5805,306.43,228.041,1331.52,990.9
oci,global,global,E6,x86(AMD),AMD EPYC 9J45,96,384,2.208,1.64316,52.99,39.4344,370.94,276.048,1611.84,1199.51
oci,global,global,E6,x86(AMD),AMD EPYC 9J45,96,768,2.976,2.2147,71.42,53.1498,499.97,372.071,2172.48,1616.73
oci,global,global,E6,x86(AMD),AMD EPYC 9J45,128,256,2.432,1.80986,58.37,43.4381,408.58,304.06,1775.36,1321.2
oci,global,global,E6,x86(AMD),AMD EPYC 9J45,128,512,2.944,2.19088,70.66,52.5842,494.59,368.067,2149.12,1599.35
oci,global,global,E6,x86(AMD),AMD EPYC 9J45,128,1024,3.968,2.95293,95.23,70.8688,666.62,496.089,2896.64,2155.64
oci,global,global,E6,x86(AMD),AMD EPYC 9J45,192,384,3.648,2.71479,87.55,65.1535,612.86,456.082,2663.04,1981.8
oci,global,global,E6,x86(AMD),AMD EPYC 9J45,192,768,4.416,3.28633,105.98,78.8688,741.89,552.104,3223.68,2399.02
oci,global,global,E6 Ax,x86(AMD),AMD EPYC 9J45,2,4,0.057,0.04242,1.37,1.0195,9.58,7.129,41.61,30.97
oci,global,global,E6 Ax,x86(AMD),AMD EPYC 9J45,2,8,0.1002,0.07457,2.4,1.786,16.83,12.525,73.15,54.44
oci,global,global,E6 Ax,x86(AMD),AMD EPYC 9J45,2,16,0.1866,0.13887,4.48,3.334,31.35,23.33,136.22,101.37
oci,global,global,E6 Ax,x86(AMD),AMD EPYC 9J45,2,32,0.3594,0.26746,8.63,6.4223,60.38,44.934,262.36,195.24
oci,global,global,E6 Ax,x86(AMD),AMD EPYC 9J45,4,8,0.114,0.08484,2.74,2.0391,19.15,14.251,83.22,61.93
oci,global,global,E6 Ax,x86(AMD),AMD EPYC 9J45,4,16,0.2004,0.14913,4.81,3.5795,33.67,25.057,146.29,108.87
oci,global,global,E6 Ax,x86(AMD),AMD EPYC 9J45,4,32,0.3732,0.27773,8.96,6.6679,62.7,46.66,272.44,202.75
oci,global,global,E6 Ax,x86(AMD),AMD EPYC 9J45,4,64,0.7188,0.53492,17.25,12.8372,120.76,89.868,524.72,390.49
oci,global,global,E6 Ax,x86(AMD),AMD EPYC 9J45,8,16,0.228,0.16967,5.47,4.0707,38.3,28.502,166.44,123.86
oci,global,global,E6 Ax,x86(AMD),AMD EPYC 9J45,8,32,0.4008,0.29827,9.62,7.1591,67.33,50.106,292.58,217.73
oci,global,global,E6 Ax,x86(AMD),AMD EPYC 9J45,8,64,0.7464,0.55546,17.91,13.3284,125.4,93.321,544.87,405.48
oci,global,global,E6 Ax,x86(AMD),AMD EPYC 9J45,8,128,1.4376,1.06984,34.5,25.6744,241.52,179.736,1049.45,780.99
oci,global,global,E6 Ax,x86(AMD),AMD EPYC 9J45,16,32,0.456,0.33935,10.94,8.1414,76.61,57.012,332.88,247.72
oci,global,global,E6 Ax,x86(AMD),AMD EPYC 9J45,16,64,0.8016,0.59654,19.24,14.3181,134.67,100.22,585.17,435.48
oci,global,global,E6 Ax,x86(AMD),AMD EPYC 9J45,16,128,1.4928,1.11092,35.83,26.6642,250.79,186.634,1089.74,810.97
oci,global,global,E6 Ax,x86(AMD),AMD EPYC 9J45,16,256,2.8752,2.13968,69.0,51.3488,483.03,359.464,2098.9,1561.97
oci,global,global,E6 Ax,x86(AMD),AMD EPYC 9J45,32,64,0.912,0.6787,21.89,16.2902,153.22,114.024,665.76,495.45
oci,global,global,E6 Ax,x86(AMD),AMD EPYC 9J45,32,128,1.6032,1.19308,38.48,28.6363,269.34,200.439,1170.34,870.95
oci,global,global,E6 Ax,x86(AMD),AMD EPYC 9J45,32,256,2.9856,2.22184,71.65,53.3209,501.58,373.269,2179.49,1621.95
oci,global,global,E6 Ax,x86(AMD),AMD EPYC 9J45,32,512,5.7504,4.27937,138.01,102.7051,966.07,718.936,4197.79,3123.94
oci,global,global,E6 Ax,x86(AMD),AMD EPYC 9J45,48,96,1.368,1.01805,32.83,24.4316,229.82,171.029,998.64,743.17
oci,global,global,E6 Ax,x86(AMD),AMD EPYC 9J45,48,192,2.4048,1.78962,57.72,42.9544,404.01,300.659,1755.5,1306.42
oci,global,global,E6 Ax,x86(AMD),AMD EPYC 9J45,48,384,4.4784,3.33276,107.48,79.9851,752.37,559.903,3269.23,2432.92
oci,global,global,E6 Ax,x86(AMD),AMD EPYC 9J45,64,128,1.824,1.3574,43.78,32.5805,306.43,228.041,1331.52,990.9
oci,global,global,E6 Ax,x86(AMD),AMD EPYC 9J45,64,256,3.2064,2.38616,76.95,57.2651,538.68,400.878,2340.67,1741.89
oci,global,global,E6 Ax,x86(AMD),AMD EPYC 9J45,64,512,5.9712,4.44368,143.31,106.6493,1003.16,746.538,4358.98,3243.89
oci,global,global,E6 Ax,x86(AMD),AMD EPYC 9J45,96,192,2.736,2.03609,65.66,48.8633,459.65,342.065,1997.28,1486.35
oci,global,global,E6 Ax,x86(AMD),AMD EPYC 9J45,96,384,4.8096,3.57924,115.43,85.9014,808.01,601.31,3511.01,2612.84
oci,global,global,E6 Ax,x86(AMD),AMD EPYC 9J45,128,256,3.648,2.71479,87.55,65.1535,612.86,456.082,2663.04,1981.8
oci,global,global,E6 Ax,x86(AMD),AMD EPYC 9J45,128,512,6.4128,4.77232,153.91,114.5377,1077.35,801.749,4681.34,3483.79
oci,global,global,X9,x86(Intel),Intel Xeon Platinum 8358,2,4,0.046,0.064,1.1,1.5304,7.73,10.755,33.58,46.72
oci,global,global,X9,x86(Intel),Intel Xeon Platinum 8358,2,8,0.052,0.07235,1.25,1.7391,8.74,12.16,37.96,52.81
oci,global,global,X9,x86(Intel),Intel Xeon Platinum 8358,2,16,0.064,0.08904,1.54,2.1426,10.75,14.957,46.72,65.0
oci,global,global,X9,x86(Intel),Intel Xeon Platinum 8358,2,32,0.088,0.12243,2.11,2.9357,14.78,20.563,64.24,89.38
oci,global,global,X9,x86(Intel),Intel Xeon Platinum 8358,4,8,0.092,0.128,2.21,3.0748,15.46,21.51,67.16,93.44
oci,global,global,X9,x86(Intel),Intel Xeon Platinum 8358,4,16,0.104,0.1447,2.5,3.4783,17.47,24.306,75.92,105.63
oci,global,global,X9,x86(Intel),Intel Xeon Platinum 8358,4,32,0.128,0.17809,3.07,4.2713,21.5,29.913,93.44,130.0
oci,global,global,X9,x86(Intel),Intel Xeon Platinum 8358,4,64,0.176,0.24487,4.22,5.8713,29.57,41.141,128.48,178.75
oci,global,global,X9,x86(Intel),Intel Xeon Platinum 8358,8,16,0.184,0.256,4.42,6.1496,30.91,43.005,134.32,186.88
oci,global,global,X9,x86(Intel),Intel Xeon Platinum 8358,8,32,0.208,0.28939,4.99,6.9426,34.94,48.612,151.84,211.26
oci,global,global,X9,x86(Intel),Intel Xeon Platinum 8358,8,64,0.256,0.35617,6.14,8.5426,43.01,59.84,186.88,260.01
oci,global,global,X9,x86(Intel),Intel Xeon Platinum 8358,8,128,0.352,0.48974,8.45,11.7565,59.14,82.282,256.96,357.51
oci,global,global,X9,x86(Intel),Intel Xeon Platinum 8358,16,32,0.368,0.512,8.83,12.2852,61.82,86.01,268.64,373.76
oci,global,global,X9,x86(Intel),Intel Xeon Platinum 8358,16,64,0.416,0.57878,9.98,13.8852,69.89,97.238,303.68,422.51
oci,global,global,X9,x86(Intel),Intel Xeon Platinum 8358,16,128,0.512,0.71235,12.29,17.0991,86.02,119.68,373.76,520.01
oci,global,global,X9,x86(Intel),Intel Xeon Platinum 8358,16,256,0.704,0.97948,16.9,23.513,118.27,164.55,513.92,715.02
oci,global,global,X9,x86(Intel),Intel Xeon Platinum 8358,32,64,0.736,1.024,17.66,24.5704,123.65,172.035,537.28,747.52
oci,global,global,X9,x86(Intel),Intel Xeon Platinum 8358,32,128,0.832,1.15757,19.97,27.7843,139.78,194.477,607.36,845.02
oci,global,global,X9,x86(Intel),Intel Xeon Platinum 8358,32,256,1.024,1.4247,24.58,34.1983,172.03,239.346,747.52,1040.03
oci,global,global,X9,x86(Intel),Intel Xeon Platinum 8358,32,512,1.408,1.95896,33.79,47.0122,236.54,329.099,1027.84,1430.04
oci,global,global,X9,x86(Intel),Intel Xeon Platinum 8358,48,96,1.104,1.536,26.5,36.8696,185.47,258.045,805.92,1121.28
oci,global,global,X9,x86(Intel),Intel Xeon Platinum 8358,48,192,1.248,1.73635,29.95,41.6696,209.66,291.701,911.04,1267.53
oci,global,global,X9,x86(Intel),Intel Xeon Platinum 8358,48,384,1.536,2.13704,36.86,51.2835,258.05,359.026,1121.28,1560.04
oci,global,global,X9,x86(Intel),Intel Xeon Platinum 8358,48,768,2.112,2.93843,50.69,70.5252,354.82,493.663,1541.76,2145.06
oci,global,global,X9,x86(Intel),Intel Xeon Platinum 8358,64,128,1.472,2.048,35.33,49.1548,247.3,344.07,1074.56,1495.04
oci,global,global,X9,x86(Intel),Intel Xeon Platinum 8358,64,256,1.664,2.31513,39.94,55.5687,279.55,388.939,1214.72,1690.05
oci,global,global,X9,x86(Intel),Intel Xeon Platinum 8358,64,512,2.048,2.84939,49.15,68.3826,344.06,478.692,1495.04,2080.06
oci,global,global,X9,x86(Intel),Intel Xeon Platinum 8358,96,192,2.208,3.072,52.99,73.7252,370.94,516.09,1611.84,2242.56
oci,global,global,X9,x86(Intel),Intel Xeon Platinum 8358,96,384,2.496,3.4727,59.9,83.3391,419.33,583.416,1822.08,2535.07
oci,global,global,X9,x86(Intel),Intel Xeon Platinum 8358,96,768,3.072,4.27409,73.73,102.5809,516.1,718.052,2242.56,3120.08
oci,global,global,X12 Ax,x86(Intel),Intel Xeon 6987P-C,2,4,0.0575,0.05111,1.38,1.2267,9.66,8.587,41.98,37.32
oci,global,global,X12 Ax,x86(Intel),Intel Xeon 6987P-C,2,8,0.1031,0.09164,2.47,2.1956,17.32,15.396,75.26,66.9
oci,global,global,X12 Ax,x86(Intel),Intel Xeon 6987P-C,2,16,0.1943,0.17271,4.66,4.1422,32.64,29.013,141.84,126.08
oci,global,global,X12 Ax,x86(Intel),Intel Xeon 6987P-C,2,32,0.3767,0.33484,9.04,8.0356,63.29,56.258,274.99,244.44
oci,global,global,X12 Ax,x86(Intel),Intel Xeon 6987P-C,4,8,0.115,0.10222,2.76,2.4533,19.32,17.173,83.95,74.62
oci,global,global,X12 Ax,x86(Intel),Intel Xeon 6987P-C,4,16,0.2062,0.18329,4.95,4.4,34.64,30.791,150.53,133.8
oci,global,global,X12 Ax,x86(Intel),Intel Xeon 6987P-C,4,32,0.3886,0.34542,9.33,8.2933,65.28,58.027,283.68,252.16
oci,global,global,X12 Ax,x86(Intel),Intel Xeon 6987P-C,4,64,0.7534,0.66969,18.08,16.0711,126.57,112.507,549.98,488.87
oci,global,global,X12 Ax,x86(Intel),Intel Xeon 6987P-C,8,16,0.23,0.20444,5.52,4.9067,38.64,34.347,167.9,149.24
oci,global,global,X12 Ax,x86(Intel),Intel Xeon 6987P-C,8,32,0.4124,0.36658,9.9,8.8,69.28,61.582,301.05,267.6
oci,global,global,X12 Ax,x86(Intel),Intel Xeon 6987P-C,8,64,0.7772,0.69084,18.65,16.5778,130.57,116.062,567.36,504.32
oci,global,global,X12 Ax,x86(Intel),Intel Xeon 6987P-C,8,128,1.5068,1.33938,36.16,32.1422,253.14,225.013,1099.96,977.74
oci,global,global,X12 Ax,x86(Intel),Intel Xeon 6987P-C,16,32,0.46,0.40889,11.04,9.8133,77.28,68.693,335.8,298.49
oci,global,global,X12 Ax,x86(Intel),Intel Xeon 6987P-C,16,64,0.8248,0.73316,19.8,17.6,138.57,123.173,602.1,535.2
oci,global,global,X12 Ax,x86(Intel),Intel Xeon 6987P-C,16,128,1.5544,1.38169,37.31,33.1644,261.14,232.124,1134.71,1008.63
oci,global,global,X12 Ax,x86(Intel),Intel Xeon 6987P-C,16,256,3.0136,2.67876,72.33,64.2933,506.28,450.027,2199.93,1955.49
oci,global,global,X12 Ax,x86(Intel),Intel Xeon 6987P-C,32,64,0.92,0.81778,22.08,19.6267,154.56,137.387,671.6,596.98
oci,global,global,X12 Ax,x86(Intel),Intel Xeon 6987P-C,32,128,1.6496,1.46631,39.59,35.1911,277.13,246.338,1204.21,1070.41
oci,global,global,X12 Ax,x86(Intel),Intel Xeon 6987P-C,32,256,3.1088,2.76338,74.61,66.32,522.28,464.249,2269.42,2017.26
oci,global,global,X12 Ax,x86(Intel),Intel Xeon 6987P-C,48,96,1.38,1.22667,33.12,29.44,231.84,206.08,1007.4,895.47
oci,global,global,X12 Ax,x86(Intel),Intel Xeon 6987P-C,48,192,2.4744,2.19947,59.39,52.7911,415.7,369.511,1806.31,1605.61
oci,global,global,X12 Ax,x86(Intel),Intel Xeon 6987P-C,64,128,1.84,1.63556,44.16,39.2533,309.12,274.773,1343.2,1193.96
oci,global,global,X12 Ax,x86(Intel),Intel Xeon 6987P-C,64,256,3.2992,2.93262,79.18,70.3822,554.27,492.684,2408.42,2140.82
aws,af-south-1,Sud Africa,c6g,ARM,AWS Graviton2,1,2,0.0456,0.0456,1.0944,1.0944,7.661,7.661,33.29,33.29
aws,af-south-1,Sud Africa,c6g,ARM,AWS Graviton2,2,4,0.0912,0.0912,2.1888,2.1888,15.322,15.322,66.58,66.58
aws,af-south-1,Sud Africa,c6g,ARM,AWS Graviton2,4,8,0.1824,0.1824,4.3776,4.3776,30.643,30.643,133.15,133.15
aws,af-south-1,Sud Africa,c6g,ARM,AWS Graviton2,8,16,0.3648,0.3648,8.7552,8.7552,61.286,61.286,266.3,266.3
aws,af-south-1,Sud Africa,c6g,ARM,AWS Graviton2,16,32,0.7296,0.7296,17.5104,17.5104,122.573,122.573,532.61,532.61
aws,af-south-1,Sud Africa,c6g,ARM,AWS Graviton2,32,64,1.4592,1.4592,35.0208,35.0208,245.146,245.146,1065.22,1065.22
aws,af-south-1,Sud Africa,c6g,ARM,AWS Graviton2,48,96,2.1888,2.1888,52.5312,52.5312,367.718,367.718,1597.82,1597.82
aws,af-south-1,Sud Africa,c6g,ARM,AWS Graviton2,64,128,2.9184,2.9184,70.0416,70.0416,490.291,490.291,2130.43,2130.43
aws,af-south-1,Sud Africa,c6i,x86(Intel),Intel Xeon Platinum 8375C,2,4,0.114,0.15861,2.736,3.8066,19.152,26.646,83.22,115.78
aws,af-south-1,Sud Africa,c6i,x86(Intel),Intel Xeon Platinum 8375C,4,8,0.228,0.31722,5.472,7.6132,38.304,53.293,166.44,231.57
aws,af-south-1,Sud Africa,c6i,x86(Intel),Intel Xeon Platinum 8375C,8,16,0.456,0.63443,10.944,15.2264,76.608,106.585,332.88,463.14
aws,af-south-1,Sud Africa,c6i,x86(Intel),Intel Xeon Platinum 8375C,16,32,0.912,1.26887,21.888,30.4529,153.216,213.17,665.76,926.27
aws,af-south-1,Sud Africa,c6i,x86(Intel),Intel Xeon Platinum 8375C,32,64,1.824,2.53774,43.776,60.9057,306.432,426.34,1331.52,1852.55
aws,af-south-1,Sud Africa,c6i,x86(Intel),Intel Xeon Platinum 8375C,48,96,2.736,3.80661,65.664,91.3586,459.648,639.51,1997.28,2778.82
aws,af-south-1,Sud Africa,c6i,x86(Intel),Intel Xeon Platinum 8375C,64,128,3.648,5.07548,87.552,121.8115,612.864,852.68,2663.04,3705.1
aws,af-south-1,Sud Africa,c6i,x86(Intel),Intel Xeon Platinum 8375C,96,192,5.472,7.61322,131.328,182.7172,919.296,1279.021,3994.56,5557.65
aws,af-south-1,Sud Africa,c6i,x86(Intel),Intel Xeon Platinum 8375C,128,256,7.296,10.15096,175.104,243.623,1225.728,1705.361,5326.08,7410.2
aws,af-south-1,Sud Africa,c7g,ARM,AWS Graviton3,1,2,0.0485,0.0388,1.164,0.9312,8.148,6.518,35.4,28.32
aws,af-south-1,Sud Africa,c7g,ARM,AWS Graviton3,2,4,0.0969,0.07752,2.3256,1.8605,16.279,13.023,70.74,56.59
aws,af-south-1,Sud Africa,c7g,ARM,AWS Graviton3,4,8,0.1938,0.15504,4.6512,3.721,32.558,26.046,141.47,113.18
aws,af-south-1,Sud Africa,c7g,ARM,AWS Graviton3,8,16,0.3876,0.31008,9.3024,7.4419,65.117,52.094,282.95,226.36
aws,af-south-1,Sud Africa,c7g,ARM,AWS Graviton3,16,32,0.7752,0.62016,18.6048,14.8838,130.234,104.187,565.9,452.72
aws,af-south-1,Sud Africa,c7g,ARM,AWS Graviton3,32,64,1.5504,1.24032,37.2096,29.7677,260.467,208.374,1131.79,905.43
aws,af-south-1,Sud Africa,c7g,ARM,AWS Graviton3,48,96,2.3256,1.86048,55.8144,44.6515,390.701,312.561,1697.69,1358.15
aws,af-south-1,Sud Africa,c7g,ARM,AWS Graviton3,64,128,3.1008,2.48064,74.4192,59.5354,520.934,416.747,2263.58,1810.86
aws,af-south-1,Sud Africa,c7i,x86(Intel),Intel Xeon Platinum 8488C,2,4,0.1197,0.1368,2.8728,3.2832,20.11,22.983,87.38,99.86
aws,af-south-1,Sud Africa,c7i,x86(Intel),Intel Xeon Platinum 8488C,4,8,0.2394,0.2736,5.7456,6.5664,40.219,45.965,174.76,199.73
aws,af-south-1,Sud Africa,c7i,x86(Intel),Intel Xeon Platinum 8488C,8,16,0.4788,0.5472,11.4912,13.1328,80.438,91.929,349.52,399.45
aws,af-south-1,Sud Africa,c7i,x86(Intel),Intel Xeon Platinum 8488C,16,32,0.9576,1.0944,22.9824,26.2656,160.877,183.859,699.05,798.91
aws,af-south-1,Sud Africa,c7i,x86(Intel),Intel Xeon Platinum 8488C,32,64,1.9152,2.1888,45.9648,52.5312,321.754,367.719,1398.1,1597.83
aws,af-south-1,Sud Africa,c7i,x86(Intel),Intel Xeon Platinum 8488C,48,96,2.8728,3.2832,68.9472,78.7968,482.63,551.577,2097.14,2396.73
aws,af-south-1,Sud Africa,c7i,x86(Intel),Intel Xeon Platinum 8488C,64,128,3.8304,4.3776,91.9296,105.0624,643.507,735.437,2796.19,3195.65
aws,af-south-1,Sud Africa,c7i,x86(Intel),Intel Xeon Platinum 8488C,96,192,5.7456,6.5664,137.8944,157.5936,965.261,1103.155,4194.29,4793.47
aws,af-south-1,Sud Africa,c7i,x86(Intel),Intel Xeon Platinum 8488C,192,384,11.4912,13.1328,275.7888,315.1872,1930.522,2206.311,8388.58,9586.95
aws,af-south-1,Sud Africa,c8g,ARM,AWS Graviton4,1,2,0.0533,0.03439,1.2792,0.8253,8.954,5.777,38.91,25.1
aws,af-south-1,Sud Africa,c8g,ARM,AWS Graviton4,2,4,0.1066,0.06877,2.5584,1.6506,17.909,11.554,77.82,50.21
aws,af-south-1,Sud Africa,c8g,ARM,AWS Graviton4,4,8,0.2132,0.13755,5.1168,3.3012,35.818,23.108,155.64,100.41
aws,af-south-1,Sud Africa,c8g,ARM,AWS Graviton4,8,16,0.4264,0.2751,10.2336,6.6023,71.635,46.216,311.27,200.82
aws,af-south-1,Sud Africa,c8g,ARM,AWS Graviton4,16,32,0.8528,0.55019,20.4672,13.2046,143.27,92.432,622.54,401.64
aws,af-south-1,Sud Africa,c8g,ARM,AWS Graviton4,32,64,1.7056,1.10039,40.9344,26.4093,286.541,184.865,1245.09,803.28
aws,af-south-1,Sud Africa,c8g,ARM,AWS Graviton4,48,96,2.5584,1.65058,61.4016,39.6139,429.811,277.297,1867.63,1204.92
aws,af-south-1,Sud Africa,c8g,ARM,AWS Graviton4,64,128,3.4112,2.20077,81.8688,52.8186,573.082,369.73,2490.18,1606.57
aws,af-south-1,Sud Africa,c8g,ARM,AWS Graviton4,96,192,5.1168,3.30116,122.8032,79.2279,859.622,554.595,3735.26,2409.85
aws,af-south-1,Sud Africa,c8g,ARM,AWS Graviton4,192,384,10.2336,6.60232,245.6064,158.4557,1719.245,1109.19,7470.53,4819.7
aws,af-south-1,Sud Africa,c8i,x86(Intel),Intel Xeon 6 6975P-C,2,4,0.12569,0.11172,3.0166,2.6814,21.116,18.77,91.75,81.56
aws,af-south-1,Sud Africa,c8i,x86(Intel),Intel Xeon 6 6975P-C,4,8,0.25138,0.22345,6.0331,5.3628,42.232,37.54,183.51,163.12
aws,af-south-1,Sud Africa,c8i,x86(Intel),Intel Xeon 6 6975P-C,8,16,0.50276,0.4469,12.0662,10.7255,84.464,75.079,367.01,326.23
aws,af-south-1,Sud Africa,c8i,x86(Intel),Intel Xeon 6 6975P-C,16,32,1.00552,0.8938,24.1325,21.4511,168.927,150.157,734.03,652.47
aws,af-south-1,Sud Africa,c8i,x86(Intel),Intel Xeon 6 6975P-C,32,64,2.01104,1.78759,48.265,42.9022,337.855,300.316,1468.06,1304.94
aws,af-south-1,Sud Africa,c8i,x86(Intel),Intel Xeon 6 6975P-C,48,96,3.01656,2.68139,72.3974,64.3532,506.782,450.473,2202.09,1957.41
aws,af-south-1,Sud Africa,c8i,x86(Intel),Intel Xeon 6 6975P-C,64,128,4.02208,3.57518,96.5299,85.8044,675.709,600.63,2936.12,2609.88
aws,af-south-1,Sud Africa,c8i,x86(Intel),Intel Xeon 6 6975P-C,96,192,6.03312,5.36277,144.7949,128.7066,1013.564,900.946,4404.18,3914.83
aws,af-south-1,Sud Africa,c8i,x86(Intel),Intel Xeon 6 6975P-C,128,256,8.04416,7.15036,193.0598,171.6087,1351.419,1201.261,5872.24,5219.77
aws,af-south-1,Sud Africa,c8i,x86(Intel),Intel Xeon 6 6975P-C,192,384,12.06624,10.72555,289.5898,257.4132,2027.128,1801.892,8808.36,7829.65
aws,af-south-1,Sud Africa,c8i,x86(Intel),Intel Xeon 6 6975P-C,384,768,24.13248,21.45109,579.1795,514.8262,4054.257,3603.784,17616.71,15659.3
aws,af-south-1,Sud Africa,m6g,ARM,AWS Graviton2,1,4,0.0508,0.0508,1.2192,1.2192,8.534,8.534,37.08,37.08
aws,af-south-1,Sud Africa,m6g,ARM,AWS Graviton2,2,8,0.1016,0.1016,2.4384,2.4384,17.069,17.069,74.17,74.17
aws,af-south-1,Sud Africa,m6g,ARM,AWS Graviton2,4,16,0.2032,0.2032,4.8768,4.8768,34.138,34.138,148.34,148.34
aws,af-south-1,Sud Africa,m6g,ARM,AWS Graviton2,8,32,0.4064,0.4064,9.7536,9.7536,68.275,68.275,296.67,296.67
aws,af-south-1,Sud Africa,m6g,ARM,AWS Graviton2,16,64,0.8128,0.8128,19.5072,19.5072,136.55,136.55,593.34,593.34
aws,af-south-1,Sud Africa,m6g,ARM,AWS Graviton2,32,128,1.6256,1.6256,39.0144,39.0144,273.101,273.101,1186.69,1186.69
aws,af-south-1,Sud Africa,m6g,ARM,AWS Graviton2,48,192,2.4384,2.4384,58.5216,58.5216,409.651,409.651,1780.03,1780.03
aws,af-south-1,Sud Africa,m6g,ARM,AWS Graviton2,64,256,3.2512,3.2512,78.0288,78.0288,546.202,546.202,2373.38,2373.38
aws,af-south-1,Sud Africa,m6i,x86(Intel),Intel Xeon Platinum 8375C,2,8,0.127,0.1767,3.048,4.2407,21.336,29.685,92.71,128.99
aws,af-south-1,Sud Africa,m6i,x86(Intel),Intel Xeon Platinum 8375C,4,16,0.254,0.35339,6.096,8.4814,42.672,59.37,185.42,257.98
aws,af-south-1,Sud Africa,m6i,x86(Intel),Intel Xeon Platinum 8375C,8,32,0.508,0.70678,12.192,16.9628,85.344,118.739,370.84,515.95
aws,af-south-1,Sud Africa,m6i,x86(Intel),Intel Xeon Platinum 8375C,16,64,1.016,1.41357,24.384,33.9256,170.688,237.479,741.68,1031.9
aws,af-south-1,Sud Africa,m6i,x86(Intel),Intel Xeon Platinum 8375C,32,128,2.032,2.82713,48.768,67.8511,341.376,474.958,1483.36,2063.81
aws,af-south-1,Sud Africa,m6i,x86(Intel),Intel Xeon Platinum 8375C,48,192,3.048,4.2407,73.152,101.7767,512.064,712.437,2225.04,3095.71
aws,af-south-1,Sud Africa,m6i,x86(Intel),Intel Xeon Platinum 8375C,64,256,4.064,5.65426,97.536,135.7023,682.752,949.916,2966.72,4127.61
aws,af-south-1,Sud Africa,m6i,x86(Intel),Intel Xeon Platinum 8375C,96,384,6.096,8.48139,146.304,203.5534,1024.128,1424.874,4450.08,6191.42
aws,af-south-1,Sud Africa,m6i,x86(Intel),Intel Xeon Platinum 8375C,128,512,8.128,11.30852,195.072,271.4045,1365.504,1899.832,5933.44,8255.22
aws,af-south-1,Sud Africa,m7g,ARM,AWS Graviton3,1,4,0.054,0.0432,1.296,1.0368,9.072,7.258,39.42,31.54
aws,af-south-1,Sud Africa,m7g,ARM,AWS Graviton3,2,8,0.108,0.0864,2.592,2.0736,18.144,14.515,78.84,63.07
aws,af-south-1,Sud Africa,m7g,ARM,AWS Graviton3,4,16,0.2159,0.17272,5.1816,4.1453,36.271,29.017,157.61,126.09
aws,af-south-1,Sud Africa,m7g,ARM,AWS Graviton3,8,32,0.4318,0.34544,10.3632,8.2906,72.542,58.034,315.21,252.17
aws,af-south-1,Sud Africa,m7g,ARM,AWS Graviton3,16,64,0.8637,0.69096,20.7288,16.583,145.102,116.082,630.5,504.4
aws,af-south-1,Sud Africa,m7g,ARM,AWS Graviton3,32,128,1.7274,1.38192,41.4576,33.1661,290.203,232.162,1261.0,1008.8
aws,af-south-1,Sud Africa,m7g,ARM,AWS Graviton3,48,192,2.591,2.0728,62.184,49.7472,435.288,348.23,1891.43,1513.14
aws,af-south-1,Sud Africa,m7g,ARM,AWS Graviton3,64,256,3.4547,2.76376,82.9128,66.3302,580.39,464.312,2521.93,2017.54
aws,af-south-1,Sud Africa,m7i,x86(Intel),Intel Xeon Platinum 8488C,2,8,0.13335,0.1524,3.2004,3.6576,22.403,25.603,97.35,111.26
aws,af-south-1,Sud Africa,m7i,x86(Intel),Intel Xeon Platinum 8488C,4,16,0.2667,0.3048,6.4008,7.3152,44.806,51.207,194.69,222.5
aws,af-south-1,Sud Africa,m7i,x86(Intel),Intel Xeon Platinum 8488C,8,32,0.5334,0.6096,12.8016,14.6304,89.611,102.413,389.38,445.01
aws,af-south-1,Sud Africa,m7i,x86(Intel),Intel Xeon Platinum 8488C,16,64,1.0668,1.2192,25.6032,29.2608,179.222,204.825,778.76,890.01
aws,af-south-1,Sud Africa,m7i,x86(Intel),Intel Xeon Platinum 8488C,32,128,2.1336,2.4384,51.2064,58.5216,358.445,409.651,1557.53,1780.03
aws,af-south-1,Sud Africa,m7i,x86(Intel),Intel Xeon Platinum 8488C,48,192,3.2004,3.6576,76.8096,87.7824,537.667,614.477,2336.29,2670.05
aws,af-south-1,Sud Africa,m7i,x86(Intel),Intel Xeon Platinum 8488C,64,256,4.2672,4.8768,102.4128,117.0432,716.89,819.303,3115.06,3560.07
aws,af-south-1,Sud Africa,m7i,x86(Intel),Intel Xeon Platinum 8488C,96,384,6.4008,7.3152,153.6192,175.5648,1075.334,1228.953,4672.58,5340.09
aws,af-south-1,Sud Africa,m7i,x86(Intel),Intel Xeon Platinum 8488C,192,768,12.8016,14.6304,307.2384,351.1296,2150.669,2457.907,9345.17,10680.19
aws,af-south-1,Sud Africa,m8g,ARM,AWS Graviton4,1,4,0.05938,0.03831,1.4251,0.9194,9.976,6.436,43.35,27.97
aws,af-south-1,Sud Africa,m8g,ARM,AWS Graviton4,2,8,0.11876,0.07662,2.8502,1.8388,19.952,12.872,86.69,55.93
aws,af-south-1,Sud Africa,m8g,ARM,AWS Graviton4,4,16,0.23752,0.15324,5.7005,3.6777,39.903,25.744,173.39,111.86
aws,af-south-1,Sud Africa,m8g,ARM,AWS Graviton4,8,32,0.47504,0.30648,11.401,7.3555,79.807,51.488,346.78,223.73
aws,af-south-1,Sud Africa,m8g,ARM,AWS Graviton4,16,64,0.95008,0.61295,22.8019,14.7109,159.613,102.976,693.56,447.46
aws,af-south-1,Sud Africa,m8g,ARM,AWS Graviton4,32,128,1.90016,1.22591,45.6038,29.4218,319.227,205.953,1387.12,894.92
aws,af-south-1,Sud Africa,m8g,ARM,AWS Graviton4,48,192,2.85024,1.83886,68.4058,44.1328,478.84,308.929,2080.68,1342.37
aws,af-south-1,Sud Africa,m8g,ARM,AWS Graviton4,64,256,3.80032,2.45182,91.2077,58.8437,638.454,411.906,2774.23,1789.83
aws,af-south-1,Sud Africa,m8g,ARM,AWS Graviton4,96,384,5.70048,3.67773,136.8115,88.2655,957.681,617.859,4161.35,2684.74
aws,af-south-1,Sud Africa,m8g,ARM,AWS Graviton4,192,768,11.40096,7.35546,273.623,176.531,1915.361,1235.717,8322.7,5369.48
aws,af-south-1,Sud Africa,m8i,x86(Intel),Intel Xeon 6 6975P-C,2,8,0.14002,0.12446,3.3605,2.9871,23.523,20.909,102.21,90.85
aws,af-south-1,Sud Africa,m8i,x86(Intel),Intel Xeon 6 6975P-C,4,16,0.28004,0.24892,6.721,5.9742,47.047,41.82,204.43,181.72
aws,af-south-1,Sud Africa,m8i,x86(Intel),Intel Xeon 6 6975P-C,8,32,0.56008,0.49785,13.4419,11.9484,94.093,83.638,408.86,363.43
aws,af-south-1,Sud Africa,m8i,x86(Intel),Intel Xeon 6 6975P-C,16,64,1.12016,0.9957,26.8838,23.8967,188.187,167.277,817.72,726.86
aws,af-south-1,Sud Africa,m8i,x86(Intel),Intel Xeon 6 6975P-C,32,128,2.24032,1.9914,53.7677,47.7935,376.374,334.555,1635.43,1453.72
aws,af-south-1,Sud Africa,m8i,x86(Intel),Intel Xeon 6 6975P-C,48,192,3.36048,2.98709,80.6515,71.6902,564.561,501.832,2453.15,2180.58
aws,af-south-1,Sud Africa,m8i,x86(Intel),Intel Xeon 6 6975P-C,64,256,4.48064,3.98279,107.5354,95.587,752.748,669.109,3270.87,2907.44
aws,af-south-1,Sud Africa,m8i,x86(Intel),Intel Xeon 6 6975P-C,96,384,6.72096,5.97419,161.303,143.3804,1129.121,1003.663,4906.3,4361.16
aws,af-south-1,Sud Africa,m8i,x86(Intel),Intel Xeon 6 6975P-C,128,512,8.96128,7.96558,215.0707,191.174,1505.495,1338.218,6541.73,5814.87
aws,af-south-1,Sud Africa,m8i,x86(Intel),Intel Xeon 6 6975P-C,192,768,13.44192,11.94837,322.6061,286.761,2258.243,2007.327,9812.6,8722.31
aws,af-south-1,Sud Africa,m8i,x86(Intel),Intel Xeon 6 6975P-C,384,1536,26.88384,23.89675,645.2122,573.522,4516.485,4014.653,19625.2,17444.62
aws,af-south-1,Sud Africa,r6g,ARM,AWS Graviton2,1,8,0.0672,0.0672,1.6128,1.6128,11.29,11.29,49.06,49.06
aws,af-south-1,Sud Africa,r6g,ARM,AWS Graviton2,2,16,0.1344,0.1344,3.2256,3.2256,22.579,22.579,98.11,98.11
aws,af-south-1,Sud Africa,r6g,ARM,AWS Graviton2,4,32,0.2688,0.2688,6.4512,6.4512,45.158,45.158,196.22,196.22
aws,af-south-1,Sud Africa,r6g,ARM,AWS Graviton2,8,64,0.5376,0.5376,12.9024,12.9024,90.317,90.317,392.45,392.45
aws,af-south-1,Sud Africa,r6g,ARM,AWS Graviton2,16,128,1.0752,1.0752,25.8048,25.8048,180.634,180.634,784.9,784.9
aws,af-south-1,Sud Africa,r6g,ARM,AWS Graviton2,32,256,2.1504,2.1504,51.6096,51.6096,361.267,361.267,1569.79,1569.79
aws,af-south-1,Sud Africa,r6g,ARM,AWS Graviton2,48,384,3.2256,3.2256,77.4144,77.4144,541.901,541.901,2354.69,2354.69
aws,af-south-1,Sud Africa,r6g,ARM,AWS Graviton2,64,512,4.3008,4.3008,103.2192,103.2192,722.534,722.534,3139.58,3139.58
aws,af-south-1,Sud Africa,r6i,x86(Intel),Intel Xeon Platinum 8375C,2,16,0.168,0.23374,4.032,5.6097,28.224,39.268,122.64,170.63
aws,af-south-1,Sud Africa,r6i,x86(Intel),Intel Xeon Platinum 8375C,4,32,0.336,0.46748,8.064,11.2195,56.448,78.536,245.28,341.26
aws,af-south-1,Sud Africa,r6i,x86(Intel),Intel Xeon Platinum 8375C,8,64,0.672,0.93496,16.128,22.439,112.896,157.073,490.56,682.52
aws,af-south-1,Sud Africa,r6i,x86(Intel),Intel Xeon Platinum 8375C,16,128,1.344,1.86991,32.256,44.8779,225.792,314.145,981.12,1365.04
aws,af-south-1,Sud Africa,r6i,x86(Intel),Intel Xeon Platinum 8375C,32,256,2.688,3.73983,64.512,89.7558,451.584,628.291,1962.24,2730.07
aws,af-south-1,Sud Africa,r6i,x86(Intel),Intel Xeon Platinum 8375C,48,384,4.032,5.60974,96.768,134.6337,677.376,942.436,2943.36,4095.11
aws,af-south-1,Sud Africa,r6i,x86(Intel),Intel Xeon Platinum 8375C,64,512,5.376,7.47965,129.024,179.5117,903.168,1256.582,3924.48,5460.15
aws,af-south-1,Sud Africa,r6i,x86(Intel),Intel Xeon Platinum 8375C,96,768,8.064,11.21948,193.536,269.2675,1354.752,1884.872,5886.72,8190.22
aws,af-south-1,Sud Africa,r6i,x86(Intel),Intel Xeon Platinum 8375C,128,1024,10.752,14.9593,258.048,359.0233,1806.336,2513.163,7848.96,10920.29
aws,af-south-1,Sud Africa,r7g,ARM,AWS Graviton3,1,8,0.0714,0.05712,1.7136,1.3709,11.995,9.596,52.12,41.7
aws,af-south-1,Sud Africa,r7g,ARM,AWS Graviton3,2,16,0.1428,0.11424,3.4272,2.7418,23.99,19.192,104.24,83.39
aws,af-south-1,Sud Africa,r7g,ARM,AWS Graviton3,4,32,0.2856,0.22848,6.8544,5.4835,47.981,38.385,208.49,166.79
aws,af-south-1,Sud Africa,r7g,ARM,AWS Graviton3,8,64,0.5712,0.45696,13.7088,10.967,95.962,76.77,416.98,333.58
aws,af-south-1,Sud Africa,r7g,ARM,AWS Graviton3,16,128,1.1424,0.91392,27.4176,21.9341,191.923,153.538,833.95,667.16
aws,af-south-1,Sud Africa,r7g,ARM,AWS Graviton3,32,256,2.2848,1.82784,54.8352,43.8682,383.846,307.077,1667.9,1334.32
aws,af-south-1,Sud Africa,r7g,ARM,AWS Graviton3,48,384,3.4272,2.74176,82.2528,65.8022,575.77,460.616,2501.86,2001.49
aws,af-south-1,Sud Africa,r7g,ARM,AWS Graviton3,64,512,4.5696,3.65568,109.6704,87.7363,767.693,614.154,3335.81,2668.65
aws,af-south-1,Sud Africa,r8g,ARM,AWS Graviton4,1,8,0.07854,0.05067,1.885,1.2161,13.195,8.513,57.33,36.99
aws,af-south-1,Sud Africa,r8g,ARM,AWS Graviton4,2,16,0.15708,0.10134,3.7699,2.4322,26.389,17.025,114.67,73.98
aws,af-south-1,Sud Africa,r8g,ARM,AWS Graviton4,4,32,0.31416,0.20268,7.5398,4.8644,52.779,34.051,229.34,147.96
aws,af-south-1,Sud Africa,r8g,ARM,AWS Graviton4,8,64,0.62832,0.40537,15.0797,9.7288,105.558,68.102,458.67,295.92
aws,af-south-1,Sud Africa,r8g,ARM,AWS Graviton4,16,128,1.25664,0.81074,30.1594,19.4577,211.116,136.204,917.35,591.84
aws,af-south-1,Sud Africa,r8g,ARM,AWS Graviton4,32,256,2.51328,1.62147,60.3187,38.9153,422.231,272.407,1834.69,1183.67
aws,af-south-1,Sud Africa,r8g,ARM,AWS Graviton4,48,384,3.76992,2.43221,90.4781,58.373,633.347,408.611,2752.04,1775.51
aws,af-south-1,Sud Africa,r8g,ARM,AWS Graviton4,64,512,5.02656,3.24294,120.6374,77.8306,844.462,544.814,3669.39,2367.35
aws,af-south-1,Sud Africa,r8g,ARM,AWS Graviton4,96,768,7.53984,4.86441,180.9562,116.7459,1266.693,817.221,5504.08,3551.02
aws,af-south-1,Sud Africa,r8g,ARM,AWS Graviton4,192,1536,15.07968,9.72883,361.9123,233.4918,2533.386,1634.443,11008.17,7102.05
aws,af-south-1,Sud Africa,r8i,x86(Intel),Intel Xeon 6 6985P-C,2,16,0.18522,0.16464,4.4453,3.9514,31.117,27.66,135.21,120.19
aws,af-south-1,Sud Africa,r8i,x86(Intel),Intel Xeon 6 6985P-C,4,32,0.37044,0.32928,8.8906,7.9028,62.234,55.319,270.42,240.37
aws,af-south-1,Sud Africa,r8i,x86(Intel),Intel Xeon 6 6985P-C,8,64,0.74088,0.65856,17.7811,15.8054,124.468,110.638,540.84,480.75
aws,af-south-1,Sud Africa,r8i,x86(Intel),Intel Xeon 6 6985P-C,16,128,1.48176,1.31712,35.5622,31.6108,248.936,221.276,1081.68,961.49
aws,af-south-1,Sud Africa,r8i,x86(Intel),Intel Xeon 6 6985P-C,32,256,2.96352,2.63424,71.1245,63.2218,497.871,442.552,2163.37,1923.0
aws,af-south-1,Sud Africa,r8i,x86(Intel),Intel Xeon 6 6985P-C,48,384,4.44528,3.95136,106.6867,94.8326,746.807,663.828,3245.05,2884.49
aws,af-south-1,Sud Africa,r8i,x86(Intel),Intel Xeon 6 6985P-C,64,512,5.92704,5.26848,142.249,126.4436,995.743,885.105,4326.74,3845.99
aws,af-south-1,Sud Africa,r8i,x86(Intel),Intel Xeon 6 6985P-C,96,768,8.89056,7.90272,213.3734,189.6652,1493.614,1327.657,6490.11,5768.99
aws,af-south-1,Sud Africa,r8i,x86(Intel),Intel Xeon 6 6985P-C,128,1024,11.85408,10.53696,284.4979,252.887,1991.485,1770.209,8653.48,7691.98
aws,af-south-1,Sud Africa,r8i,x86(Intel),Intel Xeon 6 6985P-C,192,1536,17.78112,15.80544,426.7469,379.3306,2987.228,2655.314,12980.22,11537.97
aws,af-south-1,Sud Africa,r8i,x86(Intel),Intel Xeon 6 6985P-C,384,3072,35.56224,31.61088,853.4938,758.6612,5974.456,5310.628,25960.44,23075.95
aws,ap-east-1,Cina (Hong Kong),c6a,x86(AMD),AMD EPYC 7R13,2,4,0.0972,0.11963,2.3328,2.8711,16.33,20.098,70.96,87.34
aws,ap-east-1,Cina (Hong Kong),c6a,x86(AMD),AMD EPYC 7R13,4,8,0.1944,0.23926,4.6656,5.7423,32.659,40.196,141.91,174.66
aws,ap-east-1,Cina (Hong Kong),c6a,x86(AMD),AMD EPYC 7R13,8,16,0.3888,0.47852,9.3312,11.4846,65.318,80.391,283.82,349.32
aws,ap-east-1,Cina (Hong Kong),c6a,x86(AMD),AMD EPYC 7R13,16,32,0.7776,0.95705,18.6624,22.9691,130.637,160.784,567.65,698.65
aws,ap-east-1,Cina (Hong Kong),c6a,x86(AMD),AMD EPYC 7R13,32,64,1.5552,1.91409,37.3248,45.9382,261.274,321.568,1135.3,1397.29
aws,ap-east-1,Cina (Hong Kong),c6a,x86(AMD),AMD EPYC 7R13,48,96,2.3328,2.87114,55.9872,68.9073,391.91,482.351,1702.94,2095.93
aws,ap-east-1,Cina (Hong Kong),c6a,x86(AMD),AMD EPYC 7R13,64,128,3.1104,3.82818,74.6496,91.8764,522.547,643.135,2270.59,2794.57
aws,ap-east-1,Cina (Hong Kong),c6a,x86(AMD),AMD EPYC 7R13,96,192,4.6656,5.74228,111.9744,137.8146,783.821,964.703,3405.89,4191.86
aws,ap-east-1,Cina (Hong Kong),c6a,x86(AMD),AMD EPYC 7R13,128,256,6.2208,7.65637,149.2992,183.7529,1045.094,1286.27,4541.18,5589.14
aws,ap-east-1,Cina (Hong Kong),c6a,x86(AMD),AMD EPYC 7R13,192,384,9.3312,11.48455,223.9488,275.6293,1567.642,1929.406,6811.78,8383.73
aws,ap-east-1,Cina (Hong Kong),c6g,ARM,AWS Graviton2,1,2,0.043,0.043,1.032,1.032,7.224,7.224,31.39,31.39
aws,ap-east-1,Cina (Hong Kong),c6g,ARM,AWS Graviton2,2,4,0.086,0.086,2.064,2.064,14.448,14.448,62.78,62.78
aws,ap-east-1,Cina (Hong Kong),c6g,ARM,AWS Graviton2,4,8,0.172,0.172,4.128,4.128,28.896,28.896,125.56,125.56
aws,ap-east-1,Cina (Hong Kong),c6g,ARM,AWS Graviton2,8,16,0.344,0.344,8.256,8.256,57.792,57.792,251.12,251.12
aws,ap-east-1,Cina (Hong Kong),c6g,ARM,AWS Graviton2,16,32,0.688,0.688,16.512,16.512,115.584,115.584,502.24,502.24
aws,ap-east-1,Cina (Hong Kong),c6g,ARM,AWS Graviton2,32,64,1.376,1.376,33.024,33.024,231.168,231.168,1004.48,1004.48
aws,ap-east-1,Cina (Hong Kong),c6g,ARM,AWS Graviton2,48,96,2.064,2.064,49.536,49.536,346.752,346.752,1506.72,1506.72
aws,ap-east-1,Cina (Hong Kong),c6g,ARM,AWS Graviton2,64,128,2.752,2.752,66.048,66.048,462.336,462.336,2008.96,2008.96
aws,ap-east-1,Cina (Hong Kong),c6i,x86(Intel),Intel Xeon Platinum 8375C,2,4,0.108,0.15026,2.592,3.6063,18.144,25.244,78.84,109.69
aws,ap-east-1,Cina (Hong Kong),c6i,x86(Intel),Intel Xeon Platinum 8375C,4,8,0.216,0.30052,5.184,7.2125,36.288,50.488,157.68,219.38
aws,ap-east-1,Cina (Hong Kong),c6i,x86(Intel),Intel Xeon Platinum 8375C,8,16,0.432,0.60104,10.368,14.425,72.576,100.975,315.36,438.76
aws,ap-east-1,Cina (Hong Kong),c6i,x86(Intel),Intel Xeon Platinum 8375C,16,32,0.864,1.20209,20.736,28.8501,145.152,201.951,630.72,877.52
aws,ap-east-1,Cina (Hong Kong),c6i,x86(Intel),Intel Xeon Platinum 8375C,32,64,1.728,2.40417,41.472,57.7002,290.304,403.901,1261.44,1755.05
aws,ap-east-1,Cina (Hong Kong),c6i,x86(Intel),Intel Xeon Platinum 8375C,48,96,2.592,3.60626,62.208,86.5503,435.456,605.852,1892.16,2632.57
aws,ap-east-1,Cina (Hong Kong),c6i,x86(Intel),Intel Xeon Platinum 8375C,64,128,3.456,4.80835,82.944,115.4003,580.608,807.802,2522.88,3510.09
aws,ap-east-1,Cina (Hong Kong),c6i,x86(Intel),Intel Xeon Platinum 8375C,96,192,5.184,7.21252,124.416,173.1005,870.912,1211.704,3784.32,5265.14
aws,ap-east-1,Cina (Hong Kong),c6i,x86(Intel),Intel Xeon Platinum 8375C,128,256,6.912,9.6167,165.888,230.8007,1161.216,1615.605,5045.76,7020.19
aws,ap-east-1,Cina (Hong Kong),c7g,ARM,AWS Graviton3,1,2,0.0455,0.0364,1.092,0.8736,7.644,6.115,33.21,26.57
aws,ap-east-1,Cina (Hong Kong),c7g,ARM,AWS Graviton3,2,4,0.091,0.0728,2.184,1.7472,15.288,12.23,66.43,53.14
aws,ap-east-1,Cina (Hong Kong),c7g,ARM,AWS Graviton3,4,8,0.182,0.1456,4.368,3.4944,30.576,24.461,132.86,106.29
aws,ap-east-1,Cina (Hong Kong),c7g,ARM,AWS Graviton3,8,16,0.364,0.2912,8.736,6.9888,61.152,48.922,265.72,212.58
aws,ap-east-1,Cina (Hong Kong),c7g,ARM,AWS Graviton3,16,32,0.728,0.5824,17.472,13.9776,122.304,97.843,531.44,425.15
aws,ap-east-1,Cina (Hong Kong),c7g,ARM,AWS Graviton3,32,64,1.456,1.1648,34.944,27.9552,244.608,195.686,1062.88,850.3
aws,ap-east-1,Cina (Hong Kong),c7g,ARM,AWS Graviton3,48,96,2.184,1.7472,52.416,41.9328,366.912,293.53,1594.32,1275.46
aws,ap-east-1,Cina (Hong Kong),c7g,ARM,AWS Graviton3,64,128,2.912,2.3296,69.888,55.9104,489.216,391.373,2125.76,1700.61
aws,ap-east-1,Cina (Hong Kong),c7i,x86(Intel),Intel Xeon Platinum 8488C,2,4,0.1134,0.1296,2.7216,3.1104,19.051,21.773,82.78,94.61
aws,ap-east-1,Cina (Hong Kong),c7i,x86(Intel),Intel Xeon Platinum 8488C,4,8,0.2268,0.2592,5.4432,6.2208,38.102,43.545,165.56,189.21
aws,ap-east-1,Cina (Hong Kong),c7i,x86(Intel),Intel Xeon Platinum 8488C,8,16,0.4536,0.5184,10.8864,12.4416,76.205,87.091,331.13,378.43
aws,ap-east-1,Cina (Hong Kong),c7i,x86(Intel),Intel Xeon Platinum 8488C,16,32,0.9072,1.0368,21.7728,24.8832,152.41,174.183,662.26,756.87
aws,ap-east-1,Cina (Hong Kong),c7i,x86(Intel),Intel Xeon Platinum 8488C,32,64,1.8144,2.0736,43.5456,49.7664,304.819,348.365,1324.51,1513.73
aws,ap-east-1,Cina (Hong Kong),c7i,x86(Intel),Intel Xeon Platinum 8488C,48,96,2.7216,3.1104,65.3184,74.6496,457.229,522.547,1986.77,2270.59
aws,ap-east-1,Cina (Hong Kong),c7i,x86(Intel),Intel Xeon Platinum 8488C,64,128,3.6288,4.1472,87.0912,99.5328,609.638,696.729,2649.02,3027.45
aws,ap-east-1,Cina (Hong Kong),c7i,x86(Intel),Intel Xeon Platinum 8488C,96,192,5.4432,6.2208,130.6368,149.2992,914.458,1045.095,3973.54,4541.19
aws,ap-east-1,Cina (Hong Kong),c7i,x86(Intel),Intel Xeon Platinum 8488C,192,384,10.8864,12.4416,261.2736,298.5984,1828.915,2090.189,7947.07,9082.37
aws,ap-east-1,Cina (Hong Kong),c8g,ARM,AWS Graviton4,1,2,0.05005,0.03229,1.2012,0.775,8.408,5.425,36.54,23.57
aws,ap-east-1,Cina (Hong Kong),c8g,ARM,AWS Graviton4,2,4,0.1001,0.06458,2.4024,1.5499,16.817,10.85,73.07,47.14
aws,ap-east-1,Cina (Hong Kong),c8g,ARM,AWS Graviton4,4,8,0.2002,0.12916,4.8048,3.0999,33.634,21.699,146.15,94.29
aws,ap-east-1,Cina (Hong Kong),c8g,ARM,AWS Graviton4,8,16,0.4004,0.25832,9.6096,6.1997,67.267,43.398,292.29,188.57
aws,ap-east-1,Cina (Hong Kong),c8g,ARM,AWS Graviton4,16,32,0.8008,0.51665,19.2192,12.3995,134.534,86.796,584.58,377.15
aws,ap-east-1,Cina (Hong Kong),c8g,ARM,AWS Graviton4,32,64,1.6016,1.03329,38.4384,24.799,269.069,173.593,1169.17,754.3
aws,ap-east-1,Cina (Hong Kong),c8g,ARM,AWS Graviton4,48,96,2.4024,1.54994,57.6576,37.1985,403.603,260.389,1753.75,1131.45
aws,ap-east-1,Cina (Hong Kong),c8g,ARM,AWS Graviton4,64,128,3.2032,2.06658,76.8768,49.5979,538.138,347.186,2338.34,1508.61
aws,ap-east-1,Cina (Hong Kong),c8g,ARM,AWS Graviton4,96,192,4.8048,3.09987,115.3152,74.3969,807.206,520.778,3507.5,2262.9
aws,ap-east-1,Cina (Hong Kong),c8g,ARM,AWS Graviton4,192,384,9.6096,6.19974,230.6304,148.7938,1614.413,1041.557,7015.01,4525.81
aws,ap-east-1,Cina (Hong Kong),m6g,ARM,AWS Graviton2,1,4,0.053,0.053,1.272,1.272,8.904,8.904,38.69,38.69
aws,ap-east-1,Cina (Hong Kong),m6g,ARM,AWS Graviton2,2,8,0.106,0.106,2.544,2.544,17.808,17.808,77.38,77.38
aws,ap-east-1,Cina (Hong Kong),m6g,ARM,AWS Graviton2,4,16,0.212,0.212,5.088,5.088,35.616,35.616,154.76,154.76
aws,ap-east-1,Cina (Hong Kong),m6g,ARM,AWS Graviton2,8,32,0.424,0.424,10.176,10.176,71.232,71.232,309.52,309.52
aws,ap-east-1,Cina (Hong Kong),m6g,ARM,AWS Graviton2,16,64,0.848,0.848,20.352,20.352,142.464,142.464,619.04,619.04
aws,ap-east-1,Cina (Hong Kong),m6g,ARM,AWS Graviton2,32,128,1.696,1.696,40.704,40.704,284.928,284.928,1238.08,1238.08
aws,ap-east-1,Cina (Hong Kong),m6g,ARM,AWS Graviton2,48,192,2.544,2.544,61.056,61.056,427.392,427.392,1857.12,1857.12
aws,ap-east-1,Cina (Hong Kong),m6g,ARM,AWS Graviton2,64,256,3.392,3.392,81.408,81.408,569.856,569.856,2476.16,2476.16
aws,ap-east-1,Cina (Hong Kong),m6i,x86(Intel),Intel Xeon Platinum 8375C,2,8,0.132,0.18365,3.168,4.4077,22.176,30.854,96.36,134.07
aws,ap-east-1,Cina (Hong Kong),m6i,x86(Intel),Intel Xeon Platinum 8375C,4,16,0.264,0.3673,6.336,8.8153,44.352,61.707,192.72,268.13
aws,ap-east-1,Cina (Hong Kong),m6i,x86(Intel),Intel Xeon Platinum 8375C,8,32,0.528,0.73461,12.672,17.6306,88.704,123.414,385.44,536.26
aws,ap-east-1,Cina (Hong Kong),m6i,x86(Intel),Intel Xeon Platinum 8375C,16,64,1.056,1.46922,25.344,35.2612,177.408,246.829,770.88,1072.53
aws,ap-east-1,Cina (Hong Kong),m6i,x86(Intel),Intel Xeon Platinum 8375C,32,128,2.112,2.93843,50.688,70.5224,354.816,493.657,1541.76,2145.06
aws,ap-east-1,Cina (Hong Kong),m6i,x86(Intel),Intel Xeon Platinum 8375C,48,192,3.168,4.40765,76.032,105.7837,532.224,740.486,2312.64,3217.59
aws,ap-east-1,Cina (Hong Kong),m6i,x86(Intel),Intel Xeon Platinum 8375C,64,256,4.224,5.87687,101.376,141.0449,709.632,987.314,3083.52,4290.11
aws,ap-east-1,Cina (Hong Kong),m6i,x86(Intel),Intel Xeon Platinum 8375C,96,384,6.336,8.8153,152.064,211.5673,1064.448,1480.971,4625.28,6435.17
aws,ap-east-1,Cina (Hong Kong),m6i,x86(Intel),Intel Xeon Platinum 8375C,128,512,8.448,11.75374,202.752,282.0897,1419.264,1974.628,6167.04,8580.23
aws,ap-east-1,Cina (Hong Kong),m7g,ARM,AWS Graviton3,1,4,0.0561,0.04488,1.3464,1.0771,9.425,7.54,40.95,32.76
aws,ap-east-1,Cina (Hong Kong),m7g,ARM,AWS Graviton3,2,8,0.1122,0.08976,2.6928,2.1542,18.85,15.08,81.91,65.53
aws,ap-east-1,Cina (Hong Kong),m7g,ARM,AWS Graviton3,4,16,0.2244,0.17952,5.3856,4.3085,37.699,30.159,163.81,131.05
aws,ap-east-1,Cina (Hong Kong),m7g,ARM,AWS Graviton3,8,32,0.4488,0.35904,10.7712,8.617,75.398,60.318,327.62,262.1
aws,ap-east-1,Cina (Hong Kong),m7g,ARM,AWS Graviton3,16,64,0.8976,0.71808,21.5424,17.2339,150.797,120.638,655.25,524.2
aws,ap-east-1,Cina (Hong Kong),m7g,ARM,AWS Graviton3,32,128,1.7952,1.43616,43.0848,34.4678,301.594,241.275,1310.5,1048.4
aws,ap-east-1,Cina (Hong Kong),m7g,ARM,AWS Graviton3,48,192,2.6928,2.15424,64.6272,51.7018,452.39,361.912,1965.74,1572.59
aws,ap-east-1,Cina (Hong Kong),m7g,ARM,AWS Graviton3,64,256,3.5904,2.87232,86.1696,68.9357,603.187,482.55,2620.99,2096.79
aws,ap-east-1,Cina (Hong Kong),m7i,x86(Intel),Intel Xeon Platinum 8488C,2,8,0.1386,0.1584,3.3264,3.8016,23.285,26.611,101.18,115.63
aws,ap-east-1,Cina (Hong Kong),m7i,x86(Intel),Intel Xeon Platinum 8488C,4,16,0.2772,0.3168,6.6528,7.6032,46.57,53.223,202.36,231.27
aws,ap-east-1,Cina (Hong Kong),m7i,x86(Intel),Intel Xeon Platinum 8488C,8,32,0.5544,0.6336,13.3056,15.2064,93.139,106.445,404.71,462.53
aws,ap-east-1,Cina (Hong Kong),m7i,x86(Intel),Intel Xeon Platinum 8488C,16,64,1.1088,1.2672,26.6112,30.4128,186.278,212.889,809.42,925.05
aws,ap-east-1,Cina (Hong Kong),m7i,x86(Intel),Intel Xeon Platinum 8488C,32,128,2.2176,2.5344,53.2224,60.8256,372.557,425.779,1618.85,1850.11
aws,ap-east-1,Cina (Hong Kong),m7i,x86(Intel),Intel Xeon Platinum 8488C,48,192,3.3264,3.8016,79.8336,91.2384,558.835,638.669,2428.27,2775.17
aws,ap-east-1,Cina (Hong Kong),m7i,x86(Intel),Intel Xeon Platinum 8488C,64,256,4.4352,5.0688,106.4448,121.6512,745.114,851.559,3237.7,3700.23
aws,ap-east-1,Cina (Hong Kong),m7i,x86(Intel),Intel Xeon Platinum 8488C,96,384,6.6528,7.6032,159.6672,182.4768,1117.67,1277.337,4856.54,5550.33
aws,ap-east-1,Cina (Hong Kong),m7i,x86(Intel),Intel Xeon Platinum 8488C,192,768,13.3056,15.2064,319.3344,364.9536,2235.341,2554.675,9713.09,11100.67
aws,ap-east-1,Cina (Hong Kong),m8g,ARM,AWS Graviton4,1,4,0.06171,0.03981,1.481,0.9555,10.367,6.688,45.05,29.06
aws,ap-east-1,Cina (Hong Kong),m8g,ARM,AWS Graviton4,2,8,0.12342,0.07963,2.9621,1.911,20.735,13.377,90.1,58.13
aws,ap-east-1,Cina (Hong Kong),m8g,ARM,AWS Graviton4,4,16,0.24684,0.15925,5.9242,3.8221,41.469,26.754,180.19,116.25
aws,ap-east-1,Cina (Hong Kong),m8g,ARM,AWS Graviton4,8,32,0.49368,0.3185,11.8483,7.6441,82.938,53.508,360.39,232.51
aws,ap-east-1,Cina (Hong Kong),m8g,ARM,AWS Graviton4,16,64,0.98736,0.63701,23.6966,15.2881,165.876,107.017,720.77,465.01
aws,ap-east-1,Cina (Hong Kong),m8g,ARM,AWS Graviton4,32,128,1.97472,1.27401,47.3933,30.5763,331.753,214.034,1441.55,930.03
aws,ap-east-1,Cina (Hong Kong),m8g,ARM,AWS Graviton4,48,192,2.96208,1.91102,71.0899,45.8645,497.629,321.051,2162.32,1395.05
aws,ap-east-1,Cina (Hong Kong),m8g,ARM,AWS Graviton4,64,256,3.94944,2.54803,94.7866,61.1526,663.506,428.068,2883.09,1860.06
aws,ap-east-1,Cina (Hong Kong),m8g,ARM,AWS Graviton4,96,384,5.92416,3.82204,142.1798,91.7289,995.259,642.103,4324.64,2790.09
aws,ap-east-1,Cina (Hong Kong),m8g,ARM,AWS Graviton4,192,768,11.84832,7.64408,284.3597,183.4579,1990.518,1284.205,8649.27,5580.17
aws,ap-east-1,Cina (Hong Kong),r6g,ARM,AWS Graviton2,1,8,0.067,0.067,1.608,1.608,11.256,11.256,48.91,48.91
aws,ap-east-1,Cina (Hong Kong),r6g,ARM,AWS Graviton2,2,16,0.134,0.134,3.216,3.216,22.512,22.512,97.82,97.82
aws,ap-east-1,Cina (Hong Kong),r6g,ARM,AWS Graviton2,4,32,0.268,0.268,6.432,6.432,45.024,45.024,195.64,195.64
aws,ap-east-1,Cina (Hong Kong),r6g,ARM,AWS Graviton2,8,64,0.536,0.536,12.864,12.864,90.048,90.048,391.28,391.28
aws,ap-east-1,Cina (Hong Kong),r6g,ARM,AWS Graviton2,16,128,1.072,1.072,25.728,25.728,180.096,180.096,782.56,782.56
aws,ap-east-1,Cina (Hong Kong),r6g,ARM,AWS Graviton2,32,256,2.144,2.144,51.456,51.456,360.192,360.192,1565.12,1565.12
aws,ap-east-1,Cina (Hong Kong),r6g,ARM,AWS Graviton2,48,384,3.216,3.216,77.184,77.184,540.288,540.288,2347.68,2347.68
aws,ap-east-1,Cina (Hong Kong),r6g,ARM,AWS Graviton2,64,512,4.288,4.288,102.912,102.912,720.384,720.384,3130.24,3130.24
aws,ap-east-1,Cina (Hong Kong),r6i,x86(Intel),Intel Xeon Platinum 8375C,2,16,0.167,0.23235,4.008,5.5763,28.056,39.034,121.91,169.61
aws,ap-east-1,Cina (Hong Kong),r6i,x86(Intel),Intel Xeon Platinum 8375C,4,32,0.334,0.4647,8.016,11.1527,56.112,78.069,243.82,339.23
aws,ap-east-1,Cina (Hong Kong),r6i,x86(Intel),Intel Xeon Platinum 8375C,8,64,0.668,0.92939,16.032,22.3054,112.224,156.138,487.64,678.46
aws,ap-east-1,Cina (Hong Kong),r6i,x86(Intel),Intel Xeon Platinum 8375C,16,128,1.336,1.85878,32.064,44.6108,224.448,312.275,975.28,1356.91
aws,ap-east-1,Cina (Hong Kong),r6i,x86(Intel),Intel Xeon Platinum 8375C,32,256,2.672,3.71757,64.128,89.2216,448.896,624.551,1950.56,2713.82
aws,ap-east-1,Cina (Hong Kong),r6i,x86(Intel),Intel Xeon Platinum 8375C,48,384,4.008,5.57635,96.192,133.8323,673.344,936.826,2925.84,4070.73
aws,ap-east-1,Cina (Hong Kong),r6i,x86(Intel),Intel Xeon Platinum 8375C,64,512,5.344,7.43513,128.256,178.4431,897.792,1249.102,3901.12,5427.65
aws,ap-east-1,Cina (Hong Kong),r6i,x86(Intel),Intel Xeon Platinum 8375C,96,768,8.016,11.1527,192.384,267.6647,1346.688,1873.653,5851.68,8141.47
aws,ap-east-1,Cina (Hong Kong),r6i,x86(Intel),Intel Xeon Platinum 8375C,128,1024,10.688,14.87026,256.512,356.8863,1795.584,2498.204,7802.24,10855.29
aws,ap-east-1,Cina (Hong Kong),r7g,ARM,AWS Graviton3,1,8,0.071,0.0568,1.704,1.3632,11.928,9.542,51.83,41.46
aws,ap-east-1,Cina (Hong Kong),r7g,ARM,AWS Graviton3,2,16,0.142,0.1136,3.408,2.7264,23.856,19.085,103.66,82.93
aws,ap-east-1,Cina (Hong Kong),r7g,ARM,AWS Graviton3,4,32,0.284,0.2272,6.816,5.4528,47.712,38.17,207.32,165.86
aws,ap-east-1,Cina (Hong Kong),r7g,ARM,AWS Graviton3,8,64,0.568,0.4544,13.632,10.9056,95.424,76.339,414.64,331.71
aws,ap-east-1,Cina (Hong Kong),r7g,ARM,AWS Graviton3,16,128,1.136,0.9088,27.264,21.8112,190.848,152.678,829.28,663.42
aws,ap-east-1,Cina (Hong Kong),r7g,ARM,AWS Graviton3,32,256,2.272,1.8176,54.528,43.6224,381.696,305.357,1658.56,1326.85
aws,ap-east-1,Cina (Hong Kong),r7g,ARM,AWS Graviton3,48,384,3.408,2.7264,81.792,65.4336,572.544,458.035,2487.84,1990.27
aws,ap-east-1,Cina (Hong Kong),r7g,ARM,AWS Graviton3,64,512,4.544,3.6352,109.056,87.2448,763.392,610.714,3317.12,2653.7
aws,ap-east-1,Cina (Hong Kong),r8g,ARM,AWS Graviton4,1,8,0.0781,0.05039,1.8744,1.2093,13.121,8.465,57.01,36.78
aws,ap-east-1,Cina (Hong Kong),r8g,ARM,AWS Graviton4,2,16,0.1562,0.10077,3.7488,2.4186,26.242,16.93,114.03,73.57
aws,ap-east-1,Cina (Hong Kong),r8g,ARM,AWS Graviton4,4,32,0.3124,0.20155,7.4976,4.8372,52.483,33.86,228.05,147.13
aws,ap-east-1,Cina (Hong Kong),r8g,ARM,AWS Graviton4,8,64,0.6248,0.4031,14.9952,9.6743,104.966,67.72,456.1,294.26
aws,ap-east-1,Cina (Hong Kong),r8g,ARM,AWS Graviton4,16,128,1.2496,0.80619,29.9904,19.3486,209.933,135.441,912.21,588.52
aws,ap-east-1,Cina (Hong Kong),r8g,ARM,AWS Graviton4,32,256,2.4992,1.61239,59.9808,38.6973,419.866,270.881,1824.42,1177.05
aws,ap-east-1,Cina (Hong Kong),r8g,ARM,AWS Graviton4,48,384,3.7488,2.41858,89.9712,58.0459,629.798,406.321,2736.62,1765.56
aws,ap-east-1,Cina (Hong Kong),r8g,ARM,AWS Graviton4,64,512,4.9984,3.22477,119.9616,77.3946,839.731,541.762,3648.83,2354.08
aws,ap-east-1,Cina (Hong Kong),r8g,ARM,AWS Graviton4,96,768,7.4976,4.83716,179.9424,116.0919,1259.597,812.643,5473.25,3531.13
aws,ap-east-1,Cina (Hong Kong),r8g,ARM,AWS Graviton4,192,1536,14.9952,9.67432,359.8848,232.1837,2519.194,1625.286,10946.5,7062.26
aws,ap-east-2,Taiwan,c6g,ARM,AWS Graviton2,1,2,0.0385,0.0385,0.924,0.924,6.468,6.468,28.1,28.1
aws,ap-east-2,Taiwan,c6g,ARM,AWS Graviton2,2,4,0.077,0.077,1.848,1.848,12.936,12.936,56.21,56.21
aws,ap-east-2,Taiwan,c6g,ARM,AWS Graviton2,4,8,0.1541,0.1541,3.6984,3.6984,25.889,25.889,112.49,112.49
aws,ap-east-2,Taiwan,c6g,ARM,AWS Graviton2,8,16,0.3082,0.3082,7.3968,7.3968,51.778,51.778,224.99,224.99
aws,ap-east-2,Taiwan,c6g,ARM,AWS Graviton2,16,32,0.6163,0.6163,14.7912,14.7912,103.538,103.538,449.9,449.9
aws,ap-east-2,Taiwan,c6g,ARM,AWS Graviton2,32,64,1.2326,1.2326,29.5824,29.5824,207.077,207.077,899.8,899.8
aws,ap-east-2,Taiwan,c6g,ARM,AWS Graviton2,48,96,1.849,1.849,44.376,44.376,310.632,310.632,1349.77,1349.77
aws,ap-east-2,Taiwan,c6g,ARM,AWS Graviton2,64,128,2.4653,2.4653,59.1672,59.1672,414.17,414.17,1799.67,1799.67
aws,ap-east-2,Taiwan,c6i,x86(Intel),Intel Xeon Platinum 8375C,2,4,0.0963,0.13398,2.3112,3.2156,16.178,22.509,70.3,97.81
aws,ap-east-2,Taiwan,c6i,x86(Intel),Intel Xeon Platinum 8375C,4,8,0.1926,0.26797,4.6224,6.4312,32.357,45.018,140.6,195.62
aws,ap-east-2,Taiwan,c6i,x86(Intel),Intel Xeon Platinum 8375C,8,16,0.3852,0.53593,9.2448,12.8623,64.714,90.037,281.2,391.23
aws,ap-east-2,Taiwan,c6i,x86(Intel),Intel Xeon Platinum 8375C,16,32,0.7704,1.07186,18.4896,25.7247,129.427,180.072,562.39,782.46
aws,ap-east-2,Taiwan,c6i,x86(Intel),Intel Xeon Platinum 8375C,32,64,1.5408,2.14372,36.9792,51.4493,258.854,360.145,1124.78,1564.91
aws,ap-east-2,Taiwan,c6i,x86(Intel),Intel Xeon Platinum 8375C,48,96,2.3112,3.21558,55.4688,77.174,388.282,540.218,1687.18,2347.38
aws,ap-east-2,Taiwan,c6i,x86(Intel),Intel Xeon Platinum 8375C,64,128,3.0816,4.28744,73.9584,102.8986,517.709,720.291,2249.57,3129.84
aws,ap-east-2,Taiwan,c7g,ARM,AWS Graviton3,1,2,0.0409,0.03272,0.9816,0.7853,6.871,5.497,29.86,23.89
aws,ap-east-2,Taiwan,c7g,ARM,AWS Graviton3,2,4,0.0819,0.06552,1.9656,1.5725,13.759,11.007,59.79,47.83
aws,ap-east-2,Taiwan,c7g,ARM,AWS Graviton3,4,8,0.1637,0.13096,3.9288,3.143,27.502,22.002,119.5,95.6
aws,ap-east-2,Taiwan,c7g,ARM,AWS Graviton3,8,16,0.3274,0.26192,7.8576,6.2861,55.003,44.002,239.0,191.2
aws,ap-east-2,Taiwan,c7g,ARM,AWS Graviton3,16,32,0.6549,0.52392,15.7176,12.5741,110.023,88.018,478.08,382.46
aws,ap-east-2,Taiwan,c7g,ARM,AWS Graviton3,32,64,1.3098,1.04784,31.4352,25.1482,220.046,176.037,956.15,764.92
aws,ap-east-2,Taiwan,c7g,ARM,AWS Graviton3,48,96,1.9646,1.57168,47.1504,37.7203,330.053,264.042,1434.16,1147.33
aws,ap-east-2,Taiwan,c7g,ARM,AWS Graviton3,64,128,2.6195,2.0956,62.868,50.2944,440.076,352.061,1912.24,1529.79
aws,ap-east-2,Taiwan,c7i,x86(Intel),Intel Xeon Platinum 8488C,2,4,0.10112,0.11557,2.4269,2.7736,16.988,19.415,73.82,84.37
aws,ap-east-2,Taiwan,c7i,x86(Intel),Intel Xeon Platinum 8488C,4,8,0.20224,0.23113,4.8538,5.5472,33.976,38.83,147.64,168.73
aws,ap-east-2,Taiwan,c7i,x86(Intel),Intel Xeon Platinum 8488C,8,16,0.40448,0.46226,9.7075,11.0943,67.953,77.661,295.27,337.45
aws,ap-east-2,Taiwan,c7i,x86(Intel),Intel Xeon Platinum 8488C,16,32,0.80896,0.92453,19.415,22.1886,135.905,155.32,590.54,674.9
aws,ap-east-2,Taiwan,c7i,x86(Intel),Intel Xeon Platinum 8488C,32,64,1.61792,1.84905,38.8301,44.3773,271.811,310.641,1181.08,1349.81
aws,ap-east-2,Taiwan,c7i,x86(Intel),Intel Xeon Platinum 8488C,48,96,2.42688,2.77358,58.2451,66.5658,407.716,465.961,1771.62,2024.71
aws,ap-east-2,Taiwan,c7i,x86(Intel),Intel Xeon Platinum 8488C,64,128,3.23584,3.6981,77.6602,88.7545,543.621,621.281,2362.16,2699.61
aws,ap-east-2,Taiwan,c7i,x86(Intel),Intel Xeon Platinum 8488C,96,192,4.85376,5.54715,116.4902,133.1317,815.432,931.922,3543.24,4049.42
aws,ap-east-2,Taiwan,c7i,x86(Intel),Intel Xeon Platinum 8488C,192,384,9.70752,11.09431,232.9805,266.2634,1630.863,1863.843,7086.49,8098.85
aws,ap-east-2,Taiwan,m6g,ARM,AWS Graviton2,1,4,0.0446,0.0446,1.0704,1.0704,7.493,7.493,32.56,32.56
aws,ap-east-2,Taiwan,m6g,ARM,AWS Graviton2,2,8,0.0891,0.0891,2.1384,2.1384,14.969,14.969,65.04,65.04
aws,ap-east-2,Taiwan,m6g,ARM,AWS Graviton2,4,16,0.1782,0.1782,4.2768,4.2768,29.938,29.938,130.09,130.09
aws,ap-east-2,Taiwan,m6g,ARM,AWS Graviton2,8,32,0.3564,0.3564,8.5536,8.5536,59.875,59.875,260.17,260.17
aws,ap-east-2,Taiwan,m6g,ARM,AWS Graviton2,16,64,0.7128,0.7128,17.1072,17.1072,119.75,119.75,520.34,520.34
aws,ap-east-2,Taiwan,m6g,ARM,AWS Graviton2,32,128,1.4256,1.4256,34.2144,34.2144,239.501,239.501,1040.69,1040.69
aws,ap-east-2,Taiwan,m6g,ARM,AWS Graviton2,48,192,2.1384,2.1384,51.3216,51.3216,359.251,359.251,1561.03,1561.03
aws,ap-east-2,Taiwan,m6g,ARM,AWS Graviton2,64,256,2.8512,2.8512,68.4288,68.4288,479.002,479.002,2081.38,2081.38
aws,ap-east-2,Taiwan,m6i,x86(Intel),Intel Xeon Platinum 8375C,2,8,0.1116,0.15527,2.6784,3.7265,18.749,26.086,81.47,113.35
aws,ap-east-2,Taiwan,m6i,x86(Intel),Intel Xeon Platinum 8375C,4,16,0.2232,0.31054,5.3568,7.4529,37.498,52.171,162.94,226.7
aws,ap-east-2,Taiwan,m6i,x86(Intel),Intel Xeon Platinum 8375C,8,32,0.4464,0.62108,10.7136,14.9059,74.995,104.341,325.87,453.38
aws,ap-east-2,Taiwan,m6i,x86(Intel),Intel Xeon Platinum 8375C,16,64,0.8928,1.24216,21.4272,29.8118,149.99,208.682,651.74,906.77
aws,ap-east-2,Taiwan,m6i,x86(Intel),Intel Xeon Platinum 8375C,32,128,1.7856,2.48431,42.8544,59.6235,299.981,417.365,1303.49,1813.55
aws,ap-east-2,Taiwan,m6i,x86(Intel),Intel Xeon Platinum 8375C,48,192,2.6784,3.72647,64.2816,89.4353,449.971,626.047,1955.23,2720.32
aws,ap-east-2,Taiwan,m6i,x86(Intel),Intel Xeon Platinum 8375C,64,256,3.5712,4.96863,85.7088,119.247,599.962,834.73,2606.98,3627.1
aws,ap-east-2,Taiwan,m7g,ARM,AWS Graviton3,1,4,0.0474,0.03792,1.1376,0.9101,7.963,6.37,34.6,27.68
aws,ap-east-2,Taiwan,m7g,ARM,AWS Graviton3,2,8,0.0949,0.07592,2.2776,1.8221,15.943,12.754,69.28,55.42
aws,ap-east-2,Taiwan,m7g,ARM,AWS Graviton3,4,16,0.1897,0.15176,4.5528,3.6422,31.87,25.496,138.48,110.78
aws,ap-east-2,Taiwan,m7g,ARM,AWS Graviton3,8,32,0.3794,0.30352,9.1056,7.2845,63.739,50.991,276.96,221.57
aws,ap-east-2,Taiwan,m7g,ARM,AWS Graviton3,16,64,0.7589,0.60712,18.2136,14.5709,127.495,101.996,554.0,443.2
aws,ap-east-2,Taiwan,m7g,ARM,AWS Graviton3,32,128,1.5178,1.21424,36.4272,29.1418,254.99,203.992,1107.99,886.39
aws,ap-east-2,Taiwan,m7g,ARM,AWS Graviton3,48,192,2.2766,1.82128,54.6384,43.7107,382.469,305.975,1661.92,1329.54
aws,ap-east-2,Taiwan,m7g,ARM,AWS Graviton3,64,256,3.0355,2.4284,72.852,58.2816,509.964,407.971,2215.92,1772.74
aws,ap-east-2,Taiwan,m7i,x86(Intel),Intel Xeon Platinum 8488C,2,8,0.11718,0.13392,2.8123,3.2141,19.686,22.498,85.54,97.76
aws,ap-east-2,Taiwan,m7i,x86(Intel),Intel Xeon Platinum 8488C,4,16,0.23436,0.26784,5.6246,6.4281,39.372,44.997,171.08,195.52
aws,ap-east-2,Taiwan,m7i,x86(Intel),Intel Xeon Platinum 8488C,8,32,0.46872,0.53568,11.2493,12.8563,78.745,89.994,342.17,391.05
aws,ap-east-2,Taiwan,m7i,x86(Intel),Intel Xeon Platinum 8488C,16,64,0.93744,1.07136,22.4986,25.7127,157.49,179.989,684.33,782.09
aws,ap-east-2,Taiwan,m7i,x86(Intel),Intel Xeon Platinum 8488C,32,128,1.87488,2.14272,44.9971,51.4253,314.98,359.977,1368.66,1564.18
aws,ap-east-2,Taiwan,m7i,x86(Intel),Intel Xeon Platinum 8488C,48,192,2.81232,3.21408,67.4957,77.1379,472.47,539.966,2052.99,2346.27
aws,ap-east-2,Taiwan,m7i,x86(Intel),Intel Xeon Platinum 8488C,64,256,3.74976,4.28544,89.9942,102.8505,629.96,719.954,2737.32,3128.37
aws,ap-east-2,Taiwan,m7i,x86(Intel),Intel Xeon Platinum 8488C,96,384,5.62464,6.42816,134.9914,154.2759,944.94,1079.931,4105.99,4692.56
aws,ap-east-2,Taiwan,m7i,x86(Intel),Intel Xeon Platinum 8488C,192,768,11.24928,12.85632,269.9827,308.5517,1889.879,2159.862,8211.97,9385.11
aws,ap-east-2,Taiwan,r6g,ARM,AWS Graviton2,1,8,0.0547,0.0547,1.3128,1.3128,9.19,9.19,39.93,39.93
aws,ap-east-2,Taiwan,r6g,ARM,AWS Graviton2,2,16,0.1094,0.1094,2.6256,2.6256,18.379,18.379,79.86,79.86
aws,ap-east-2,Taiwan,r6g,ARM,AWS Graviton2,4,32,0.2189,0.2189,5.2536,5.2536,36.775,36.775,159.8,159.8
aws,ap-east-2,Taiwan,r6g,ARM,AWS Graviton2,8,64,0.4378,0.4378,10.5072,10.5072,73.55,73.55,319.59,319.59
aws,ap-east-2,Taiwan,r6g,ARM,AWS Graviton2,16,128,0.8755,0.8755,21.012,21.012,147.084,147.084,639.12,639.12
aws,ap-east-2,Taiwan,r6g,ARM,AWS Graviton2,32,256,1.751,1.751,42.024,42.024,294.168,294.168,1278.23,1278.23
aws,ap-east-2,Taiwan,r6g,ARM,AWS Graviton2,48,384,2.6266,2.6266,63.0384,63.0384,441.269,441.269,1917.42,1917.42
aws,ap-east-2,Taiwan,r6g,ARM,AWS Graviton2,64,512,3.5021,3.5021,84.0504,84.0504,588.353,588.353,2556.53,2556.53
aws,ap-east-2,Taiwan,r6i,x86(Intel),Intel Xeon Platinum 8375C,2,16,0.1368,0.19033,3.2832,4.5679,22.982,31.975,99.86,138.94
aws,ap-east-2,Taiwan,r6i,x86(Intel),Intel Xeon Platinum 8375C,4,32,0.2736,0.38066,6.5664,9.1359,45.965,63.951,199.73,277.89
aws,ap-east-2,Taiwan,r6i,x86(Intel),Intel Xeon Platinum 8375C,8,64,0.5472,0.76132,13.1328,18.2717,91.93,127.903,399.46,555.77
aws,ap-east-2,Taiwan,r6i,x86(Intel),Intel Xeon Platinum 8375C,16,128,1.0944,1.52264,26.2656,36.5434,183.859,255.804,798.91,1111.53
aws,ap-east-2,Taiwan,r6i,x86(Intel),Intel Xeon Platinum 8375C,32,256,2.1888,3.04529,52.5312,73.0869,367.718,511.608,1597.82,2223.05
aws,ap-east-2,Taiwan,r6i,x86(Intel),Intel Xeon Platinum 8375C,48,384,3.2832,4.56793,78.7968,109.6303,551.578,767.413,2396.74,3334.59
aws,ap-east-2,Taiwan,r6i,x86(Intel),Intel Xeon Platinum 8375C,64,512,4.3776,6.09057,105.0624,146.1738,735.437,1023.217,3195.65,4446.12
aws,ap-east-2,Taiwan,r7g,ARM,AWS Graviton3,1,8,0.0581,0.04648,1.3944,1.1155,9.761,7.809,42.41,33.93
aws,ap-east-2,Taiwan,r7g,ARM,AWS Graviton3,2,16,0.1163,0.09304,2.7912,2.233,19.538,15.63,84.9,67.92
aws,ap-east-2,Taiwan,r7g,ARM,AWS Graviton3,4,32,0.2326,0.18608,5.5824,4.4659,39.077,31.262,169.8,135.84
aws,ap-east-2,Taiwan,r7g,ARM,AWS Graviton3,8,64,0.4651,0.37208,11.1624,8.9299,78.137,62.51,339.52,271.62
aws,ap-east-2,Taiwan,r7g,ARM,AWS Graviton3,16,128,0.9302,0.74416,22.3248,17.8598,156.274,125.019,679.05,543.24
aws,ap-east-2,Taiwan,r7g,ARM,AWS Graviton3,32,256,1.8605,1.4884,44.652,35.7216,312.564,250.051,1358.16,1086.53
aws,ap-east-2,Taiwan,r7g,ARM,AWS Graviton3,48,384,2.7907,2.23256,66.9768,53.5814,468.838,375.07,2037.21,1629.77
aws,ap-east-2,Taiwan,r7g,ARM,AWS Graviton3,64,512,3.721,2.9768,89.304,71.4432,625.128,500.102,2716.33,2173.06
aws,ap-east-2,Taiwan,r7i,x86(Intel),Intel Xeon Platinum 8488C,2,16,0.14364,0.16416,3.4474,3.9399,24.132,27.579,104.86,119.84
aws,ap-east-2,Taiwan,r7i,x86(Intel),Intel Xeon Platinum 8488C,4,32,0.28728,0.32832,6.8947,7.8797,48.263,55.158,209.71,239.67
aws,ap-east-2,Taiwan,r7i,x86(Intel),Intel Xeon Platinum 8488C,8,64,0.57456,0.65664,13.7894,15.7593,96.526,110.315,419.43,479.35
aws,ap-east-2,Taiwan,r7i,x86(Intel),Intel Xeon Platinum 8488C,16,128,1.14912,1.31328,27.5789,31.5187,193.052,220.631,838.86,958.7
aws,ap-east-2,Taiwan,r7i,x86(Intel),Intel Xeon Platinum 8488C,32,256,2.29824,2.62656,55.1578,63.0375,386.104,441.262,1677.72,1917.39
aws,ap-east-2,Taiwan,r7i,x86(Intel),Intel Xeon Platinum 8488C,48,384,3.44736,3.93984,82.7366,94.5561,579.156,661.893,2516.57,2876.08
aws,ap-east-2,Taiwan,r7i,x86(Intel),Intel Xeon Platinum 8488C,64,512,4.59648,5.25312,110.3155,126.0749,772.209,882.525,3355.43,3834.78
aws,ap-east-2,Taiwan,r7i,x86(Intel),Intel Xeon Platinum 8488C,96,768,6.89472,7.87968,165.4733,189.1123,1158.313,1323.786,5033.15,5752.17
aws,ap-east-2,Taiwan,r7i,x86(Intel),Intel Xeon Platinum 8488C,192,1536,13.78944,15.75936,330.9466,378.2247,2316.626,2647.573,10066.29,11504.33
aws,ap-northeast-1,Giappone,c6a,x86(AMD),AMD EPYC 7R13,2,4,0.0963,0.11852,2.3112,2.8446,16.178,19.911,70.3,86.52
aws,ap-northeast-1,Giappone,c6a,x86(AMD),AMD EPYC 7R13,4,8,0.1926,0.23705,4.6224,5.6891,32.357,39.824,140.6,173.05
aws,ap-northeast-1,Giappone,c6a,x86(AMD),AMD EPYC 7R13,8,16,0.3852,0.47409,9.2448,11.3782,64.714,79.648,281.2,346.09
aws,ap-northeast-1,Giappone,c6a,x86(AMD),AMD EPYC 7R13,16,32,0.7704,0.94818,18.4896,22.7564,129.427,159.295,562.39,692.17
aws,ap-northeast-1,Giappone,c6a,x86(AMD),AMD EPYC 7R13,32,64,1.5408,1.89637,36.9792,45.5129,258.854,318.59,1124.78,1384.34
aws,ap-northeast-1,Giappone,c6a,x86(AMD),AMD EPYC 7R13,48,96,2.3112,2.84455,55.4688,68.2693,388.282,477.886,1687.18,2076.53
aws,ap-northeast-1,Giappone,c6a,x86(AMD),AMD EPYC 7R13,64,128,3.0816,3.79274,73.9584,91.0257,517.709,637.18,2249.57,2768.7
aws,ap-northeast-1,Giappone,c6a,x86(AMD),AMD EPYC 7R13,96,192,4.6224,5.68911,110.9376,136.5386,776.563,955.77,3374.35,4153.05
aws,ap-northeast-1,Giappone,c6a,x86(AMD),AMD EPYC 7R13,128,256,6.1632,7.58548,147.9168,182.0514,1035.418,1274.361,4499.14,5537.4
aws,ap-northeast-1,Giappone,c6a,x86(AMD),AMD EPYC 7R13,192,384,9.2448,11.37822,221.8752,273.0772,1553.126,1911.54,6748.7,8306.09
aws,ap-northeast-1,Giappone,c6g,ARM,AWS Graviton2,1,2,0.0428,0.0428,1.0272,1.0272,7.19,7.19,31.24,31.24
aws,ap-northeast-1,Giappone,c6g,ARM,AWS Graviton2,2,4,0.0856,0.0856,2.0544,2.0544,14.381,14.381,62.49,62.49
aws,ap-northeast-1,Giappone,c6g,ARM,AWS Graviton2,4,8,0.1712,0.1712,4.1088,4.1088,28.762,28.762,124.98,124.98
aws,ap-northeast-1,Giappone,c6g,ARM,AWS Graviton2,8,16,0.3424,0.3424,8.2176,8.2176,57.523,57.523,249.95,249.95
aws,ap-northeast-1,Giappone,c6g,ARM,AWS Graviton2,16,32,0.6848,0.6848,16.4352,16.4352,115.046,115.046,499.9,499.9
aws,ap-northeast-1,Giappone,c6g,ARM,AWS Graviton2,32,64,1.3696,1.3696,32.8704,32.8704,230.093,230.093,999.81,999.81
aws,ap-northeast-1,Giappone,c6g,ARM,AWS Graviton2,48,96,2.0544,2.0544,49.3056,49.3056,345.139,345.139,1499.71,1499.71
aws,ap-northeast-1,Giappone,c6g,ARM,AWS Graviton2,64,128,2.7392,2.7392,65.7408,65.7408,460.186,460.186,1999.62,1999.62
aws,ap-northeast-1,Giappone,c6i,x86(Intel),Intel Xeon Platinum 8375C,2,4,0.107,0.14887,2.568,3.5729,17.976,25.01,78.11,108.67
aws,ap-northeast-1,Giappone,c6i,x86(Intel),Intel Xeon Platinum 8375C,4,8,0.214,0.29774,5.136,7.1457,35.952,50.02,156.22,217.35
aws,ap-northeast-1,Giappone,c6i,x86(Intel),Intel Xeon Platinum 8375C,8,16,0.428,0.59548,10.272,14.2915,71.904,100.04,312.44,434.7
aws,ap-northeast-1,Giappone,c6i,x86(Intel),Intel Xeon Platinum 8375C,16,32,0.856,1.19096,20.544,28.583,143.808,200.081,624.88,869.4
aws,ap-northeast-1,Giappone,c6i,x86(Intel),Intel Xeon Platinum 8375C,32,64,1.712,2.38191,41.088,57.1659,287.616,400.161,1249.76,1738.8
aws,ap-northeast-1,Giappone,c6i,x86(Intel),Intel Xeon Platinum 8375C,48,96,2.568,3.57287,61.632,85.7489,431.424,600.242,1874.64,2608.19
aws,ap-northeast-1,Giappone,c6i,x86(Intel),Intel Xeon Platinum 8375C,64,128,3.424,4.76383,82.176,114.3318,575.232,800.323,2499.52,3477.59
aws,ap-northeast-1,Giappone,c6i,x86(Intel),Intel Xeon Platinum 8375C,96,192,5.136,7.14574,123.264,171.4977,862.848,1200.484,3749.28,5216.39
aws,ap-northeast-1,Giappone,c6i,x86(Intel),Intel Xeon Platinum 8375C,128,256,6.848,9.52765,164.352,228.6637,1150.464,1600.646,4999.04,6955.19
aws,ap-northeast-1,Giappone,c7a,x86(AMD),AMD EPYC 9R14,1,2,0.0646,0.03915,1.5504,0.9396,10.853,6.578,47.16,28.58
aws,ap-northeast-1,Giappone,c7a,x86(AMD),AMD EPYC 9R14,2,4,0.1292,0.0783,3.1008,1.8793,21.706,13.155,94.32,57.16
aws,ap-northeast-1,Giappone,c7a,x86(AMD),AMD EPYC 9R14,4,8,0.2584,0.15661,6.2016,3.7585,43.411,26.31,188.63,114.32
aws,ap-northeast-1,Giappone,c7a,x86(AMD),AMD EPYC 9R14,8,16,0.5168,0.31321,12.4032,7.5171,86.822,52.619,377.26,228.64
aws,ap-northeast-1,Giappone,c7a,x86(AMD),AMD EPYC 9R14,16,32,1.0336,0.62642,24.8064,15.0342,173.645,105.239,754.53,457.29
aws,ap-northeast-1,Giappone,c7a,x86(AMD),AMD EPYC 9R14,32,64,2.0672,1.25285,49.6128,30.0684,347.29,210.479,1509.06,914.58
aws,ap-northeast-1,Giappone,c7a,x86(AMD),AMD EPYC 9R14,48,96,3.1008,1.87927,74.4192,45.1025,520.934,315.718,2263.58,1371.87
aws,ap-northeast-1,Giappone,c7a,x86(AMD),AMD EPYC 9R14,64,128,4.1344,2.5057,99.2256,60.1367,694.579,420.957,3018.11,1829.16
aws,ap-northeast-1,Giappone,c7a,x86(AMD),AMD EPYC 9R14,96,192,6.2016,3.75855,148.8384,90.2051,1041.869,631.436,4527.17,2743.74
aws,ap-northeast-1,Giappone,c7a,x86(AMD),AMD EPYC 9R14,128,256,8.2688,5.01139,198.4512,120.2735,1389.158,841.914,6036.22,3658.32
aws,ap-northeast-1,Giappone,c7a,x86(AMD),AMD EPYC 9R14,192,384,12.4032,7.51709,297.6768,180.4102,2083.738,1262.872,9054.34,5487.48
aws,ap-northeast-1,Giappone,c7g,ARM,AWS Graviton3,1,2,0.0455,0.0364,1.092,0.8736,7.644,6.115,33.21,26.57
aws,ap-northeast-1,Giappone,c7g,ARM,AWS Graviton3,2,4,0.091,0.0728,2.184,1.7472,15.288,12.23,66.43,53.14
aws,ap-northeast-1,Giappone,c7g,ARM,AWS Graviton3,4,8,0.1819,0.14552,4.3656,3.4925,30.559,24.447,132.79,106.23
aws,ap-northeast-1,Giappone,c7g,ARM,AWS Graviton3,8,16,0.3638,0.29104,8.7312,6.985,61.118,48.894,265.57,212.46
aws,ap-northeast-1,Giappone,c7g,ARM,AWS Graviton3,16,32,0.7277,0.58216,17.4648,13.9718,122.254,97.803,531.22,424.98
aws,ap-northeast-1,Giappone,c7g,ARM,AWS Graviton3,32,64,1.4554,1.16432,34.9296,27.9437,244.507,195.606,1062.44,849.95
aws,ap-northeast-1,Giappone,c7g,ARM,AWS Graviton3,48,96,2.183,1.7464,52.392,41.9136,366.744,293.395,1593.59,1274.87
aws,ap-northeast-1,Giappone,c7g,ARM,AWS Graviton3,64,128,2.9107,2.32856,69.8568,55.8854,488.998,391.198,2124.81,1699.85
aws,ap-northeast-1,Giappone,c7i,x86(Intel),Intel Xeon Platinum 8488C,2,4,0.11235,0.1284,2.6964,3.0816,18.875,21.571,82.02,93.74
aws,ap-northeast-1,Giappone,c7i,x86(Intel),Intel Xeon Platinum 8488C,4,8,0.2247,0.2568,5.3928,6.1632,37.75,43.143,164.03,187.46
aws,ap-northeast-1,Giappone,c7i,x86(Intel),Intel Xeon Platinum 8488C,8,16,0.4494,0.5136,10.7856,12.3264,75.499,86.285,328.06,374.93
aws,ap-northeast-1,Giappone,c7i,x86(Intel),Intel Xeon Platinum 8488C,16,32,0.8988,1.0272,21.5712,24.6528,150.998,172.569,656.12,749.85
aws,ap-northeast-1,Giappone,c7i,x86(Intel),Intel Xeon Platinum 8488C,32,64,1.7976,2.0544,43.1424,49.3056,301.997,345.139,1312.25,1499.71
aws,ap-northeast-1,Giappone,c7i,x86(Intel),Intel Xeon Platinum 8488C,48,96,2.6964,3.0816,64.7136,73.9584,452.995,517.709,1968.37,2249.57
aws,ap-northeast-1,Giappone,c7i,x86(Intel),Intel Xeon Platinum 8488C,64,128,3.5952,4.1088,86.2848,98.6112,603.994,690.279,2624.5,2999.43
aws,ap-northeast-1,Giappone,c7i,x86(Intel),Intel Xeon Platinum 8488C,96,192,5.3928,6.1632,129.4272,147.9168,905.99,1035.417,3936.74,4499.13
aws,ap-northeast-1,Giappone,c7i,x86(Intel),Intel Xeon Platinum 8488C,192,384,10.7856,12.3264,258.8544,295.8336,1811.981,2070.835,7873.49,8998.27
aws,ap-northeast-1,Giappone,c8a,x86(AMD),AMD EPYC 9R45,1,2,0.06783,0.03155,1.6279,0.7572,11.395,5.3,49.52,23.03
aws,ap-northeast-1,Giappone,c8a,x86(AMD),AMD EPYC 9R45,2,4,0.13566,0.0631,3.2558,1.5143,22.791,10.6,99.03,46.06
aws,ap-northeast-1,Giappone,c8a,x86(AMD),AMD EPYC 9R45,4,8,0.27132,0.1262,6.5117,3.0287,45.582,21.201,198.06,92.12
aws,ap-northeast-1,Giappone,c8a,x86(AMD),AMD EPYC 9R45,8,16,0.54264,0.25239,13.0234,6.0574,91.164,42.402,396.13,184.25
aws,ap-northeast-1,Giappone,c8a,x86(AMD),AMD EPYC 9R45,16,32,1.08528,0.50478,26.0467,12.1147,182.327,84.803,792.25,368.49
aws,ap-northeast-1,Giappone,c8a,x86(AMD),AMD EPYC 9R45,32,64,2.17056,1.00956,52.0934,24.2295,364.654,169.607,1584.51,736.98
aws,ap-northeast-1,Giappone,c8a,x86(AMD),AMD EPYC 9R45,48,96,3.25584,1.51434,78.1402,36.3443,546.981,254.41,2376.76,1105.47
aws,ap-northeast-1,Giappone,c8a,x86(AMD),AMD EPYC 9R45,64,128,4.34112,2.01913,104.1869,48.459,729.308,339.213,3169.02,1473.96
aws,ap-northeast-1,Giappone,c8a,x86(AMD),AMD EPYC 9R45,96,192,6.51168,3.02869,156.2803,72.6885,1093.962,508.82,4753.53,2210.94
aws,ap-northeast-1,Giappone,c8a,x86(AMD),AMD EPYC 9R45,192,384,13.02336,6.05738,312.5606,145.377,2187.924,1017.639,9507.05,4421.88
aws,ap-northeast-1,Giappone,c8g,ARM,AWS Graviton4,1,2,0.05003,0.03228,1.2007,0.7746,8.405,5.423,36.52,23.56
aws,ap-northeast-1,Giappone,c8g,ARM,AWS Graviton4,2,4,0.10006,0.06455,2.4014,1.5493,16.81,10.845,73.04,47.12
aws,ap-northeast-1,Giappone,c8g,ARM,AWS Graviton4,4,8,0.20012,0.12911,4.8029,3.0986,33.62,21.69,146.09,94.25
aws,ap-northeast-1,Giappone,c8g,ARM,AWS Graviton4,8,16,0.40024,0.25822,9.6058,6.1973,67.24,43.381,292.18,188.5
aws,ap-northeast-1,Giappone,c8g,ARM,AWS Graviton4,16,32,0.80048,0.51644,19.2115,12.3945,134.481,86.762,584.35,377.0
aws,ap-northeast-1,Giappone,c8g,ARM,AWS Graviton4,32,64,1.60096,1.03288,38.423,24.789,268.961,173.523,1168.7,754.0
aws,ap-northeast-1,Giappone,c8g,ARM,AWS Graviton4,48,96,2.40144,1.54932,57.6346,37.1836,403.442,260.285,1753.05,1131.0
aws,ap-northeast-1,Giappone,c8g,ARM,AWS Graviton4,64,128,3.20192,2.06575,76.8461,49.5781,537.923,347.047,2337.4,1508.0
aws,ap-northeast-1,Giappone,c8g,ARM,AWS Graviton4,96,192,4.80288,3.09863,115.2691,74.3672,806.884,520.57,3506.1,2262.0
aws,ap-northeast-1,Giappone,c8g,ARM,AWS Graviton4,192,384,9.60576,6.19726,230.5382,148.7343,1613.768,1041.141,7012.2,4524.0
aws,ap-northeast-1,Giappone,c8i,x86(Intel),Intel Xeon 6 6975P-C,2,4,0.11797,0.10486,2.8313,2.5167,19.819,17.617,86.12,76.55
aws,ap-northeast-1,Giappone,c8i,x86(Intel),Intel Xeon 6 6975P-C,4,8,0.23594,0.20972,5.6626,5.0334,39.638,35.234,172.24,153.1
aws,ap-northeast-1,Giappone,c8i,x86(Intel),Intel Xeon 6 6975P-C,8,16,0.47188,0.41945,11.3251,10.0668,79.276,70.468,344.47,306.2
aws,ap-northeast-1,Giappone,c8i,x86(Intel),Intel Xeon 6 6975P-C,16,32,0.94376,0.8389,22.6502,20.1335,158.552,140.935,688.94,612.39
aws,ap-northeast-1,Giappone,c8i,x86(Intel),Intel Xeon 6 6975P-C,32,64,1.88752,1.6778,45.3005,40.2671,317.103,281.869,1377.89,1224.79
aws,ap-northeast-1,Giappone,c8i,x86(Intel),Intel Xeon 6 6975P-C,48,96,2.83128,2.51669,67.9507,60.4006,475.655,422.804,2066.83,1837.18
aws,ap-northeast-1,Giappone,c8i,x86(Intel),Intel Xeon 6 6975P-C,64,128,3.77504,3.35559,90.601,80.5342,634.207,563.74,2755.78,2449.58
aws,ap-northeast-1,Giappone,c8i,x86(Intel),Intel Xeon 6 6975P-C,96,192,5.66256,5.03339,135.9014,120.8012,951.31,845.609,4133.67,3674.37
aws,ap-northeast-1,Giappone,c8i,x86(Intel),Intel Xeon 6 6975P-C,128,256,7.55008,6.71118,181.2019,161.0684,1268.413,1127.478,5511.56,4899.16
aws,ap-northeast-1,Giappone,c8i,x86(Intel),Intel Xeon 6 6975P-C,192,384,11.32512,10.06677,271.8029,241.6026,1902.62,1691.218,8267.34,7348.75
aws,ap-northeast-1,Giappone,c8i,x86(Intel),Intel Xeon 6 6975P-C,384,768,22.65024,20.13355,543.6058,483.2052,3805.24,3382.436,16534.68,14697.49
aws,ap-northeast-1,Giappone,m6a,x86(AMD),AMD EPYC 7R13,2,8,0.1116,0.13735,2.6784,3.2965,18.749,23.076,81.47,100.27
aws,ap-northeast-1,Giappone,m6a,x86(AMD),AMD EPYC 7R13,4,16,0.2232,0.27471,5.3568,6.593,37.498,46.151,162.94,200.54
aws,ap-northeast-1,Giappone,m6a,x86(AMD),AMD EPYC 7R13,8,32,0.4464,0.54942,10.7136,13.186,74.995,92.302,325.87,401.07
aws,ap-northeast-1,Giappone,m6a,x86(AMD),AMD EPYC 7R13,16,64,0.8928,1.09883,21.4272,26.3719,149.99,184.603,651.74,802.14
aws,ap-northeast-1,Giappone,m6a,x86(AMD),AMD EPYC 7R13,32,128,1.7856,2.19766,42.8544,52.7439,299.981,369.207,1303.49,1604.3
aws,ap-northeast-1,Giappone,m6a,x86(AMD),AMD EPYC 7R13,48,192,2.6784,3.29649,64.2816,79.1158,449.971,553.81,1955.23,2406.44
aws,ap-northeast-1,Giappone,m6a,x86(AMD),AMD EPYC 7R13,64,256,3.5712,4.39532,85.7088,105.4878,599.962,738.415,2606.98,3208.59
aws,ap-northeast-1,Giappone,m6a,x86(AMD),AMD EPYC 7R13,96,384,5.3568,6.59298,128.5632,158.2316,899.942,1107.621,3910.46,4812.87
aws,ap-northeast-1,Giappone,m6a,x86(AMD),AMD EPYC 7R13,128,512,7.1424,8.79065,171.4176,210.9755,1199.923,1476.828,5213.95,6417.17
aws,ap-northeast-1,Giappone,m6a,x86(AMD),AMD EPYC 7R13,192,768,10.7136,13.18597,257.1264,316.4633,1799.885,2215.243,7820.93,9625.76
aws,ap-northeast-1,Giappone,m6g,ARM,AWS Graviton2,1,4,0.0495,0.0495,1.188,1.188,8.316,8.316,36.14,36.14
aws,ap-northeast-1,Giappone,m6g,ARM,AWS Graviton2,2,8,0.099,0.099,2.376,2.376,16.632,16.632,72.27,72.27
aws,ap-northeast-1,Giappone,m6g,ARM,AWS Graviton2,4,16,0.198,0.198,4.752,4.752,33.264,33.264,144.54,144.54
aws,ap-northeast-1,Giappone,m6g,ARM,AWS Graviton2,8,32,0.396,0.396,9.504,9.504,66.528,66.528,289.08,289.08
aws,ap-northeast-1,Giappone,m6g,ARM,AWS Graviton2,16,64,0.792,0.792,19.008,19.008,133.056,133.056,578.16,578.16
aws,ap-northeast-1,Giappone,m6g,ARM,AWS Graviton2,32,128,1.584,1.584,38.016,38.016,266.112,266.112,1156.32,1156.32
aws,ap-northeast-1,Giappone,m6g,ARM,AWS Graviton2,48,192,2.376,2.376,57.024,57.024,399.168,399.168,1734.48,1734.48
aws,ap-northeast-1,Giappone,m6g,ARM,AWS Graviton2,64,256,3.168,3.168,76.032,76.032,532.224,532.224,2312.64,2312.64
aws,ap-northeast-1,Giappone,m6i,x86(Intel),Intel Xeon Platinum 8375C,2,8,0.124,0.17252,2.976,4.1405,20.832,28.984,90.52,125.94
aws,ap-northeast-1,Giappone,m6i,x86(Intel),Intel Xeon Platinum 8375C,4,16,0.248,0.34504,5.952,8.281,41.664,57.967,181.04,251.88
aws,ap-northeast-1,Giappone,m6i,x86(Intel),Intel Xeon Platinum 8375C,8,32,0.496,0.69009,11.904,16.5621,83.328,115.935,362.08,503.76
aws,ap-northeast-1,Giappone,m6i,x86(Intel),Intel Xeon Platinum 8375C,16,64,0.992,1.38017,23.808,33.1242,166.656,231.869,724.16,1007.53
aws,ap-northeast-1,Giappone,m6i,x86(Intel),Intel Xeon Platinum 8375C,32,128,1.984,2.76035,47.616,66.2483,333.312,463.738,1448.32,2015.05
aws,ap-northeast-1,Giappone,m6i,x86(Intel),Intel Xeon Platinum 8375C,48,192,2.976,4.14052,71.424,99.3725,499.968,695.608,2172.48,3022.58
aws,ap-northeast-1,Giappone,m6i,x86(Intel),Intel Xeon Platinum 8375C,64,256,3.968,5.5207,95.232,132.4967,666.624,927.477,2896.64,4030.11
aws,ap-northeast-1,Giappone,m6i,x86(Intel),Intel Xeon Platinum 8375C,96,384,5.952,8.28104,142.848,198.745,999.936,1391.215,4344.96,6045.16
aws,ap-northeast-1,Giappone,m6i,x86(Intel),Intel Xeon Platinum 8375C,128,512,7.936,11.04139,190.464,264.9934,1333.248,1854.954,5793.28,8060.22
aws,ap-northeast-1,Giappone,m7a,x86(AMD),AMD EPYC 9R14,1,4,0.07487,0.04538,1.7969,1.089,12.578,7.623,54.66,33.13
aws,ap-northeast-1,Giappone,m7a,x86(AMD),AMD EPYC 9R14,2,8,0.14973,0.09075,3.5935,2.1779,25.155,15.245,109.3,66.24
aws,ap-northeast-1,Giappone,m7a,x86(AMD),AMD EPYC 9R14,4,16,0.29946,0.18149,7.187,4.3558,50.309,30.49,218.61,132.49
aws,ap-northeast-1,Giappone,m7a,x86(AMD),AMD EPYC 9R14,8,32,0.59892,0.36298,14.3741,8.7116,100.619,60.981,437.21,264.98
aws,ap-northeast-1,Giappone,m7a,x86(AMD),AMD EPYC 9R14,16,64,1.19784,0.72596,28.7482,17.4232,201.237,121.962,874.42,529.95
aws,ap-northeast-1,Giappone,m7a,x86(AMD),AMD EPYC 9R14,32,128,2.39568,1.45193,57.4963,34.8462,402.474,243.924,1748.85,1059.91
aws,ap-northeast-1,Giappone,m7a,x86(AMD),AMD EPYC 9R14,48,192,3.59352,2.17789,86.2445,52.2694,603.711,365.885,2623.27,1589.86
aws,ap-northeast-1,Giappone,m7a,x86(AMD),AMD EPYC 9R14,64,256,4.79136,2.90385,114.9926,69.6925,804.948,487.847,3497.69,2119.81
aws,ap-northeast-1,Giappone,m7a,x86(AMD),AMD EPYC 9R14,96,384,7.18704,4.35578,172.489,104.5388,1207.423,731.772,5246.54,3179.72
aws,ap-northeast-1,Giappone,m7a,x86(AMD),AMD EPYC 9R14,128,512,9.58272,5.80771,229.9853,139.385,1609.897,975.695,6995.39,4239.63
aws,ap-northeast-1,Giappone,m7a,x86(AMD),AMD EPYC 9R14,192,768,14.37408,8.71156,344.9779,209.0775,2414.845,1463.542,10493.08,6359.44
aws,ap-northeast-1,Giappone,m7g,ARM,AWS Graviton3,1,4,0.0527,0.04216,1.2648,1.0118,8.854,7.083,38.47,30.78
aws,ap-northeast-1,Giappone,m7g,ARM,AWS Graviton3,2,8,0.1054,0.08432,2.5296,2.0237,17.707,14.166,76.94,61.55
aws,ap-northeast-1,Giappone,m7g,ARM,AWS Graviton3,4,16,0.2108,0.16864,5.0592,4.0474,35.414,28.331,153.88,123.1
aws,ap-northeast-1,Giappone,m7g,ARM,AWS Graviton3,8,32,0.4216,0.33728,10.1184,8.0947,70.829,56.663,307.77,246.22
aws,ap-northeast-1,Giappone,m7g,ARM,AWS Graviton3,16,64,0.8432,0.67456,20.2368,16.1894,141.658,113.326,615.54,492.43
aws,ap-northeast-1,Giappone,m7g,ARM,AWS Graviton3,32,128,1.6864,1.34912,40.4736,32.3789,283.315,226.652,1231.07,984.86
aws,ap-northeast-1,Giappone,m7g,ARM,AWS Graviton3,48,192,2.5296,2.02368,60.7104,48.5683,424.973,339.978,1846.61,1477.29
aws,ap-northeast-1,Giappone,m7g,ARM,AWS Graviton3,64,256,3.3728,2.69824,80.9472,64.7578,566.63,453.304,2462.14,1969.71
aws,ap-northeast-1,Giappone,m7i,x86(Intel),Intel Xeon Platinum 8488C,2,8,0.1302,0.1488,3.1248,3.5712,21.874,24.999,95.05,108.63
aws,ap-northeast-1,Giappone,m7i,x86(Intel),Intel Xeon Platinum 8488C,4,16,0.2604,0.2976,6.2496,7.1424,43.747,49.997,190.09,217.25
aws,ap-northeast-1,Giappone,m7i,x86(Intel),Intel Xeon Platinum 8488C,8,32,0.5208,0.5952,12.4992,14.2848,87.494,99.993,380.18,434.49
aws,ap-northeast-1,Giappone,m7i,x86(Intel),Intel Xeon Platinum 8488C,16,64,1.0416,1.1904,24.9984,28.5696,174.989,199.987,760.37,868.99
aws,ap-northeast-1,Giappone,m7i,x86(Intel),Intel Xeon Platinum 8488C,32,128,2.0832,2.3808,49.9968,57.1392,349.978,399.975,1520.74,1737.99
aws,ap-northeast-1,Giappone,m7i,x86(Intel),Intel Xeon Platinum 8488C,48,192,3.1248,3.5712,74.9952,85.7088,524.966,599.961,2281.1,2606.97
aws,ap-northeast-1,Giappone,m7i,x86(Intel),Intel Xeon Platinum 8488C,64,256,4.1664,4.7616,99.9936,114.2784,699.955,799.949,3041.47,3475.97
aws,ap-northeast-1,Giappone,m7i,x86(Intel),Intel Xeon Platinum 8488C,96,384,6.2496,7.1424,149.9904,171.4176,1049.933,1199.923,4562.21,5213.95
aws,ap-northeast-1,Giappone,m7i,x86(Intel),Intel Xeon Platinum 8488C,192,768,12.4992,14.2848,299.9808,342.8352,2099.866,2399.847,9124.42,10427.91
aws,ap-northeast-1,Giappone,m8a,x86(AMD),AMD EPYC 9R45,1,4,0.07861,0.03656,1.8866,0.8775,13.206,6.142,57.39,26.69
aws,ap-northeast-1,Giappone,m8a,x86(AMD),AMD EPYC 9R45,2,8,0.15722,0.07313,3.7733,1.755,26.413,12.285,114.77,53.38
aws,ap-northeast-1,Giappone,m8a,x86(AMD),AMD EPYC 9R45,4,16,0.31444,0.14625,7.5466,3.51,52.826,24.57,229.54,106.76
aws,ap-northeast-1,Giappone,m8a,x86(AMD),AMD EPYC 9R45,8,32,0.62888,0.2925,15.0931,7.02,105.652,49.14,459.08,213.53
aws,ap-northeast-1,Giappone,m8a,x86(AMD),AMD EPYC 9R45,16,64,1.25776,0.585,30.1862,14.0401,211.304,98.281,918.16,427.05
aws,ap-northeast-1,Giappone,m8a,x86(AMD),AMD EPYC 9R45,32,128,2.51552,1.17001,60.3725,28.0802,422.607,196.561,1836.33,854.11
aws,ap-northeast-1,Giappone,m8a,x86(AMD),AMD EPYC 9R45,48,192,3.77328,1.75501,90.5587,42.1203,633.911,294.842,2754.49,1281.16
aws,ap-northeast-1,Giappone,m8a,x86(AMD),AMD EPYC 9R45,64,256,5.03104,2.34002,120.745,56.1605,845.215,393.123,3672.66,1708.21
aws,ap-northeast-1,Giappone,m8a,x86(AMD),AMD EPYC 9R45,96,384,7.54656,3.51003,181.1174,84.2407,1267.822,589.685,5508.99,2562.32
aws,ap-northeast-1,Giappone,m8a,x86(AMD),AMD EPYC 9R45,192,768,15.09312,7.02006,362.2349,168.4813,2535.644,1179.369,11017.98,5124.64
aws,ap-northeast-1,Giappone,m8g,ARM,AWS Graviton4,1,4,0.05797,0.0374,1.3913,0.8976,9.739,6.283,42.32,27.3
aws,ap-northeast-1,Giappone,m8g,ARM,AWS Graviton4,2,8,0.11594,0.0748,2.7826,1.7952,19.478,12.566,84.64,54.61
aws,ap-northeast-1,Giappone,m8g,ARM,AWS Graviton4,4,16,0.23188,0.1496,5.5651,3.5904,38.956,25.133,169.27,109.21
aws,ap-northeast-1,Giappone,m8g,ARM,AWS Graviton4,8,32,0.46376,0.2992,11.1302,7.1808,77.912,50.266,338.54,218.41
aws,ap-northeast-1,Giappone,m8g,ARM,AWS Graviton4,16,64,0.92752,0.5984,22.2605,14.3616,155.823,100.531,677.09,436.83
aws,ap-northeast-1,Giappone,m8g,ARM,AWS Graviton4,32,128,1.85504,1.1968,44.521,28.7232,311.647,201.063,1354.18,873.66
aws,ap-northeast-1,Giappone,m8g,ARM,AWS Graviton4,48,192,2.78256,1.7952,66.7814,43.0848,467.47,301.594,2031.27,1310.5
aws,ap-northeast-1,Giappone,m8g,ARM,AWS Graviton4,64,256,3.71008,2.3936,89.0419,57.4464,623.293,402.125,2708.36,1747.33
aws,ap-northeast-1,Giappone,m8g,ARM,AWS Graviton4,96,384,5.56512,3.5904,133.5629,86.1696,934.94,603.187,4062.54,2620.99
aws,ap-northeast-1,Giappone,m8g,ARM,AWS Graviton4,192,768,11.13024,7.1808,267.1258,172.3392,1869.88,1206.374,8125.08,5241.99
aws,ap-northeast-1,Giappone,m8i,x86(Intel),Intel Xeon 6 6975P-C,2,8,0.13671,0.12152,3.281,2.9164,22.967,20.415,99.8,88.71
aws,ap-northeast-1,Giappone,m8i,x86(Intel),Intel Xeon 6 6975P-C,4,16,0.27342,0.24304,6.5621,5.833,45.935,40.831,199.6,177.42
aws,ap-northeast-1,Giappone,m8i,x86(Intel),Intel Xeon 6 6975P-C,8,32,0.54684,0.48608,13.1242,11.666,91.869,81.661,399.19,354.84
aws,ap-northeast-1,Giappone,m8i,x86(Intel),Intel Xeon 6 6975P-C,16,64,1.09368,0.97216,26.2483,23.3318,183.738,163.323,798.39,709.68
aws,ap-northeast-1,Giappone,m8i,x86(Intel),Intel Xeon 6 6975P-C,32,128,2.18736,1.94432,52.4966,46.6636,367.476,326.645,1596.77,1419.35
aws,ap-northeast-1,Giappone,m8i,x86(Intel),Intel Xeon 6 6975P-C,48,192,3.28104,2.91648,78.745,69.9956,551.215,489.969,2395.16,2129.03
aws,ap-northeast-1,Giappone,m8i,x86(Intel),Intel Xeon 6 6975P-C,64,256,4.37472,3.88864,104.9933,93.3274,734.953,653.292,3193.55,2838.71
aws,ap-northeast-1,Giappone,m8i,x86(Intel),Intel Xeon 6 6975P-C,96,384,6.56208,5.83296,157.4899,139.991,1102.429,979.937,4790.32,4258.06
aws,ap-northeast-1,Giappone,m8i,x86(Intel),Intel Xeon 6 6975P-C,128,512,8.74944,7.77728,209.9866,186.6548,1469.906,1306.583,6387.09,5677.41
aws,ap-northeast-1,Giappone,m8i,x86(Intel),Intel Xeon 6 6975P-C,192,768,13.12416,11.66592,314.9798,279.982,2204.859,1959.875,9580.64,8516.12
aws,ap-northeast-1,Giappone,m8i,x86(Intel),Intel Xeon 6 6975P-C,384,1536,26.24832,23.33184,629.9597,559.9642,4409.718,3919.749,19161.27,17032.24
aws,ap-northeast-1,Giappone,r6a,x86(AMD),AMD EPYC 7R13,2,16,0.1368,0.16837,3.2832,4.0409,22.982,28.286,99.86,122.9
aws,ap-northeast-1,Giappone,r6a,x86(AMD),AMD EPYC 7R13,4,32,0.2736,0.33674,6.5664,8.0817,45.965,56.572,199.73,245.82
aws,ap-northeast-1,Giappone,r6a,x86(AMD),AMD EPYC 7R13,8,64,0.5472,0.67348,13.1328,16.1634,91.93,113.145,399.46,491.64
aws,ap-northeast-1,Giappone,r6a,x86(AMD),AMD EPYC 7R13,16,128,1.0944,1.34695,26.2656,32.3269,183.859,226.288,798.91,983.27
aws,ap-northeast-1,Giappone,r6a,x86(AMD),AMD EPYC 7R13,32,256,2.1888,2.69391,52.5312,64.6538,367.718,452.576,1597.82,1966.55
aws,ap-northeast-1,Giappone,r6a,x86(AMD),AMD EPYC 7R13,48,384,3.2832,4.04086,78.7968,96.9807,551.578,678.865,2396.74,2949.83
aws,ap-northeast-1,Giappone,r6a,x86(AMD),AMD EPYC 7R13,64,512,4.3776,5.38782,105.0624,129.3076,735.437,905.153,3195.65,3933.11
aws,ap-northeast-1,Giappone,r6a,x86(AMD),AMD EPYC 7R13,96,768,6.5664,8.08172,157.5936,193.9614,1103.155,1357.729,4793.47,5899.66
aws,ap-northeast-1,Giappone,r6a,x86(AMD),AMD EPYC 7R13,128,1024,8.7552,10.77563,210.1248,258.6151,1470.874,1810.306,6391.3,7866.22
aws,ap-northeast-1,Giappone,r6a,x86(AMD),AMD EPYC 7R13,192,1536,13.1328,16.16345,315.1872,387.9227,2206.31,2715.458,9586.94,11799.31
aws,ap-northeast-1,Giappone,r6g,ARM,AWS Graviton2,1,8,0.0608,0.0608,1.4592,1.4592,10.214,10.214,44.38,44.38
aws,ap-northeast-1,Giappone,r6g,ARM,AWS Graviton2,2,16,0.1216,0.1216,2.9184,2.9184,20.429,20.429,88.77,88.77
aws,ap-northeast-1,Giappone,r6g,ARM,AWS Graviton2,4,32,0.2432,0.2432,5.8368,5.8368,40.858,40.858,177.54,177.54
aws,ap-northeast-1,Giappone,r6g,ARM,AWS Graviton2,8,64,0.4864,0.4864,11.6736,11.6736,81.715,81.715,355.07,355.07
aws,ap-northeast-1,Giappone,r6g,ARM,AWS Graviton2,16,128,0.9728,0.9728,23.3472,23.3472,163.43,163.43,710.14,710.14
aws,ap-northeast-1,Giappone,r6g,ARM,AWS Graviton2,32,256,1.9456,1.9456,46.6944,46.6944,326.861,326.861,1420.29,1420.29
aws,ap-northeast-1,Giappone,r6g,ARM,AWS Graviton2,48,384,2.9184,2.9184,70.0416,70.0416,490.291,490.291,2130.43,2130.43
aws,ap-northeast-1,Giappone,r6g,ARM,AWS Graviton2,64,512,3.8912,3.8912,93.3888,93.3888,653.722,653.722,2840.58,2840.58
aws,ap-northeast-1,Giappone,r6i,x86(Intel),Intel Xeon Platinum 8375C,2,16,0.152,0.21148,3.648,5.0755,25.536,35.528,110.96,154.38
aws,ap-northeast-1,Giappone,r6i,x86(Intel),Intel Xeon Platinum 8375C,4,32,0.304,0.42296,7.296,10.151,51.072,71.057,221.92,308.76
aws,ap-northeast-1,Giappone,r6i,x86(Intel),Intel Xeon Platinum 8375C,8,64,0.608,0.84591,14.592,20.3019,102.144,142.113,443.84,617.52
aws,ap-northeast-1,Giappone,r6i,x86(Intel),Intel Xeon Platinum 8375C,16,128,1.216,1.69183,29.184,40.6038,204.288,284.227,887.68,1235.03
aws,ap-northeast-1,Giappone,r6i,x86(Intel),Intel Xeon Platinum 8375C,32,256,2.432,3.38365,58.368,81.2077,408.576,568.454,1775.36,2470.07
aws,ap-northeast-1,Giappone,r6i,x86(Intel),Intel Xeon Platinum 8375C,48,384,3.648,5.07548,87.552,121.8115,612.864,852.68,2663.04,3705.1
aws,ap-northeast-1,Giappone,r6i,x86(Intel),Intel Xeon Platinum 8375C,64,512,4.864,6.7673,116.736,162.4153,817.152,1136.907,3550.72,4940.13
aws,ap-northeast-1,Giappone,r6i,x86(Intel),Intel Xeon Platinum 8375C,96,768,7.296,10.15096,175.104,243.623,1225.728,1705.361,5326.08,7410.2
aws,ap-northeast-1,Giappone,r6i,x86(Intel),Intel Xeon Platinum 8375C,128,1024,9.728,13.53461,233.472,324.8306,1634.304,2273.814,7101.44,9880.26
aws,ap-northeast-1,Giappone,r7a,x86(AMD),AMD EPYC 9R14,1,8,0.09177,0.05562,2.2025,1.3348,15.417,9.344,66.99,40.6
aws,ap-northeast-1,Giappone,r7a,x86(AMD),AMD EPYC 9R14,2,16,0.18354,0.11124,4.405,2.6697,30.835,18.688,133.98,81.2
aws,ap-northeast-1,Giappone,r7a,x86(AMD),AMD EPYC 9R14,4,32,0.36708,0.22247,8.8099,5.3393,61.669,37.375,267.97,162.41
aws,ap-northeast-1,Giappone,r7a,x86(AMD),AMD EPYC 9R14,8,64,0.73416,0.44495,17.6198,10.6787,123.339,74.751,535.94,324.81
aws,ap-northeast-1,Giappone,r7a,x86(AMD),AMD EPYC 9R14,16,128,1.46832,0.88989,35.2397,21.3574,246.678,149.502,1071.87,649.62
aws,ap-northeast-1,Giappone,r7a,x86(AMD),AMD EPYC 9R14,32,256,2.93664,1.77978,70.4794,42.7148,493.356,299.004,2143.75,1299.24
aws,ap-northeast-1,Giappone,r7a,x86(AMD),AMD EPYC 9R14,48,384,4.40496,2.66967,105.719,64.0721,740.033,448.505,3215.62,1948.86
aws,ap-northeast-1,Giappone,r7a,x86(AMD),AMD EPYC 9R14,64,512,5.87328,3.55956,140.9587,85.4295,986.711,598.007,4287.49,2598.48
aws,ap-northeast-1,Giappone,r7a,x86(AMD),AMD EPYC 9R14,96,768,8.80992,5.33935,211.4381,128.1443,1480.067,897.01,6431.24,3897.72
aws,ap-northeast-1,Giappone,r7a,x86(AMD),AMD EPYC 9R14,128,1024,11.74656,7.11913,281.9174,170.859,1973.422,1196.013,8574.99,5196.96
aws,ap-northeast-1,Giappone,r7a,x86(AMD),AMD EPYC 9R14,192,1536,17.61984,10.67869,422.8762,256.2886,2960.133,1794.02,12862.48,7795.44
aws,ap-northeast-1,Giappone,r7g,ARM,AWS Graviton3,1,8,0.0646,0.05168,1.5504,1.2403,10.853,8.682,47.16,37.73
aws,ap-northeast-1,Giappone,r7g,ARM,AWS Graviton3,2,16,0.1292,0.10336,3.1008,2.4806,21.706,17.365,94.32,75.46
aws,ap-northeast-1,Giappone,r7g,ARM,AWS Graviton3,4,32,0.2584,0.20672,6.2016,4.9613,43.411,34.729,188.63,150.9
aws,ap-northeast-1,Giappone,r7g,ARM,AWS Graviton3,8,64,0.5168,0.41344,12.4032,9.9226,86.822,69.458,377.26,301.81
aws,ap-northeast-1,Giappone,r7g,ARM,AWS Graviton3,16,128,1.0336,0.82688,24.8064,19.8451,173.645,138.916,754.53,603.62
aws,ap-northeast-1,Giappone,r7g,ARM,AWS Graviton3,32,256,2.0672,1.65376,49.6128,39.6902,347.29,277.832,1509.06,1207.25
aws,ap-northeast-1,Giappone,r7g,ARM,AWS Graviton3,48,384,3.1008,2.48064,74.4192,59.5354,520.934,416.747,2263.58,1810.86
aws,ap-northeast-1,Giappone,r7g,ARM,AWS Graviton3,64,512,4.1344,3.30752,99.2256,79.3805,694.579,555.663,3018.11,2414.49
aws,ap-northeast-1,Giappone,r7i,x86(Intel),Intel Xeon Platinum 8488C,2,16,0.1596,0.1824,3.8304,4.3776,26.813,30.643,116.51,133.15
aws,ap-northeast-1,Giappone,r7i,x86(Intel),Intel Xeon Platinum 8488C,4,32,0.3192,0.3648,7.6608,8.7552,53.626,61.287,233.02,266.31
aws,ap-northeast-1,Giappone,r7i,x86(Intel),Intel Xeon Platinum 8488C,8,64,0.6384,0.7296,15.3216,17.5104,107.251,122.573,466.03,532.61
aws,ap-northeast-1,Giappone,r7i,x86(Intel),Intel Xeon Platinum 8488C,16,128,1.2768,1.4592,30.6432,35.0208,214.502,245.145,932.06,1065.21
aws,ap-northeast-1,Giappone,r7i,x86(Intel),Intel Xeon Platinum 8488C,32,256,2.5536,2.9184,61.2864,70.0416,429.005,490.291,1864.13,2130.43
aws,ap-northeast-1,Giappone,r7i,x86(Intel),Intel Xeon Platinum 8488C,48,384,3.8304,4.3776,91.9296,105.0624,643.507,735.437,2796.19,3195.65
aws,ap-northeast-1,Giappone,r7i,x86(Intel),Intel Xeon Platinum 8488C,64,512,5.1072,5.8368,122.5728,140.0832,858.01,980.583,3728.26,4260.87
aws,ap-northeast-1,Giappone,r7i,x86(Intel),Intel Xeon Platinum 8488C,96,768,7.6608,8.7552,183.8592,210.1248,1287.014,1470.873,5592.38,6391.29
aws,ap-northeast-1,Giappone,r7i,x86(Intel),Intel Xeon Platinum 8488C,192,1536,15.3216,17.5104,367.7184,420.2496,2574.029,2941.747,11184.77,12782.59
aws,ap-northeast-1,Giappone,r8a,x86(AMD),AMD EPYC 9R45,1,8,0.09636,0.04482,2.3126,1.0756,16.188,7.529,70.34,32.72
aws,ap-northeast-1,Giappone,r8a,x86(AMD),AMD EPYC 9R45,2,16,0.19272,0.08964,4.6253,2.1513,32.377,15.059,140.69,65.44
aws,ap-northeast-1,Giappone,r8a,x86(AMD),AMD EPYC 9R45,4,32,0.38544,0.17927,9.2506,4.3026,64.754,30.118,281.37,130.87
aws,ap-northeast-1,Giappone,r8a,x86(AMD),AMD EPYC 9R45,8,64,0.77088,0.35855,18.5011,8.6052,129.508,60.236,562.74,261.74
aws,ap-northeast-1,Giappone,r8a,x86(AMD),AMD EPYC 9R45,16,128,1.54176,0.7171,37.0022,17.2103,259.016,120.473,1125.48,523.48
aws,ap-northeast-1,Giappone,r8a,x86(AMD),AMD EPYC 9R45,32,256,3.08352,1.4342,74.0045,34.4207,518.031,240.945,2250.97,1046.96
aws,ap-northeast-1,Giappone,r8a,x86(AMD),AMD EPYC 9R45,48,384,4.62528,2.15129,111.0067,51.631,777.047,361.417,3376.45,1570.44
aws,ap-northeast-1,Giappone,r8a,x86(AMD),AMD EPYC 9R45,64,512,6.16704,2.86839,148.009,68.8414,1036.063,481.89,4501.94,2093.93
aws,ap-northeast-1,Giappone,r8a,x86(AMD),AMD EPYC 9R45,96,768,9.25056,4.30259,222.0134,103.262,1554.094,722.834,6752.91,3140.89
aws,ap-northeast-1,Giappone,r8a,x86(AMD),AMD EPYC 9R45,192,1536,18.50112,8.60517,444.0269,206.5241,3108.188,1445.669,13505.82,6281.78
aws,ap-northeast-1,Giappone,r8g,ARM,AWS Graviton4,1,8,0.07106,0.04585,1.7054,1.1003,11.938,7.702,51.87,33.46
aws,ap-northeast-1,Giappone,r8g,ARM,AWS Graviton4,2,16,0.14212,0.09169,3.4109,2.2006,23.876,15.404,103.75,66.94
aws,ap-northeast-1,Giappone,r8g,ARM,AWS Graviton4,4,32,0.28424,0.18338,6.8218,4.4012,47.752,30.808,207.5,133.87
aws,ap-northeast-1,Giappone,r8g,ARM,AWS Graviton4,8,64,0.56848,0.36676,13.6435,8.8023,95.505,61.616,414.99,267.74
aws,ap-northeast-1,Giappone,r8g,ARM,AWS Graviton4,16,128,1.13696,0.73352,27.287,17.6045,191.009,123.232,829.98,535.47
aws,ap-northeast-1,Giappone,r8g,ARM,AWS Graviton4,32,256,2.27392,1.46705,54.5741,35.2091,382.019,246.464,1659.96,1070.94
aws,ap-northeast-1,Giappone,r8g,ARM,AWS Graviton4,48,384,3.41088,2.20057,81.8611,52.8136,573.028,369.695,2489.94,1606.41
aws,ap-northeast-1,Giappone,r8g,ARM,AWS Graviton4,64,512,4.54784,2.93409,109.1482,70.4182,764.037,492.927,3319.92,2141.88
aws,ap-northeast-1,Giappone,r8g,ARM,AWS Graviton4,96,768,6.82176,4.40114,163.7222,105.6272,1146.056,739.391,4979.88,3212.83
aws,ap-northeast-1,Giappone,r8g,ARM,AWS Graviton4,192,1536,13.64352,8.80227,327.4445,211.2545,2292.111,1478.781,9959.77,6425.66
aws,ap-northeast-1,Giappone,r8i,x86(Intel),Intel Xeon 6 6985P-C,2,16,0.16758,0.14896,4.0219,3.575,28.153,25.025,122.33,108.74
aws,ap-northeast-1,Giappone,r8i,x86(Intel),Intel Xeon 6 6985P-C,4,32,0.33516,0.29792,8.0438,7.15,56.307,50.051,244.67,217.48
aws,ap-northeast-1,Giappone,r8i,x86(Intel),Intel Xeon 6 6985P-C,8,64,0.67032,0.59584,16.0877,14.3002,112.614,100.101,489.33,434.96
aws,ap-northeast-1,Giappone,r8i,x86(Intel),Intel Xeon 6 6985P-C,16,128,1.34064,1.19168,32.1754,28.6004,225.228,200.203,978.67,869.93
aws,ap-northeast-1,Giappone,r8i,x86(Intel),Intel Xeon 6 6985P-C,32,256,2.68128,2.38336,64.3507,57.2006,450.455,400.404,1957.33,1739.85
aws,ap-northeast-1,Giappone,r8i,x86(Intel),Intel Xeon 6 6985P-C,48,384,4.02192,3.57504,96.5261,85.801,675.683,600.607,2936.0,2609.78
aws,ap-northeast-1,Giappone,r8i,x86(Intel),Intel Xeon 6 6985P-C,64,512,5.36256,4.76672,128.7014,114.4012,900.91,800.809,3914.67,3479.71
aws,ap-northeast-1,Giappone,r8i,x86(Intel),Intel Xeon 6 6985P-C,96,768,8.04384,7.15008,193.0522,171.602,1351.365,1201.213,5872.0,5219.56
aws,ap-northeast-1,Giappone,r8i,x86(Intel),Intel Xeon 6 6985P-C,128,1024,10.72512,9.53344,257.4029,228.8026,1801.82,1601.618,7829.34,6959.41
aws,ap-northeast-1,Giappone,r8i,x86(Intel),Intel Xeon 6 6985P-C,192,1536,16.08768,14.30016,386.1043,343.2038,2702.73,2402.427,11744.01,10439.12
aws,ap-northeast-1,Giappone,r8i,x86(Intel),Intel Xeon 6 6985P-C,384,3072,32.17536,28.60032,772.2086,686.4076,5405.46,4804.853,23488.01,20878.23
aws,ap-northeast-1,Giappone,x8i,x86(Intel),Intel Xeon 6 6975P-C,2,32,0.31731,0.28205,7.6154,6.7692,53.308,47.385,231.64,205.9
aws,ap-northeast-1,Giappone,x8i,x86(Intel),Intel Xeon 6 6975P-C,4,64,0.63462,0.56411,15.2309,13.5386,106.616,94.77,463.27,411.8
aws,ap-northeast-1,Giappone,x8i,x86(Intel),Intel Xeon 6 6975P-C,8,128,1.26924,1.12821,30.4618,27.0772,213.232,189.54,926.55,823.6
aws,ap-northeast-1,Giappone,x8i,x86(Intel),Intel Xeon 6 6975P-C,16,256,2.53848,2.25643,60.9235,54.1542,426.465,379.08,1853.09,1647.19
aws,ap-northeast-1,Giappone,x8i,x86(Intel),Intel Xeon 6 6975P-C,32,512,5.07696,4.51285,121.847,108.3084,852.929,758.159,3706.18,3294.38
aws,ap-northeast-1,Giappone,x8i,x86(Intel),Intel Xeon 6 6975P-C,48,768,7.61544,6.76928,182.7706,162.4628,1279.394,1137.239,5559.27,4941.57
aws,ap-northeast-1,Giappone,x8i,x86(Intel),Intel Xeon 6 6975P-C,64,1024,10.15392,9.02571,243.6941,216.617,1705.859,1516.319,7412.36,6588.76
aws,ap-northeast-1,Giappone,x8i,x86(Intel),Intel Xeon 6 6975P-C,96,1536,15.23088,13.53856,365.5411,324.9254,2558.788,2274.478,11118.54,9883.15
aws,ap-northeast-1,Giappone,x8i,x86(Intel),Intel Xeon 6 6975P-C,128,2048,20.30784,18.05141,487.3882,433.234,3411.717,3032.637,14824.72,13177.53
aws,ap-northeast-1,Giappone,x8i,x86(Intel),Intel Xeon 6 6975P-C,192,3072,30.46176,27.07712,731.0822,649.8508,5117.576,4548.956,22237.08,19766.29
aws,ap-northeast-1,Giappone,x8i,x86(Intel),Intel Xeon 6 6975P-C,256,4096,40.61568,36.10283,974.7763,866.4678,6823.434,6065.275,29649.45,26355.07
aws,ap-northeast-1,Giappone,x8i,x86(Intel),Intel Xeon 6 6975P-C,384,6144,58.70235,52.17987,1408.8564,1252.3168,9861.995,8766.218,42852.72,38091.31
aws,ap-northeast-2,Corea del Sud,c6g,ARM,AWS Graviton2,1,2,0.0385,0.0385,0.924,0.924,6.468,6.468,28.1,28.1
aws,ap-northeast-2,Corea del Sud,c6g,ARM,AWS Graviton2,2,4,0.077,0.077,1.848,1.848,12.936,12.936,56.21,56.21
aws,ap-northeast-2,Corea del Sud,c6g,ARM,AWS Graviton2,4,8,0.154,0.154,3.696,3.696,25.872,25.872,112.42,112.42
aws,ap-northeast-2,Corea del Sud,c6g,ARM,AWS Graviton2,8,16,0.308,0.308,7.392,7.392,51.744,51.744,224.84,224.84
aws,ap-northeast-2,Corea del Sud,c6g,ARM,AWS Graviton2,16,32,0.616,0.616,14.784,14.784,103.488,103.488,449.68,449.68
aws,ap-northeast-2,Corea del Sud,c6g,ARM,AWS Graviton2,32,64,1.232,1.232,29.568,29.568,206.976,206.976,899.36,899.36
aws,ap-northeast-2,Corea del Sud,c6g,ARM,AWS Graviton2,48,96,1.848,1.848,44.352,44.352,310.464,310.464,1349.04,1349.04
aws,ap-northeast-2,Corea del Sud,c6g,ARM,AWS Graviton2,64,128,2.464,2.464,59.136,59.136,413.952,413.952,1798.72,1798.72
aws,ap-northeast-2,Corea del Sud,c6i,x86(Intel),Intel Xeon Platinum 8375C,2,4,0.096,0.13357,2.304,3.2056,16.128,22.439,70.08,97.5
aws,ap-northeast-2,Corea del Sud,c6i,x86(Intel),Intel Xeon Platinum 8375C,4,8,0.192,0.26713,4.608,6.4111,32.256,44.878,140.16,195.01
aws,ap-northeast-2,Corea del Sud,c6i,x86(Intel),Intel Xeon Platinum 8375C,8,16,0.384,0.53426,9.216,12.8223,64.512,89.756,280.32,390.01
aws,ap-northeast-2,Corea del Sud,c6i,x86(Intel),Intel Xeon Platinum 8375C,16,32,0.768,1.06852,18.432,25.6445,129.024,179.512,560.64,780.02
aws,ap-northeast-2,Corea del Sud,c6i,x86(Intel),Intel Xeon Platinum 8375C,32,64,1.536,2.13704,36.864,51.289,258.048,359.023,1121.28,1560.04
aws,ap-northeast-2,Corea del Sud,c6i,x86(Intel),Intel Xeon Platinum 8375C,48,96,2.304,3.20557,55.296,76.9336,387.072,538.535,1681.92,2340.06
aws,ap-northeast-2,Corea del Sud,c6i,x86(Intel),Intel Xeon Platinum 8375C,64,128,3.072,4.27409,73.728,102.5781,516.096,718.047,2242.56,3120.08
aws,ap-northeast-2,Corea del Sud,c6i,x86(Intel),Intel Xeon Platinum 8375C,96,192,4.608,6.41113,110.592,153.8671,774.144,1077.07,3363.84,4680.13
aws,ap-northeast-2,Corea del Sud,c6i,x86(Intel),Intel Xeon Platinum 8375C,128,256,6.144,8.54817,147.456,205.1562,1032.192,1436.093,4485.12,6240.17
aws,ap-northeast-2,Corea del Sud,c7g,ARM,AWS Graviton3,1,2,0.0408,0.03264,0.9792,0.7834,6.854,5.483,29.78,23.82
aws,ap-northeast-2,Corea del Sud,c7g,ARM,AWS Graviton3,2,4,0.0816,0.06528,1.9584,1.5667,13.709,10.967,59.57,47.66
aws,ap-northeast-2,Corea del Sud,c7g,ARM,AWS Graviton3,4,8,0.1632,0.13056,3.9168,3.1334,27.418,21.934,119.14,95.31
aws,ap-northeast-2,Corea del Sud,c7g,ARM,AWS Graviton3,8,16,0.3264,0.26112,7.8336,6.2669,54.835,43.868,238.27,190.62
aws,ap-northeast-2,Corea del Sud,c7g,ARM,AWS Graviton3,16,32,0.6528,0.52224,15.6672,12.5338,109.67,87.736,476.54,381.23
aws,ap-northeast-2,Corea del Sud,c7g,ARM,AWS Graviton3,32,64,1.3056,1.04448,31.3344,25.0675,219.341,175.473,953.09,762.47
aws,ap-northeast-2,Corea del Sud,c7g,ARM,AWS Graviton3,48,96,1.9584,1.56672,47.0016,37.6013,329.011,263.209,1429.63,1143.7
aws,ap-northeast-2,Corea del Sud,c7g,ARM,AWS Graviton3,64,128,2.6112,2.08896,62.6688,50.135,438.682,350.946,1906.18,1524.94
aws,ap-northeast-2,Corea del Sud,c7i,x86(Intel),Intel Xeon Platinum 8488C,2,4,0.1008,0.1152,2.4192,2.7648,16.934,19.353,73.58,84.09
aws,ap-northeast-2,Corea del Sud,c7i,x86(Intel),Intel Xeon Platinum 8488C,4,8,0.2016,0.2304,4.8384,5.5296,33.869,38.707,147.17,168.19
aws,ap-northeast-2,Corea del Sud,c7i,x86(Intel),Intel Xeon Platinum 8488C,8,16,0.4032,0.4608,9.6768,11.0592,67.738,77.415,294.34,336.39
aws,ap-northeast-2,Corea del Sud,c7i,x86(Intel),Intel Xeon Platinum 8488C,16,32,0.8064,0.9216,19.3536,22.1184,135.475,154.829,588.67,672.77
aws,ap-northeast-2,Corea del Sud,c7i,x86(Intel),Intel Xeon Platinum 8488C,32,64,1.6128,1.8432,38.7072,44.2368,270.95,309.657,1177.34,1345.53
aws,ap-northeast-2,Corea del Sud,c7i,x86(Intel),Intel Xeon Platinum 8488C,48,96,2.4192,2.7648,58.0608,66.3552,406.426,464.487,1766.02,2018.31
aws,ap-northeast-2,Corea del Sud,c7i,x86(Intel),Intel Xeon Platinum 8488C,64,128,3.2256,3.6864,77.4144,88.4736,541.901,619.315,2354.69,2691.07
aws,ap-northeast-2,Corea del Sud,c7i,x86(Intel),Intel Xeon Platinum 8488C,96,192,4.8384,5.5296,116.1216,132.7104,812.851,928.973,3532.03,4036.61
aws,ap-northeast-2,Corea del Sud,c7i,x86(Intel),Intel Xeon Platinum 8488C,192,384,9.6768,11.0592,232.2432,265.4208,1625.702,1857.945,7064.06,8073.21
aws,ap-northeast-2,Corea del Sud,c8g,ARM,AWS Graviton4,1,2,0.04488,0.02895,1.0771,0.6949,7.54,4.865,32.76,21.14
aws,ap-northeast-2,Corea del Sud,c8g,ARM,AWS Graviton4,2,4,0.08976,0.05791,2.1542,1.3898,15.08,9.729,65.52,42.27
aws,ap-northeast-2,Corea del Sud,c8g,ARM,AWS Graviton4,4,8,0.17952,0.11582,4.3085,2.7797,30.159,19.457,131.05,84.55
aws,ap-northeast-2,Corea del Sud,c8g,ARM,AWS Graviton4,8,16,0.35904,0.23164,8.617,5.5594,60.319,38.915,262.1,169.1
aws,ap-northeast-2,Corea del Sud,c8g,ARM,AWS Graviton4,16,32,0.71808,0.46328,17.2339,11.1186,120.637,77.83,524.2,338.19
aws,ap-northeast-2,Corea del Sud,c8g,ARM,AWS Graviton4,32,64,1.43616,0.92655,34.4678,22.2373,241.275,155.661,1048.4,676.39
aws,ap-northeast-2,Corea del Sud,c8g,ARM,AWS Graviton4,48,96,2.15424,1.38983,51.7018,33.356,361.912,233.492,1572.6,1014.58
aws,ap-northeast-2,Corea del Sud,c8g,ARM,AWS Graviton4,64,128,2.87232,1.85311,68.9357,44.4746,482.55,311.323,2096.79,1352.77
aws,ap-northeast-2,Corea del Sud,c8g,ARM,AWS Graviton4,96,192,4.30848,2.77966,103.4035,66.7119,723.825,466.984,3145.19,2029.15
aws,ap-northeast-2,Corea del Sud,c8g,ARM,AWS Graviton4,192,384,8.61696,5.55933,206.807,133.4239,1447.649,933.967,6290.38,4058.31
aws,ap-northeast-2,Corea del Sud,c8i,x86(Intel),Intel Xeon 6 6975P-C,2,4,0.10584,0.09408,2.5402,2.258,17.781,15.805,77.26,68.68
aws,ap-northeast-2,Corea del Sud,c8i,x86(Intel),Intel Xeon 6 6975P-C,4,8,0.21168,0.18816,5.0803,4.5158,35.562,31.611,154.53,137.36
aws,ap-northeast-2,Corea del Sud,c8i,x86(Intel),Intel Xeon 6 6975P-C,8,16,0.42336,0.37632,10.1606,9.0316,71.124,63.221,309.05,274.71
aws,ap-northeast-2,Corea del Sud,c8i,x86(Intel),Intel Xeon 6 6975P-C,16,32,0.84672,0.75264,20.3213,18.0634,142.249,126.444,618.11,549.43
aws,ap-northeast-2,Corea del Sud,c8i,x86(Intel),Intel Xeon 6 6975P-C,32,64,1.69344,1.50528,40.6426,36.1268,284.498,252.887,1236.21,1098.85
aws,ap-northeast-2,Corea del Sud,c8i,x86(Intel),Intel Xeon 6 6975P-C,48,96,2.54016,2.25792,60.9638,54.19,426.747,379.331,1854.32,1648.28
aws,ap-northeast-2,Corea del Sud,c8i,x86(Intel),Intel Xeon 6 6975P-C,64,128,3.38688,3.01056,81.2851,72.2534,568.996,505.774,2472.42,2197.71
aws,ap-northeast-2,Corea del Sud,c8i,x86(Intel),Intel Xeon 6 6975P-C,96,192,5.08032,4.51584,121.9277,108.3802,853.494,758.661,3708.63,3296.56
aws,ap-northeast-2,Corea del Sud,c8i,x86(Intel),Intel Xeon 6 6975P-C,128,256,6.77376,6.02112,162.5702,144.5068,1137.992,1011.548,4944.84,4395.41
aws,ap-northeast-2,Corea del Sud,c8i,x86(Intel),Intel Xeon 6 6975P-C,192,384,10.16064,9.03168,243.8554,216.7604,1706.988,1517.323,7417.27,6593.13
aws,ap-northeast-2,Corea del Sud,c8i,x86(Intel),Intel Xeon 6 6975P-C,384,768,20.32128,18.06336,487.7107,433.5206,3413.975,3034.644,14834.53,13186.25
aws,ap-northeast-2,Corea del Sud,m6g,ARM,AWS Graviton2,1,4,0.047,0.047,1.128,1.128,7.896,7.896,34.31,34.31
aws,ap-northeast-2,Corea del Sud,m6g,ARM,AWS Graviton2,2,8,0.094,0.094,2.256,2.256,15.792,15.792,68.62,68.62
aws,ap-northeast-2,Corea del Sud,m6g,ARM,AWS Graviton2,4,16,0.188,0.188,4.512,4.512,31.584,31.584,137.24,137.24
aws,ap-northeast-2,Corea del Sud,m6g,ARM,AWS Graviton2,8,32,0.376,0.376,9.024,9.024,63.168,63.168,274.48,274.48
aws,ap-northeast-2,Corea del Sud,m6g,ARM,AWS Graviton2,16,64,0.752,0.752,18.048,18.048,126.336,126.336,548.96,548.96
aws,ap-northeast-2,Corea del Sud,m6g,ARM,AWS Graviton2,32,128,1.504,1.504,36.096,36.096,252.672,252.672,1097.92,1097.92
aws,ap-northeast-2,Corea del Sud,m6g,ARM,AWS Graviton2,48,192,2.256,2.256,54.144,54.144,379.008,379.008,1646.88,1646.88
aws,ap-northeast-2,Corea del Sud,m6g,ARM,AWS Graviton2,64,256,3.008,3.008,72.192,72.192,505.344,505.344,2195.84,2195.84
aws,ap-northeast-2,Corea del Sud,m6i,x86(Intel),Intel Xeon Platinum 8375C,2,8,0.118,0.16417,2.832,3.9402,19.824,27.581,86.14,119.85
aws,ap-northeast-2,Corea del Sud,m6i,x86(Intel),Intel Xeon Platinum 8375C,4,16,0.236,0.32835,5.664,7.8803,39.648,55.162,172.28,239.69
aws,ap-northeast-2,Corea del Sud,m6i,x86(Intel),Intel Xeon Platinum 8375C,8,32,0.472,0.6567,11.328,15.7607,79.296,110.325,344.56,479.39
aws,ap-northeast-2,Corea del Sud,m6i,x86(Intel),Intel Xeon Platinum 8375C,16,64,0.944,1.31339,22.656,31.5214,158.592,220.65,689.12,958.78
aws,ap-northeast-2,Corea del Sud,m6i,x86(Intel),Intel Xeon Platinum 8375C,32,128,1.888,2.62678,45.312,63.0428,317.184,441.299,1378.24,1917.55
aws,ap-northeast-2,Corea del Sud,m6i,x86(Intel),Intel Xeon Platinum 8375C,48,192,2.832,3.94017,67.968,94.5642,475.776,661.949,2067.36,2876.33
aws,ap-northeast-2,Corea del Sud,m6i,x86(Intel),Intel Xeon Platinum 8375C,64,256,3.776,5.25357,90.624,126.0856,634.368,882.599,2756.48,3835.1
aws,ap-northeast-2,Corea del Sud,m6i,x86(Intel),Intel Xeon Platinum 8375C,96,384,5.664,7.88035,135.936,189.1283,951.552,1323.898,4134.72,5752.65
aws,ap-northeast-2,Corea del Sud,m6i,x86(Intel),Intel Xeon Platinum 8375C,128,512,7.552,10.50713,181.248,252.1711,1268.736,1765.198,5512.96,7670.21
aws,ap-northeast-2,Corea del Sud,m7g,ARM,AWS Graviton3,1,4,0.0502,0.04016,1.2048,0.9638,8.434,6.747,36.65,29.32
aws,ap-northeast-2,Corea del Sud,m7g,ARM,AWS Graviton3,2,8,0.1003,0.08024,2.4072,1.9258,16.85,13.48,73.22,58.58
aws,ap-northeast-2,Corea del Sud,m7g,ARM,AWS Graviton3,4,16,0.2006,0.16048,4.8144,3.8515,33.701,26.961,146.44,117.15
aws,ap-northeast-2,Corea del Sud,m7g,ARM,AWS Graviton3,8,32,0.4012,0.32096,9.6288,7.703,67.402,53.922,292.88,234.3
aws,ap-northeast-2,Corea del Sud,m7g,ARM,AWS Graviton3,16,64,0.8024,0.64192,19.2576,15.4061,134.803,107.842,585.75,468.6
aws,ap-northeast-2,Corea del Sud,m7g,ARM,AWS Graviton3,32,128,1.6048,1.28384,38.5152,30.8122,269.606,215.685,1171.5,937.2
aws,ap-northeast-2,Corea del Sud,m7g,ARM,AWS Graviton3,48,192,2.4072,1.92576,57.7728,46.2182,404.41,323.528,1757.26,1405.81
aws,ap-northeast-2,Corea del Sud,m7g,ARM,AWS Graviton3,64,256,3.2096,2.56768,77.0304,61.6243,539.213,431.37,2343.01,1874.41
aws,ap-northeast-2,Corea del Sud,m7i,x86(Intel),Intel Xeon Platinum 8488C,2,8,0.1239,0.1416,2.9736,3.3984,20.815,23.789,90.45,103.37
aws,ap-northeast-2,Corea del Sud,m7i,x86(Intel),Intel Xeon Platinum 8488C,4,16,0.2478,0.2832,5.9472,6.7968,41.63,47.577,180.89,206.73
aws,ap-northeast-2,Corea del Sud,m7i,x86(Intel),Intel Xeon Platinum 8488C,8,32,0.4956,0.5664,11.8944,13.5936,83.261,95.155,361.79,413.47
aws,ap-northeast-2,Corea del Sud,m7i,x86(Intel),Intel Xeon Platinum 8488C,16,64,0.9912,1.1328,23.7888,27.1872,166.522,190.311,723.58,826.95
aws,ap-northeast-2,Corea del Sud,m7i,x86(Intel),Intel Xeon Platinum 8488C,32,128,1.9824,2.2656,47.5776,54.3744,333.043,380.621,1447.15,1653.89
aws,ap-northeast-2,Corea del Sud,m7i,x86(Intel),Intel Xeon Platinum 8488C,48,192,2.9736,3.3984,71.3664,81.5616,499.565,570.931,2170.73,2480.83
aws,ap-northeast-2,Corea del Sud,m7i,x86(Intel),Intel Xeon Platinum 8488C,64,256,3.9648,4.5312,95.1552,108.7488,666.086,761.241,2894.3,3307.77
aws,ap-northeast-2,Corea del Sud,m7i,x86(Intel),Intel Xeon Platinum 8488C,96,384,5.9472,6.7968,142.7328,163.1232,999.13,1141.863,4341.46,4961.67
aws,ap-northeast-2,Corea del Sud,m7i,x86(Intel),Intel Xeon Platinum 8488C,192,768,11.8944,13.5936,285.4656,326.2464,1998.259,2283.725,8682.91,9923.33
aws,ap-northeast-2,Corea del Sud,m8g,ARM,AWS Graviton4,1,4,0.05517,0.03559,1.3241,0.8543,9.269,5.98,40.27,25.98
aws,ap-northeast-2,Corea del Sud,m8g,ARM,AWS Graviton4,2,8,0.11034,0.07119,2.6482,1.7085,18.537,11.959,80.55,51.97
aws,ap-northeast-2,Corea del Sud,m8g,ARM,AWS Graviton4,4,16,0.22068,0.14237,5.2963,3.417,37.074,23.919,161.1,103.94
aws,ap-northeast-2,Corea del Sud,m8g,ARM,AWS Graviton4,8,32,0.44136,0.28475,10.5926,6.8339,74.148,47.837,322.19,207.86
aws,ap-northeast-2,Corea del Sud,m8g,ARM,AWS Graviton4,16,64,0.88272,0.5695,21.1853,13.6679,148.297,95.675,644.39,415.74
aws,ap-northeast-2,Corea del Sud,m8g,ARM,AWS Graviton4,32,128,1.76544,1.13899,42.3706,27.3359,296.594,191.351,1288.77,831.46
aws,ap-northeast-2,Corea del Sud,m8g,ARM,AWS Graviton4,48,192,2.64816,1.70849,63.5558,41.0037,444.891,287.026,1933.16,1247.2
aws,ap-northeast-2,Corea del Sud,m8g,ARM,AWS Graviton4,64,256,3.53088,2.27799,84.7411,54.6717,593.188,382.702,2577.54,1662.93
aws,ap-northeast-2,Corea del Sud,m8g,ARM,AWS Graviton4,96,384,5.29632,3.41698,127.1117,82.0075,889.782,574.053,3866.31,2494.39
aws,ap-northeast-2,Corea del Sud,m8g,ARM,AWS Graviton4,192,768,10.59264,6.83396,254.2234,164.0151,1779.564,1148.106,7732.63,4988.79
aws,ap-northeast-2,Corea del Sud,m8i,x86(Intel),Intel Xeon 6 6975P-C,2,8,0.13009,0.11564,3.1222,2.7753,21.855,19.427,94.97,84.42
aws,ap-northeast-2,Corea del Sud,m8i,x86(Intel),Intel Xeon 6 6975P-C,4,16,0.26018,0.23127,6.2443,5.5505,43.71,38.853,189.93,168.83
aws,ap-northeast-2,Corea del Sud,m8i,x86(Intel),Intel Xeon 6 6975P-C,8,32,0.52036,0.46254,12.4886,11.101,87.42,77.707,379.86,337.65
aws,ap-northeast-2,Corea del Sud,m8i,x86(Intel),Intel Xeon 6 6975P-C,16,64,1.04072,0.92508,24.9773,22.202,174.841,155.414,759.73,675.32
aws,ap-northeast-2,Corea del Sud,m8i,x86(Intel),Intel Xeon 6 6975P-C,32,128,2.08144,1.85017,49.9546,44.4041,349.682,310.828,1519.45,1350.62
aws,ap-northeast-2,Corea del Sud,m8i,x86(Intel),Intel Xeon 6 6975P-C,48,192,3.12216,2.77525,74.9318,66.606,524.523,466.243,2279.18,2025.94
aws,ap-northeast-2,Corea del Sud,m8i,x86(Intel),Intel Xeon 6 6975P-C,64,256,4.16288,3.70034,99.9091,88.8081,699.364,621.657,3038.9,2701.24
aws,ap-northeast-2,Corea del Sud,m8i,x86(Intel),Intel Xeon 6 6975P-C,96,384,6.24432,5.55051,149.8637,133.2122,1049.046,932.485,4558.35,4051.87
aws,ap-northeast-2,Corea del Sud,m8i,x86(Intel),Intel Xeon 6 6975P-C,128,512,8.32576,7.40068,199.8182,177.6162,1398.728,1243.314,6077.8,5402.49
aws,ap-northeast-2,Corea del Sud,m8i,x86(Intel),Intel Xeon 6 6975P-C,192,768,12.48864,11.10101,299.7274,266.4244,2098.092,1864.971,9116.71,8103.74
aws,ap-northeast-2,Corea del Sud,m8i,x86(Intel),Intel Xeon 6 6975P-C,384,1536,24.97728,22.20203,599.4547,532.8486,4196.183,3729.94,18233.41,16207.48
aws,ap-northeast-2,Corea del Sud,r6g,ARM,AWS Graviton2,1,8,0.061,0.061,1.464,1.464,10.248,10.248,44.53,44.53
aws,ap-northeast-2,Corea del Sud,r6g,ARM,AWS Graviton2,2,16,0.122,0.122,2.928,2.928,20.496,20.496,89.06,89.06
aws,ap-northeast-2,Corea del Sud,r6g,ARM,AWS Graviton2,4,32,0.244,0.244,5.856,5.856,40.992,40.992,178.12,178.12
aws,ap-northeast-2,Corea del Sud,r6g,ARM,AWS Graviton2,8,64,0.488,0.488,11.712,11.712,81.984,81.984,356.24,356.24
aws,ap-northeast-2,Corea del Sud,r6g,ARM,AWS Graviton2,16,128,0.976,0.976,23.424,23.424,163.968,163.968,712.48,712.48
aws,ap-northeast-2,Corea del Sud,r6g,ARM,AWS Graviton2,32,256,1.952,1.952,46.848,46.848,327.936,327.936,1424.96,1424.96
aws,ap-northeast-2,Corea del Sud,r6g,ARM,AWS Graviton2,48,384,2.928,2.928,70.272,70.272,491.904,491.904,2137.44,2137.44
aws,ap-northeast-2,Corea del Sud,r6g,ARM,AWS Graviton2,64,512,3.904,3.904,93.696,93.696,655.872,655.872,2849.92,2849.92
aws,ap-northeast-2,Corea del Sud,r6i,x86(Intel),Intel Xeon Platinum 8375C,2,16,0.152,0.21148,3.648,5.0755,25.536,35.528,110.96,154.38
aws,ap-northeast-2,Corea del Sud,r6i,x86(Intel),Intel Xeon Platinum 8375C,4,32,0.304,0.42296,7.296,10.151,51.072,71.057,221.92,308.76
aws,ap-northeast-2,Corea del Sud,r6i,x86(Intel),Intel Xeon Platinum 8375C,8,64,0.608,0.84591,14.592,20.3019,102.144,142.113,443.84,617.52
aws,ap-northeast-2,Corea del Sud,r6i,x86(Intel),Intel Xeon Platinum 8375C,16,128,1.216,1.69183,29.184,40.6038,204.288,284.227,887.68,1235.03
aws,ap-northeast-2,Corea del Sud,r6i,x86(Intel),Intel Xeon Platinum 8375C,32,256,2.432,3.38365,58.368,81.2077,408.576,568.454,1775.36,2470.07
aws,ap-northeast-2,Corea del Sud,r6i,x86(Intel),Intel Xeon Platinum 8375C,48,384,3.648,5.07548,87.552,121.8115,612.864,852.68,2663.04,3705.1
aws,ap-northeast-2,Corea del Sud,r6i,x86(Intel),Intel Xeon Platinum 8375C,64,512,4.864,6.7673,116.736,162.4153,817.152,1136.907,3550.72,4940.13
aws,ap-northeast-2,Corea del Sud,r6i,x86(Intel),Intel Xeon Platinum 8375C,96,768,7.296,10.15096,175.104,243.623,1225.728,1705.361,5326.08,7410.2
aws,ap-northeast-2,Corea del Sud,r6i,x86(Intel),Intel Xeon Platinum 8375C,128,1024,9.728,13.53461,233.472,324.8306,1634.304,2273.814,7101.44,9880.26
aws,ap-northeast-2,Corea del Sud,r7g,ARM,AWS Graviton3,1,8,0.0646,0.05168,1.5504,1.2403,10.853,8.682,47.16,37.73
aws,ap-northeast-2,Corea del Sud,r7g,ARM,AWS Graviton3,2,16,0.1292,0.10336,3.1008,2.4806,21.706,17.365,94.32,75.46
aws,ap-northeast-2,Corea del Sud,r7g,ARM,AWS Graviton3,4,32,0.2584,0.20672,6.2016,4.9613,43.411,34.729,188.63,150.9
aws,ap-northeast-2,Corea del Sud,r7g,ARM,AWS Graviton3,8,64,0.5168,0.41344,12.4032,9.9226,86.822,69.458,377.26,301.81
aws,ap-northeast-2,Corea del Sud,r7g,ARM,AWS Graviton3,16,128,1.0336,0.82688,24.8064,19.8451,173.645,138.916,754.53,603.62
aws,ap-northeast-2,Corea del Sud,r7g,ARM,AWS Graviton3,32,256,2.0672,1.65376,49.6128,39.6902,347.29,277.832,1509.06,1207.25
aws,ap-northeast-2,Corea del Sud,r7g,ARM,AWS Graviton3,48,384,3.1008,2.48064,74.4192,59.5354,520.934,416.747,2263.58,1810.86
aws,ap-northeast-2,Corea del Sud,r7g,ARM,AWS Graviton3,64,512,4.1344,3.30752,99.2256,79.3805,694.579,555.663,3018.11,2414.49
aws,ap-northeast-2,Corea del Sud,r7i,x86(Intel),Intel Xeon Platinum 8488C,2,16,0.1596,0.1824,3.8304,4.3776,26.813,30.643,116.51,133.15
aws,ap-northeast-2,Corea del Sud,r7i,x86(Intel),Intel Xeon Platinum 8488C,4,32,0.3192,0.3648,7.6608,8.7552,53.626,61.287,233.02,266.31
aws,ap-northeast-2,Corea del Sud,r7i,x86(Intel),Intel Xeon Platinum 8488C,8,64,0.6384,0.7296,15.3216,17.5104,107.251,122.573,466.03,532.61
aws,ap-northeast-2,Corea del Sud,r7i,x86(Intel),Intel Xeon Platinum 8488C,16,128,1.2768,1.4592,30.6432,35.0208,214.502,245.145,932.06,1065.21
aws,ap-northeast-2,Corea del Sud,r7i,x86(Intel),Intel Xeon Platinum 8488C,32,256,2.5536,2.9184,61.2864,70.0416,429.005,490.291,1864.13,2130.43
aws,ap-northeast-2,Corea del Sud,r7i,x86(Intel),Intel Xeon Platinum 8488C,48,384,3.8304,4.3776,91.9296,105.0624,643.507,735.437,2796.19,3195.65
aws,ap-northeast-2,Corea del Sud,r7i,x86(Intel),Intel Xeon Platinum 8488C,64,512,5.1072,5.8368,122.5728,140.0832,858.01,980.583,3728.26,4260.87
aws,ap-northeast-2,Corea del Sud,r7i,x86(Intel),Intel Xeon Platinum 8488C,96,768,7.6608,8.7552,183.8592,210.1248,1287.014,1470.873,5592.38,6391.29
aws,ap-northeast-2,Corea del Sud,r7i,x86(Intel),Intel Xeon Platinum 8488C,192,1536,15.3216,17.5104,367.7184,420.2496,2574.029,2941.747,11184.77,12782.59
aws,ap-northeast-2,Corea del Sud,r8g,ARM,AWS Graviton4,1,8,0.07106,0.04585,1.7054,1.1003,11.938,7.702,51.87,33.46
aws,ap-northeast-2,Corea del Sud,r8g,ARM,AWS Graviton4,2,16,0.14212,0.09169,3.4109,2.2006,23.876,15.404,103.75,66.94
aws,ap-northeast-2,Corea del Sud,r8g,ARM,AWS Graviton4,4,32,0.28424,0.18338,6.8218,4.4012,47.752,30.808,207.5,133.87
aws,ap-northeast-2,Corea del Sud,r8g,ARM,AWS Graviton4,8,64,0.56848,0.36676,13.6435,8.8023,95.505,61.616,414.99,267.74
aws,ap-northeast-2,Corea del Sud,r8g,ARM,AWS Graviton4,16,128,1.13696,0.73352,27.287,17.6045,191.009,123.232,829.98,535.47
aws,ap-northeast-2,Corea del Sud,r8g,ARM,AWS Graviton4,32,256,2.27392,1.46705,54.5741,35.2091,382.019,246.464,1659.96,1070.94
aws,ap-northeast-2,Corea del Sud,r8g,ARM,AWS Graviton4,48,384,3.41088,2.20057,81.8611,52.8136,573.028,369.695,2489.94,1606.41
aws,ap-northeast-2,Corea del Sud,r8g,ARM,AWS Graviton4,64,512,4.54784,2.93409,109.1482,70.4182,764.037,492.927,3319.92,2141.88
aws,ap-northeast-2,Corea del Sud,r8g,ARM,AWS Graviton4,96,768,6.82176,4.40114,163.7222,105.6272,1146.056,739.391,4979.88,3212.83
aws,ap-northeast-2,Corea del Sud,r8g,ARM,AWS Graviton4,192,1536,13.64352,8.80227,327.4445,211.2545,2292.111,1478.781,9959.77,6425.66
aws,ap-northeast-2,Corea del Sud,r8i,x86(Intel),Intel Xeon 6 6985P-C,2,16,0.16758,0.14896,4.0219,3.575,28.153,25.025,122.33,108.74
aws,ap-northeast-2,Corea del Sud,r8i,x86(Intel),Intel Xeon 6 6985P-C,4,32,0.33516,0.29792,8.0438,7.15,56.307,50.051,244.67,217.48
aws,ap-northeast-2,Corea del Sud,r8i,x86(Intel),Intel Xeon 6 6985P-C,8,64,0.67032,0.59584,16.0877,14.3002,112.614,100.101,489.33,434.96
aws,ap-northeast-2,Corea del Sud,r8i,x86(Intel),Intel Xeon 6 6985P-C,16,128,1.34064,1.19168,32.1754,28.6004,225.228,200.203,978.67,869.93
aws,ap-northeast-2,Corea del Sud,r8i,x86(Intel),Intel Xeon 6 6985P-C,32,256,2.68128,2.38336,64.3507,57.2006,450.455,400.404,1957.33,1739.85
aws,ap-northeast-2,Corea del Sud,r8i,x86(Intel),Intel Xeon 6 6985P-C,48,384,4.02192,3.57504,96.5261,85.801,675.683,600.607,2936.0,2609.78
aws,ap-northeast-2,Corea del Sud,r8i,x86(Intel),Intel Xeon 6 6985P-C,64,512,5.36256,4.76672,128.7014,114.4012,900.91,800.809,3914.67,3479.71
aws,ap-northeast-2,Corea del Sud,r8i,x86(Intel),Intel Xeon 6 6985P-C,96,768,8.04384,7.15008,193.0522,171.602,1351.365,1201.213,5872.0,5219.56
aws,ap-northeast-2,Corea del Sud,r8i,x86(Intel),Intel Xeon 6 6985P-C,128,1024,10.72512,9.53344,257.4029,228.8026,1801.82,1601.618,7829.34,6959.41
aws,ap-northeast-2,Corea del Sud,r8i,x86(Intel),Intel Xeon 6 6985P-C,192,1536,16.08768,14.30016,386.1043,343.2038,2702.73,2402.427,11744.01,10439.12
aws,ap-northeast-2,Corea del Sud,r8i,x86(Intel),Intel Xeon 6 6985P-C,384,3072,32.17536,28.60032,772.2086,686.4076,5405.46,4804.853,23488.01,20878.23
aws,ap-northeast-2,Corea del Sud,x8i,x86(Intel),Intel Xeon 6 6975P-C,2,32,0.31731,0.28205,7.6154,6.7692,53.308,47.385,231.64,205.9
aws,ap-northeast-2,Corea del Sud,x8i,x86(Intel),Intel Xeon 6 6975P-C,4,64,0.63462,0.56411,15.2309,13.5386,106.616,94.77,463.27,411.8
aws,ap-northeast-2,Corea del Sud,x8i,x86(Intel),Intel Xeon 6 6975P-C,8,128,1.26924,1.12821,30.4618,27.0772,213.232,189.54,926.55,823.6
aws,ap-northeast-2,Corea del Sud,x8i,x86(Intel),Intel Xeon 6 6975P-C,16,256,2.53848,2.25643,60.9235,54.1542,426.465,379.08,1853.09,1647.19
aws,ap-northeast-2,Corea del Sud,x8i,x86(Intel),Intel Xeon 6 6975P-C,32,512,5.07696,4.51285,121.847,108.3084,852.929,758.159,3706.18,3294.38
aws,ap-northeast-2,Corea del Sud,x8i,x86(Intel),Intel Xeon 6 6975P-C,48,768,7.61544,6.76928,182.7706,162.4628,1279.394,1137.239,5559.27,4941.57
aws,ap-northeast-2,Corea del Sud,x8i,x86(Intel),Intel Xeon 6 6975P-C,64,1024,10.15392,9.02571,243.6941,216.617,1705.859,1516.319,7412.36,6588.76
aws,ap-northeast-2,Corea del Sud,x8i,x86(Intel),Intel Xeon 6 6975P-C,96,1536,15.23088,13.53856,365.5411,324.9254,2558.788,2274.478,11118.54,9883.15
aws,ap-northeast-2,Corea del Sud,x8i,x86(Intel),Intel Xeon 6 6975P-C,128,2048,20.30784,18.05141,487.3882,433.234,3411.717,3032.637,14824.72,13177.53
aws,ap-northeast-2,Corea del Sud,x8i,x86(Intel),Intel Xeon 6 6975P-C,192,3072,30.46176,27.07712,731.0822,649.8508,5117.576,4548.956,22237.08,19766.29
aws,ap-northeast-2,Corea del Sud,x8i,x86(Intel),Intel Xeon 6 6975P-C,256,4096,40.61568,36.10283,974.7763,866.4678,6823.434,6065.275,29649.45,26355.07
aws,ap-northeast-2,Corea del Sud,x8i,x86(Intel),Intel Xeon 6 6975P-C,384,6144,58.70235,52.17987,1408.8564,1252.3168,9861.995,8766.218,42852.72,38091.31
aws,ap-northeast-3,Giappone,c6g,ARM,AWS Graviton2,1,2,0.043,0.043,1.032,1.032,7.224,7.224,31.39,31.39
aws,ap-northeast-3,Giappone,c6g,ARM,AWS Graviton2,2,4,0.086,0.086,2.064,2.064,14.448,14.448,62.78,62.78
aws,ap-northeast-3,Giappone,c6g,ARM,AWS Graviton2,4,8,0.172,0.172,4.128,4.128,28.896,28.896,125.56,125.56
aws,ap-northeast-3,Giappone,c6g,ARM,AWS Graviton2,8,16,0.344,0.344,8.256,8.256,57.792,57.792,251.12,251.12
aws,ap-northeast-3,Giappone,c6g,ARM,AWS Graviton2,16,32,0.688,0.688,16.512,16.512,115.584,115.584,502.24,502.24
aws,ap-northeast-3,Giappone,c6g,ARM,AWS Graviton2,32,64,1.376,1.376,33.024,33.024,231.168,231.168,1004.48,1004.48
aws,ap-northeast-3,Giappone,c6g,ARM,AWS Graviton2,48,96,2.064,2.064,49.536,49.536,346.752,346.752,1506.72,1506.72
aws,ap-northeast-3,Giappone,c6g,ARM,AWS Graviton2,64,128,2.752,2.752,66.048,66.048,462.336,462.336,2008.96,2008.96
aws,ap-northeast-3,Giappone,c6i,x86(Intel),Intel Xeon Platinum 8375C,2,4,0.107,0.14887,2.568,3.5729,17.976,25.01,78.11,108.67
aws,ap-northeast-3,Giappone,c6i,x86(Intel),Intel Xeon Platinum 8375C,4,8,0.214,0.29774,5.136,7.1457,35.952,50.02,156.22,217.35
aws,ap-northeast-3,Giappone,c6i,x86(Intel),Intel Xeon Platinum 8375C,8,16,0.428,0.59548,10.272,14.2915,71.904,100.04,312.44,434.7
aws,ap-northeast-3,Giappone,c6i,x86(Intel),Intel Xeon Platinum 8375C,16,32,0.856,1.19096,20.544,28.583,143.808,200.081,624.88,869.4
aws,ap-northeast-3,Giappone,c6i,x86(Intel),Intel Xeon Platinum 8375C,32,64,1.712,2.38191,41.088,57.1659,287.616,400.161,1249.76,1738.8
aws,ap-northeast-3,Giappone,c6i,x86(Intel),Intel Xeon Platinum 8375C,48,96,2.568,3.57287,61.632,85.7489,431.424,600.242,1874.64,2608.19
aws,ap-northeast-3,Giappone,c6i,x86(Intel),Intel Xeon Platinum 8375C,64,128,3.424,4.76383,82.176,114.3318,575.232,800.323,2499.52,3477.59
aws,ap-northeast-3,Giappone,c6i,x86(Intel),Intel Xeon Platinum 8375C,96,192,5.136,7.14574,123.264,171.4977,862.848,1200.484,3749.28,5216.39
aws,ap-northeast-3,Giappone,c6i,x86(Intel),Intel Xeon Platinum 8375C,128,256,6.848,9.52765,164.352,228.6637,1150.464,1600.646,4999.04,6955.19
aws,ap-northeast-3,Giappone,c7g,ARM,AWS Graviton3,1,2,0.0455,0.0364,1.092,0.8736,7.644,6.115,33.21,26.57
aws,ap-northeast-3,Giappone,c7g,ARM,AWS Graviton3,2,4,0.091,0.0728,2.184,1.7472,15.288,12.23,66.43,53.14
aws,ap-northeast-3,Giappone,c7g,ARM,AWS Graviton3,4,8,0.1819,0.14552,4.3656,3.4925,30.559,24.447,132.79,106.23
aws,ap-northeast-3,Giappone,c7g,ARM,AWS Graviton3,8,16,0.3638,0.29104,8.7312,6.985,61.118,48.894,265.57,212.46
aws,ap-northeast-3,Giappone,c7g,ARM,AWS Graviton3,16,32,0.7276,0.58208,17.4624,13.9699,122.237,97.79,531.15,424.92
aws,ap-northeast-3,Giappone,c7g,ARM,AWS Graviton3,32,64,1.4552,1.16416,34.9248,27.9398,244.474,195.579,1062.3,849.84
aws,ap-northeast-3,Giappone,c7g,ARM,AWS Graviton3,48,96,2.1828,1.74624,52.3872,41.9098,366.71,293.368,1593.44,1274.75
aws,ap-northeast-3,Giappone,c7g,ARM,AWS Graviton3,64,128,2.9104,2.32832,69.8496,55.8797,488.947,391.158,2124.59,1699.67
aws,ap-northeast-3,Giappone,c7i,x86(Intel),Intel Xeon Platinum 8488C,2,4,0.11235,0.1284,2.6964,3.0816,18.875,21.571,82.02,93.74
aws,ap-northeast-3,Giappone,c7i,x86(Intel),Intel Xeon Platinum 8488C,4,8,0.2247,0.2568,5.3928,6.1632,37.75,43.143,164.03,187.46
aws,ap-northeast-3,Giappone,c7i,x86(Intel),Intel Xeon Platinum 8488C,8,16,0.4494,0.5136,10.7856,12.3264,75.499,86.285,328.06,374.93
aws,ap-northeast-3,Giappone,c7i,x86(Intel),Intel Xeon Platinum 8488C,16,32,0.8988,1.0272,21.5712,24.6528,150.998,172.569,656.12,749.85
aws,ap-northeast-3,Giappone,c7i,x86(Intel),Intel Xeon Platinum 8488C,32,64,1.7976,2.0544,43.1424,49.3056,301.997,345.139,1312.25,1499.71
aws,ap-northeast-3,Giappone,c7i,x86(Intel),Intel Xeon Platinum 8488C,48,96,2.6964,3.0816,64.7136,73.9584,452.995,517.709,1968.37,2249.57
aws,ap-northeast-3,Giappone,c7i,x86(Intel),Intel Xeon Platinum 8488C,64,128,3.5952,4.1088,86.2848,98.6112,603.994,690.279,2624.5,2999.43
aws,ap-northeast-3,Giappone,c7i,x86(Intel),Intel Xeon Platinum 8488C,96,192,5.3928,6.1632,129.4272,147.9168,905.99,1035.417,3936.74,4499.13
aws,ap-northeast-3,Giappone,c7i,x86(Intel),Intel Xeon Platinum 8488C,192,384,10.7856,12.3264,258.8544,295.8336,1811.981,2070.835,7873.49,8998.27
aws,ap-northeast-3,Giappone,c8g,ARM,AWS Graviton4,1,2,0.05002,0.03227,1.2005,0.7745,8.403,5.421,36.51,23.55
aws,ap-northeast-3,Giappone,c8g,ARM,AWS Graviton4,2,4,0.10004,0.06454,2.401,1.549,16.807,10.843,73.03,47.12
aws,ap-northeast-3,Giappone,c8g,ARM,AWS Graviton4,4,8,0.20008,0.12908,4.8019,3.098,33.613,21.686,146.06,94.23
aws,ap-northeast-3,Giappone,c8g,ARM,AWS Graviton4,8,16,0.40016,0.25817,9.6038,6.196,67.227,43.372,292.12,188.46
aws,ap-northeast-3,Giappone,c8g,ARM,AWS Graviton4,16,32,0.80032,0.51634,19.2077,12.3921,134.454,86.745,584.23,376.92
aws,ap-northeast-3,Giappone,c8g,ARM,AWS Graviton4,32,64,1.60064,1.03267,38.4154,24.7841,268.908,173.489,1168.47,753.85
aws,ap-northeast-3,Giappone,c8g,ARM,AWS Graviton4,48,96,2.40096,1.54901,57.623,37.1761,403.361,260.233,1752.7,1130.77
aws,ap-northeast-3,Giappone,c8g,ARM,AWS Graviton4,64,128,3.20128,2.06534,76.8307,49.5682,537.815,346.977,2336.93,1507.7
aws,ap-northeast-3,Giappone,c8g,ARM,AWS Graviton4,96,192,4.80192,3.09801,115.2461,74.3523,806.723,520.466,3505.4,2261.55
aws,ap-northeast-3,Giappone,c8g,ARM,AWS Graviton4,192,384,9.60384,6.19603,230.4922,148.7046,1613.445,1040.932,7010.8,4523.1
aws,ap-northeast-3,Giappone,m6g,ARM,AWS Graviton2,1,4,0.0496,0.0496,1.1904,1.1904,8.333,8.333,36.21,36.21
aws,ap-northeast-3,Giappone,m6g,ARM,AWS Graviton2,2,8,0.0992,0.0992,2.3808,2.3808,16.666,16.666,72.42,72.42
aws,ap-northeast-3,Giappone,m6g,ARM,AWS Graviton2,4,16,0.1984,0.1984,4.7616,4.7616,33.331,33.331,144.83,144.83
aws,ap-northeast-3,Giappone,m6g,ARM,AWS Graviton2,8,32,0.3968,0.3968,9.5232,9.5232,66.662,66.662,289.66,289.66
aws,ap-northeast-3,Giappone,m6g,ARM,AWS Graviton2,16,64,0.7936,0.7936,19.0464,19.0464,133.325,133.325,579.33,579.33
aws,ap-northeast-3,Giappone,m6g,ARM,AWS Graviton2,32,128,1.5872,1.5872,38.0928,38.0928,266.65,266.65,1158.66,1158.66
aws,ap-northeast-3,Giappone,m6g,ARM,AWS Graviton2,48,192,2.3808,2.3808,57.1392,57.1392,399.974,399.974,1737.98,1737.98
aws,ap-northeast-3,Giappone,m6g,ARM,AWS Graviton2,64,256,3.1744,3.1744,76.1856,76.1856,533.299,533.299,2317.31,2317.31
aws,ap-northeast-3,Giappone,m6i,x86(Intel),Intel Xeon Platinum 8375C,2,8,0.124,0.17252,2.976,4.1405,20.832,28.984,90.52,125.94
aws,ap-northeast-3,Giappone,m6i,x86(Intel),Intel Xeon Platinum 8375C,4,16,0.248,0.34504,5.952,8.281,41.664,57.967,181.04,251.88
aws,ap-northeast-3,Giappone,m6i,x86(Intel),Intel Xeon Platinum 8375C,8,32,0.496,0.69009,11.904,16.5621,83.328,115.935,362.08,503.76
aws,ap-northeast-3,Giappone,m6i,x86(Intel),Intel Xeon Platinum 8375C,16,64,0.992,1.38017,23.808,33.1242,166.656,231.869,724.16,1007.53
aws,ap-northeast-3,Giappone,m6i,x86(Intel),Intel Xeon Platinum 8375C,32,128,1.984,2.76035,47.616,66.2483,333.312,463.738,1448.32,2015.05
aws,ap-northeast-3,Giappone,m6i,x86(Intel),Intel Xeon Platinum 8375C,48,192,2.976,4.14052,71.424,99.3725,499.968,695.608,2172.48,3022.58
aws,ap-northeast-3,Giappone,m6i,x86(Intel),Intel Xeon Platinum 8375C,64,256,3.968,5.5207,95.232,132.4967,666.624,927.477,2896.64,4030.11
aws,ap-northeast-3,Giappone,m6i,x86(Intel),Intel Xeon Platinum 8375C,96,384,5.952,8.28104,142.848,198.745,999.936,1391.215,4344.96,6045.16
aws,ap-northeast-3,Giappone,m6i,x86(Intel),Intel Xeon Platinum 8375C,128,512,7.936,11.04139,190.464,264.9934,1333.248,1854.954,5793.28,8060.22
aws,ap-northeast-3,Giappone,m7g,ARM,AWS Graviton3,1,4,0.0527,0.04216,1.2648,1.0118,8.854,7.083,38.47,30.78
aws,ap-northeast-3,Giappone,m7g,ARM,AWS Graviton3,2,8,0.1054,0.08432,2.5296,2.0237,17.707,14.166,76.94,61.55
aws,ap-northeast-3,Giappone,m7g,ARM,AWS Graviton3,4,16,0.2108,0.16864,5.0592,4.0474,35.414,28.331,153.88,123.1
aws,ap-northeast-3,Giappone,m7g,ARM,AWS Graviton3,8,32,0.4216,0.33728,10.1184,8.0947,70.829,56.663,307.77,246.22
aws,ap-northeast-3,Giappone,m7g,ARM,AWS Graviton3,16,64,0.8432,0.67456,20.2368,16.1894,141.658,113.326,615.54,492.43
aws,ap-northeast-3,Giappone,m7g,ARM,AWS Graviton3,32,128,1.6864,1.34912,40.4736,32.3789,283.315,226.652,1231.07,984.86
aws,ap-northeast-3,Giappone,m7g,ARM,AWS Graviton3,48,192,2.5296,2.02368,60.7104,48.5683,424.973,339.978,1846.61,1477.29
aws,ap-northeast-3,Giappone,m7g,ARM,AWS Graviton3,64,256,3.3728,2.69824,80.9472,64.7578,566.63,453.304,2462.14,1969.71
aws,ap-northeast-3,Giappone,m7i,x86(Intel),Intel Xeon Platinum 8488C,2,8,0.1302,0.1488,3.1248,3.5712,21.874,24.999,95.05,108.63
aws,ap-northeast-3,Giappone,m7i,x86(Intel),Intel Xeon Platinum 8488C,4,16,0.2604,0.2976,6.2496,7.1424,43.747,49.997,190.09,217.25
aws,ap-northeast-3,Giappone,m7i,x86(Intel),Intel Xeon Platinum 8488C,8,32,0.5208,0.5952,12.4992,14.2848,87.494,99.993,380.18,434.49
aws,ap-northeast-3,Giappone,m7i,x86(Intel),Intel Xeon Platinum 8488C,16,64,1.0416,1.1904,24.9984,28.5696,174.989,199.987,760.37,868.99
aws,ap-northeast-3,Giappone,m7i,x86(Intel),Intel Xeon Platinum 8488C,32,128,2.0832,2.3808,49.9968,57.1392,349.978,399.975,1520.74,1737.99
aws,ap-northeast-3,Giappone,m7i,x86(Intel),Intel Xeon Platinum 8488C,48,192,3.1248,3.5712,74.9952,85.7088,524.966,599.961,2281.1,2606.97
aws,ap-northeast-3,Giappone,m7i,x86(Intel),Intel Xeon Platinum 8488C,64,256,4.1664,4.7616,99.9936,114.2784,699.955,799.949,3041.47,3475.97
aws,ap-northeast-3,Giappone,m7i,x86(Intel),Intel Xeon Platinum 8488C,96,384,6.2496,7.1424,149.9904,171.4176,1049.933,1199.923,4562.21,5213.95
aws,ap-northeast-3,Giappone,m7i,x86(Intel),Intel Xeon Platinum 8488C,192,768,12.4992,14.2848,299.9808,342.8352,2099.866,2399.847,9124.42,10427.91
aws,ap-northeast-3,Giappone,m8g,ARM,AWS Graviton4,1,4,0.05797,0.0374,1.3913,0.8976,9.739,6.283,42.32,27.3
aws,ap-northeast-3,Giappone,m8g,ARM,AWS Graviton4,2,8,0.11594,0.0748,2.7826,1.7952,19.478,12.566,84.64,54.61
aws,ap-northeast-3,Giappone,m8g,ARM,AWS Graviton4,4,16,0.23188,0.1496,5.5651,3.5904,38.956,25.133,169.27,109.21
aws,ap-northeast-3,Giappone,m8g,ARM,AWS Graviton4,8,32,0.46376,0.2992,11.1302,7.1808,77.912,50.266,338.54,218.41
aws,ap-northeast-3,Giappone,m8g,ARM,AWS Graviton4,16,64,0.92752,0.5984,22.2605,14.3616,155.823,100.531,677.09,436.83
aws,ap-northeast-3,Giappone,m8g,ARM,AWS Graviton4,32,128,1.85504,1.1968,44.521,28.7232,311.647,201.063,1354.18,873.66
aws,ap-northeast-3,Giappone,m8g,ARM,AWS Graviton4,48,192,2.78256,1.7952,66.7814,43.0848,467.47,301.594,2031.27,1310.5
aws,ap-northeast-3,Giappone,m8g,ARM,AWS Graviton4,64,256,3.71008,2.3936,89.0419,57.4464,623.293,402.125,2708.36,1747.33
aws,ap-northeast-3,Giappone,m8g,ARM,AWS Graviton4,96,384,5.56512,3.5904,133.5629,86.1696,934.94,603.187,4062.54,2620.99
aws,ap-northeast-3,Giappone,m8g,ARM,AWS Graviton4,192,768,11.13024,7.1808,267.1258,172.3392,1869.88,1206.374,8125.08,5241.99
aws,ap-northeast-3,Giappone,r6g,ARM,AWS Graviton2,1,8,0.0608,0.0608,1.4592,1.4592,10.214,10.214,44.38,44.38
aws,ap-northeast-3,Giappone,r6g,ARM,AWS Graviton2,2,16,0.1216,0.1216,2.9184,2.9184,20.429,20.429,88.77,88.77
aws,ap-northeast-3,Giappone,r6g,ARM,AWS Graviton2,4,32,0.2432,0.2432,5.8368,5.8368,40.858,40.858,177.54,177.54
aws,ap-northeast-3,Giappone,r6g,ARM,AWS Graviton2,8,64,0.4864,0.4864,11.6736,11.6736,81.715,81.715,355.07,355.07
aws,ap-northeast-3,Giappone,r6g,ARM,AWS Graviton2,16,128,0.9728,0.9728,23.3472,23.3472,163.43,163.43,710.14,710.14
aws,ap-northeast-3,Giappone,r6g,ARM,AWS Graviton2,32,256,1.9456,1.9456,46.6944,46.6944,326.861,326.861,1420.29,1420.29
aws,ap-northeast-3,Giappone,r6g,ARM,AWS Graviton2,48,384,2.9184,2.9184,70.0416,70.0416,490.291,490.291,2130.43,2130.43
aws,ap-northeast-3,Giappone,r6g,ARM,AWS Graviton2,64,512,3.8912,3.8912,93.3888,93.3888,653.722,653.722,2840.58,2840.58
aws,ap-northeast-3,Giappone,r6i,x86(Intel),Intel Xeon Platinum 8375C,2,16,0.152,0.21148,3.648,5.0755,25.536,35.528,110.96,154.38
aws,ap-northeast-3,Giappone,r6i,x86(Intel),Intel Xeon Platinum 8375C,4,32,0.304,0.42296,7.296,10.151,51.072,71.057,221.92,308.76
aws,ap-northeast-3,Giappone,r6i,x86(Intel),Intel Xeon Platinum 8375C,8,64,0.608,0.84591,14.592,20.3019,102.144,142.113,443.84,617.52
aws,ap-northeast-3,Giappone,r6i,x86(Intel),Intel Xeon Platinum 8375C,16,128,1.216,1.69183,29.184,40.6038,204.288,284.227,887.68,1235.03
aws,ap-northeast-3,Giappone,r6i,x86(Intel),Intel Xeon Platinum 8375C,32,256,2.432,3.38365,58.368,81.2077,408.576,568.454,1775.36,2470.07
aws,ap-northeast-3,Giappone,r6i,x86(Intel),Intel Xeon Platinum 8375C,48,384,3.648,5.07548,87.552,121.8115,612.864,852.68,2663.04,3705.1
aws,ap-northeast-3,Giappone,r6i,x86(Intel),Intel Xeon Platinum 8375C,64,512,4.864,6.7673,116.736,162.4153,817.152,1136.907,3550.72,4940.13
aws,ap-northeast-3,Giappone,r6i,x86(Intel),Intel Xeon Platinum 8375C,96,768,7.296,10.15096,175.104,243.623,1225.728,1705.361,5326.08,7410.2
aws,ap-northeast-3,Giappone,r6i,x86(Intel),Intel Xeon Platinum 8375C,128,1024,9.728,13.53461,233.472,324.8306,1634.304,2273.814,7101.44,9880.26
aws,ap-northeast-3,Giappone,r7g,ARM,AWS Graviton3,1,8,0.0646,0.05168,1.5504,1.2403,10.853,8.682,47.16,37.73
aws,ap-northeast-3,Giappone,r7g,ARM,AWS Graviton3,2,16,0.1292,0.10336,3.1008,2.4806,21.706,17.365,94.32,75.46
aws,ap-northeast-3,Giappone,r7g,ARM,AWS Graviton3,4,32,0.2584,0.20672,6.2016,4.9613,43.411,34.729,188.63,150.9
aws,ap-northeast-3,Giappone,r7g,ARM,AWS Graviton3,8,64,0.5168,0.41344,12.4032,9.9226,86.822,69.458,377.26,301.81
aws,ap-northeast-3,Giappone,r7g,ARM,AWS Graviton3,16,128,1.0336,0.82688,24.8064,19.8451,173.645,138.916,754.53,603.62
aws,ap-northeast-3,Giappone,r7g,ARM,AWS Graviton3,32,256,2.0672,1.65376,49.6128,39.6902,347.29,277.832,1509.06,1207.25
aws,ap-northeast-3,Giappone,r7g,ARM,AWS Graviton3,48,384,3.1008,2.48064,74.4192,59.5354,520.934,416.747,2263.58,1810.86
aws,ap-northeast-3,Giappone,r7g,ARM,AWS Graviton3,64,512,4.1344,3.30752,99.2256,79.3805,694.579,555.663,3018.11,2414.49
aws,ap-northeast-3,Giappone,r7i,x86(Intel),Intel Xeon Platinum 8488C,2,16,0.1596,0.1824,3.8304,4.3776,26.813,30.643,116.51,133.15
aws,ap-northeast-3,Giappone,r7i,x86(Intel),Intel Xeon Platinum 8488C,4,32,0.3192,0.3648,7.6608,8.7552,53.626,61.287,233.02,266.31
aws,ap-northeast-3,Giappone,r7i,x86(Intel),Intel Xeon Platinum 8488C,8,64,0.6384,0.7296,15.3216,17.5104,107.251,122.573,466.03,532.61
aws,ap-northeast-3,Giappone,r7i,x86(Intel),Intel Xeon Platinum 8488C,16,128,1.2768,1.4592,30.6432,35.0208,214.502,245.145,932.06,1065.21
aws,ap-northeast-3,Giappone,r7i,x86(Intel),Intel Xeon Platinum 8488C,32,256,2.5536,2.9184,61.2864,70.0416,429.005,490.291,1864.13,2130.43
aws,ap-northeast-3,Giappone,r7i,x86(Intel),Intel Xeon Platinum 8488C,48,384,3.8304,4.3776,91.9296,105.0624,643.507,735.437,2796.19,3195.65
aws,ap-northeast-3,Giappone,r7i,x86(Intel),Intel Xeon Platinum 8488C,64,512,5.1072,5.8368,122.5728,140.0832,858.01,980.583,3728.26,4260.87
aws,ap-northeast-3,Giappone,r7i,x86(Intel),Intel Xeon Platinum 8488C,96,768,7.6608,8.7552,183.8592,210.1248,1287.014,1470.873,5592.38,6391.29
aws,ap-northeast-3,Giappone,r7i,x86(Intel),Intel Xeon Platinum 8488C,192,1536,15.3216,17.5104,367.7184,420.2496,2574.029,2941.747,11184.77,12782.59
aws,ap-northeast-3,Giappone,r8g,ARM,AWS Graviton4,1,8,0.07106,0.04585,1.7054,1.1003,11.938,7.702,51.87,33.46
aws,ap-northeast-3,Giappone,r8g,ARM,AWS Graviton4,2,16,0.14212,0.09169,3.4109,2.2006,23.876,15.404,103.75,66.94
aws,ap-northeast-3,Giappone,r8g,ARM,AWS Graviton4,4,32,0.28424,0.18338,6.8218,4.4012,47.752,30.808,207.5,133.87
aws,ap-northeast-3,Giappone,r8g,ARM,AWS Graviton4,8,64,0.56848,0.36676,13.6435,8.8023,95.505,61.616,414.99,267.74
aws,ap-northeast-3,Giappone,r8g,ARM,AWS Graviton4,16,128,1.13696,0.73352,27.287,17.6045,191.009,123.232,829.98,535.47
aws,ap-northeast-3,Giappone,r8g,ARM,AWS Graviton4,32,256,2.27392,1.46705,54.5741,35.2091,382.019,246.464,1659.96,1070.94
aws,ap-northeast-3,Giappone,r8g,ARM,AWS Graviton4,48,384,3.41088,2.20057,81.8611,52.8136,573.028,369.695,2489.94,1606.41
aws,ap-northeast-3,Giappone,r8g,ARM,AWS Graviton4,64,512,4.54784,2.93409,109.1482,70.4182,764.037,492.927,3319.92,2141.88
aws,ap-northeast-3,Giappone,r8g,ARM,AWS Graviton4,96,768,6.82176,4.40114,163.7222,105.6272,1146.056,739.391,4979.88,3212.83
aws,ap-northeast-3,Giappone,r8g,ARM,AWS Graviton4,192,1536,13.64352,8.80227,327.4445,211.2545,2292.111,1478.781,9959.77,6425.66
aws,ap-south-1,India,c6a,x86(AMD),AMD EPYC 7R13,2,4,0.04675,0.05754,1.122,1.3809,7.854,9.666,34.13,42.01
aws,ap-south-1,India,c6a,x86(AMD),AMD EPYC 7R13,4,8,0.0935,0.11508,2.244,2.7618,15.708,19.333,68.26,84.01
aws,ap-south-1,India,c6a,x86(AMD),AMD EPYC 7R13,8,16,0.187,0.23015,4.488,5.5237,31.416,38.666,136.51,168.01
aws,ap-south-1,India,c6a,x86(AMD),AMD EPYC 7R13,16,32,0.374,0.46031,8.976,11.0474,62.832,77.332,273.02,336.02
aws,ap-south-1,India,c6a,x86(AMD),AMD EPYC 7R13,32,64,0.748,0.92062,17.952,22.0948,125.664,154.663,546.04,672.05
aws,ap-south-1,India,c6a,x86(AMD),AMD EPYC 7R13,48,96,1.122,1.38092,26.928,33.1422,188.496,231.995,819.06,1008.07
aws,ap-south-1,India,c6a,x86(AMD),AMD EPYC 7R13,64,128,1.496,1.84123,35.904,44.1895,251.328,309.327,1092.08,1344.1
aws,ap-south-1,India,c6a,x86(AMD),AMD EPYC 7R13,96,192,2.244,2.76185,53.856,66.2843,376.992,463.99,1638.12,2016.15
aws,ap-south-1,India,c6a,x86(AMD),AMD EPYC 7R13,128,256,2.992,3.68246,71.808,88.3791,502.656,618.654,2184.16,2688.2
aws,ap-south-1,India,c6a,x86(AMD),AMD EPYC 7R13,192,384,4.488,5.52369,107.712,132.5686,753.984,927.98,3276.24,4032.3
aws,ap-south-1,India,c6g,ARM,AWS Graviton2,1,2,0.0213,0.0213,0.5112,0.5112,3.578,3.578,15.55,15.55
aws,ap-south-1,India,c6g,ARM,AWS Graviton2,2,4,0.0426,0.0426,1.0224,1.0224,7.157,7.157,31.1,31.1
aws,ap-south-1,India,c6g,ARM,AWS Graviton2,4,8,0.0852,0.0852,2.0448,2.0448,14.314,14.314,62.2,62.2
aws,ap-south-1,India,c6g,ARM,AWS Graviton2,8,16,0.1704,0.1704,4.0896,4.0896,28.627,28.627,124.39,124.39
aws,ap-south-1,India,c6g,ARM,AWS Graviton2,16,32,0.3408,0.3408,8.1792,8.1792,57.254,57.254,248.78,248.78
aws,ap-south-1,India,c6g,ARM,AWS Graviton2,32,64,0.6816,0.6816,16.3584,16.3584,114.509,114.509,497.57,497.57
aws,ap-south-1,India,c6g,ARM,AWS Graviton2,48,96,1.0224,1.0224,24.5376,24.5376,171.763,171.763,746.35,746.35
aws,ap-south-1,India,c6g,ARM,AWS Graviton2,64,128,1.3632,1.3632,32.7168,32.7168,229.018,229.018,995.14,995.14
aws,ap-south-1,India,c6i,x86(Intel),Intel Xeon Platinum 8375C,2,4,0.085,0.11826,2.04,2.8383,14.28,19.868,62.05,86.33
aws,ap-south-1,India,c6i,x86(Intel),Intel Xeon Platinum 8375C,4,8,0.17,0.23652,4.08,5.6765,28.56,39.736,124.1,172.66
aws,ap-south-1,India,c6i,x86(Intel),Intel Xeon Platinum 8375C,8,16,0.34,0.47304,8.16,11.353,57.12,79.471,248.2,345.32
aws,ap-south-1,India,c6i,x86(Intel),Intel Xeon Platinum 8375C,16,32,0.68,0.94609,16.32,22.7061,114.24,158.943,496.4,690.64
aws,ap-south-1,India,c6i,x86(Intel),Intel Xeon Platinum 8375C,32,64,1.36,1.89217,32.64,45.4122,228.48,317.885,992.8,1381.29
aws,ap-south-1,India,c6i,x86(Intel),Intel Xeon Platinum 8375C,48,96,2.04,2.83826,48.96,68.1183,342.72,476.828,1489.2,2071.93
aws,ap-south-1,India,c6i,x86(Intel),Intel Xeon Platinum 8375C,64,128,2.72,3.78435,65.28,90.8243,456.96,635.77,1985.6,2762.57
aws,ap-south-1,India,c6i,x86(Intel),Intel Xeon Platinum 8375C,96,192,4.08,5.67652,97.92,136.2365,685.44,953.656,2978.4,4143.86
aws,ap-south-1,India,c6i,x86(Intel),Intel Xeon Platinum 8375C,128,256,5.44,7.5687,130.56,181.6487,913.92,1271.541,3971.2,5525.15
aws,ap-south-1,India,c7g,ARM,AWS Graviton3,1,2,0.0245,0.0196,0.588,0.4704,4.116,3.293,17.89,14.31
aws,ap-south-1,India,c7g,ARM,AWS Graviton3,2,4,0.0491,0.03928,1.1784,0.9427,8.249,6.599,35.84,28.67
aws,ap-south-1,India,c7g,ARM,AWS Graviton3,4,8,0.0982,0.07856,2.3568,1.8854,16.498,13.198,71.69,57.35
aws,ap-south-1,India,c7g,ARM,AWS Graviton3,8,16,0.1963,0.15704,4.7112,3.769,32.978,26.382,143.3,114.64
aws,ap-south-1,India,c7g,ARM,AWS Graviton3,16,32,0.3926,0.31408,9.4224,7.5379,65.957,52.766,286.6,229.28
aws,ap-south-1,India,c7g,ARM,AWS Graviton3,32,64,0.7853,0.62824,18.8472,15.0778,131.93,105.544,573.27,458.62
aws,ap-south-1,India,c7g,ARM,AWS Graviton3,48,96,1.1779,0.94232,28.2696,22.6157,197.887,158.31,859.87,687.9
aws,ap-south-1,India,c7g,ARM,AWS Graviton3,64,128,1.5706,1.25648,37.6944,30.1555,263.861,211.089,1146.54,917.23
aws,ap-south-1,India,c7i,x86(Intel),Intel Xeon Platinum 8488C,2,4,0.08925,0.102,2.142,2.448,14.994,17.136,65.15,74.46
aws,ap-south-1,India,c7i,x86(Intel),Intel Xeon Platinum 8488C,4,8,0.1785,0.204,4.284,4.896,29.988,34.272,130.3,148.91
aws,ap-south-1,India,c7i,x86(Intel),Intel Xeon Platinum 8488C,8,16,0.357,0.408,8.568,9.792,59.976,68.544,260.61,297.84
aws,ap-south-1,India,c7i,x86(Intel),Intel Xeon Platinum 8488C,16,32,0.714,0.816,17.136,19.584,119.952,137.088,521.22,595.68
aws,ap-south-1,India,c7i,x86(Intel),Intel Xeon Platinum 8488C,32,64,1.428,1.632,34.272,39.168,239.904,274.176,1042.44,1191.36
aws,ap-south-1,India,c7i,x86(Intel),Intel Xeon Platinum 8488C,48,96,2.142,2.448,51.408,58.752,359.856,411.264,1563.66,1787.04
aws,ap-south-1,India,c7i,x86(Intel),Intel Xeon Platinum 8488C,64,128,2.856,3.264,68.544,78.336,479.808,548.352,2084.88,2382.72
aws,ap-south-1,India,c7i,x86(Intel),Intel Xeon Platinum 8488C,96,192,4.284,4.896,102.816,117.504,719.712,822.528,3127.32,3574.08
aws,ap-south-1,India,c7i,x86(Intel),Intel Xeon Platinum 8488C,192,384,8.568,9.792,205.632,235.008,1439.424,1645.056,6254.64,7148.16
aws,ap-south-1,India,c8g,ARM,AWS Graviton4,1,2,0.02699,0.01741,0.6478,0.4179,4.534,2.925,19.7,12.71
aws,ap-south-1,India,c8g,ARM,AWS Graviton4,2,4,0.05398,0.03483,1.2955,0.8358,9.069,5.851,39.41,25.43
aws,ap-south-1,India,c8g,ARM,AWS Graviton4,4,8,0.10796,0.06965,2.591,1.6716,18.137,11.701,78.81,50.85
aws,ap-south-1,India,c8g,ARM,AWS Graviton4,8,16,0.21592,0.1393,5.1821,3.3433,36.275,23.403,157.62,101.69
aws,ap-south-1,India,c8g,ARM,AWS Graviton4,16,32,0.43184,0.27861,10.3642,6.6866,72.549,46.806,315.24,203.38
aws,ap-south-1,India,c8g,ARM,AWS Graviton4,32,64,0.86368,0.55721,20.7283,13.3731,145.098,93.612,630.49,406.77
aws,ap-south-1,India,c8g,ARM,AWS Graviton4,48,96,1.29552,0.83582,31.0925,20.0597,217.647,140.417,945.73,610.15
aws,ap-south-1,India,c8g,ARM,AWS Graviton4,64,128,1.72736,1.11443,41.4566,26.7462,290.196,187.223,1260.97,813.53
aws,ap-south-1,India,c8g,ARM,AWS Graviton4,96,192,2.59104,1.67164,62.185,40.1194,435.295,280.835,1891.46,1220.3
aws,ap-south-1,India,c8g,ARM,AWS Graviton4,192,384,5.18208,3.34328,124.3699,80.2386,870.589,561.67,3782.92,2440.59
aws,ap-south-1,India,c8i,x86(Intel),Intel Xeon 6 6975P-C,2,4,0.09371,0.0833,2.249,1.9991,15.743,13.994,68.41,60.81
aws,ap-south-1,India,c8i,x86(Intel),Intel Xeon 6 6975P-C,4,8,0.18742,0.1666,4.4981,3.9983,31.487,27.988,136.82,121.62
aws,ap-south-1,India,c8i,x86(Intel),Intel Xeon 6 6975P-C,8,16,0.37484,0.33319,8.9962,7.9966,62.973,55.976,273.63,243.23
aws,ap-south-1,India,c8i,x86(Intel),Intel Xeon 6 6975P-C,16,32,0.74968,0.66638,17.9923,15.9932,125.946,111.952,547.27,486.46
aws,ap-south-1,India,c8i,x86(Intel),Intel Xeon 6 6975P-C,32,64,1.49936,1.33276,35.9846,31.9863,251.892,223.904,1094.53,972.92
aws,ap-south-1,India,c8i,x86(Intel),Intel Xeon 6 6975P-C,48,96,2.24904,1.99915,53.977,47.9796,377.839,335.857,1641.8,1459.38
aws,ap-south-1,India,c8i,x86(Intel),Intel Xeon 6 6975P-C,64,128,2.99872,2.66553,71.9693,63.9727,503.785,447.809,2189.07,1945.84
aws,ap-south-1,India,c8i,x86(Intel),Intel Xeon 6 6975P-C,96,192,4.49808,3.99829,107.9539,95.959,755.677,671.713,3283.6,2918.76
aws,ap-south-1,India,c8i,x86(Intel),Intel Xeon 6 6975P-C,128,256,5.99744,5.33106,143.9386,127.9454,1007.57,895.618,4378.13,3891.67
aws,ap-south-1,India,c8i,x86(Intel),Intel Xeon 6 6975P-C,192,384,8.99616,7.99659,215.9078,191.918,1511.355,1343.427,6567.2,5837.51
aws,ap-south-1,India,c8i,x86(Intel),Intel Xeon 6 6975P-C,384,768,17.99232,15.99317,431.8157,383.8362,3022.71,2686.853,13134.39,11675.01
aws,ap-south-1,India,m6a,x86(AMD),AMD EPYC 7R13,2,8,0.05555,0.06837,1.3332,1.6409,9.332,11.486,40.55,49.91
aws,ap-south-1,India,m6a,x86(AMD),AMD EPYC 7R13,4,16,0.1111,0.13674,2.6664,3.2817,18.665,22.972,81.1,99.82
aws,ap-south-1,India,m6a,x86(AMD),AMD EPYC 7R13,8,32,0.2222,0.27348,5.3328,6.5634,37.33,45.945,162.21,199.64
aws,ap-south-1,India,m6a,x86(AMD),AMD EPYC 7R13,16,64,0.4444,0.54695,10.6656,13.1269,74.659,91.888,324.41,399.27
aws,ap-south-1,India,m6a,x86(AMD),AMD EPYC 7R13,32,128,0.8888,1.09391,21.3312,26.2538,149.318,183.776,648.82,798.55
aws,ap-south-1,India,m6a,x86(AMD),AMD EPYC 7R13,48,192,1.3332,1.64086,31.9968,39.3807,223.978,275.665,973.24,1197.83
aws,ap-south-1,India,m6a,x86(AMD),AMD EPYC 7R13,64,256,1.7776,2.18782,42.6624,52.5076,298.637,367.553,1297.65,1597.11
aws,ap-south-1,India,m6a,x86(AMD),AMD EPYC 7R13,96,384,2.6664,3.28172,63.9936,78.7614,447.955,551.329,1946.47,2395.66
aws,ap-south-1,India,m6a,x86(AMD),AMD EPYC 7R13,128,512,3.5552,4.37563,85.3248,105.0151,597.274,735.106,2595.3,3194.22
aws,ap-south-1,India,m6a,x86(AMD),AMD EPYC 7R13,192,768,5.3328,6.56345,127.9872,157.5227,895.91,1102.658,3892.94,4791.31
aws,ap-south-1,India,m6g,ARM,AWS Graviton2,1,4,0.0253,0.0253,0.6072,0.6072,4.25,4.25,18.47,18.47
aws,ap-south-1,India,m6g,ARM,AWS Graviton2,2,8,0.0506,0.0506,1.2144,1.2144,8.501,8.501,36.94,36.94
aws,ap-south-1,India,m6g,ARM,AWS Graviton2,4,16,0.1012,0.1012,2.4288,2.4288,17.002,17.002,73.88,73.88
aws,ap-south-1,India,m6g,ARM,AWS Graviton2,8,32,0.2024,0.2024,4.8576,4.8576,34.003,34.003,147.75,147.75
aws,ap-south-1,India,m6g,ARM,AWS Graviton2,16,64,0.4048,0.4048,9.7152,9.7152,68.006,68.006,295.5,295.5
aws,ap-south-1,India,m6g,ARM,AWS Graviton2,32,128,0.8096,0.8096,19.4304,19.4304,136.013,136.013,591.01,591.01
aws,ap-south-1,India,m6g,ARM,AWS Graviton2,48,192,1.2144,1.2144,29.1456,29.1456,204.019,204.019,886.51,886.51
aws,ap-south-1,India,m6g,ARM,AWS Graviton2,64,256,1.6192,1.6192,38.8608,38.8608,272.026,272.026,1182.02,1182.02
aws,ap-south-1,India,m6i,x86(Intel),Intel Xeon Platinum 8375C,2,8,0.101,0.14052,2.424,3.3725,16.968,23.608,73.73,102.58
aws,ap-south-1,India,m6i,x86(Intel),Intel Xeon Platinum 8375C,4,16,0.202,0.28104,4.848,6.745,33.936,47.215,147.46,205.16
aws,ap-south-1,India,m6i,x86(Intel),Intel Xeon Platinum 8375C,8,32,0.404,0.56209,9.696,13.4901,67.872,94.431,294.92,410.32
aws,ap-south-1,India,m6i,x86(Intel),Intel Xeon Platinum 8375C,16,64,0.808,1.12417,19.392,26.9802,135.744,188.861,589.84,820.65
aws,ap-south-1,India,m6i,x86(Intel),Intel Xeon Platinum 8375C,32,128,1.616,2.24835,38.784,53.9603,271.488,377.722,1179.68,1641.29
aws,ap-south-1,India,m6i,x86(Intel),Intel Xeon Platinum 8375C,48,192,2.424,3.37252,58.176,80.9405,407.232,566.584,1769.52,2461.94
aws,ap-south-1,India,m6i,x86(Intel),Intel Xeon Platinum 8375C,64,256,3.232,4.4967,77.568,107.9207,542.976,755.445,2359.36,3282.59
aws,ap-south-1,India,m6i,x86(Intel),Intel Xeon Platinum 8375C,96,384,4.848,6.74504,116.352,161.881,814.464,1133.167,3539.04,4923.88
aws,ap-south-1,India,m6i,x86(Intel),Intel Xeon Platinum 8375C,128,512,6.464,8.99339,155.136,215.8414,1085.952,1510.89,4718.72,6565.18
aws,ap-south-1,India,m7g,ARM,AWS Graviton3,1,4,0.0292,0.02336,0.7008,0.5606,4.906,3.925,21.32,17.06
aws,ap-south-1,India,m7g,ARM,AWS Graviton3,2,8,0.0583,0.04664,1.3992,1.1194,9.794,7.835,42.56,34.05
aws,ap-south-1,India,m7g,ARM,AWS Graviton3,4,16,0.1166,0.09328,2.7984,2.2387,19.589,15.671,85.12,68.1
aws,ap-south-1,India,m7g,ARM,AWS Graviton3,8,32,0.2333,0.18664,5.5992,4.4794,39.194,31.355,170.31,136.25
aws,ap-south-1,India,m7g,ARM,AWS Graviton3,16,64,0.4666,0.37328,11.1984,8.9587,78.389,62.711,340.62,272.5
aws,ap-south-1,India,m7g,ARM,AWS Graviton3,32,128,0.9331,0.74648,22.3944,17.9155,156.761,125.409,681.16,544.93
aws,ap-south-1,India,m7g,ARM,AWS Graviton3,48,192,1.3997,1.11976,33.5928,26.8742,235.15,188.12,1021.78,817.42
aws,ap-south-1,India,m7g,ARM,AWS Graviton3,64,256,1.8662,1.49296,44.7888,35.831,313.522,250.818,1362.33,1089.86
aws,ap-south-1,India,m7i,x86(Intel),Intel Xeon Platinum 8488C,2,8,0.10605,0.1212,2.5452,2.9088,17.816,20.361,77.42,88.48
aws,ap-south-1,India,m7i,x86(Intel),Intel Xeon Platinum 8488C,4,16,0.2121,0.2424,5.0904,5.8176,35.633,40.723,154.83,176.95
aws,ap-south-1,India,m7i,x86(Intel),Intel Xeon Platinum 8488C,8,32,0.4242,0.4848,10.1808,11.6352,71.266,81.447,309.67,353.91
aws,ap-south-1,India,m7i,x86(Intel),Intel Xeon Platinum 8488C,16,64,0.8484,0.9696,20.3616,23.2704,142.531,162.893,619.33,707.81
aws,ap-south-1,India,m7i,x86(Intel),Intel Xeon Platinum 8488C,32,128,1.6968,1.9392,40.7232,46.5408,285.062,325.785,1238.66,1415.61
aws,ap-south-1,India,m7i,x86(Intel),Intel Xeon Platinum 8488C,48,192,2.5452,2.9088,61.0848,69.8112,427.594,488.679,1858.0,2123.43
aws,ap-south-1,India,m7i,x86(Intel),Intel Xeon Platinum 8488C,64,256,3.3936,3.8784,81.4464,93.0816,570.125,651.571,2477.33,2831.23
aws,ap-south-1,India,m7i,x86(Intel),Intel Xeon Platinum 8488C,96,384,5.0904,5.8176,122.1696,139.6224,855.187,977.357,3715.99,4246.85
aws,ap-south-1,India,m7i,x86(Intel),Intel Xeon Platinum 8488C,192,768,10.1808,11.6352,244.3392,279.2448,1710.374,1954.713,7431.98,8493.69
aws,ap-south-1,India,m8a,x86(AMD),AMD EPYC 9R45,1,4,0.06403,0.02978,1.5367,0.7147,10.757,5.003,46.74,21.74
aws,ap-south-1,India,m8a,x86(AMD),AMD EPYC 9R45,2,8,0.12806,0.05956,3.0734,1.4295,21.514,10.007,93.48,43.48
aws,ap-south-1,India,m8a,x86(AMD),AMD EPYC 9R45,4,16,0.25612,0.11913,6.1469,2.859,43.028,20.013,186.97,86.96
aws,ap-south-1,India,m8a,x86(AMD),AMD EPYC 9R45,8,32,0.51224,0.23825,12.2938,5.718,86.056,40.026,373.94,173.93
aws,ap-south-1,India,m8a,x86(AMD),AMD EPYC 9R45,16,64,1.02448,0.4765,24.5875,11.436,172.113,80.053,747.87,347.85
aws,ap-south-1,India,m8a,x86(AMD),AMD EPYC 9R45,32,128,2.04896,0.953,49.175,22.8721,344.225,160.105,1495.74,695.69
aws,ap-south-1,India,m8a,x86(AMD),AMD EPYC 9R45,48,192,3.07344,1.42951,73.7626,34.3082,516.338,240.157,2243.61,1043.54
aws,ap-south-1,India,m8a,x86(AMD),AMD EPYC 9R45,64,256,4.09792,1.90601,98.3501,45.7442,688.451,320.21,2991.48,1391.39
aws,ap-south-1,India,m8a,x86(AMD),AMD EPYC 9R45,96,384,6.14688,2.85901,147.5251,68.6163,1032.676,480.314,4487.22,2087.08
aws,ap-south-1,India,m8a,x86(AMD),AMD EPYC 9R45,192,768,12.29376,5.71803,295.0502,137.2327,2065.352,960.629,8974.44,4174.16
aws,ap-south-1,India,m8g,ARM,AWS Graviton4,1,4,0.03208,0.0207,0.7699,0.4967,5.389,3.477,23.42,15.11
aws,ap-south-1,India,m8g,ARM,AWS Graviton4,2,8,0.06416,0.04139,1.5398,0.9934,10.779,6.954,46.84,30.22
aws,ap-south-1,India,m8g,ARM,AWS Graviton4,4,16,0.12832,0.08279,3.0797,1.9869,21.558,13.908,93.67,60.43
aws,ap-south-1,India,m8g,ARM,AWS Graviton4,8,32,0.25664,0.16557,6.1594,3.9738,43.116,27.817,187.35,120.87
aws,ap-south-1,India,m8g,ARM,AWS Graviton4,16,64,0.51328,0.33115,12.3187,7.9475,86.231,55.633,374.69,241.74
aws,ap-south-1,India,m8g,ARM,AWS Graviton4,32,128,1.02656,0.6623,24.6374,15.8951,172.462,111.266,749.39,483.48
aws,ap-south-1,India,m8g,ARM,AWS Graviton4,48,192,1.53984,0.99345,36.9562,23.8427,258.693,166.899,1124.08,725.21
aws,ap-south-1,India,m8g,ARM,AWS Graviton4,64,256,2.05312,1.32459,49.2749,31.7903,344.924,222.532,1498.78,966.95
aws,ap-south-1,India,m8g,ARM,AWS Graviton4,96,384,3.07968,1.98689,73.9123,47.6854,517.386,333.797,2248.17,1450.43
aws,ap-south-1,India,m8g,ARM,AWS Graviton4,192,768,6.15936,3.97378,147.8246,95.3707,1034.772,667.595,4496.33,2900.86
aws,ap-south-1,India,m8i,x86(Intel),Intel Xeon 6 6975P-C,2,8,0.11135,0.09898,2.6724,2.3755,18.707,16.628,81.29,72.26
aws,ap-south-1,India,m8i,x86(Intel),Intel Xeon 6 6975P-C,4,16,0.2227,0.19796,5.3448,4.7509,37.414,33.257,162.57,144.51
aws,ap-south-1,India,m8i,x86(Intel),Intel Xeon 6 6975P-C,8,32,0.4454,0.39591,10.6896,9.5019,74.827,66.513,325.14,289.01
aws,ap-south-1,India,m8i,x86(Intel),Intel Xeon 6 6975P-C,16,64,0.8908,0.79182,21.3792,19.0037,149.654,133.026,650.28,578.03
aws,ap-south-1,India,m8i,x86(Intel),Intel Xeon 6 6975P-C,32,128,1.7816,1.58364,42.7584,38.0075,299.309,266.052,1300.57,1156.06
aws,ap-south-1,India,m8i,x86(Intel),Intel Xeon 6 6975P-C,48,192,2.6724,2.37547,64.1376,57.0112,448.963,399.078,1950.85,1734.09
aws,ap-south-1,India,m8i,x86(Intel),Intel Xeon 6 6975P-C,64,256,3.5632,3.16729,85.5168,76.0149,598.618,532.105,2601.14,2312.12
aws,ap-south-1,India,m8i,x86(Intel),Intel Xeon 6 6975P-C,96,384,5.3448,4.75093,128.2752,114.0224,897.926,798.156,3901.7,3468.18
aws,ap-south-1,India,m8i,x86(Intel),Intel Xeon 6 6975P-C,128,512,7.1264,6.33458,171.0336,152.0299,1197.235,1064.209,5202.27,4624.24
aws,ap-south-1,India,m8i,x86(Intel),Intel Xeon 6 6975P-C,192,768,10.6896,9.50187,256.5504,228.0448,1795.853,1596.314,7803.41,6936.36
aws,ap-south-1,India,m8i,x86(Intel),Intel Xeon 6 6975P-C,384,1536,21.3792,19.00373,513.1008,456.0896,3591.706,3192.628,15606.82,13872.73
aws,ap-south-1,India,r6a,x86(AMD),AMD EPYC 7R13,2,16,0.0715,0.088,1.716,2.112,12.012,14.784,52.19,64.23
aws,ap-south-1,India,r6a,x86(AMD),AMD EPYC 7R13,4,32,0.143,0.176,3.432,4.224,24.024,29.568,104.39,128.48
aws,ap-south-1,India,r6a,x86(AMD),AMD EPYC 7R13,8,64,0.286,0.352,6.864,8.448,48.048,59.136,208.78,256.96
aws,ap-south-1,India,r6a,x86(AMD),AMD EPYC 7R13,16,128,0.572,0.704,13.728,16.896,96.096,118.272,417.56,513.92
aws,ap-south-1,India,r6a,x86(AMD),AMD EPYC 7R13,32,256,1.144,1.408,27.456,33.792,192.192,236.544,835.12,1027.84
aws,ap-south-1,India,r6a,x86(AMD),AMD EPYC 7R13,48,384,1.716,2.112,41.184,50.688,288.288,354.816,1252.68,1541.76
aws,ap-south-1,India,r6a,x86(AMD),AMD EPYC 7R13,64,512,2.288,2.816,54.912,67.584,384.384,473.088,1670.24,2055.68
aws,ap-south-1,India,r6a,x86(AMD),AMD EPYC 7R13,96,768,3.432,4.224,82.368,101.376,576.576,709.632,2505.36,3083.52
aws,ap-south-1,India,r6a,x86(AMD),AMD EPYC 7R13,128,1024,4.576,5.632,109.824,135.168,768.768,946.176,3340.48,4111.36
aws,ap-south-1,India,r6a,x86(AMD),AMD EPYC 7R13,192,1536,6.864,8.448,164.736,202.752,1153.152,1419.264,5010.72,6167.04
aws,ap-south-1,India,r6g,ARM,AWS Graviton2,1,8,0.0325,0.0325,0.78,0.78,5.46,5.46,23.72,23.72
aws,ap-south-1,India,r6g,ARM,AWS Graviton2,2,16,0.065,0.065,1.56,1.56,10.92,10.92,47.45,47.45
aws,ap-south-1,India,r6g,ARM,AWS Graviton2,4,32,0.13,0.13,3.12,3.12,21.84,21.84,94.9,94.9
aws,ap-south-1,India,r6g,ARM,AWS Graviton2,8,64,0.26,0.26,6.24,6.24,43.68,43.68,189.8,189.8
aws,ap-south-1,India,r6g,ARM,AWS Graviton2,16,128,0.52,0.52,12.48,12.48,87.36,87.36,379.6,379.6
aws,ap-south-1,India,r6g,ARM,AWS Graviton2,32,256,1.04,1.04,24.96,24.96,174.72,174.72,759.2,759.2
aws,ap-south-1,India,r6g,ARM,AWS Graviton2,48,384,1.56,1.56,37.44,37.44,262.08,262.08,1138.8,1138.8
aws,ap-south-1,India,r6g,ARM,AWS Graviton2,64,512,2.08,2.08,49.92,49.92,349.44,349.44,1518.4,1518.4
aws,ap-south-1,India,r6i,x86(Intel),Intel Xeon Platinum 8375C,2,16,0.13,0.18087,3.12,4.3409,21.84,30.386,94.9,132.03
aws,ap-south-1,India,r6i,x86(Intel),Intel Xeon Platinum 8375C,4,32,0.26,0.36174,6.24,8.6817,43.68,60.772,189.8,264.07
aws,ap-south-1,India,r6i,x86(Intel),Intel Xeon Platinum 8375C,8,64,0.52,0.72348,12.48,17.3635,87.36,121.544,379.6,528.14
aws,ap-south-1,India,r6i,x86(Intel),Intel Xeon Platinum 8375C,16,128,1.04,1.44696,24.96,34.727,174.72,243.089,759.2,1056.28
aws,ap-south-1,India,r6i,x86(Intel),Intel Xeon Platinum 8375C,32,256,2.08,2.89391,49.92,69.4539,349.44,486.177,1518.4,2112.56
aws,ap-south-1,India,r6i,x86(Intel),Intel Xeon Platinum 8375C,48,384,3.12,4.34087,74.88,104.1809,524.16,729.266,2277.6,3168.83
aws,ap-south-1,India,r6i,x86(Intel),Intel Xeon Platinum 8375C,64,512,4.16,5.78783,99.84,138.9078,698.88,972.355,3036.8,4225.11
aws,ap-south-1,India,r6i,x86(Intel),Intel Xeon Platinum 8375C,96,768,6.24,8.68174,149.76,208.3617,1048.32,1458.532,4555.2,6337.67
aws,ap-south-1,India,r6i,x86(Intel),Intel Xeon Platinum 8375C,128,1024,8.32,11.57565,199.68,277.8157,1397.76,1944.71,6073.6,8450.23
aws,ap-south-1,India,r7g,ARM,AWS Graviton3,1,8,0.0375,0.03,0.9,0.72,6.3,5.04,27.38,21.9
aws,ap-south-1,India,r7g,ARM,AWS Graviton3,2,16,0.0751,0.06008,1.8024,1.4419,12.617,10.094,54.82,43.86
aws,ap-south-1,India,r7g,ARM,AWS Graviton3,4,32,0.1502,0.12016,3.6048,2.8838,25.234,20.187,109.65,87.72
aws,ap-south-1,India,r7g,ARM,AWS Graviton3,8,64,0.3003,0.24024,7.2072,5.7658,50.45,40.36,219.22,175.38
aws,ap-south-1,India,r7g,ARM,AWS Graviton3,16,128,0.6006,0.48048,14.4144,11.5315,100.901,80.721,438.44,350.75
aws,ap-south-1,India,r7g,ARM,AWS Graviton3,32,256,1.2013,0.96104,28.8312,23.065,201.818,161.454,876.95,701.56
aws,ap-south-1,India,r7g,ARM,AWS Graviton3,48,384,1.8019,1.44152,43.2456,34.5965,302.719,242.175,1315.39,1052.31
aws,ap-south-1,India,r7g,ARM,AWS Graviton3,64,512,2.4026,1.92208,57.6624,46.1299,403.637,322.91,1753.9,1403.12
aws,ap-south-1,India,r7i,x86(Intel),Intel Xeon Platinum 8488C,2,16,0.1365,0.156,3.276,3.744,22.932,26.208,99.65,113.89
aws,ap-south-1,India,r7i,x86(Intel),Intel Xeon Platinum 8488C,4,32,0.273,0.312,6.552,7.488,45.864,52.416,199.29,227.76
aws,ap-south-1,India,r7i,x86(Intel),Intel Xeon Platinum 8488C,8,64,0.546,0.624,13.104,14.976,91.728,104.832,398.58,455.52
aws,ap-south-1,India,r7i,x86(Intel),Intel Xeon Platinum 8488C,16,128,1.092,1.248,26.208,29.952,183.456,209.664,797.16,911.04
aws,ap-south-1,India,r7i,x86(Intel),Intel Xeon Platinum 8488C,32,256,2.184,2.496,52.416,59.904,366.912,419.328,1594.32,1822.08
aws,ap-south-1,India,r7i,x86(Intel),Intel Xeon Platinum 8488C,48,384,3.276,3.744,78.624,89.856,550.368,628.992,2391.48,2733.12
aws,ap-south-1,India,r7i,x86(Intel),Intel Xeon Platinum 8488C,64,512,4.368,4.992,104.832,119.808,733.824,838.656,3188.64,3644.16
aws,ap-south-1,India,r7i,x86(Intel),Intel Xeon Platinum 8488C,96,768,6.552,7.488,157.248,179.712,1100.736,1257.984,4782.96,5466.24
aws,ap-south-1,India,r7i,x86(Intel),Intel Xeon Platinum 8488C,192,1536,13.104,14.976,314.496,359.424,2201.472,2515.968,9565.92,10932.48
aws,ap-south-1,India,r8g,ARM,AWS Graviton4,1,8,0.04129,0.02664,0.991,0.6394,6.937,4.475,30.14,19.45
aws,ap-south-1,India,r8g,ARM,AWS Graviton4,2,16,0.08258,0.05328,1.9819,1.2786,13.873,8.95,60.28,38.89
aws,ap-south-1,India,r8g,ARM,AWS Graviton4,4,32,0.16516,0.10655,3.9638,2.5573,27.747,17.901,120.57,77.79
aws,ap-south-1,India,r8g,ARM,AWS Graviton4,8,64,0.33032,0.21311,7.9277,5.1146,55.494,35.803,241.13,155.57
aws,ap-south-1,India,r8g,ARM,AWS Graviton4,16,128,0.66064,0.42622,15.8554,10.2293,110.988,71.605,482.27,311.14
aws,ap-south-1,India,r8g,ARM,AWS Graviton4,32,256,1.32128,0.85244,31.7107,20.4585,221.975,143.21,964.53,622.28
aws,ap-south-1,India,r8g,ARM,AWS Graviton4,48,384,1.98192,1.27866,47.5661,30.6878,332.963,214.815,1446.8,933.42
aws,ap-south-1,India,r8g,ARM,AWS Graviton4,64,512,2.64256,1.70488,63.4214,40.917,443.95,286.419,1929.07,1244.56
aws,ap-south-1,India,r8g,ARM,AWS Graviton4,96,768,3.96384,2.55732,95.1322,61.3756,665.925,429.629,2893.6,1866.84
aws,ap-south-1,India,r8g,ARM,AWS Graviton4,192,1536,7.92768,5.11463,190.2643,122.7512,1331.85,859.258,5787.21,3733.68
aws,ap-south-1,India,r8i,x86(Intel),Intel Xeon 6 6985P-C,2,16,0.14333,0.1274,3.4399,3.0577,24.079,21.404,104.63,93.0
aws,ap-south-1,India,r8i,x86(Intel),Intel Xeon 6 6985P-C,4,32,0.28666,0.25481,6.8798,6.1154,48.159,42.808,209.26,186.01
aws,ap-south-1,India,r8i,x86(Intel),Intel Xeon 6 6985P-C,8,64,0.57332,0.50962,13.7597,12.2308,96.318,85.616,418.52,372.02
aws,ap-south-1,India,r8i,x86(Intel),Intel Xeon 6 6985P-C,16,128,1.14664,1.01924,27.5194,24.4617,192.636,171.232,837.05,744.04
aws,ap-south-1,India,r8i,x86(Intel),Intel Xeon 6 6985P-C,32,256,2.29328,2.03847,55.0387,48.9233,385.271,342.463,1674.09,1488.08
aws,ap-south-1,India,r8i,x86(Intel),Intel Xeon 6 6985P-C,48,384,3.43992,3.05771,82.5581,73.385,577.907,513.695,2511.14,2232.12
aws,ap-south-1,India,r8i,x86(Intel),Intel Xeon 6 6985P-C,64,512,4.58656,4.07694,110.0774,97.8466,770.542,684.926,3348.19,2976.17
aws,ap-south-1,India,r8i,x86(Intel),Intel Xeon 6 6985P-C,96,768,6.87984,6.11541,165.1162,146.77,1155.813,1027.389,5022.28,4464.25
aws,ap-south-1,India,r8i,x86(Intel),Intel Xeon 6 6985P-C,128,1024,9.17312,8.15388,220.1549,195.6932,1541.084,1369.852,6696.38,5952.34
aws,ap-south-1,India,r8i,x86(Intel),Intel Xeon 6 6985P-C,192,1536,13.75968,12.23083,330.2323,293.5398,2311.626,2054.779,10044.57,8928.51
aws,ap-south-1,India,r8i,x86(Intel),Intel Xeon 6 6985P-C,384,3072,27.51936,24.46165,660.4646,587.0796,4623.252,4109.557,20089.13,17857.0
aws,ap-south-1,India,x8i,x86(Intel),Intel Xeon 6 6975P-C,2,32,0.22578,0.20069,5.4187,4.8166,37.931,33.716,164.82,146.51
aws,ap-south-1,India,x8i,x86(Intel),Intel Xeon 6 6975P-C,4,64,0.45156,0.40139,10.8374,9.6332,75.862,67.433,329.64,293.01
aws,ap-south-1,India,x8i,x86(Intel),Intel Xeon 6 6975P-C,8,128,0.90312,0.80277,21.6749,19.2666,151.724,134.866,659.28,586.03
aws,ap-south-1,India,x8i,x86(Intel),Intel Xeon 6 6975P-C,16,256,1.80624,1.60555,43.3498,38.5332,303.448,269.732,1318.56,1172.05
aws,ap-south-1,India,x8i,x86(Intel),Intel Xeon 6 6975P-C,32,512,3.61248,3.21109,86.6995,77.0662,606.897,539.464,2637.11,2344.1
aws,ap-south-1,India,x8i,x86(Intel),Intel Xeon 6 6975P-C,48,768,5.41872,4.81664,130.0493,115.5994,910.345,809.196,3955.67,3516.15
aws,ap-south-1,India,x8i,x86(Intel),Intel Xeon 6 6975P-C,64,1024,7.22496,6.42219,173.399,154.1324,1213.793,1078.927,5274.22,4688.2
aws,ap-south-1,India,x8i,x86(Intel),Intel Xeon 6 6975P-C,96,1536,10.83744,9.63328,260.0986,231.1988,1820.69,1618.391,7911.33,7032.29
aws,ap-south-1,India,x8i,x86(Intel),Intel Xeon 6 6975P-C,128,2048,14.44992,12.84437,346.7981,308.265,2427.587,2157.855,10548.44,9376.39
aws,ap-south-1,India,x8i,x86(Intel),Intel Xeon 6 6975P-C,192,3072,21.67488,19.26656,520.1971,462.3974,3641.38,3236.782,15822.66,14064.59
aws,ap-south-1,India,x8i,x86(Intel),Intel Xeon 6 6975P-C,256,4096,28.89984,25.68875,693.5962,616.53,4855.173,4315.709,21096.88,18752.78
aws,ap-south-1,India,x8i,x86(Intel),Intel Xeon 6 6975P-C,384,6144,50.23605,44.65427,1205.6652,1071.7024,8439.656,7501.916,36672.32,32597.62
aws,ap-south-2,India,c6a,x86(AMD),AMD EPYC 7R13,2,4,0.04675,0.05754,1.122,1.3809,7.854,9.666,34.13,42.01
aws,ap-south-2,India,c6a,x86(AMD),AMD EPYC 7R13,4,8,0.0935,0.11508,2.244,2.7618,15.708,19.333,68.26,84.01
aws,ap-south-2,India,c6a,x86(AMD),AMD EPYC 7R13,8,16,0.187,0.23015,4.488,5.5237,31.416,38.666,136.51,168.01
aws,ap-south-2,India,c6a,x86(AMD),AMD EPYC 7R13,16,32,0.374,0.46031,8.976,11.0474,62.832,77.332,273.02,336.02
aws,ap-south-2,India,c6a,x86(AMD),AMD EPYC 7R13,32,64,0.748,0.92062,17.952,22.0948,125.664,154.663,546.04,672.05
aws,ap-south-2,India,c6a,x86(AMD),AMD EPYC 7R13,48,96,1.122,1.38092,26.928,33.1422,188.496,231.995,819.06,1008.07
aws,ap-south-2,India,c6a,x86(AMD),AMD EPYC 7R13,64,128,1.496,1.84123,35.904,44.1895,251.328,309.327,1092.08,1344.1
aws,ap-south-2,India,c6a,x86(AMD),AMD EPYC 7R13,96,192,2.244,2.76185,53.856,66.2843,376.992,463.99,1638.12,2016.15
aws,ap-south-2,India,c6a,x86(AMD),AMD EPYC 7R13,128,256,2.992,3.68246,71.808,88.3791,502.656,618.654,2184.16,2688.2
aws,ap-south-2,India,c6a,x86(AMD),AMD EPYC 7R13,192,384,4.488,5.52369,107.712,132.5686,753.984,927.98,3276.24,4032.3
aws,ap-south-2,India,c6g,ARM,AWS Graviton2,1,2,0.0213,0.0213,0.5112,0.5112,3.578,3.578,15.55,15.55
aws,ap-south-2,India,c6g,ARM,AWS Graviton2,2,4,0.0426,0.0426,1.0224,1.0224,7.157,7.157,31.1,31.1
aws,ap-south-2,India,c6g,ARM,AWS Graviton2,4,8,0.0852,0.0852,2.0448,2.0448,14.314,14.314,62.2,62.2
aws,ap-south-2,India,c6g,ARM,AWS Graviton2,8,16,0.1704,0.1704,4.0896,4.0896,28.627,28.627,124.39,124.39
aws,ap-south-2,India,c6g,ARM,AWS Graviton2,16,32,0.3408,0.3408,8.1792,8.1792,57.254,57.254,248.78,248.78
aws,ap-south-2,India,c6g,ARM,AWS Graviton2,32,64,0.6816,0.6816,16.3584,16.3584,114.509,114.509,497.57,497.57
aws,ap-south-2,India,c6g,ARM,AWS Graviton2,48,96,1.0224,1.0224,24.5376,24.5376,171.763,171.763,746.35,746.35
aws,ap-south-2,India,c6g,ARM,AWS Graviton2,64,128,1.3632,1.3632,32.7168,32.7168,229.018,229.018,995.14,995.14
aws,ap-south-2,India,c6i,x86(Intel),Intel Xeon Platinum 8375C,2,4,0.085,0.11826,2.04,2.8383,14.28,19.868,62.05,86.33
aws,ap-south-2,India,c6i,x86(Intel),Intel Xeon Platinum 8375C,4,8,0.17,0.23652,4.08,5.6765,28.56,39.736,124.1,172.66
aws,ap-south-2,India,c6i,x86(Intel),Intel Xeon Platinum 8375C,8,16,0.34,0.47304,8.16,11.353,57.12,79.471,248.2,345.32
aws,ap-south-2,India,c6i,x86(Intel),Intel Xeon Platinum 8375C,16,32,0.68,0.94609,16.32,22.7061,114.24,158.943,496.4,690.64
aws,ap-south-2,India,c6i,x86(Intel),Intel Xeon Platinum 8375C,32,64,1.36,1.89217,32.64,45.4122,228.48,317.885,992.8,1381.29
aws,ap-south-2,India,c6i,x86(Intel),Intel Xeon Platinum 8375C,48,96,2.04,2.83826,48.96,68.1183,342.72,476.828,1489.2,2071.93
aws,ap-south-2,India,c6i,x86(Intel),Intel Xeon Platinum 8375C,64,128,2.72,3.78435,65.28,90.8243,456.96,635.77,1985.6,2762.57
aws,ap-south-2,India,c6i,x86(Intel),Intel Xeon Platinum 8375C,96,192,4.08,5.67652,97.92,136.2365,685.44,953.656,2978.4,4143.86
aws,ap-south-2,India,c6i,x86(Intel),Intel Xeon Platinum 8375C,128,256,5.44,7.5687,130.56,181.6487,913.92,1271.541,3971.2,5525.15
aws,ap-south-2,India,c7g,ARM,AWS Graviton3,1,2,0.0245,0.0196,0.588,0.4704,4.116,3.293,17.89,14.31
aws,ap-south-2,India,c7g,ARM,AWS Graviton3,2,4,0.0491,0.03928,1.1784,0.9427,8.249,6.599,35.84,28.67
aws,ap-south-2,India,c7g,ARM,AWS Graviton3,4,8,0.0982,0.07856,2.3568,1.8854,16.498,13.198,71.69,57.35
aws,ap-south-2,India,c7g,ARM,AWS Graviton3,8,16,0.1963,0.15704,4.7112,3.769,32.978,26.382,143.3,114.64
aws,ap-south-2,India,c7g,ARM,AWS Graviton3,16,32,0.3926,0.31408,9.4224,7.5379,65.957,52.766,286.6,229.28
aws,ap-south-2,India,c7g,ARM,AWS Graviton3,32,64,0.7853,0.62824,18.8472,15.0778,131.93,105.544,573.27,458.62
aws,ap-south-2,India,c7g,ARM,AWS Graviton3,48,96,1.1779,0.94232,28.2696,22.6157,197.887,158.31,859.87,687.9
aws,ap-south-2,India,c7g,ARM,AWS Graviton3,64,128,1.5706,1.25648,37.6944,30.1555,263.861,211.089,1146.54,917.23
aws,ap-south-2,India,c7i,x86(Intel),Intel Xeon Platinum 8488C,2,4,0.08925,0.102,2.142,2.448,14.994,17.136,65.15,74.46
aws,ap-south-2,India,c7i,x86(Intel),Intel Xeon Platinum 8488C,4,8,0.1785,0.204,4.284,4.896,29.988,34.272,130.3,148.91
aws,ap-south-2,India,c7i,x86(Intel),Intel Xeon Platinum 8488C,8,16,0.357,0.408,8.568,9.792,59.976,68.544,260.61,297.84
aws,ap-south-2,India,c7i,x86(Intel),Intel Xeon Platinum 8488C,16,32,0.714,0.816,17.136,19.584,119.952,137.088,521.22,595.68
aws,ap-south-2,India,c7i,x86(Intel),Intel Xeon Platinum 8488C,32,64,1.428,1.632,34.272,39.168,239.904,274.176,1042.44,1191.36
aws,ap-south-2,India,c7i,x86(Intel),Intel Xeon Platinum 8488C,48,96,2.142,2.448,51.408,58.752,359.856,411.264,1563.66,1787.04
aws,ap-south-2,India,c7i,x86(Intel),Intel Xeon Platinum 8488C,64,128,2.856,3.264,68.544,78.336,479.808,548.352,2084.88,2382.72
aws,ap-south-2,India,c7i,x86(Intel),Intel Xeon Platinum 8488C,96,192,4.284,4.896,102.816,117.504,719.712,822.528,3127.32,3574.08
aws,ap-south-2,India,c7i,x86(Intel),Intel Xeon Platinum 8488C,192,384,8.568,9.792,205.632,235.008,1439.424,1645.056,6254.64,7148.16
aws,ap-south-2,India,c8g,ARM,AWS Graviton4,1,2,0.02699,0.01741,0.6478,0.4179,4.534,2.925,19.7,12.71
aws,ap-south-2,India,c8g,ARM,AWS Graviton4,2,4,0.05398,0.03483,1.2955,0.8358,9.069,5.851,39.41,25.43
aws,ap-south-2,India,c8g,ARM,AWS Graviton4,4,8,0.10796,0.06965,2.591,1.6716,18.137,11.701,78.81,50.85
aws,ap-south-2,India,c8g,ARM,AWS Graviton4,8,16,0.21592,0.1393,5.1821,3.3433,36.275,23.403,157.62,101.69
aws,ap-south-2,India,c8g,ARM,AWS Graviton4,16,32,0.43184,0.27861,10.3642,6.6866,72.549,46.806,315.24,203.38
aws,ap-south-2,India,c8g,ARM,AWS Graviton4,32,64,0.86368,0.55721,20.7283,13.3731,145.098,93.612,630.49,406.77
aws,ap-south-2,India,c8g,ARM,AWS Graviton4,48,96,1.29552,0.83582,31.0925,20.0597,217.647,140.417,945.73,610.15
aws,ap-south-2,India,c8g,ARM,AWS Graviton4,64,128,1.72736,1.11443,41.4566,26.7462,290.196,187.223,1260.97,813.53
aws,ap-south-2,India,c8g,ARM,AWS Graviton4,96,192,2.59104,1.67164,62.185,40.1194,435.295,280.835,1891.46,1220.3
aws,ap-south-2,India,c8g,ARM,AWS Graviton4,192,384,5.18208,3.34328,124.3699,80.2386,870.589,561.67,3782.92,2440.59
aws,ap-south-2,India,c8i,x86(Intel),Intel Xeon 6 6975P-C,2,4,0.09371,0.0833,2.249,1.9991,15.743,13.994,68.41,60.81
aws,ap-south-2,India,c8i,x86(Intel),Intel Xeon 6 6975P-C,4,8,0.18742,0.1666,4.4981,3.9983,31.487,27.988,136.82,121.62
aws,ap-south-2,India,c8i,x86(Intel),Intel Xeon 6 6975P-C,8,16,0.37484,0.33319,8.9962,7.9966,62.973,55.976,273.63,243.23
aws,ap-south-2,India,c8i,x86(Intel),Intel Xeon 6 6975P-C,16,32,0.74968,0.66638,17.9923,15.9932,125.946,111.952,547.27,486.46
aws,ap-south-2,India,c8i,x86(Intel),Intel Xeon 6 6975P-C,32,64,1.49936,1.33276,35.9846,31.9863,251.892,223.904,1094.53,972.92
aws,ap-south-2,India,c8i,x86(Intel),Intel Xeon 6 6975P-C,48,96,2.24904,1.99915,53.977,47.9796,377.839,335.857,1641.8,1459.38
aws,ap-south-2,India,c8i,x86(Intel),Intel Xeon 6 6975P-C,64,128,2.99872,2.66553,71.9693,63.9727,503.785,447.809,2189.07,1945.84
aws,ap-south-2,India,c8i,x86(Intel),Intel Xeon 6 6975P-C,96,192,4.49808,3.99829,107.9539,95.959,755.677,671.713,3283.6,2918.76
aws,ap-south-2,India,c8i,x86(Intel),Intel Xeon 6 6975P-C,128,256,5.99744,5.33106,143.9386,127.9454,1007.57,895.618,4378.13,3891.67
aws,ap-south-2,India,c8i,x86(Intel),Intel Xeon 6 6975P-C,192,384,8.99616,7.99659,215.9078,191.918,1511.355,1343.427,6567.2,5837.51
aws,ap-south-2,India,c8i,x86(Intel),Intel Xeon 6 6975P-C,384,768,17.99232,15.99317,431.8157,383.8362,3022.71,2686.853,13134.39,11675.01
aws,ap-south-2,India,m6a,x86(AMD),AMD EPYC 7R13,2,8,0.05555,0.06837,1.3332,1.6409,9.332,11.486,40.55,49.91
aws,ap-south-2,India,m6a,x86(AMD),AMD EPYC 7R13,4,16,0.1111,0.13674,2.6664,3.2817,18.665,22.972,81.1,99.82
aws,ap-south-2,India,m6a,x86(AMD),AMD EPYC 7R13,8,32,0.2222,0.27348,5.3328,6.5634,37.33,45.945,162.21,199.64
aws,ap-south-2,India,m6a,x86(AMD),AMD EPYC 7R13,16,64,0.4444,0.54695,10.6656,13.1269,74.659,91.888,324.41,399.27
aws,ap-south-2,India,m6a,x86(AMD),AMD EPYC 7R13,32,128,0.8888,1.09391,21.3312,26.2538,149.318,183.776,648.82,798.55
aws,ap-south-2,India,m6a,x86(AMD),AMD EPYC 7R13,48,192,1.3332,1.64086,31.9968,39.3807,223.978,275.665,973.24,1197.83
aws,ap-south-2,India,m6a,x86(AMD),AMD EPYC 7R13,64,256,1.7776,2.18782,42.6624,52.5076,298.637,367.553,1297.65,1597.11
aws,ap-south-2,India,m6a,x86(AMD),AMD EPYC 7R13,96,384,2.6664,3.28172,63.9936,78.7614,447.955,551.329,1946.47,2395.66
aws,ap-south-2,India,m6a,x86(AMD),AMD EPYC 7R13,128,512,3.5552,4.37563,85.3248,105.0151,597.274,735.106,2595.3,3194.22
aws,ap-south-2,India,m6a,x86(AMD),AMD EPYC 7R13,192,768,5.3328,6.56345,127.9872,157.5227,895.91,1102.658,3892.94,4791.31
aws,ap-south-2,India,m6g,ARM,AWS Graviton2,1,4,0.0253,0.0253,0.6072,0.6072,4.25,4.25,18.47,18.47
aws,ap-south-2,India,m6g,ARM,AWS Graviton2,2,8,0.0506,0.0506,1.2144,1.2144,8.501,8.501,36.94,36.94
aws,ap-south-2,India,m6g,ARM,AWS Graviton2,4,16,0.1012,0.1012,2.4288,2.4288,17.002,17.002,73.88,73.88
aws,ap-south-2,India,m6g,ARM,AWS Graviton2,8,32,0.2024,0.2024,4.8576,4.8576,34.003,34.003,147.75,147.75
aws,ap-south-2,India,m6g,ARM,AWS Graviton2,16,64,0.4048,0.4048,9.7152,9.7152,68.006,68.006,295.5,295.5
aws,ap-south-2,India,m6g,ARM,AWS Graviton2,32,128,0.8096,0.8096,19.4304,19.4304,136.013,136.013,591.01,591.01
aws,ap-south-2,India,m6g,ARM,AWS Graviton2,48,192,1.2144,1.2144,29.1456,29.1456,204.019,204.019,886.51,886.51
aws,ap-south-2,India,m6g,ARM,AWS Graviton2,64,256,1.6192,1.6192,38.8608,38.8608,272.026,272.026,1182.02,1182.02
aws,ap-south-2,India,m6i,x86(Intel),Intel Xeon Platinum 8375C,2,8,0.101,0.14052,2.424,3.3725,16.968,23.608,73.73,102.58
aws,ap-south-2,India,m6i,x86(Intel),Intel Xeon Platinum 8375C,4,16,0.202,0.28104,4.848,6.745,33.936,47.215,147.46,205.16
aws,ap-south-2,India,m6i,x86(Intel),Intel Xeon Platinum 8375C,8,32,0.404,0.56209,9.696,13.4901,67.872,94.431,294.92,410.32
aws,ap-south-2,India,m6i,x86(Intel),Intel Xeon Platinum 8375C,16,64,0.808,1.12417,19.392,26.9802,135.744,188.861,589.84,820.65
aws,ap-south-2,India,m6i,x86(Intel),Intel Xeon Platinum 8375C,32,128,1.616,2.24835,38.784,53.9603,271.488,377.722,1179.68,1641.29
aws,ap-south-2,India,m6i,x86(Intel),Intel Xeon Platinum 8375C,48,192,2.424,3.37252,58.176,80.9405,407.232,566.584,1769.52,2461.94
aws,ap-south-2,India,m6i,x86(Intel),Intel Xeon Platinum 8375C,64,256,3.232,4.4967,77.568,107.9207,542.976,755.445,2359.36,3282.59
aws,ap-south-2,India,m6i,x86(Intel),Intel Xeon Platinum 8375C,96,384,4.848,6.74504,116.352,161.881,814.464,1133.167,3539.04,4923.88
aws,ap-south-2,India,m6i,x86(Intel),Intel Xeon Platinum 8375C,128,512,6.464,8.99339,155.136,215.8414,1085.952,1510.89,4718.72,6565.18
aws,ap-south-2,India,m7g,ARM,AWS Graviton3,1,4,0.0292,0.02336,0.7008,0.5606,4.906,3.925,21.32,17.06
aws,ap-south-2,India,m7g,ARM,AWS Graviton3,2,8,0.0583,0.04664,1.3992,1.1194,9.794,7.835,42.56,34.05
aws,ap-south-2,India,m7g,ARM,AWS Graviton3,4,16,0.1166,0.09328,2.7984,2.2387,19.589,15.671,85.12,68.1
aws,ap-south-2,India,m7g,ARM,AWS Graviton3,8,32,0.2333,0.18664,5.5992,4.4794,39.194,31.355,170.31,136.25
aws,ap-south-2,India,m7g,ARM,AWS Graviton3,16,64,0.4666,0.37328,11.1984,8.9587,78.389,62.711,340.62,272.5
aws,ap-south-2,India,m7g,ARM,AWS Graviton3,32,128,0.9331,0.74648,22.3944,17.9155,156.761,125.409,681.16,544.93
aws,ap-south-2,India,m7g,ARM,AWS Graviton3,48,192,1.3997,1.11976,33.5928,26.8742,235.15,188.12,1021.78,817.42
aws,ap-south-2,India,m7g,ARM,AWS Graviton3,64,256,1.8662,1.49296,44.7888,35.831,313.522,250.818,1362.33,1089.86
aws,ap-south-2,India,m7i,x86(Intel),Intel Xeon Platinum 8488C,2,8,0.10605,0.1212,2.5452,2.9088,17.816,20.361,77.42,88.48
aws,ap-south-2,India,m7i,x86(Intel),Intel Xeon Platinum 8488C,4,16,0.2121,0.2424,5.0904,5.8176,35.633,40.723,154.83,176.95
aws,ap-south-2,India,m7i,x86(Intel),Intel Xeon Platinum 8488C,8,32,0.4242,0.4848,10.1808,11.6352,71.266,81.447,309.67,353.91
aws,ap-south-2,India,m7i,x86(Intel),Intel Xeon Platinum 8488C,16,64,0.8484,0.9696,20.3616,23.2704,142.531,162.893,619.33,707.81
aws,ap-south-2,India,m7i,x86(Intel),Intel Xeon Platinum 8488C,32,128,1.6968,1.9392,40.7232,46.5408,285.062,325.785,1238.66,1415.61
aws,ap-south-2,India,m7i,x86(Intel),Intel Xeon Platinum 8488C,48,192,2.5452,2.9088,61.0848,69.8112,427.594,488.679,1858.0,2123.43
aws,ap-south-2,India,m7i,x86(Intel),Intel Xeon Platinum 8488C,64,256,3.3936,3.8784,81.4464,93.0816,570.125,651.571,2477.33,2831.23
aws,ap-south-2,India,m7i,x86(Intel),Intel Xeon Platinum 8488C,96,384,5.0904,5.8176,122.1696,139.6224,855.187,977.357,3715.99,4246.85
aws,ap-south-2,India,m7i,x86(Intel),Intel Xeon Platinum 8488C,192,768,10.1808,11.6352,244.3392,279.2448,1710.374,1954.713,7431.98,8493.69
aws,ap-south-2,India,m8g,ARM,AWS Graviton4,1,4,0.03208,0.0207,0.7699,0.4967,5.389,3.477,23.42,15.11
aws,ap-south-2,India,m8g,ARM,AWS Graviton4,2,8,0.06416,0.04139,1.5398,0.9934,10.779,6.954,46.84,30.22
aws,ap-south-2,India,m8g,ARM,AWS Graviton4,4,16,0.12832,0.08279,3.0797,1.9869,21.558,13.908,93.67,60.43
aws,ap-south-2,India,m8g,ARM,AWS Graviton4,8,32,0.25664,0.16557,6.1594,3.9738,43.116,27.817,187.35,120.87
aws,ap-south-2,India,m8g,ARM,AWS Graviton4,16,64,0.51328,0.33115,12.3187,7.9475,86.231,55.633,374.69,241.74
aws,ap-south-2,India,m8g,ARM,AWS Graviton4,32,128,1.02656,0.6623,24.6374,15.8951,172.462,111.266,749.39,483.48
aws,ap-south-2,India,m8g,ARM,AWS Graviton4,48,192,1.53984,0.99345,36.9562,23.8427,258.693,166.899,1124.08,725.21
aws,ap-south-2,India,m8g,ARM,AWS Graviton4,64,256,2.05312,1.32459,49.2749,31.7903,344.924,222.532,1498.78,966.95
aws,ap-south-2,India,m8g,ARM,AWS Graviton4,96,384,3.07968,1.98689,73.9123,47.6854,517.386,333.797,2248.17,1450.43
aws,ap-south-2,India,m8g,ARM,AWS Graviton4,192,768,6.15936,3.97378,147.8246,95.3707,1034.772,667.595,4496.33,2900.86
aws,ap-south-2,India,m8i,x86(Intel),Intel Xeon 6 6975P-C,2,8,0.11135,0.09898,2.6724,2.3755,18.707,16.628,81.29,72.26
aws,ap-south-2,India,m8i,x86(Intel),Intel Xeon 6 6975P-C,4,16,0.2227,0.19796,5.3448,4.7509,37.414,33.257,162.57,144.51
aws,ap-south-2,India,m8i,x86(Intel),Intel Xeon 6 6975P-C,8,32,0.4454,0.39591,10.6896,9.5019,74.827,66.513,325.14,289.01
aws,ap-south-2,India,m8i,x86(Intel),Intel Xeon 6 6975P-C,16,64,0.8908,0.79182,21.3792,19.0037,149.654,133.026,650.28,578.03
aws,ap-south-2,India,m8i,x86(Intel),Intel Xeon 6 6975P-C,32,128,1.7816,1.58364,42.7584,38.0075,299.309,266.052,1300.57,1156.06
aws,ap-south-2,India,m8i,x86(Intel),Intel Xeon 6 6975P-C,48,192,2.6724,2.37547,64.1376,57.0112,448.963,399.078,1950.85,1734.09
aws,ap-south-2,India,m8i,x86(Intel),Intel Xeon 6 6975P-C,64,256,3.5632,3.16729,85.5168,76.0149,598.618,532.105,2601.14,2312.12
aws,ap-south-2,India,m8i,x86(Intel),Intel Xeon 6 6975P-C,96,384,5.3448,4.75093,128.2752,114.0224,897.926,798.156,3901.7,3468.18
aws,ap-south-2,India,m8i,x86(Intel),Intel Xeon 6 6975P-C,128,512,7.1264,6.33458,171.0336,152.0299,1197.235,1064.209,5202.27,4624.24
aws,ap-south-2,India,m8i,x86(Intel),Intel Xeon 6 6975P-C,192,768,10.6896,9.50187,256.5504,228.0448,1795.853,1596.314,7803.41,6936.36
aws,ap-south-2,India,m8i,x86(Intel),Intel Xeon 6 6975P-C,384,1536,21.3792,19.00373,513.1008,456.0896,3591.706,3192.628,15606.82,13872.73
aws,ap-south-2,India,r6a,x86(AMD),AMD EPYC 7R13,2,16,0.0715,0.088,1.716,2.112,12.012,14.784,52.19,64.23
aws,ap-south-2,India,r6a,x86(AMD),AMD EPYC 7R13,4,32,0.143,0.176,3.432,4.224,24.024,29.568,104.39,128.48
aws,ap-south-2,India,r6a,x86(AMD),AMD EPYC 7R13,8,64,0.286,0.352,6.864,8.448,48.048,59.136,208.78,256.96
aws,ap-south-2,India,r6a,x86(AMD),AMD EPYC 7R13,16,128,0.572,0.704,13.728,16.896,96.096,118.272,417.56,513.92
aws,ap-south-2,India,r6a,x86(AMD),AMD EPYC 7R13,32,256,1.144,1.408,27.456,33.792,192.192,236.544,835.12,1027.84
aws,ap-south-2,India,r6a,x86(AMD),AMD EPYC 7R13,48,384,1.716,2.112,41.184,50.688,288.288,354.816,1252.68,1541.76
aws,ap-south-2,India,r6a,x86(AMD),AMD EPYC 7R13,64,512,2.288,2.816,54.912,67.584,384.384,473.088,1670.24,2055.68
aws,ap-south-2,India,r6a,x86(AMD),AMD EPYC 7R13,96,768,3.432,4.224,82.368,101.376,576.576,709.632,2505.36,3083.52
aws,ap-south-2,India,r6a,x86(AMD),AMD EPYC 7R13,128,1024,4.576,5.632,109.824,135.168,768.768,946.176,3340.48,4111.36
aws,ap-south-2,India,r6a,x86(AMD),AMD EPYC 7R13,192,1536,6.864,8.448,164.736,202.752,1153.152,1419.264,5010.72,6167.04
aws,ap-south-2,India,r6g,ARM,AWS Graviton2,1,8,0.0325,0.0325,0.78,0.78,5.46,5.46,23.72,23.72
aws,ap-south-2,India,r6g,ARM,AWS Graviton2,2,16,0.065,0.065,1.56,1.56,10.92,10.92,47.45,47.45
aws,ap-south-2,India,r6g,ARM,AWS Graviton2,4,32,0.13,0.13,3.12,3.12,21.84,21.84,94.9,94.9
aws,ap-south-2,India,r6g,ARM,AWS Graviton2,8,64,0.26,0.26,6.24,6.24,43.68,43.68,189.8,189.8
aws,ap-south-2,India,r6g,ARM,AWS Graviton2,16,128,0.52,0.52,12.48,12.48,87.36,87.36,379.6,379.6
aws,ap-south-2,India,r6g,ARM,AWS Graviton2,32,256,1.04,1.04,24.96,24.96,174.72,174.72,759.2,759.2
aws,ap-south-2,India,r6g,ARM,AWS Graviton2,48,384,1.56,1.56,37.44,37.44,262.08,262.08,1138.8,1138.8
aws,ap-south-2,India,r6g,ARM,AWS Graviton2,64,512,2.08,2.08,49.92,49.92,349.44,349.44,1518.4,1518.4
aws,ap-south-2,India,r6i,x86(Intel),Intel Xeon Platinum 8375C,2,16,0.13,0.18087,3.12,4.3409,21.84,30.386,94.9,132.03
aws,ap-south-2,India,r6i,x86(Intel),Intel Xeon Platinum 8375C,4,32,0.26,0.36174,6.24,8.6817,43.68,60.772,189.8,264.07
aws,ap-south-2,India,r6i,x86(Intel),Intel Xeon Platinum 8375C,8,64,0.52,0.72348,12.48,17.3635,87.36,121.544,379.6,528.14
aws,ap-south-2,India,r6i,x86(Intel),Intel Xeon Platinum 8375C,16,128,1.04,1.44696,24.96,34.727,174.72,243.089,759.2,1056.28
aws,ap-south-2,India,r6i,x86(Intel),Intel Xeon Platinum 8375C,32,256,2.08,2.89391,49.92,69.4539,349.44,486.177,1518.4,2112.56
aws,ap-south-2,India,r6i,x86(Intel),Intel Xeon Platinum 8375C,48,384,3.12,4.34087,74.88,104.1809,524.16,729.266,2277.6,3168.83
aws,ap-south-2,India,r6i,x86(Intel),Intel Xeon Platinum 8375C,64,512,4.16,5.78783,99.84,138.9078,698.88,972.355,3036.8,4225.11
aws,ap-south-2,India,r6i,x86(Intel),Intel Xeon Platinum 8375C,96,768,6.24,8.68174,149.76,208.3617,1048.32,1458.532,4555.2,6337.67
aws,ap-south-2,India,r6i,x86(Intel),Intel Xeon Platinum 8375C,128,1024,8.32,11.57565,199.68,277.8157,1397.76,1944.71,6073.6,8450.23
aws,ap-south-2,India,r7a,x86(AMD),AMD EPYC 9R14,1,8,0.07849,0.04757,1.8838,1.1417,13.186,7.992,57.3,34.73
aws,ap-south-2,India,r7a,x86(AMD),AMD EPYC 9R14,2,16,0.15698,0.09514,3.7675,2.2833,26.373,15.984,114.6,69.45
aws,ap-south-2,India,r7a,x86(AMD),AMD EPYC 9R14,4,32,0.31396,0.19028,7.535,4.5667,52.745,31.967,229.19,138.9
aws,ap-south-2,India,r7a,x86(AMD),AMD EPYC 9R14,8,64,0.62792,0.38056,15.0701,9.1334,105.491,63.934,458.38,277.81
aws,ap-south-2,India,r7a,x86(AMD),AMD EPYC 9R14,16,128,1.25584,0.76112,30.1402,18.2668,210.981,127.867,916.76,555.61
aws,ap-south-2,India,r7a,x86(AMD),AMD EPYC 9R14,32,256,2.51168,1.52223,60.2803,36.5335,421.962,255.735,1833.53,1111.23
aws,ap-south-2,India,r7a,x86(AMD),AMD EPYC 9R14,48,384,3.76752,2.28335,90.4205,54.8003,632.943,383.602,2750.29,1666.84
aws,ap-south-2,India,r7a,x86(AMD),AMD EPYC 9R14,64,512,5.02336,3.04446,120.5606,73.067,843.924,511.469,3667.05,2222.45
aws,ap-south-2,India,r7a,x86(AMD),AMD EPYC 9R14,96,768,7.53504,4.56669,180.841,109.6006,1265.887,767.204,5500.58,3333.68
aws,ap-south-2,India,r7a,x86(AMD),AMD EPYC 9R14,128,1024,10.04672,6.08892,241.1213,146.1341,1687.849,1022.939,7334.11,4444.92
aws,ap-south-2,India,r7a,x86(AMD),AMD EPYC 9R14,192,1536,15.07008,9.13338,361.6819,219.2012,2531.773,1534.408,11001.16,6667.37
aws,ap-south-2,India,r7g,ARM,AWS Graviton3,1,8,0.0375,0.03,0.9,0.72,6.3,5.04,27.38,21.9
aws,ap-south-2,India,r7g,ARM,AWS Graviton3,2,16,0.0751,0.06008,1.8024,1.4419,12.617,10.094,54.82,43.86
aws,ap-south-2,India,r7g,ARM,AWS Graviton3,4,32,0.1502,0.12016,3.6048,2.8838,25.234,20.187,109.65,87.72
aws,ap-south-2,India,r7g,ARM,AWS Graviton3,8,64,0.3003,0.24024,7.2072,5.7658,50.45,40.36,219.22,175.38
aws,ap-south-2,India,r7g,ARM,AWS Graviton3,16,128,0.6006,0.48048,14.4144,11.5315,100.901,80.721,438.44,350.75
aws,ap-south-2,India,r7g,ARM,AWS Graviton3,32,256,1.2013,0.96104,28.8312,23.065,201.818,161.454,876.95,701.56
aws,ap-south-2,India,r7g,ARM,AWS Graviton3,48,384,1.8019,1.44152,43.2456,34.5965,302.719,242.175,1315.39,1052.31
aws,ap-south-2,India,r7g,ARM,AWS Graviton3,64,512,2.4026,1.92208,57.6624,46.1299,403.637,322.91,1753.9,1403.12
aws,ap-south-2,India,r7i,x86(Intel),Intel Xeon Platinum 8488C,2,16,0.1365,0.156,3.276,3.744,22.932,26.208,99.65,113.89
aws,ap-south-2,India,r7i,x86(Intel),Intel Xeon Platinum 8488C,4,32,0.273,0.312,6.552,7.488,45.864,52.416,199.29,227.76
aws,ap-south-2,India,r7i,x86(Intel),Intel Xeon Platinum 8488C,8,64,0.546,0.624,13.104,14.976,91.728,104.832,398.58,455.52
aws,ap-south-2,India,r7i,x86(Intel),Intel Xeon Platinum 8488C,16,128,1.092,1.248,26.208,29.952,183.456,209.664,797.16,911.04
aws,ap-south-2,India,r7i,x86(Intel),Intel Xeon Platinum 8488C,32,256,2.184,2.496,52.416,59.904,366.912,419.328,1594.32,1822.08
aws,ap-south-2,India,r7i,x86(Intel),Intel Xeon Platinum 8488C,48,384,3.276,3.744,78.624,89.856,550.368,628.992,2391.48,2733.12
aws,ap-south-2,India,r7i,x86(Intel),Intel Xeon Platinum 8488C,64,512,4.368,4.992,104.832,119.808,733.824,838.656,3188.64,3644.16
aws,ap-south-2,India,r7i,x86(Intel),Intel Xeon Platinum 8488C,96,768,6.552,7.488,157.248,179.712,1100.736,1257.984,4782.96,5466.24
aws,ap-south-2,India,r7i,x86(Intel),Intel Xeon Platinum 8488C,192,1536,13.104,14.976,314.496,359.424,2201.472,2515.968,9565.92,10932.48
aws,ap-south-2,India,r8g,ARM,AWS Graviton4,1,8,0.04129,0.02664,0.991,0.6394,6.937,4.475,30.14,19.45
aws,ap-south-2,India,r8g,ARM,AWS Graviton4,2,16,0.08258,0.05328,1.9819,1.2786,13.873,8.95,60.28,38.89
aws,ap-south-2,India,r8g,ARM,AWS Graviton4,4,32,0.16516,0.10655,3.9638,2.5573,27.747,17.901,120.57,77.79
aws,ap-south-2,India,r8g,ARM,AWS Graviton4,8,64,0.33032,0.21311,7.9277,5.1146,55.494,35.803,241.13,155.57
aws,ap-south-2,India,r8g,ARM,AWS Graviton4,16,128,0.66064,0.42622,15.8554,10.2293,110.988,71.605,482.27,311.14
aws,ap-south-2,India,r8g,ARM,AWS Graviton4,32,256,1.32128,0.85244,31.7107,20.4585,221.975,143.21,964.53,622.28
aws,ap-south-2,India,r8g,ARM,AWS Graviton4,48,384,1.98192,1.27866,47.5661,30.6878,332.963,214.815,1446.8,933.42
aws,ap-south-2,India,r8g,ARM,AWS Graviton4,64,512,2.64256,1.70488,63.4214,40.917,443.95,286.419,1929.07,1244.56
aws,ap-south-2,India,r8g,ARM,AWS Graviton4,96,768,3.96384,2.55732,95.1322,61.3756,665.925,429.629,2893.6,1866.84
aws,ap-south-2,India,r8g,ARM,AWS Graviton4,192,1536,7.92768,5.11463,190.2643,122.7512,1331.85,859.258,5787.21,3733.68
aws,ap-south-2,India,r8i,x86(Intel),Intel Xeon 6 6985P-C,2,16,0.14333,0.1274,3.4399,3.0577,24.079,21.404,104.63,93.0
aws,ap-south-2,India,r8i,x86(Intel),Intel Xeon 6 6985P-C,4,32,0.28666,0.25481,6.8798,6.1154,48.159,42.808,209.26,186.01
aws,ap-south-2,India,r8i,x86(Intel),Intel Xeon 6 6985P-C,8,64,0.57332,0.50962,13.7597,12.2308,96.318,85.616,418.52,372.02
aws,ap-south-2,India,r8i,x86(Intel),Intel Xeon 6 6985P-C,16,128,1.14664,1.01924,27.5194,24.4617,192.636,171.232,837.05,744.04
aws,ap-south-2,India,r8i,x86(Intel),Intel Xeon 6 6985P-C,32,256,2.29328,2.03847,55.0387,48.9233,385.271,342.463,1674.09,1488.08
aws,ap-south-2,India,r8i,x86(Intel),Intel Xeon 6 6985P-C,48,384,3.43992,3.05771,82.5581,73.385,577.907,513.695,2511.14,2232.12
aws,ap-south-2,India,r8i,x86(Intel),Intel Xeon 6 6985P-C,64,512,4.58656,4.07694,110.0774,97.8466,770.542,684.926,3348.19,2976.17
aws,ap-south-2,India,r8i,x86(Intel),Intel Xeon 6 6985P-C,96,768,6.87984,6.11541,165.1162,146.77,1155.813,1027.389,5022.28,4464.25
aws,ap-south-2,India,r8i,x86(Intel),Intel Xeon 6 6985P-C,128,1024,9.17312,8.15388,220.1549,195.6932,1541.084,1369.852,6696.38,5952.34
aws,ap-south-2,India,r8i,x86(Intel),Intel Xeon 6 6985P-C,192,1536,13.75968,12.23083,330.2323,293.5398,2311.626,2054.779,10044.57,8928.51
aws,ap-south-2,India,r8i,x86(Intel),Intel Xeon 6 6985P-C,384,3072,27.51936,24.46165,660.4646,587.0796,4623.252,4109.557,20089.13,17857.0
aws,ap-southeast-1,Singapore,c6a,x86(AMD),AMD EPYC 7R13,2,4,0.0882,0.10855,2.1168,2.6053,14.818,18.238,64.39,79.25
aws,ap-southeast-1,Singapore,c6a,x86(AMD),AMD EPYC 7R13,4,8,0.1764,0.21711,4.2336,5.2106,29.635,36.474,128.77,158.49
aws,ap-southeast-1,Singapore,c6a,x86(AMD),AMD EPYC 7R13,8,16,0.3528,0.43422,8.4672,10.4212,59.27,72.948,257.54,316.97
aws,ap-southeast-1,Singapore,c6a,x86(AMD),AMD EPYC 7R13,16,32,0.7056,0.86843,16.9344,20.8423,118.541,145.897,515.09,633.96
aws,ap-southeast-1,Singapore,c6a,x86(AMD),AMD EPYC 7R13,32,64,1.4112,1.73686,33.8688,41.6847,237.082,291.793,1030.18,1267.91
aws,ap-southeast-1,Singapore,c6a,x86(AMD),AMD EPYC 7R13,48,96,2.1168,2.60529,50.8032,62.527,355.622,437.689,1545.26,1901.86
aws,ap-southeast-1,Singapore,c6a,x86(AMD),AMD EPYC 7R13,64,128,2.8224,3.47372,67.7376,83.3694,474.163,583.585,2060.35,2535.82
aws,ap-southeast-1,Singapore,c6a,x86(AMD),AMD EPYC 7R13,96,192,4.2336,5.21058,101.6064,125.054,711.245,875.378,3090.53,3803.73
aws,ap-southeast-1,Singapore,c6a,x86(AMD),AMD EPYC 7R13,128,256,5.6448,6.94745,135.4752,166.7387,948.326,1167.17,4120.7,5071.63
aws,ap-southeast-1,Singapore,c6a,x86(AMD),AMD EPYC 7R13,192,384,8.4672,10.42117,203.2128,250.1081,1422.49,1750.757,6181.06,7607.46
aws,ap-southeast-1,Singapore,c6g,ARM,AWS Graviton2,1,2,0.0392,0.0392,0.9408,0.9408,6.586,6.586,28.62,28.62
aws,ap-southeast-1,Singapore,c6g,ARM,AWS Graviton2,2,4,0.0784,0.0784,1.8816,1.8816,13.171,13.171,57.23,57.23
aws,ap-southeast-1,Singapore,c6g,ARM,AWS Graviton2,4,8,0.1568,0.1568,3.7632,3.7632,26.342,26.342,114.46,114.46
aws,ap-southeast-1,Singapore,c6g,ARM,AWS Graviton2,8,16,0.3136,0.3136,7.5264,7.5264,52.685,52.685,228.93,228.93
aws,ap-southeast-1,Singapore,c6g,ARM,AWS Graviton2,16,32,0.6272,0.6272,15.0528,15.0528,105.37,105.37,457.86,457.86
aws,ap-southeast-1,Singapore,c6g,ARM,AWS Graviton2,32,64,1.2544,1.2544,30.1056,30.1056,210.739,210.739,915.71,915.71
aws,ap-southeast-1,Singapore,c6g,ARM,AWS Graviton2,48,96,1.8816,1.8816,45.1584,45.1584,316.109,316.109,1373.57,1373.57
aws,ap-southeast-1,Singapore,c6g,ARM,AWS Graviton2,64,128,2.5088,2.5088,60.2112,60.2112,421.478,421.478,1831.42,1831.42
aws,ap-southeast-1,Singapore,c6i,x86(Intel),Intel Xeon Platinum 8375C,2,4,0.098,0.13635,2.352,3.2723,16.464,22.906,71.54,99.53
aws,ap-southeast-1,Singapore,c6i,x86(Intel),Intel Xeon Platinum 8375C,4,8,0.196,0.2727,4.704,6.5447,32.928,45.813,143.08,199.07
aws,ap-southeast-1,Singapore,c6i,x86(Intel),Intel Xeon Platinum 8375C,8,16,0.392,0.54539,9.408,13.0894,65.856,91.626,286.16,398.14
aws,ap-southeast-1,Singapore,c6i,x86(Intel),Intel Xeon Platinum 8375C,16,32,0.784,1.09078,18.816,26.1788,131.712,183.251,572.32,796.27
aws,ap-southeast-1,Singapore,c6i,x86(Intel),Intel Xeon Platinum 8375C,32,64,1.568,2.18157,37.632,52.3576,263.424,366.503,1144.64,1592.54
aws,ap-southeast-1,Singapore,c6i,x86(Intel),Intel Xeon Platinum 8375C,48,96,2.352,3.27235,56.448,78.5363,395.136,549.754,1716.96,2388.81
aws,ap-southeast-1,Singapore,c6i,x86(Intel),Intel Xeon Platinum 8375C,64,128,3.136,4.36313,75.264,104.7151,526.848,733.006,2289.28,3185.09
aws,ap-southeast-1,Singapore,c6i,x86(Intel),Intel Xeon Platinum 8375C,96,192,4.704,6.5447,112.896,157.0727,790.272,1099.509,3433.92,4777.63
aws,ap-southeast-1,Singapore,c6i,x86(Intel),Intel Xeon Platinum 8375C,128,256,6.272,8.72626,150.528,209.4303,1053.696,1466.012,4578.56,6370.17
aws,ap-southeast-1,Singapore,c7a,x86(AMD),AMD EPYC 9R14,1,2,0.05917,0.03586,1.4201,0.8607,9.941,6.025,43.19,26.18
aws,ap-southeast-1,Singapore,c7a,x86(AMD),AMD EPYC 9R14,2,4,0.11834,0.07172,2.8402,1.7213,19.881,12.049,86.39,52.36
aws,ap-southeast-1,Singapore,c7a,x86(AMD),AMD EPYC 9R14,4,8,0.23668,0.14344,5.6803,3.4426,39.762,24.098,172.78,104.72
aws,ap-southeast-1,Singapore,c7a,x86(AMD),AMD EPYC 9R14,8,16,0.47336,0.28688,11.3606,6.8852,79.524,48.196,345.55,209.42
aws,ap-southeast-1,Singapore,c7a,x86(AMD),AMD EPYC 9R14,16,32,0.94672,0.57377,22.7213,13.7705,159.049,96.393,691.11,418.85
aws,ap-southeast-1,Singapore,c7a,x86(AMD),AMD EPYC 9R14,32,64,1.89344,1.14754,45.4426,27.541,318.098,192.787,1382.21,837.7
aws,ap-southeast-1,Singapore,c7a,x86(AMD),AMD EPYC 9R14,48,96,2.84016,1.72131,68.1638,41.3114,477.147,289.18,2073.32,1256.56
aws,ap-southeast-1,Singapore,c7a,x86(AMD),AMD EPYC 9R14,64,128,3.78688,2.29508,90.8851,55.0819,636.196,385.573,2764.42,1675.41
aws,ap-southeast-1,Singapore,c7a,x86(AMD),AMD EPYC 9R14,96,192,5.68032,3.44262,136.3277,82.6228,954.294,578.36,4146.63,2513.11
aws,ap-southeast-1,Singapore,c7a,x86(AMD),AMD EPYC 9R14,128,256,7.57376,4.59016,181.7702,110.1638,1272.392,771.147,5528.84,3350.81
aws,ap-southeast-1,Singapore,c7a,x86(AMD),AMD EPYC 9R14,192,384,11.36064,6.88524,272.6554,165.2457,1908.588,1156.72,8293.27,5026.22
aws,ap-southeast-1,Singapore,c7g,ARM,AWS Graviton3,1,2,0.0417,0.03336,1.0008,0.8006,7.006,5.605,30.44,24.35
aws,ap-southeast-1,Singapore,c7g,ARM,AWS Graviton3,2,4,0.0833,0.06664,1.9992,1.5994,13.994,11.195,60.81,48.65
aws,ap-southeast-1,Singapore,c7g,ARM,AWS Graviton3,4,8,0.1666,0.13328,3.9984,3.1987,27.989,22.391,121.62,97.3
aws,ap-southeast-1,Singapore,c7g,ARM,AWS Graviton3,8,16,0.3332,0.26656,7.9968,6.3974,55.978,44.782,243.24,194.59
aws,ap-southeast-1,Singapore,c7g,ARM,AWS Graviton3,16,32,0.6664,0.53312,15.9936,12.7949,111.955,89.564,486.47,389.18
aws,ap-southeast-1,Singapore,c7g,ARM,AWS Graviton3,32,64,1.3328,1.06624,31.9872,25.5898,223.91,179.128,972.94,778.35
aws,ap-southeast-1,Singapore,c7g,ARM,AWS Graviton3,48,96,1.9992,1.59936,47.9808,38.3846,335.866,268.693,1459.42,1167.54
aws,ap-southeast-1,Singapore,c7g,ARM,AWS Graviton3,64,128,2.6656,2.13248,63.9744,51.1795,447.821,358.257,1945.89,1556.71
aws,ap-southeast-1,Singapore,c7i,x86(Intel),Intel Xeon Platinum 8488C,2,4,0.1029,0.1176,2.4696,2.8224,17.287,19.757,75.12,85.85
aws,ap-southeast-1,Singapore,c7i,x86(Intel),Intel Xeon Platinum 8488C,4,8,0.2058,0.2352,4.9392,5.6448,34.574,39.513,150.23,171.69
aws,ap-southeast-1,Singapore,c7i,x86(Intel),Intel Xeon Platinum 8488C,8,16,0.4116,0.4704,9.8784,11.2896,69.149,79.027,300.47,343.39
aws,ap-southeast-1,Singapore,c7i,x86(Intel),Intel Xeon Platinum 8488C,16,32,0.8232,0.9408,19.7568,22.5792,138.298,158.055,600.94,686.79
aws,ap-southeast-1,Singapore,c7i,x86(Intel),Intel Xeon Platinum 8488C,32,64,1.6464,1.8816,39.5136,45.1584,276.595,316.109,1201.87,1373.57
aws,ap-southeast-1,Singapore,c7i,x86(Intel),Intel Xeon Platinum 8488C,48,96,2.4696,2.8224,59.2704,67.7376,414.893,474.163,1802.81,2060.35
aws,ap-southeast-1,Singapore,c7i,x86(Intel),Intel Xeon Platinum 8488C,64,128,3.2928,3.7632,79.0272,90.3168,553.19,632.217,2403.74,2747.13
aws,ap-southeast-1,Singapore,c7i,x86(Intel),Intel Xeon Platinum 8488C,96,192,4.9392,5.6448,118.5408,135.4752,829.786,948.327,3605.62,4120.71
aws,ap-southeast-1,Singapore,c7i,x86(Intel),Intel Xeon Platinum 8488C,192,384,9.8784,11.2896,237.0816,270.9504,1659.571,1896.653,7211.23,8241.41
aws,ap-southeast-1,Singapore,c8g,ARM,AWS Graviton4,1,2,0.04582,0.02956,1.0997,0.7095,7.698,4.966,33.45,21.58
aws,ap-southeast-1,Singapore,c8g,ARM,AWS Graviton4,2,4,0.09164,0.05912,2.1994,1.419,15.396,9.933,66.9,43.16
aws,ap-southeast-1,Singapore,c8g,ARM,AWS Graviton4,4,8,0.18328,0.11825,4.3987,2.8379,30.791,19.865,133.79,86.32
aws,ap-southeast-1,Singapore,c8g,ARM,AWS Graviton4,8,16,0.36656,0.23649,8.7974,5.6757,61.582,39.73,267.59,172.64
aws,ap-southeast-1,Singapore,c8g,ARM,AWS Graviton4,16,32,0.73312,0.47298,17.5949,11.3515,123.164,79.461,535.18,345.28
aws,ap-southeast-1,Singapore,c8g,ARM,AWS Graviton4,32,64,1.46624,0.94596,35.1898,22.7031,246.328,158.921,1070.36,690.55
aws,ap-southeast-1,Singapore,c8g,ARM,AWS Graviton4,48,96,2.19936,1.41894,52.7846,34.0546,369.492,238.382,1605.53,1035.83
aws,ap-southeast-1,Singapore,c8g,ARM,AWS Graviton4,64,128,2.93248,1.89192,70.3795,45.4061,492.657,317.843,2140.71,1381.1
aws,ap-southeast-1,Singapore,c8g,ARM,AWS Graviton4,96,192,4.39872,2.83788,105.5693,68.1092,738.985,476.765,3211.07,2071.66
aws,ap-southeast-1,Singapore,c8g,ARM,AWS Graviton4,192,384,8.79744,5.67577,211.1386,136.2185,1477.97,953.529,6422.13,4143.31
aws,ap-southeast-1,Singapore,c8i,x86(Intel),Intel Xeon 6 6975P-C,2,4,0.10805,0.09604,2.5932,2.3051,18.152,16.135,78.88,70.12
aws,ap-southeast-1,Singapore,c8i,x86(Intel),Intel Xeon 6 6975P-C,4,8,0.2161,0.19209,5.1864,4.6101,36.305,32.271,157.75,140.22
aws,ap-southeast-1,Singapore,c8i,x86(Intel),Intel Xeon 6 6975P-C,8,16,0.4322,0.38418,10.3728,9.2203,72.61,64.542,315.51,280.45
aws,ap-southeast-1,Singapore,c8i,x86(Intel),Intel Xeon 6 6975P-C,16,32,0.8644,0.76836,20.7456,18.4405,145.219,129.084,631.01,560.9
aws,ap-southeast-1,Singapore,c8i,x86(Intel),Intel Xeon 6 6975P-C,32,64,1.7288,1.53671,41.4912,36.8811,290.438,258.167,1262.02,1121.8
aws,ap-southeast-1,Singapore,c8i,x86(Intel),Intel Xeon 6 6975P-C,48,96,2.5932,2.30507,62.2368,55.3216,435.658,387.252,1893.04,1682.7
aws,ap-southeast-1,Singapore,c8i,x86(Intel),Intel Xeon 6 6975P-C,64,128,3.4576,3.07342,82.9824,73.7621,580.877,516.335,2524.05,2243.6
aws,ap-southeast-1,Singapore,c8i,x86(Intel),Intel Xeon 6 6975P-C,96,192,5.1864,4.61013,124.4736,110.6432,871.315,774.502,3786.07,3365.4
aws,ap-southeast-1,Singapore,c8i,x86(Intel),Intel Xeon 6 6975P-C,128,256,6.9152,6.14684,165.9648,147.5243,1161.754,1032.67,5048.1,4487.2
aws,ap-southeast-1,Singapore,c8i,x86(Intel),Intel Xeon 6 6975P-C,192,384,10.3728,9.22027,248.9472,221.2864,1742.63,1549.004,7572.14,6730.79
aws,ap-southeast-1,Singapore,c8i,x86(Intel),Intel Xeon 6 6975P-C,384,768,20.7456,18.44053,497.8944,442.5728,3485.261,3098.01,15144.29,13461.59
aws,ap-southeast-1,Singapore,m6a,x86(AMD),AMD EPYC 7R13,2,8,0.108,0.13292,2.592,3.1902,18.144,22.331,78.84,97.03
aws,ap-southeast-1,Singapore,m6a,x86(AMD),AMD EPYC 7R13,4,16,0.216,0.26585,5.184,6.3803,36.288,44.662,157.68,194.07
aws,ap-southeast-1,Singapore,m6a,x86(AMD),AMD EPYC 7R13,8,32,0.432,0.53169,10.368,12.7606,72.576,89.324,315.36,388.14
aws,ap-southeast-1,Singapore,m6a,x86(AMD),AMD EPYC 7R13,16,64,0.864,1.06338,20.736,25.5212,145.152,178.649,630.72,776.27
aws,ap-southeast-1,Singapore,m6a,x86(AMD),AMD EPYC 7R13,32,128,1.728,2.12677,41.472,51.0425,290.304,357.297,1261.44,1552.54
aws,ap-southeast-1,Singapore,m6a,x86(AMD),AMD EPYC 7R13,48,192,2.592,3.19015,62.208,76.5637,435.456,535.946,1892.16,2328.81
aws,ap-southeast-1,Singapore,m6a,x86(AMD),AMD EPYC 7R13,64,256,3.456,4.25354,82.944,102.0849,580.608,714.594,2522.88,3105.08
aws,ap-southeast-1,Singapore,m6a,x86(AMD),AMD EPYC 7R13,96,384,5.184,6.38031,124.416,153.1274,870.912,1071.892,3784.32,4657.62
aws,ap-southeast-1,Singapore,m6a,x86(AMD),AMD EPYC 7R13,128,512,6.912,8.50708,165.888,204.1698,1161.216,1429.189,5045.76,6210.17
aws,ap-southeast-1,Singapore,m6a,x86(AMD),AMD EPYC 7R13,192,768,10.368,12.76062,248.832,306.2548,1741.824,2143.783,7568.64,9315.25
aws,ap-southeast-1,Singapore,m6g,ARM,AWS Graviton2,1,4,0.048,0.048,1.152,1.152,8.064,8.064,35.04,35.04
aws,ap-southeast-1,Singapore,m6g,ARM,AWS Graviton2,2,8,0.096,0.096,2.304,2.304,16.128,16.128,70.08,70.08
aws,ap-southeast-1,Singapore,m6g,ARM,AWS Graviton2,4,16,0.192,0.192,4.608,4.608,32.256,32.256,140.16,140.16
aws,ap-southeast-1,Singapore,m6g,ARM,AWS Graviton2,8,32,0.384,0.384,9.216,9.216,64.512,64.512,280.32,280.32
aws,ap-southeast-1,Singapore,m6g,ARM,AWS Graviton2,16,64,0.768,0.768,18.432,18.432,129.024,129.024,560.64,560.64
aws,ap-southeast-1,Singapore,m6g,ARM,AWS Graviton2,32,128,1.536,1.536,36.864,36.864,258.048,258.048,1121.28,1121.28
aws,ap-southeast-1,Singapore,m6g,ARM,AWS Graviton2,48,192,2.304,2.304,55.296,55.296,387.072,387.072,1681.92,1681.92
aws,ap-southeast-1,Singapore,m6g,ARM,AWS Graviton2,64,256,3.072,3.072,73.728,73.728,516.096,516.096,2242.56,2242.56
aws,ap-southeast-1,Singapore,m6i,x86(Intel),Intel Xeon Platinum 8375C,2,8,0.12,0.16696,2.88,4.007,20.16,28.049,87.6,121.88
aws,ap-southeast-1,Singapore,m6i,x86(Intel),Intel Xeon Platinum 8375C,4,16,0.24,0.33391,5.76,8.0139,40.32,56.097,175.2,243.76
aws,ap-southeast-1,Singapore,m6i,x86(Intel),Intel Xeon Platinum 8375C,8,32,0.48,0.66783,11.52,16.0278,80.64,112.195,350.4,487.51
aws,ap-southeast-1,Singapore,m6i,x86(Intel),Intel Xeon Platinum 8375C,16,64,0.96,1.33565,23.04,32.0557,161.28,224.39,700.8,975.03
aws,ap-southeast-1,Singapore,m6i,x86(Intel),Intel Xeon Platinum 8375C,32,128,1.92,2.6713,46.08,64.1113,322.56,448.779,1401.6,1950.05
aws,ap-southeast-1,Singapore,m6i,x86(Intel),Intel Xeon Platinum 8375C,48,192,2.88,4.00696,69.12,96.167,483.84,673.169,2102.4,2925.08
aws,ap-southeast-1,Singapore,m6i,x86(Intel),Intel Xeon Platinum 8375C,64,256,3.84,5.34261,92.16,128.2226,645.12,897.558,2803.2,3900.1
aws,ap-southeast-1,Singapore,m6i,x86(Intel),Intel Xeon Platinum 8375C,96,384,5.76,8.01391,138.24,192.3339,967.68,1346.337,4204.8,5850.16
aws,ap-southeast-1,Singapore,m6i,x86(Intel),Intel Xeon Platinum 8375C,128,512,7.68,10.68522,184.32,256.4452,1290.24,1795.117,5606.4,7800.21
aws,ap-southeast-1,Singapore,m7g,ARM,AWS Graviton3,1,4,0.051,0.0408,1.224,0.9792,8.568,6.854,37.23,29.78
aws,ap-southeast-1,Singapore,m7g,ARM,AWS Graviton3,2,8,0.102,0.0816,2.448,1.9584,17.136,13.709,74.46,59.57
aws,ap-southeast-1,Singapore,m7g,ARM,AWS Graviton3,4,16,0.204,0.1632,4.896,3.9168,34.272,27.418,148.92,119.14
aws,ap-southeast-1,Singapore,m7g,ARM,AWS Graviton3,8,32,0.408,0.3264,9.792,7.8336,68.544,54.835,297.84,238.27
aws,ap-southeast-1,Singapore,m7g,ARM,AWS Graviton3,16,64,0.816,0.6528,19.584,15.6672,137.088,109.67,595.68,476.54
aws,ap-southeast-1,Singapore,m7g,ARM,AWS Graviton3,32,128,1.632,1.3056,39.168,31.3344,274.176,219.341,1191.36,953.09
aws,ap-southeast-1,Singapore,m7g,ARM,AWS Graviton3,48,192,2.448,1.9584,58.752,47.0016,411.264,329.011,1787.04,1429.63
aws,ap-southeast-1,Singapore,m7g,ARM,AWS Graviton3,64,256,3.264,2.6112,78.336,62.6688,548.352,438.682,2382.72,1906.18
aws,ap-southeast-1,Singapore,m7i,x86(Intel),Intel Xeon Platinum 8488C,2,8,0.126,0.144,3.024,3.456,21.168,24.192,91.98,105.12
aws,ap-southeast-1,Singapore,m7i,x86(Intel),Intel Xeon Platinum 8488C,4,16,0.252,0.288,6.048,6.912,42.336,48.384,183.96,210.24
aws,ap-southeast-1,Singapore,m7i,x86(Intel),Intel Xeon Platinum 8488C,8,32,0.504,0.576,12.096,13.824,84.672,96.768,367.92,420.48
aws,ap-southeast-1,Singapore,m7i,x86(Intel),Intel Xeon Platinum 8488C,16,64,1.008,1.152,24.192,27.648,169.344,193.536,735.84,840.96
aws,ap-southeast-1,Singapore,m7i,x86(Intel),Intel Xeon Platinum 8488C,32,128,2.016,2.304,48.384,55.296,338.688,387.072,1471.68,1681.92
aws,ap-southeast-1,Singapore,m7i,x86(Intel),Intel Xeon Platinum 8488C,48,192,3.024,3.456,72.576,82.944,508.032,580.608,2207.52,2522.88
aws,ap-southeast-1,Singapore,m7i,x86(Intel),Intel Xeon Platinum 8488C,64,256,4.032,4.608,96.768,110.592,677.376,774.144,2943.36,3363.84
aws,ap-southeast-1,Singapore,m7i,x86(Intel),Intel Xeon Platinum 8488C,96,384,6.048,6.912,145.152,165.888,1016.064,1161.216,4415.04,5045.76
aws,ap-southeast-1,Singapore,m7i,x86(Intel),Intel Xeon Platinum 8488C,192,768,12.096,13.824,290.304,331.776,2032.128,2322.432,8830.08,10091.52
aws,ap-southeast-1,Singapore,m8g,ARM,AWS Graviton4,1,4,0.0561,0.03619,1.3464,0.8686,9.425,6.081,40.95,26.42
aws,ap-southeast-1,Singapore,m8g,ARM,AWS Graviton4,2,8,0.1122,0.07239,2.6928,1.7373,18.85,12.161,81.91,52.85
aws,ap-southeast-1,Singapore,m8g,ARM,AWS Graviton4,4,16,0.2244,0.14477,5.3856,3.4746,37.699,24.322,163.81,105.68
aws,ap-southeast-1,Singapore,m8g,ARM,AWS Graviton4,8,32,0.4488,0.28955,10.7712,6.9492,75.398,48.644,327.62,211.37
aws,ap-southeast-1,Singapore,m8g,ARM,AWS Graviton4,16,64,0.8976,0.5791,21.5424,13.8983,150.797,97.288,655.25,422.74
aws,ap-southeast-1,Singapore,m8g,ARM,AWS Graviton4,32,128,1.7952,1.15819,43.0848,27.7966,301.594,194.577,1310.5,845.48
aws,ap-southeast-1,Singapore,m8g,ARM,AWS Graviton4,48,192,2.6928,1.73729,64.6272,41.695,452.39,291.865,1965.74,1268.22
aws,ap-southeast-1,Singapore,m8g,ARM,AWS Graviton4,64,256,3.5904,2.31639,86.1696,55.5933,603.187,389.153,2620.99,1690.96
aws,ap-southeast-1,Singapore,m8g,ARM,AWS Graviton4,96,384,5.3856,3.47458,129.2544,83.3899,904.781,583.73,3931.49,2536.45
aws,ap-southeast-1,Singapore,m8g,ARM,AWS Graviton4,192,768,10.7712,6.94916,258.5088,166.7799,1809.562,1167.459,7862.98,5072.89
aws,ap-southeast-1,Singapore,m8i,x86(Intel),Intel Xeon 6 6975P-C,2,8,0.1323,0.1176,3.1752,2.8224,22.226,19.756,96.58,85.85
aws,ap-southeast-1,Singapore,m8i,x86(Intel),Intel Xeon 6 6975P-C,4,16,0.2646,0.2352,6.3504,5.6448,44.453,39.514,193.16,171.7
aws,ap-southeast-1,Singapore,m8i,x86(Intel),Intel Xeon 6 6975P-C,8,32,0.5292,0.4704,12.7008,11.2896,88.906,79.028,386.32,343.4
aws,ap-southeast-1,Singapore,m8i,x86(Intel),Intel Xeon 6 6975P-C,16,64,1.0584,0.9408,25.4016,22.5792,177.811,158.054,772.63,686.78
aws,ap-southeast-1,Singapore,m8i,x86(Intel),Intel Xeon 6 6975P-C,32,128,2.1168,1.8816,50.8032,45.1584,355.622,316.108,1545.26,1373.56
aws,ap-southeast-1,Singapore,m8i,x86(Intel),Intel Xeon 6 6975P-C,48,192,3.1752,2.8224,76.2048,67.7376,533.434,474.164,2317.9,2060.36
aws,ap-southeast-1,Singapore,m8i,x86(Intel),Intel Xeon 6 6975P-C,64,256,4.2336,3.7632,101.6064,90.3168,711.245,632.218,3090.53,2747.14
aws,ap-southeast-1,Singapore,m8i,x86(Intel),Intel Xeon 6 6975P-C,96,384,6.3504,5.6448,152.4096,135.4752,1066.867,948.326,4635.79,4120.7
aws,ap-southeast-1,Singapore,m8i,x86(Intel),Intel Xeon 6 6975P-C,128,512,8.4672,7.5264,203.2128,180.6336,1422.49,1264.436,6181.06,5494.28
aws,ap-southeast-1,Singapore,m8i,x86(Intel),Intel Xeon 6 6975P-C,192,768,12.7008,11.2896,304.8192,270.9504,2133.734,1896.652,9271.58,8241.4
aws,ap-southeast-1,Singapore,m8i,x86(Intel),Intel Xeon 6 6975P-C,384,1536,25.4016,22.5792,609.6384,541.9008,4267.469,3793.306,18543.17,16482.82
aws,ap-southeast-1,Singapore,r6a,x86(AMD),AMD EPYC 7R13,2,16,0.1368,0.16837,3.2832,4.0409,22.982,28.286,99.86,122.9
aws,ap-southeast-1,Singapore,r6a,x86(AMD),AMD EPYC 7R13,4,32,0.2736,0.33674,6.5664,8.0817,45.965,56.572,199.73,245.82
aws,ap-southeast-1,Singapore,r6a,x86(AMD),AMD EPYC 7R13,8,64,0.5472,0.67348,13.1328,16.1634,91.93,113.145,399.46,491.64
aws,ap-southeast-1,Singapore,r6a,x86(AMD),AMD EPYC 7R13,16,128,1.0944,1.34695,26.2656,32.3269,183.859,226.288,798.91,983.27
aws,ap-southeast-1,Singapore,r6a,x86(AMD),AMD EPYC 7R13,32,256,2.1888,2.69391,52.5312,64.6538,367.718,452.576,1597.82,1966.55
aws,ap-southeast-1,Singapore,r6a,x86(AMD),AMD EPYC 7R13,48,384,3.2832,4.04086,78.7968,96.9807,551.578,678.865,2396.74,2949.83
aws,ap-southeast-1,Singapore,r6a,x86(AMD),AMD EPYC 7R13,64,512,4.3776,5.38782,105.0624,129.3076,735.437,905.153,3195.65,3933.11
aws,ap-southeast-1,Singapore,r6a,x86(AMD),AMD EPYC 7R13,96,768,6.5664,8.08172,157.5936,193.9614,1103.155,1357.729,4793.47,5899.66
aws,ap-southeast-1,Singapore,r6a,x86(AMD),AMD EPYC 7R13,128,1024,8.7552,10.77563,210.1248,258.6151,1470.874,1810.306,6391.3,7866.22
aws,ap-southeast-1,Singapore,r6a,x86(AMD),AMD EPYC 7R13,192,1536,13.1328,16.16345,315.1872,387.9227,2206.31,2715.458,9586.94,11799.31
aws,ap-southeast-1,Singapore,r6g,ARM,AWS Graviton2,1,8,0.0608,0.0608,1.4592,1.4592,10.214,10.214,44.38,44.38
aws,ap-southeast-1,Singapore,r6g,ARM,AWS Graviton2,2,16,0.1216,0.1216,2.9184,2.9184,20.429,20.429,88.77,88.77
aws,ap-southeast-1,Singapore,r6g,ARM,AWS Graviton2,4,32,0.2432,0.2432,5.8368,5.8368,40.858,40.858,177.54,177.54
aws,ap-southeast-1,Singapore,r6g,ARM,AWS Graviton2,8,64,0.4864,0.4864,11.6736,11.6736,81.715,81.715,355.07,355.07
aws,ap-southeast-1,Singapore,r6g,ARM,AWS Graviton2,16,128,0.9728,0.9728,23.3472,23.3472,163.43,163.43,710.14,710.14
aws,ap-southeast-1,Singapore,r6g,ARM,AWS Graviton2,32,256,1.9456,1.9456,46.6944,46.6944,326.861,326.861,1420.29,1420.29
aws,ap-southeast-1,Singapore,r6g,ARM,AWS Graviton2,48,384,2.9184,2.9184,70.0416,70.0416,490.291,490.291,2130.43,2130.43
aws,ap-southeast-1,Singapore,r6g,ARM,AWS Graviton2,64,512,3.8912,3.8912,93.3888,93.3888,653.722,653.722,2840.58,2840.58
aws,ap-southeast-1,Singapore,r6i,x86(Intel),Intel Xeon Platinum 8375C,2,16,0.152,0.21148,3.648,5.0755,25.536,35.528,110.96,154.38
aws,ap-southeast-1,Singapore,r6i,x86(Intel),Intel Xeon Platinum 8375C,4,32,0.304,0.42296,7.296,10.151,51.072,71.057,221.92,308.76
aws,ap-southeast-1,Singapore,r6i,x86(Intel),Intel Xeon Platinum 8375C,8,64,0.608,0.84591,14.592,20.3019,102.144,142.113,443.84,617.52
aws,ap-southeast-1,Singapore,r6i,x86(Intel),Intel Xeon Platinum 8375C,16,128,1.216,1.69183,29.184,40.6038,204.288,284.227,887.68,1235.03
aws,ap-southeast-1,Singapore,r6i,x86(Intel),Intel Xeon Platinum 8375C,32,256,2.432,3.38365,58.368,81.2077,408.576,568.454,1775.36,2470.07
aws,ap-southeast-1,Singapore,r6i,x86(Intel),Intel Xeon Platinum 8375C,48,384,3.648,5.07548,87.552,121.8115,612.864,852.68,2663.04,3705.1
aws,ap-southeast-1,Singapore,r6i,x86(Intel),Intel Xeon Platinum 8375C,64,512,4.864,6.7673,116.736,162.4153,817.152,1136.907,3550.72,4940.13
aws,ap-southeast-1,Singapore,r6i,x86(Intel),Intel Xeon Platinum 8375C,96,768,7.296,10.15096,175.104,243.623,1225.728,1705.361,5326.08,7410.2
aws,ap-southeast-1,Singapore,r6i,x86(Intel),Intel Xeon Platinum 8375C,128,1024,9.728,13.53461,233.472,324.8306,1634.304,2273.814,7101.44,9880.26
aws,ap-southeast-1,Singapore,r7g,ARM,AWS Graviton3,1,8,0.0646,0.05168,1.5504,1.2403,10.853,8.682,47.16,37.73
aws,ap-southeast-1,Singapore,r7g,ARM,AWS Graviton3,2,16,0.1292,0.10336,3.1008,2.4806,21.706,17.365,94.32,75.46
aws,ap-southeast-1,Singapore,r7g,ARM,AWS Graviton3,4,32,0.2584,0.20672,6.2016,4.9613,43.411,34.729,188.63,150.9
aws,ap-southeast-1,Singapore,r7g,ARM,AWS Graviton3,8,64,0.5168,0.41344,12.4032,9.9226,86.822,69.458,377.26,301.81
aws,ap-southeast-1,Singapore,r7g,ARM,AWS Graviton3,16,128,1.0336,0.82688,24.8064,19.8451,173.645,138.916,754.53,603.62
aws,ap-southeast-1,Singapore,r7g,ARM,AWS Graviton3,32,256,2.0672,1.65376,49.6128,39.6902,347.29,277.832,1509.06,1207.25
aws,ap-southeast-1,Singapore,r7g,ARM,AWS Graviton3,48,384,3.1008,2.48064,74.4192,59.5354,520.934,416.747,2263.58,1810.86
aws,ap-southeast-1,Singapore,r7g,ARM,AWS Graviton3,64,512,4.1344,3.30752,99.2256,79.3805,694.579,555.663,3018.11,2414.49
aws,ap-southeast-1,Singapore,r7i,x86(Intel),Intel Xeon Platinum 8488C,2,16,0.1596,0.1824,3.8304,4.3776,26.813,30.643,116.51,133.15
aws,ap-southeast-1,Singapore,r7i,x86(Intel),Intel Xeon Platinum 8488C,4,32,0.3192,0.3648,7.6608,8.7552,53.626,61.287,233.02,266.31
aws,ap-southeast-1,Singapore,r7i,x86(Intel),Intel Xeon Platinum 8488C,8,64,0.6384,0.7296,15.3216,17.5104,107.251,122.573,466.03,532.61
aws,ap-southeast-1,Singapore,r7i,x86(Intel),Intel Xeon Platinum 8488C,16,128,1.2768,1.4592,30.6432,35.0208,214.502,245.145,932.06,1065.21
aws,ap-southeast-1,Singapore,r7i,x86(Intel),Intel Xeon Platinum 8488C,32,256,2.5536,2.9184,61.2864,70.0416,429.005,490.291,1864.13,2130.43
aws,ap-southeast-1,Singapore,r7i,x86(Intel),Intel Xeon Platinum 8488C,48,384,3.8304,4.3776,91.9296,105.0624,643.507,735.437,2796.19,3195.65
aws,ap-southeast-1,Singapore,r7i,x86(Intel),Intel Xeon Platinum 8488C,64,512,5.1072,5.8368,122.5728,140.0832,858.01,980.583,3728.26,4260.87
aws,ap-southeast-1,Singapore,r7i,x86(Intel),Intel Xeon Platinum 8488C,96,768,7.6608,8.7552,183.8592,210.1248,1287.014,1470.873,5592.38,6391.29
aws,ap-southeast-1,Singapore,r7i,x86(Intel),Intel Xeon Platinum 8488C,192,1536,15.3216,17.5104,367.7184,420.2496,2574.029,2941.747,11184.77,12782.59
aws,ap-southeast-1,Singapore,r8g,ARM,AWS Graviton4,1,8,0.07106,0.04585,1.7054,1.1003,11.938,7.702,51.87,33.46
aws,ap-southeast-1,Singapore,r8g,ARM,AWS Graviton4,2,16,0.14212,0.09169,3.4109,2.2006,23.876,15.404,103.75,66.94
aws,ap-southeast-1,Singapore,r8g,ARM,AWS Graviton4,4,32,0.28424,0.18338,6.8218,4.4012,47.752,30.808,207.5,133.87
aws,ap-southeast-1,Singapore,r8g,ARM,AWS Graviton4,8,64,0.56848,0.36676,13.6435,8.8023,95.505,61.616,414.99,267.74
aws,ap-southeast-1,Singapore,r8g,ARM,AWS Graviton4,16,128,1.13696,0.73352,27.287,17.6045,191.009,123.232,829.98,535.47
aws,ap-southeast-1,Singapore,r8g,ARM,AWS Graviton4,32,256,2.27392,1.46705,54.5741,35.2091,382.019,246.464,1659.96,1070.94
aws,ap-southeast-1,Singapore,r8g,ARM,AWS Graviton4,48,384,3.41088,2.20057,81.8611,52.8136,573.028,369.695,2489.94,1606.41
aws,ap-southeast-1,Singapore,r8g,ARM,AWS Graviton4,64,512,4.54784,2.93409,109.1482,70.4182,764.037,492.927,3319.92,2141.88
aws,ap-southeast-1,Singapore,r8g,ARM,AWS Graviton4,96,768,6.82176,4.40114,163.7222,105.6272,1146.056,739.391,4979.88,3212.83
aws,ap-southeast-1,Singapore,r8g,ARM,AWS Graviton4,192,1536,13.64352,8.80227,327.4445,211.2545,2292.111,1478.781,9959.77,6425.66
aws,ap-southeast-1,Singapore,r8i,x86(Intel),Intel Xeon 6 6985P-C,2,16,0.16758,0.14896,4.0219,3.575,28.153,25.025,122.33,108.74
aws,ap-southeast-1,Singapore,r8i,x86(Intel),Intel Xeon 6 6985P-C,4,32,0.33516,0.29792,8.0438,7.15,56.307,50.051,244.67,217.48
aws,ap-southeast-1,Singapore,r8i,x86(Intel),Intel Xeon 6 6985P-C,8,64,0.67032,0.59584,16.0877,14.3002,112.614,100.101,489.33,434.96
aws,ap-southeast-1,Singapore,r8i,x86(Intel),Intel Xeon 6 6985P-C,16,128,1.34064,1.19168,32.1754,28.6004,225.228,200.203,978.67,869.93
aws,ap-southeast-1,Singapore,r8i,x86(Intel),Intel Xeon 6 6985P-C,32,256,2.68128,2.38336,64.3507,57.2006,450.455,400.404,1957.33,1739.85
aws,ap-southeast-1,Singapore,r8i,x86(Intel),Intel Xeon 6 6985P-C,48,384,4.02192,3.57504,96.5261,85.801,675.683,600.607,2936.0,2609.78
aws,ap-southeast-1,Singapore,r8i,x86(Intel),Intel Xeon 6 6985P-C,64,512,5.36256,4.76672,128.7014,114.4012,900.91,800.809,3914.67,3479.71
aws,ap-southeast-1,Singapore,r8i,x86(Intel),Intel Xeon 6 6985P-C,96,768,8.04384,7.15008,193.0522,171.602,1351.365,1201.213,5872.0,5219.56
aws,ap-southeast-1,Singapore,r8i,x86(Intel),Intel Xeon 6 6985P-C,128,1024,10.72512,9.53344,257.4029,228.8026,1801.82,1601.618,7829.34,6959.41
aws,ap-southeast-1,Singapore,r8i,x86(Intel),Intel Xeon 6 6985P-C,192,1536,16.08768,14.30016,386.1043,343.2038,2702.73,2402.427,11744.01,10439.12
aws,ap-southeast-1,Singapore,r8i,x86(Intel),Intel Xeon 6 6985P-C,384,3072,32.17536,28.60032,772.2086,686.4076,5405.46,4804.853,23488.01,20878.23
aws,ap-southeast-1,Singapore,x8i,x86(Intel),Intel Xeon 6 6975P-C,2,32,0.31731,0.28205,7.6154,6.7692,53.308,47.385,231.64,205.9
aws,ap-southeast-1,Singapore,x8i,x86(Intel),Intel Xeon 6 6975P-C,4,64,0.63462,0.56411,15.2309,13.5386,106.616,94.77,463.27,411.8
aws,ap-southeast-1,Singapore,x8i,x86(Intel),Intel Xeon 6 6975P-C,8,128,1.26924,1.12821,30.4618,27.0772,213.232,189.54,926.55,823.6
aws,ap-southeast-1,Singapore,x8i,x86(Intel),Intel Xeon 6 6975P-C,16,256,2.53848,2.25643,60.9235,54.1542,426.465,379.08,1853.09,1647.19
aws,ap-southeast-1,Singapore,x8i,x86(Intel),Intel Xeon 6 6975P-C,32,512,5.07696,4.51285,121.847,108.3084,852.929,758.159,3706.18,3294.38
aws,ap-southeast-1,Singapore,x8i,x86(Intel),Intel Xeon 6 6975P-C,48,768,7.61544,6.76928,182.7706,162.4628,1279.394,1137.239,5559.27,4941.57
aws,ap-southeast-1,Singapore,x8i,x86(Intel),Intel Xeon 6 6975P-C,64,1024,10.15392,9.02571,243.6941,216.617,1705.859,1516.319,7412.36,6588.76
aws,ap-southeast-1,Singapore,x8i,x86(Intel),Intel Xeon 6 6975P-C,96,1536,15.23088,13.53856,365.5411,324.9254,2558.788,2274.478,11118.54,9883.15
aws,ap-southeast-1,Singapore,x8i,x86(Intel),Intel Xeon 6 6975P-C,128,2048,20.30784,18.05141,487.3882,433.234,3411.717,3032.637,14824.72,13177.53
aws,ap-southeast-1,Singapore,x8i,x86(Intel),Intel Xeon 6 6975P-C,192,3072,30.46176,27.07712,731.0822,649.8508,5117.576,4548.956,22237.08,19766.29
aws,ap-southeast-1,Singapore,x8i,x86(Intel),Intel Xeon 6 6975P-C,256,4096,40.61568,36.10283,974.7763,866.4678,6823.434,6065.275,29649.45,26355.07
aws,ap-southeast-1,Singapore,x8i,x86(Intel),Intel Xeon 6 6975P-C,384,6144,58.70235,52.17987,1408.8564,1252.3168,9861.995,8766.218,42852.72,38091.31
aws,ap-southeast-2,Australia,c6a,x86(AMD),AMD EPYC 7R13,2,4,0.0999,0.12295,2.3976,2.9509,16.783,20.656,72.93,89.76
aws,ap-southeast-2,Australia,c6a,x86(AMD),AMD EPYC 7R13,4,8,0.1998,0.24591,4.7952,5.9018,33.566,41.312,145.85,179.51
aws,ap-southeast-2,Australia,c6a,x86(AMD),AMD EPYC 7R13,8,16,0.3996,0.49182,9.5904,11.8036,67.133,82.625,291.71,359.03
aws,ap-southeast-2,Australia,c6a,x86(AMD),AMD EPYC 7R13,16,32,0.7992,0.98363,19.1808,23.6071,134.266,165.25,583.42,718.06
aws,ap-southeast-2,Australia,c6a,x86(AMD),AMD EPYC 7R13,32,64,1.5984,1.96726,38.3616,47.2143,268.531,330.5,1166.83,1436.1
aws,ap-southeast-2,Australia,c6a,x86(AMD),AMD EPYC 7R13,48,96,2.3976,2.95089,57.5424,70.8214,402.797,495.75,1750.25,2154.15
aws,ap-southeast-2,Australia,c6a,x86(AMD),AMD EPYC 7R13,64,128,3.1968,3.93452,76.7232,94.4286,537.062,660.999,2333.66,2872.2
aws,ap-southeast-2,Australia,c6a,x86(AMD),AMD EPYC 7R13,96,192,4.7952,5.90178,115.0848,141.6428,805.594,991.5,3500.5,4308.31
aws,ap-southeast-2,Australia,c6a,x86(AMD),AMD EPYC 7R13,128,256,6.3936,7.86905,153.4464,188.8571,1074.125,1322.0,4667.33,5744.41
aws,ap-southeast-2,Australia,c6a,x86(AMD),AMD EPYC 7R13,192,384,9.5904,11.80357,230.1696,283.2857,1611.187,1982.999,7000.99,8616.6
aws,ap-southeast-2,Australia,c6g,ARM,AWS Graviton2,1,2,0.0444,0.0444,1.0656,1.0656,7.459,7.459,32.41,32.41
aws,ap-southeast-2,Australia,c6g,ARM,AWS Graviton2,2,4,0.0888,0.0888,2.1312,2.1312,14.918,14.918,64.82,64.82
aws,ap-southeast-2,Australia,c6g,ARM,AWS Graviton2,4,8,0.1776,0.1776,4.2624,4.2624,29.837,29.837,129.65,129.65
aws,ap-southeast-2,Australia,c6g,ARM,AWS Graviton2,8,16,0.3552,0.3552,8.5248,8.5248,59.674,59.674,259.3,259.3
aws,ap-southeast-2,Australia,c6g,ARM,AWS Graviton2,16,32,0.7104,0.7104,17.0496,17.0496,119.347,119.347,518.59,518.59
aws,ap-southeast-2,Australia,c6g,ARM,AWS Graviton2,32,64,1.4208,1.4208,34.0992,34.0992,238.694,238.694,1037.18,1037.18
aws,ap-southeast-2,Australia,c6g,ARM,AWS Graviton2,48,96,2.1312,2.1312,51.1488,51.1488,358.042,358.042,1555.78,1555.78
aws,ap-southeast-2,Australia,c6g,ARM,AWS Graviton2,64,128,2.8416,2.8416,68.1984,68.1984,477.389,477.389,2074.37,2074.37
aws,ap-southeast-2,Australia,c6i,x86(Intel),Intel Xeon Platinum 8375C,2,4,0.111,0.15443,2.664,3.7064,18.648,25.945,81.03,112.74
aws,ap-southeast-2,Australia,c6i,x86(Intel),Intel Xeon Platinum 8375C,4,8,0.222,0.30887,5.328,7.4129,37.296,51.89,162.06,225.47
aws,ap-southeast-2,Australia,c6i,x86(Intel),Intel Xeon Platinum 8375C,8,16,0.444,0.61774,10.656,14.8257,74.592,103.78,324.12,450.95
aws,ap-southeast-2,Australia,c6i,x86(Intel),Intel Xeon Platinum 8375C,16,32,0.888,1.23548,21.312,29.6515,149.184,207.56,648.24,901.9
aws,ap-southeast-2,Australia,c6i,x86(Intel),Intel Xeon Platinum 8375C,32,64,1.776,2.47096,42.624,59.303,298.368,415.121,1296.48,1803.8
aws,ap-southeast-2,Australia,c6i,x86(Intel),Intel Xeon Platinum 8375C,48,96,2.664,3.70643,63.936,88.9544,447.552,622.681,1944.72,2705.7
aws,ap-southeast-2,Australia,c6i,x86(Intel),Intel Xeon Platinum 8375C,64,128,3.552,4.94191,85.248,118.6059,596.736,830.241,2592.96,3607.6
aws,ap-southeast-2,Australia,c6i,x86(Intel),Intel Xeon Platinum 8375C,96,192,5.328,7.41287,127.872,177.9089,895.104,1245.362,3889.44,5411.39
aws,ap-southeast-2,Australia,c6i,x86(Intel),Intel Xeon Platinum 8375C,128,256,7.104,9.88383,170.496,237.2118,1193.472,1660.483,5185.92,7215.19
aws,ap-southeast-2,Australia,c7g,ARM,AWS Graviton3,1,2,0.0472,0.03776,1.1328,0.9062,7.93,6.344,34.46,27.57
aws,ap-southeast-2,Australia,c7g,ARM,AWS Graviton3,2,4,0.0944,0.07552,2.2656,1.8125,15.859,12.687,68.91,55.13
aws,ap-southeast-2,Australia,c7g,ARM,AWS Graviton3,4,8,0.1887,0.15096,4.5288,3.623,31.702,25.362,137.75,110.2
aws,ap-southeast-2,Australia,c7g,ARM,AWS Graviton3,8,16,0.3774,0.30192,9.0576,7.2461,63.403,50.722,275.5,220.4
aws,ap-southeast-2,Australia,c7g,ARM,AWS Graviton3,16,32,0.7549,0.60392,18.1176,14.4941,126.823,101.458,551.08,440.86
aws,ap-southeast-2,Australia,c7g,ARM,AWS Graviton3,32,64,1.5098,1.20784,36.2352,28.9882,253.646,202.917,1102.15,881.72
aws,ap-southeast-2,Australia,c7g,ARM,AWS Graviton3,48,96,2.2646,1.81168,54.3504,43.4803,380.453,304.362,1653.16,1322.53
aws,ap-southeast-2,Australia,c7g,ARM,AWS Graviton3,64,128,3.0195,2.4156,72.468,57.9744,507.276,405.821,2204.23,1763.38
aws,ap-southeast-2,Australia,c7i,x86(Intel),Intel Xeon Platinum 8488C,2,4,0.11655,0.1332,2.7972,3.1968,19.58,22.377,85.08,97.23
aws,ap-southeast-2,Australia,c7i,x86(Intel),Intel Xeon Platinum 8488C,4,8,0.2331,0.2664,5.5944,6.3936,39.161,44.755,170.16,194.47
aws,ap-southeast-2,Australia,c7i,x86(Intel),Intel Xeon Platinum 8488C,8,16,0.4662,0.5328,11.1888,12.7872,78.322,89.511,340.33,388.95
aws,ap-southeast-2,Australia,c7i,x86(Intel),Intel Xeon Platinum 8488C,16,32,0.9324,1.0656,22.3776,25.5744,156.643,179.021,680.65,777.89
aws,ap-southeast-2,Australia,c7i,x86(Intel),Intel Xeon Platinum 8488C,32,64,1.8648,2.1312,44.7552,51.1488,313.286,358.041,1361.3,1555.77
aws,ap-southeast-2,Australia,c7i,x86(Intel),Intel Xeon Platinum 8488C,48,96,2.7972,3.1968,67.1328,76.7232,469.93,537.063,2041.96,2333.67
aws,ap-southeast-2,Australia,c7i,x86(Intel),Intel Xeon Platinum 8488C,64,128,3.7296,4.2624,89.5104,102.2976,626.573,716.083,2722.61,3111.55
aws,ap-southeast-2,Australia,c7i,x86(Intel),Intel Xeon Platinum 8488C,96,192,5.5944,6.3936,134.2656,153.4464,939.859,1074.125,4083.91,4667.33
aws,ap-southeast-2,Australia,c7i,x86(Intel),Intel Xeon Platinum 8488C,192,384,11.1888,12.7872,268.5312,306.8928,1879.718,2148.249,8167.82,9334.65
aws,ap-southeast-2,Australia,c8g,ARM,AWS Graviton4,1,2,0.0519,0.03348,1.2456,0.8036,8.719,5.625,37.89,24.45
aws,ap-southeast-2,Australia,c8g,ARM,AWS Graviton4,2,4,0.1038,0.06697,2.4912,1.6072,17.438,11.25,75.77,48.88
aws,ap-southeast-2,Australia,c8g,ARM,AWS Graviton4,4,8,0.2076,0.13394,4.9824,3.2145,34.877,22.501,151.55,97.77
aws,ap-southeast-2,Australia,c8g,ARM,AWS Graviton4,8,16,0.4152,0.26787,9.9648,6.4289,69.754,45.003,303.1,195.55
aws,ap-southeast-2,Australia,c8g,ARM,AWS Graviton4,16,32,0.8304,0.53574,19.9296,12.8578,139.507,90.005,606.19,391.09
aws,ap-southeast-2,Australia,c8g,ARM,AWS Graviton4,32,64,1.6608,1.07148,39.8592,25.7156,279.014,180.009,1212.38,782.18
aws,ap-southeast-2,Australia,c8g,ARM,AWS Graviton4,48,96,2.4912,1.60723,59.7888,38.5734,418.522,270.014,1818.58,1173.28
aws,ap-southeast-2,Australia,c8g,ARM,AWS Graviton4,64,128,3.3216,2.14297,79.7184,51.4312,558.029,360.019,2424.77,1564.37
aws,ap-southeast-2,Australia,c8g,ARM,AWS Graviton4,96,192,4.9824,3.21445,119.5776,77.1468,837.043,540.028,3637.15,2346.55
aws,ap-southeast-2,Australia,c8g,ARM,AWS Graviton4,192,384,9.9648,6.4289,239.1552,154.2937,1674.086,1080.055,7274.3,4693.1
aws,ap-southeast-2,Australia,c8i,x86(Intel),Intel Xeon 6 6975P-C,2,4,0.12238,0.10878,2.9371,2.6108,20.56,18.276,89.34,79.41
aws,ap-southeast-2,Australia,c8i,x86(Intel),Intel Xeon 6 6975P-C,4,8,0.24476,0.21756,5.8742,5.2215,41.12,36.551,178.67,158.82
aws,ap-southeast-2,Australia,c8i,x86(Intel),Intel Xeon 6 6975P-C,8,16,0.48952,0.43513,11.7485,10.4431,82.239,73.101,357.35,317.64
aws,ap-southeast-2,Australia,c8i,x86(Intel),Intel Xeon 6 6975P-C,16,32,0.97904,0.87026,23.497,20.8862,164.479,146.204,714.7,635.29
aws,ap-southeast-2,Australia,c8i,x86(Intel),Intel Xeon 6 6975P-C,32,64,1.95808,1.74052,46.9939,41.7724,328.957,292.406,1429.4,1270.58
aws,ap-southeast-2,Australia,c8i,x86(Intel),Intel Xeon 6 6975P-C,48,96,2.93712,2.61077,70.4909,62.6586,493.436,438.61,2144.1,1905.87
aws,ap-southeast-2,Australia,c8i,x86(Intel),Intel Xeon 6 6975P-C,64,128,3.91616,3.48103,93.9878,83.5447,657.915,584.813,2858.8,2541.16
aws,ap-southeast-2,Australia,c8i,x86(Intel),Intel Xeon 6 6975P-C,96,192,5.87424,5.22155,140.9818,125.3172,986.872,877.22,4288.2,3811.73
aws,ap-southeast-2,Australia,c8i,x86(Intel),Intel Xeon 6 6975P-C,128,256,7.83232,6.96206,187.9757,167.0895,1315.83,1169.627,5717.59,5082.3
aws,ap-southeast-2,Australia,c8i,x86(Intel),Intel Xeon 6 6975P-C,192,384,11.74848,10.44309,281.9635,250.6342,1973.745,1754.44,8576.39,7623.46
aws,ap-southeast-2,Australia,c8i,x86(Intel),Intel Xeon 6 6975P-C,384,768,23.49696,20.88619,563.927,501.2684,3947.489,3508.879,17152.78,15246.92
aws,ap-southeast-2,Australia,m6a,x86(AMD),AMD EPYC 7R13,2,8,0.108,0.13292,2.592,3.1902,18.144,22.331,78.84,97.03
aws,ap-southeast-2,Australia,m6a,x86(AMD),AMD EPYC 7R13,4,16,0.216,0.26585,5.184,6.3803,36.288,44.662,157.68,194.07
aws,ap-southeast-2,Australia,m6a,x86(AMD),AMD EPYC 7R13,8,32,0.432,0.53169,10.368,12.7606,72.576,89.324,315.36,388.14
aws,ap-southeast-2,Australia,m6a,x86(AMD),AMD EPYC 7R13,16,64,0.864,1.06338,20.736,25.5212,145.152,178.649,630.72,776.27
aws,ap-southeast-2,Australia,m6a,x86(AMD),AMD EPYC 7R13,32,128,1.728,2.12677,41.472,51.0425,290.304,357.297,1261.44,1552.54
aws,ap-southeast-2,Australia,m6a,x86(AMD),AMD EPYC 7R13,48,192,2.592,3.19015,62.208,76.5637,435.456,535.946,1892.16,2328.81
aws,ap-southeast-2,Australia,m6a,x86(AMD),AMD EPYC 7R13,64,256,3.456,4.25354,82.944,102.0849,580.608,714.594,2522.88,3105.08
aws,ap-southeast-2,Australia,m6a,x86(AMD),AMD EPYC 7R13,96,384,5.184,6.38031,124.416,153.1274,870.912,1071.892,3784.32,4657.62
aws,ap-southeast-2,Australia,m6a,x86(AMD),AMD EPYC 7R13,128,512,6.912,8.50708,165.888,204.1698,1161.216,1429.189,5045.76,6210.17
aws,ap-southeast-2,Australia,m6a,x86(AMD),AMD EPYC 7R13,192,768,10.368,12.76062,248.832,306.2548,1741.824,2143.783,7568.64,9315.25
aws,ap-southeast-2,Australia,m6g,ARM,AWS Graviton2,1,4,0.048,0.048,1.152,1.152,8.064,8.064,35.04,35.04
aws,ap-southeast-2,Australia,m6g,ARM,AWS Graviton2,2,8,0.096,0.096,2.304,2.304,16.128,16.128,70.08,70.08
aws,ap-southeast-2,Australia,m6g,ARM,AWS Graviton2,4,16,0.192,0.192,4.608,4.608,32.256,32.256,140.16,140.16
aws,ap-southeast-2,Australia,m6g,ARM,AWS Graviton2,8,32,0.384,0.384,9.216,9.216,64.512,64.512,280.32,280.32
aws,ap-southeast-2,Australia,m6g,ARM,AWS Graviton2,16,64,0.768,0.768,18.432,18.432,129.024,129.024,560.64,560.64
aws,ap-southeast-2,Australia,m6g,ARM,AWS Graviton2,32,128,1.536,1.536,36.864,36.864,258.048,258.048,1121.28,1121.28
aws,ap-southeast-2,Australia,m6g,ARM,AWS Graviton2,48,192,2.304,2.304,55.296,55.296,387.072,387.072,1681.92,1681.92
aws,ap-southeast-2,Australia,m6g,ARM,AWS Graviton2,64,256,3.072,3.072,73.728,73.728,516.096,516.096,2242.56,2242.56
aws,ap-southeast-2,Australia,m6i,x86(Intel),Intel Xeon Platinum 8375C,2,8,0.12,0.16696,2.88,4.007,20.16,28.049,87.6,121.88
aws,ap-southeast-2,Australia,m6i,x86(Intel),Intel Xeon Platinum 8375C,4,16,0.24,0.33391,5.76,8.0139,40.32,56.097,175.2,243.76
aws,ap-southeast-2,Australia,m6i,x86(Intel),Intel Xeon Platinum 8375C,8,32,0.48,0.66783,11.52,16.0278,80.64,112.195,350.4,487.51
aws,ap-southeast-2,Australia,m6i,x86(Intel),Intel Xeon Platinum 8375C,16,64,0.96,1.33565,23.04,32.0557,161.28,224.39,700.8,975.03
aws,ap-southeast-2,Australia,m6i,x86(Intel),Intel Xeon Platinum 8375C,32,128,1.92,2.6713,46.08,64.1113,322.56,448.779,1401.6,1950.05
aws,ap-southeast-2,Australia,m6i,x86(Intel),Intel Xeon Platinum 8375C,48,192,2.88,4.00696,69.12,96.167,483.84,673.169,2102.4,2925.08
aws,ap-southeast-2,Australia,m6i,x86(Intel),Intel Xeon Platinum 8375C,64,256,3.84,5.34261,92.16,128.2226,645.12,897.558,2803.2,3900.1
aws,ap-southeast-2,Australia,m6i,x86(Intel),Intel Xeon Platinum 8375C,96,384,5.76,8.01391,138.24,192.3339,967.68,1346.337,4204.8,5850.16
aws,ap-southeast-2,Australia,m6i,x86(Intel),Intel Xeon Platinum 8375C,128,512,7.68,10.68522,184.32,256.4452,1290.24,1795.117,5606.4,7800.21
aws,ap-southeast-2,Australia,m7a,x86(AMD),AMD EPYC 9R14,1,4,0.07245,0.04391,1.7388,1.0538,12.172,7.377,52.89,32.05
aws,ap-southeast-2,Australia,m7a,x86(AMD),AMD EPYC 9R14,2,8,0.1449,0.08782,3.4776,2.1076,24.343,14.753,105.78,64.11
aws,ap-southeast-2,Australia,m7a,x86(AMD),AMD EPYC 9R14,4,16,0.2898,0.17564,6.9552,4.2153,48.686,29.507,211.55,128.21
aws,ap-southeast-2,Australia,m7a,x86(AMD),AMD EPYC 9R14,8,32,0.5796,0.35127,13.9104,8.4305,97.373,59.014,423.11,256.43
aws,ap-southeast-2,Australia,m7a,x86(AMD),AMD EPYC 9R14,16,64,1.1592,0.70255,27.8208,16.8611,194.746,118.028,846.22,512.86
aws,ap-southeast-2,Australia,m7a,x86(AMD),AMD EPYC 9R14,32,128,2.3184,1.40509,55.6416,33.7222,389.491,236.055,1692.43,1025.72
aws,ap-southeast-2,Australia,m7a,x86(AMD),AMD EPYC 9R14,48,192,3.4776,2.10764,83.4624,50.5833,584.237,354.083,2538.65,1538.58
aws,ap-southeast-2,Australia,m7a,x86(AMD),AMD EPYC 9R14,64,256,4.6368,2.81018,111.2832,67.4444,778.982,472.11,3384.86,2051.43
aws,ap-southeast-2,Australia,m7a,x86(AMD),AMD EPYC 9R14,96,384,6.9552,4.21527,166.9248,101.1665,1168.474,708.166,5077.3,3077.15
aws,ap-southeast-2,Australia,m7a,x86(AMD),AMD EPYC 9R14,128,512,9.2736,5.62036,222.5664,134.8887,1557.965,944.221,6769.73,4102.87
aws,ap-southeast-2,Australia,m7a,x86(AMD),AMD EPYC 9R14,192,768,13.9104,8.43055,333.8496,202.3331,2336.947,1416.332,10154.59,6154.3
aws,ap-southeast-2,Australia,m7g,ARM,AWS Graviton3,1,4,0.051,0.0408,1.224,0.9792,8.568,6.854,37.23,29.78
aws,ap-southeast-2,Australia,m7g,ARM,AWS Graviton3,2,8,0.102,0.0816,2.448,1.9584,17.136,13.709,74.46,59.57
aws,ap-southeast-2,Australia,m7g,ARM,AWS Graviton3,4,16,0.204,0.1632,4.896,3.9168,34.272,27.418,148.92,119.14
aws,ap-southeast-2,Australia,m7g,ARM,AWS Graviton3,8,32,0.408,0.3264,9.792,7.8336,68.544,54.835,297.84,238.27
aws,ap-southeast-2,Australia,m7g,ARM,AWS Graviton3,16,64,0.816,0.6528,19.584,15.6672,137.088,109.67,595.68,476.54
aws,ap-southeast-2,Australia,m7g,ARM,AWS Graviton3,32,128,1.632,1.3056,39.168,31.3344,274.176,219.341,1191.36,953.09
aws,ap-southeast-2,Australia,m7g,ARM,AWS Graviton3,48,192,2.448,1.9584,58.752,47.0016,411.264,329.011,1787.04,1429.63
aws,ap-southeast-2,Australia,m7g,ARM,AWS Graviton3,64,256,3.264,2.6112,78.336,62.6688,548.352,438.682,2382.72,1906.18
aws,ap-southeast-2,Australia,m7i,x86(Intel),Intel Xeon Platinum 8488C,2,8,0.126,0.144,3.024,3.456,21.168,24.192,91.98,105.12
aws,ap-southeast-2,Australia,m7i,x86(Intel),Intel Xeon Platinum 8488C,4,16,0.252,0.288,6.048,6.912,42.336,48.384,183.96,210.24
aws,ap-southeast-2,Australia,m7i,x86(Intel),Intel Xeon Platinum 8488C,8,32,0.504,0.576,12.096,13.824,84.672,96.768,367.92,420.48
aws,ap-southeast-2,Australia,m7i,x86(Intel),Intel Xeon Platinum 8488C,16,64,1.008,1.152,24.192,27.648,169.344,193.536,735.84,840.96
aws,ap-southeast-2,Australia,m7i,x86(Intel),Intel Xeon Platinum 8488C,32,128,2.016,2.304,48.384,55.296,338.688,387.072,1471.68,1681.92
aws,ap-southeast-2,Australia,m7i,x86(Intel),Intel Xeon Platinum 8488C,48,192,3.024,3.456,72.576,82.944,508.032,580.608,2207.52,2522.88
aws,ap-southeast-2,Australia,m7i,x86(Intel),Intel Xeon Platinum 8488C,64,256,4.032,4.608,96.768,110.592,677.376,774.144,2943.36,3363.84
aws,ap-southeast-2,Australia,m7i,x86(Intel),Intel Xeon Platinum 8488C,96,384,6.048,6.912,145.152,165.888,1016.064,1161.216,4415.04,5045.76
aws,ap-southeast-2,Australia,m7i,x86(Intel),Intel Xeon Platinum 8488C,192,768,12.096,13.824,290.304,331.776,2032.128,2322.432,8830.08,10091.52
aws,ap-southeast-2,Australia,m8g,ARM,AWS Graviton4,1,4,0.0561,0.03619,1.3464,0.8686,9.425,6.081,40.95,26.42
aws,ap-southeast-2,Australia,m8g,ARM,AWS Graviton4,2,8,0.1122,0.07239,2.6928,1.7373,18.85,12.161,81.91,52.85
aws,ap-southeast-2,Australia,m8g,ARM,AWS Graviton4,4,16,0.2244,0.14477,5.3856,3.4746,37.699,24.322,163.81,105.68
aws,ap-southeast-2,Australia,m8g,ARM,AWS Graviton4,8,32,0.4488,0.28955,10.7712,6.9492,75.398,48.644,327.62,211.37
aws,ap-southeast-2,Australia,m8g,ARM,AWS Graviton4,16,64,0.8976,0.5791,21.5424,13.8983,150.797,97.288,655.25,422.74
aws,ap-southeast-2,Australia,m8g,ARM,AWS Graviton4,32,128,1.7952,1.15819,43.0848,27.7966,301.594,194.577,1310.5,845.48
aws,ap-southeast-2,Australia,m8g,ARM,AWS Graviton4,48,192,2.6928,1.73729,64.6272,41.695,452.39,291.865,1965.74,1268.22
aws,ap-southeast-2,Australia,m8g,ARM,AWS Graviton4,64,256,3.5904,2.31639,86.1696,55.5933,603.187,389.153,2620.99,1690.96
aws,ap-southeast-2,Australia,m8g,ARM,AWS Graviton4,96,384,5.3856,3.47458,129.2544,83.3899,904.781,583.73,3931.49,2536.45
aws,ap-southeast-2,Australia,m8g,ARM,AWS Graviton4,192,768,10.7712,6.94916,258.5088,166.7799,1809.562,1167.459,7862.98,5072.89
aws,ap-southeast-2,Australia,m8i,x86(Intel),Intel Xeon 6 6975P-C,2,8,0.1323,0.1176,3.1752,2.8224,22.226,19.756,96.58,85.85
aws,ap-southeast-2,Australia,m8i,x86(Intel),Intel Xeon 6 6975P-C,4,16,0.2646,0.2352,6.3504,5.6448,44.453,39.514,193.16,171.7
aws,ap-southeast-2,Australia,m8i,x86(Intel),Intel Xeon 6 6975P-C,8,32,0.5292,0.4704,12.7008,11.2896,88.906,79.028,386.32,343.4
aws,ap-southeast-2,Australia,m8i,x86(Intel),Intel Xeon 6 6975P-C,16,64,1.0584,0.9408,25.4016,22.5792,177.811,158.054,772.63,686.78
aws,ap-southeast-2,Australia,m8i,x86(Intel),Intel Xeon 6 6975P-C,32,128,2.1168,1.8816,50.8032,45.1584,355.622,316.108,1545.26,1373.56
aws,ap-southeast-2,Australia,m8i,x86(Intel),Intel Xeon 6 6975P-C,48,192,3.1752,2.8224,76.2048,67.7376,533.434,474.164,2317.9,2060.36
aws,ap-southeast-2,Australia,m8i,x86(Intel),Intel Xeon 6 6975P-C,64,256,4.2336,3.7632,101.6064,90.3168,711.245,632.218,3090.53,2747.14
aws,ap-southeast-2,Australia,m8i,x86(Intel),Intel Xeon 6 6975P-C,96,384,6.3504,5.6448,152.4096,135.4752,1066.867,948.326,4635.79,4120.7
aws,ap-southeast-2,Australia,m8i,x86(Intel),Intel Xeon 6 6975P-C,128,512,8.4672,7.5264,203.2128,180.6336,1422.49,1264.436,6181.06,5494.28
aws,ap-southeast-2,Australia,m8i,x86(Intel),Intel Xeon 6 6975P-C,192,768,12.7008,11.2896,304.8192,270.9504,2133.734,1896.652,9271.58,8241.4
aws,ap-southeast-2,Australia,m8i,x86(Intel),Intel Xeon 6 6975P-C,384,1536,25.4016,22.5792,609.6384,541.9008,4267.469,3793.306,18543.17,16482.82
aws,ap-southeast-2,Australia,r6a,x86(AMD),AMD EPYC 7R13,2,16,0.1359,0.16726,3.2616,4.0143,22.831,28.1,99.21,122.1
aws,ap-southeast-2,Australia,r6a,x86(AMD),AMD EPYC 7R13,4,32,0.2718,0.33452,6.5232,8.0286,45.662,56.199,198.41,244.2
aws,ap-southeast-2,Australia,r6a,x86(AMD),AMD EPYC 7R13,8,64,0.5436,0.66905,13.0464,16.0571,91.325,112.4,396.83,488.41
aws,ap-southeast-2,Australia,r6a,x86(AMD),AMD EPYC 7R13,16,128,1.0872,1.33809,26.0928,32.1142,182.65,224.8,793.66,976.81
aws,ap-southeast-2,Australia,r6a,x86(AMD),AMD EPYC 7R13,32,256,2.1744,2.67618,52.1856,64.2284,365.299,449.599,1587.31,1953.61
aws,ap-southeast-2,Australia,r6a,x86(AMD),AMD EPYC 7R13,48,384,3.2616,4.01428,78.2784,96.3426,547.949,674.399,2380.97,2930.42
aws,ap-southeast-2,Australia,r6a,x86(AMD),AMD EPYC 7R13,64,512,4.3488,5.35237,104.3712,128.4569,730.598,899.198,3174.62,3907.22
aws,ap-southeast-2,Australia,r6a,x86(AMD),AMD EPYC 7R13,96,768,6.5232,8.02855,156.5568,192.6853,1095.898,1348.798,4761.94,5860.85
aws,ap-southeast-2,Australia,r6a,x86(AMD),AMD EPYC 7R13,128,1024,8.6976,10.70474,208.7424,256.9137,1461.197,1798.396,6349.25,7814.46
aws,ap-southeast-2,Australia,r6a,x86(AMD),AMD EPYC 7R13,192,1536,13.0464,16.05711,313.1136,385.3706,2191.795,2697.594,9523.87,11721.69
aws,ap-southeast-2,Australia,r6g,ARM,AWS Graviton2,1,8,0.0604,0.0604,1.4496,1.4496,10.147,10.147,44.09,44.09
aws,ap-southeast-2,Australia,r6g,ARM,AWS Graviton2,2,16,0.1208,0.1208,2.8992,2.8992,20.294,20.294,88.18,88.18
aws,ap-southeast-2,Australia,r6g,ARM,AWS Graviton2,4,32,0.2416,0.2416,5.7984,5.7984,40.589,40.589,176.37,176.37
aws,ap-southeast-2,Australia,r6g,ARM,AWS Graviton2,8,64,0.4832,0.4832,11.5968,11.5968,81.178,81.178,352.74,352.74
aws,ap-southeast-2,Australia,r6g,ARM,AWS Graviton2,16,128,0.9664,0.9664,23.1936,23.1936,162.355,162.355,705.47,705.47
aws,ap-southeast-2,Australia,r6g,ARM,AWS Graviton2,32,256,1.9328,1.9328,46.3872,46.3872,324.71,324.71,1410.94,1410.94
aws,ap-southeast-2,Australia,r6g,ARM,AWS Graviton2,48,384,2.8992,2.8992,69.5808,69.5808,487.066,487.066,2116.42,2116.42
aws,ap-southeast-2,Australia,r6g,ARM,AWS Graviton2,64,512,3.8656,3.8656,92.7744,92.7744,649.421,649.421,2821.89,2821.89
aws,ap-southeast-2,Australia,r6i,x86(Intel),Intel Xeon Platinum 8375C,2,16,0.151,0.21009,3.624,5.0421,25.368,35.295,110.23,153.36
aws,ap-southeast-2,Australia,r6i,x86(Intel),Intel Xeon Platinum 8375C,4,32,0.302,0.42017,7.248,10.0842,50.736,70.589,220.46,306.73
aws,ap-southeast-2,Australia,r6i,x86(Intel),Intel Xeon Platinum 8375C,8,64,0.604,0.84035,14.496,20.1683,101.472,141.178,440.92,613.45
aws,ap-southeast-2,Australia,r6i,x86(Intel),Intel Xeon Platinum 8375C,16,128,1.208,1.6807,28.992,40.3367,202.944,282.357,881.84,1226.91
aws,ap-southeast-2,Australia,r6i,x86(Intel),Intel Xeon Platinum 8375C,32,256,2.416,3.36139,57.984,80.6734,405.888,564.714,1763.68,2453.82
aws,ap-southeast-2,Australia,r6i,x86(Intel),Intel Xeon Platinum 8375C,48,384,3.624,5.04209,86.976,121.0101,608.832,847.071,2645.52,3680.72
aws,ap-southeast-2,Australia,r6i,x86(Intel),Intel Xeon Platinum 8375C,64,512,4.832,6.72278,115.968,161.3468,811.776,1129.427,3527.36,4907.63
aws,ap-southeast-2,Australia,r6i,x86(Intel),Intel Xeon Platinum 8375C,96,768,7.248,10.08417,173.952,242.0202,1217.664,1694.141,5291.04,7361.45
aws,ap-southeast-2,Australia,r6i,x86(Intel),Intel Xeon Platinum 8375C,128,1024,9.664,13.44557,231.936,322.6936,1623.552,2258.855,7054.72,9815.26
aws,ap-southeast-2,Australia,r7g,ARM,AWS Graviton3,1,8,0.0642,0.05136,1.5408,1.2326,10.786,8.629,46.87,37.5
aws,ap-southeast-2,Australia,r7g,ARM,AWS Graviton3,2,16,0.1284,0.10272,3.0816,2.4653,21.571,17.257,93.73,74.98
aws,ap-southeast-2,Australia,r7g,ARM,AWS Graviton3,4,32,0.2567,0.20536,6.1608,4.9286,43.126,34.501,187.39,149.91
aws,ap-southeast-2,Australia,r7g,ARM,AWS Graviton3,8,64,0.5134,0.41072,12.3216,9.8573,86.251,69.001,374.78,299.82
aws,ap-southeast-2,Australia,r7g,ARM,AWS Graviton3,16,128,1.0269,0.82152,24.6456,19.7165,172.519,138.015,749.64,599.71
aws,ap-southeast-2,Australia,r7g,ARM,AWS Graviton3,32,256,2.0538,1.64304,49.2912,39.433,345.038,276.03,1499.27,1199.42
aws,ap-southeast-2,Australia,r7g,ARM,AWS Graviton3,48,384,3.0806,2.46448,73.9344,59.1475,517.541,414.033,2248.84,1799.07
aws,ap-southeast-2,Australia,r7g,ARM,AWS Graviton3,64,512,4.1075,3.286,98.58,78.864,690.06,552.048,2998.48,2398.78
aws,ap-southeast-2,Australia,r7i,x86(Intel),Intel Xeon Platinum 8488C,2,16,0.15855,0.1812,3.8052,4.3488,26.636,30.441,115.74,132.27
aws,ap-southeast-2,Australia,r7i,x86(Intel),Intel Xeon Platinum 8488C,4,32,0.3171,0.3624,7.6104,8.6976,53.273,60.883,231.48,264.55
aws,ap-southeast-2,Australia,r7i,x86(Intel),Intel Xeon Platinum 8488C,8,64,0.6342,0.7248,15.2208,17.3952,106.546,121.767,462.97,529.11
aws,ap-southeast-2,Australia,r7i,x86(Intel),Intel Xeon Platinum 8488C,16,128,1.2684,1.4496,30.4416,34.7904,213.091,243.533,925.93,1058.21
aws,ap-southeast-2,Australia,r7i,x86(Intel),Intel Xeon Platinum 8488C,32,256,2.5368,2.8992,60.8832,69.5808,426.182,487.065,1851.86,2116.41
aws,ap-southeast-2,Australia,r7i,x86(Intel),Intel Xeon Platinum 8488C,48,384,3.8052,4.3488,91.3248,104.3712,639.274,730.599,2777.8,3174.63
aws,ap-southeast-2,Australia,r7i,x86(Intel),Intel Xeon Platinum 8488C,64,512,5.0736,5.7984,121.7664,139.1616,852.365,974.131,3703.73,4232.83
aws,ap-southeast-2,Australia,r7i,x86(Intel),Intel Xeon Platinum 8488C,96,768,7.6104,8.6976,182.6496,208.7424,1278.547,1461.197,5555.59,6349.25
aws,ap-southeast-2,Australia,r7i,x86(Intel),Intel Xeon Platinum 8488C,192,1536,15.2208,17.3952,365.2992,417.4848,2557.094,2922.393,11111.18,12698.49
aws,ap-southeast-2,Australia,r8g,ARM,AWS Graviton4,1,8,0.0706,0.04555,1.6944,1.0932,11.861,7.652,51.54,33.25
aws,ap-southeast-2,Australia,r8g,ARM,AWS Graviton4,2,16,0.1412,0.0911,3.3888,2.1863,23.722,15.305,103.08,66.5
aws,ap-southeast-2,Australia,r8g,ARM,AWS Graviton4,4,32,0.2824,0.18219,6.7776,4.3726,47.443,30.608,206.15,133.0
aws,ap-southeast-2,Australia,r8g,ARM,AWS Graviton4,8,64,0.5648,0.36439,13.5552,8.7453,94.886,61.217,412.3,266.0
aws,ap-southeast-2,Australia,r8g,ARM,AWS Graviton4,16,128,1.1296,0.72877,27.1104,17.4906,189.773,122.434,824.61,532.01
aws,ap-southeast-2,Australia,r8g,ARM,AWS Graviton4,32,256,2.2592,1.45755,54.2208,34.9812,379.546,244.868,1649.22,1064.01
aws,ap-southeast-2,Australia,r8g,ARM,AWS Graviton4,48,384,3.3888,2.18632,81.3312,52.4717,569.318,367.302,2473.82,1596.01
aws,ap-southeast-2,Australia,r8g,ARM,AWS Graviton4,64,512,4.5184,2.9151,108.4416,69.9623,759.091,489.736,3298.43,2128.02
aws,ap-southeast-2,Australia,r8g,ARM,AWS Graviton4,96,768,6.7776,4.37265,162.6624,104.9435,1138.637,734.605,4947.65,3192.03
aws,ap-southeast-2,Australia,r8g,ARM,AWS Graviton4,192,1536,13.5552,8.74529,325.3248,209.887,2277.274,1469.209,9895.3,6384.06
aws,ap-southeast-2,Australia,r8i,x86(Intel),Intel Xeon 6 6985P-C,2,16,0.16648,0.14798,3.9955,3.5516,27.969,24.861,121.53,108.03
aws,ap-southeast-2,Australia,r8i,x86(Intel),Intel Xeon 6 6985P-C,4,32,0.33296,0.29596,7.991,7.1031,55.937,49.722,243.06,216.05
aws,ap-southeast-2,Australia,r8i,x86(Intel),Intel Xeon 6 6985P-C,8,64,0.66592,0.59193,15.9821,14.2063,111.875,99.444,486.12,432.11
aws,ap-southeast-2,Australia,r8i,x86(Intel),Intel Xeon 6 6985P-C,16,128,1.33184,1.18386,31.9642,28.4126,223.749,198.888,972.24,864.21
aws,ap-southeast-2,Australia,r8i,x86(Intel),Intel Xeon 6 6985P-C,32,256,2.66368,2.36772,63.9283,56.8252,447.498,397.776,1944.49,1728.44
aws,ap-southeast-2,Australia,r8i,x86(Intel),Intel Xeon 6 6985P-C,48,384,3.99552,3.55157,95.8925,85.2378,671.247,596.664,2916.73,2592.65
aws,ap-southeast-2,Australia,r8i,x86(Intel),Intel Xeon 6 6985P-C,64,512,5.32736,4.73543,127.8566,113.6503,894.996,795.552,3888.97,3456.86
aws,ap-southeast-2,Australia,r8i,x86(Intel),Intel Xeon 6 6985P-C,96,768,7.99104,7.10315,191.785,170.4756,1342.495,1193.329,5833.46,5185.3
aws,ap-southeast-2,Australia,r8i,x86(Intel),Intel Xeon 6 6985P-C,128,1024,10.65472,9.47086,255.7133,227.3007,1789.993,1591.105,7777.95,6913.73
aws,ap-southeast-2,Australia,r8i,x86(Intel),Intel Xeon 6 6985P-C,192,1536,15.98208,14.20629,383.5699,340.951,2684.989,2386.657,11666.92,10370.6
aws,ap-southeast-2,Australia,r8i,x86(Intel),Intel Xeon 6 6985P-C,384,3072,31.96416,28.41259,767.1398,681.902,5369.979,4773.315,23333.84,20741.19
aws,ap-southeast-2,Australia,x8g,ARM,AWS Graviton4,1,16,0.11724,0.07564,2.8138,1.8154,19.696,12.707,85.59,55.22
aws,ap-southeast-2,Australia,x8g,ARM,AWS Graviton4,2,32,0.23448,0.15128,5.6275,3.6306,39.393,25.415,171.17,110.43
aws,ap-southeast-2,Australia,x8g,ARM,AWS Graviton4,4,64,0.46896,0.30255,11.255,7.2613,78.785,50.829,342.34,220.86
aws,ap-southeast-2,Australia,x8g,ARM,AWS Graviton4,8,128,0.93792,0.60511,22.5101,14.5226,157.571,101.659,684.68,441.73
aws,ap-southeast-2,Australia,x8g,ARM,AWS Graviton4,16,256,1.87584,1.21022,45.0202,29.0453,315.141,203.317,1369.36,883.46
aws,ap-southeast-2,Australia,x8g,ARM,AWS Graviton4,32,512,3.75168,2.42044,90.0403,58.0905,630.282,406.634,2738.73,1766.92
aws,ap-southeast-2,Australia,x8g,ARM,AWS Graviton4,48,768,5.62752,3.63066,135.0605,87.1358,945.423,609.95,4108.09,2650.38
aws,ap-southeast-2,Australia,x8g,ARM,AWS Graviton4,64,1024,7.50336,4.84088,180.0806,116.181,1260.564,813.267,5477.45,3533.84
aws,ap-southeast-2,Australia,x8g,ARM,AWS Graviton4,96,1536,11.25504,7.26132,270.121,174.2716,1890.847,1219.901,8216.18,5300.76
aws,ap-southeast-2,Australia,x8g,ARM,AWS Graviton4,192,3072,22.51008,14.52263,540.2419,348.5432,3781.693,2439.802,16432.36,10601.52
aws,ap-southeast-2,Australia,x8i,x86(Intel),Intel Xeon 6 6975P-C,2,32,0.31731,0.28205,7.6154,6.7692,53.308,47.385,231.64,205.9
aws,ap-southeast-2,Australia,x8i,x86(Intel),Intel Xeon 6 6975P-C,4,64,0.63462,0.56411,15.2309,13.5386,106.616,94.77,463.27,411.8
aws,ap-southeast-2,Australia,x8i,x86(Intel),Intel Xeon 6 6975P-C,8,128,1.26924,1.12821,30.4618,27.0772,213.232,189.54,926.55,823.6
aws,ap-southeast-2,Australia,x8i,x86(Intel),Intel Xeon 6 6975P-C,16,256,2.53848,2.25643,60.9235,54.1542,426.465,379.08,1853.09,1647.19
aws,ap-southeast-2,Australia,x8i,x86(Intel),Intel Xeon 6 6975P-C,32,512,5.07696,4.51285,121.847,108.3084,852.929,758.159,3706.18,3294.38
aws,ap-southeast-2,Australia,x8i,x86(Intel),Intel Xeon 6 6975P-C,48,768,7.61544,6.76928,182.7706,162.4628,1279.394,1137.239,5559.27,4941.57
aws,ap-southeast-2,Australia,x8i,x86(Intel),Intel Xeon 6 6975P-C,64,1024,10.15392,9.02571,243.6941,216.617,1705.859,1516.319,7412.36,6588.76
aws,ap-southeast-2,Australia,x8i,x86(Intel),Intel Xeon 6 6975P-C,96,1536,15.23088,13.53856,365.5411,324.9254,2558.788,2274.478,11118.54,9883.15
aws,ap-southeast-2,Australia,x8i,x86(Intel),Intel Xeon 6 6975P-C,128,2048,20.30784,18.05141,487.3882,433.234,3411.717,3032.637,14824.72,13177.53
aws,ap-southeast-2,Australia,x8i,x86(Intel),Intel Xeon 6 6975P-C,192,3072,30.46176,27.07712,731.0822,649.8508,5117.576,4548.956,22237.08,19766.29
aws,ap-southeast-2,Australia,x8i,x86(Intel),Intel Xeon 6 6975P-C,256,4096,40.61568,36.10283,974.7763,866.4678,6823.434,6065.275,29649.45,26355.07
aws,ap-southeast-2,Australia,x8i,x86(Intel),Intel Xeon 6 6975P-C,384,6144,58.38504,51.89781,1401.241,1245.5476,9808.687,8718.833,42621.08,37885.4
aws,ap-southeast-3,Indonesia,c6g,ARM,AWS Graviton2,1,2,0.0392,0.0392,0.9408,0.9408,6.586,6.586,28.62,28.62
aws,ap-southeast-3,Indonesia,c6g,ARM,AWS Graviton2,2,4,0.0784,0.0784,1.8816,1.8816,13.171,13.171,57.23,57.23
aws,ap-southeast-3,Indonesia,c6g,ARM,AWS Graviton2,4,8,0.1568,0.1568,3.7632,3.7632,26.342,26.342,114.46,114.46
aws,ap-southeast-3,Indonesia,c6g,ARM,AWS Graviton2,8,16,0.3136,0.3136,7.5264,7.5264,52.685,52.685,228.93,228.93
aws,ap-southeast-3,Indonesia,c6g,ARM,AWS Graviton2,16,32,0.6272,0.6272,15.0528,15.0528,105.37,105.37,457.86,457.86
aws,ap-southeast-3,Indonesia,c6g,ARM,AWS Graviton2,32,64,1.2544,1.2544,30.1056,30.1056,210.739,210.739,915.71,915.71
aws,ap-southeast-3,Indonesia,c6g,ARM,AWS Graviton2,48,96,1.8816,1.8816,45.1584,45.1584,316.109,316.109,1373.57,1373.57
aws,ap-southeast-3,Indonesia,c6g,ARM,AWS Graviton2,64,128,2.5088,2.5088,60.2112,60.2112,421.478,421.478,1831.42,1831.42
aws,ap-southeast-3,Indonesia,c7g,ARM,AWS Graviton3,1,2,0.0417,0.03336,1.0008,0.8006,7.006,5.605,30.44,24.35
aws,ap-southeast-3,Indonesia,c7g,ARM,AWS Graviton3,2,4,0.0833,0.06664,1.9992,1.5994,13.994,11.195,60.81,48.65
aws,ap-southeast-3,Indonesia,c7g,ARM,AWS Graviton3,4,8,0.1666,0.13328,3.9984,3.1987,27.989,22.391,121.62,97.3
aws,ap-southeast-3,Indonesia,c7g,ARM,AWS Graviton3,8,16,0.3332,0.26656,7.9968,6.3974,55.978,44.782,243.24,194.59
aws,ap-southeast-3,Indonesia,c7g,ARM,AWS Graviton3,16,32,0.6664,0.53312,15.9936,12.7949,111.955,89.564,486.47,389.18
aws,ap-southeast-3,Indonesia,c7g,ARM,AWS Graviton3,32,64,1.3328,1.06624,31.9872,25.5898,223.91,179.128,972.94,778.35
aws,ap-southeast-3,Indonesia,c7g,ARM,AWS Graviton3,48,96,1.9992,1.59936,47.9808,38.3846,335.866,268.693,1459.42,1167.54
aws,ap-southeast-3,Indonesia,c7g,ARM,AWS Graviton3,64,128,2.6656,2.13248,63.9744,51.1795,447.821,358.257,1945.89,1556.71
aws,ap-southeast-3,Indonesia,c7i,x86(Intel),Intel Xeon Platinum 8488C,2,4,0.1029,0.1176,2.4696,2.8224,17.287,19.757,75.12,85.85
aws,ap-southeast-3,Indonesia,c7i,x86(Intel),Intel Xeon Platinum 8488C,4,8,0.2058,0.2352,4.9392,5.6448,34.574,39.513,150.23,171.69
aws,ap-southeast-3,Indonesia,c7i,x86(Intel),Intel Xeon Platinum 8488C,8,16,0.4116,0.4704,9.8784,11.2896,69.149,79.027,300.47,343.39
aws,ap-southeast-3,Indonesia,c7i,x86(Intel),Intel Xeon Platinum 8488C,16,32,0.8232,0.9408,19.7568,22.5792,138.298,158.055,600.94,686.79
aws,ap-southeast-3,Indonesia,c7i,x86(Intel),Intel Xeon Platinum 8488C,32,64,1.6464,1.8816,39.5136,45.1584,276.595,316.109,1201.87,1373.57
aws,ap-southeast-3,Indonesia,c7i,x86(Intel),Intel Xeon Platinum 8488C,48,96,2.4696,2.8224,59.2704,67.7376,414.893,474.163,1802.81,2060.35
aws,ap-southeast-3,Indonesia,c7i,x86(Intel),Intel Xeon Platinum 8488C,64,128,3.2928,3.7632,79.0272,90.3168,553.19,632.217,2403.74,2747.13
aws,ap-southeast-3,Indonesia,c7i,x86(Intel),Intel Xeon Platinum 8488C,96,192,4.9392,5.6448,118.5408,135.4752,829.786,948.327,3605.62,4120.71
aws,ap-southeast-3,Indonesia,c7i,x86(Intel),Intel Xeon Platinum 8488C,192,384,9.8784,11.2896,237.0816,270.9504,1659.571,1896.653,7211.23,8241.41
aws,ap-southeast-3,Indonesia,c8g,ARM,AWS Graviton4,1,2,0.04582,0.02956,1.0997,0.7095,7.698,4.966,33.45,21.58
aws,ap-southeast-3,Indonesia,c8g,ARM,AWS Graviton4,2,4,0.09163,0.05912,2.1991,1.4188,15.394,9.932,66.89,43.15
aws,ap-southeast-3,Indonesia,c8g,ARM,AWS Graviton4,4,8,0.18326,0.11823,4.3982,2.8375,30.788,19.863,133.78,86.31
aws,ap-southeast-3,Indonesia,c8g,ARM,AWS Graviton4,8,16,0.36652,0.23646,8.7965,5.6752,61.575,39.726,267.56,172.62
aws,ap-southeast-3,Indonesia,c8g,ARM,AWS Graviton4,16,32,0.73304,0.47293,17.593,11.3503,123.151,79.452,535.12,345.24
aws,ap-southeast-3,Indonesia,c8g,ARM,AWS Graviton4,32,64,1.46608,0.94586,35.1859,22.7006,246.301,158.904,1070.24,690.48
aws,ap-southeast-3,Indonesia,c8g,ARM,AWS Graviton4,48,96,2.19912,1.41879,52.7789,34.0509,369.452,238.356,1605.36,1035.72
aws,ap-southeast-3,Indonesia,c8g,ARM,AWS Graviton4,64,128,2.93216,1.89172,70.3718,45.4012,492.603,317.808,2140.48,1380.95
aws,ap-southeast-3,Indonesia,c8g,ARM,AWS Graviton4,96,192,4.39824,2.83757,105.5578,68.1018,738.904,476.712,3210.72,2071.43
aws,ap-southeast-3,Indonesia,c8g,ARM,AWS Graviton4,192,384,8.79648,5.67515,211.1155,136.2035,1477.809,953.425,6421.43,4142.86
aws,ap-southeast-3,Indonesia,m6g,ARM,AWS Graviton2,1,4,0.048,0.048,1.152,1.152,8.064,8.064,35.04,35.04
aws,ap-southeast-3,Indonesia,m6g,ARM,AWS Graviton2,2,8,0.096,0.096,2.304,2.304,16.128,16.128,70.08,70.08
aws,ap-southeast-3,Indonesia,m6g,ARM,AWS Graviton2,4,16,0.192,0.192,4.608,4.608,32.256,32.256,140.16,140.16
aws,ap-southeast-3,Indonesia,m6g,ARM,AWS Graviton2,8,32,0.384,0.384,9.216,9.216,64.512,64.512,280.32,280.32
aws,ap-southeast-3,Indonesia,m6g,ARM,AWS Graviton2,16,64,0.768,0.768,18.432,18.432,129.024,129.024,560.64,560.64
aws,ap-southeast-3,Indonesia,m6g,ARM,AWS Graviton2,32,128,1.536,1.536,36.864,36.864,258.048,258.048,1121.28,1121.28
aws,ap-southeast-3,Indonesia,m6g,ARM,AWS Graviton2,48,192,2.304,2.304,55.296,55.296,387.072,387.072,1681.92,1681.92
aws,ap-southeast-3,Indonesia,m6g,ARM,AWS Graviton2,64,256,3.072,3.072,73.728,73.728,516.096,516.096,2242.56,2242.56
aws,ap-southeast-3,Indonesia,m6i,x86(Intel),Intel Xeon Platinum 8375C,2,8,0.12,0.16696,2.88,4.007,20.16,28.049,87.6,121.88
aws,ap-southeast-3,Indonesia,m6i,x86(Intel),Intel Xeon Platinum 8375C,4,16,0.24,0.33391,5.76,8.0139,40.32,56.097,175.2,243.76
aws,ap-southeast-3,Indonesia,m6i,x86(Intel),Intel Xeon Platinum 8375C,8,32,0.48,0.66783,11.52,16.0278,80.64,112.195,350.4,487.51
aws,ap-southeast-3,Indonesia,m6i,x86(Intel),Intel Xeon Platinum 8375C,16,64,0.96,1.33565,23.04,32.0557,161.28,224.39,700.8,975.03
aws,ap-southeast-3,Indonesia,m6i,x86(Intel),Intel Xeon Platinum 8375C,32,128,1.92,2.6713,46.08,64.1113,322.56,448.779,1401.6,1950.05
aws,ap-southeast-3,Indonesia,m6i,x86(Intel),Intel Xeon Platinum 8375C,48,192,2.88,4.00696,69.12,96.167,483.84,673.169,2102.4,2925.08
aws,ap-southeast-3,Indonesia,m6i,x86(Intel),Intel Xeon Platinum 8375C,64,256,3.84,5.34261,92.16,128.2226,645.12,897.558,2803.2,3900.1
aws,ap-southeast-3,Indonesia,m6i,x86(Intel),Intel Xeon Platinum 8375C,96,384,5.76,8.01391,138.24,192.3339,967.68,1346.337,4204.8,5850.16
aws,ap-southeast-3,Indonesia,m6i,x86(Intel),Intel Xeon Platinum 8375C,128,512,7.68,10.68522,184.32,256.4452,1290.24,1795.117,5606.4,7800.21
aws,ap-southeast-3,Indonesia,m7g,ARM,AWS Graviton3,1,4,0.051,0.0408,1.224,0.9792,8.568,6.854,37.23,29.78
aws,ap-southeast-3,Indonesia,m7g,ARM,AWS Graviton3,2,8,0.102,0.0816,2.448,1.9584,17.136,13.709,74.46,59.57
aws,ap-southeast-3,Indonesia,m7g,ARM,AWS Graviton3,4,16,0.204,0.1632,4.896,3.9168,34.272,27.418,148.92,119.14
aws,ap-southeast-3,Indonesia,m7g,ARM,AWS Graviton3,8,32,0.408,0.3264,9.792,7.8336,68.544,54.835,297.84,238.27
aws,ap-southeast-3,Indonesia,m7g,ARM,AWS Graviton3,16,64,0.816,0.6528,19.584,15.6672,137.088,109.67,595.68,476.54
aws,ap-southeast-3,Indonesia,m7g,ARM,AWS Graviton3,32,128,1.632,1.3056,39.168,31.3344,274.176,219.341,1191.36,953.09
aws,ap-southeast-3,Indonesia,m7g,ARM,AWS Graviton3,48,192,2.448,1.9584,58.752,47.0016,411.264,329.011,1787.04,1429.63
aws,ap-southeast-3,Indonesia,m7g,ARM,AWS Graviton3,64,256,3.264,2.6112,78.336,62.6688,548.352,438.682,2382.72,1906.18
aws,ap-southeast-3,Indonesia,m7i,x86(Intel),Intel Xeon Platinum 8488C,2,8,0.126,0.144,3.024,3.456,21.168,24.192,91.98,105.12
aws,ap-southeast-3,Indonesia,m7i,x86(Intel),Intel Xeon Platinum 8488C,4,16,0.252,0.288,6.048,6.912,42.336,48.384,183.96,210.24
aws,ap-southeast-3,Indonesia,m7i,x86(Intel),Intel Xeon Platinum 8488C,8,32,0.504,0.576,12.096,13.824,84.672,96.768,367.92,420.48
aws,ap-southeast-3,Indonesia,m7i,x86(Intel),Intel Xeon Platinum 8488C,16,64,1.008,1.152,24.192,27.648,169.344,193.536,735.84,840.96
aws,ap-southeast-3,Indonesia,m7i,x86(Intel),Intel Xeon Platinum 8488C,32,128,2.016,2.304,48.384,55.296,338.688,387.072,1471.68,1681.92
aws,ap-southeast-3,Indonesia,m7i,x86(Intel),Intel Xeon Platinum 8488C,48,192,3.024,3.456,72.576,82.944,508.032,580.608,2207.52,2522.88
aws,ap-southeast-3,Indonesia,m7i,x86(Intel),Intel Xeon Platinum 8488C,64,256,4.032,4.608,96.768,110.592,677.376,774.144,2943.36,3363.84
aws,ap-southeast-3,Indonesia,m7i,x86(Intel),Intel Xeon Platinum 8488C,96,384,6.048,6.912,145.152,165.888,1016.064,1161.216,4415.04,5045.76
aws,ap-southeast-3,Indonesia,m7i,x86(Intel),Intel Xeon Platinum 8488C,192,768,12.096,13.824,290.304,331.776,2032.128,2322.432,8830.08,10091.52
aws,ap-southeast-3,Indonesia,m8g,ARM,AWS Graviton4,1,4,0.0561,0.03619,1.3464,0.8686,9.425,6.081,40.95,26.42
aws,ap-southeast-3,Indonesia,m8g,ARM,AWS Graviton4,2,8,0.1122,0.07239,2.6928,1.7373,18.85,12.161,81.91,52.85
aws,ap-southeast-3,Indonesia,m8g,ARM,AWS Graviton4,4,16,0.2244,0.14477,5.3856,3.4746,37.699,24.322,163.81,105.68
aws,ap-southeast-3,Indonesia,m8g,ARM,AWS Graviton4,8,32,0.4488,0.28955,10.7712,6.9492,75.398,48.644,327.62,211.37
aws,ap-southeast-3,Indonesia,m8g,ARM,AWS Graviton4,16,64,0.8976,0.5791,21.5424,13.8983,150.797,97.288,655.25,422.74
aws,ap-southeast-3,Indonesia,m8g,ARM,AWS Graviton4,32,128,1.7952,1.15819,43.0848,27.7966,301.594,194.577,1310.5,845.48
aws,ap-southeast-3,Indonesia,m8g,ARM,AWS Graviton4,48,192,2.6928,1.73729,64.6272,41.695,452.39,291.865,1965.74,1268.22
aws,ap-southeast-3,Indonesia,m8g,ARM,AWS Graviton4,64,256,3.5904,2.31639,86.1696,55.5933,603.187,389.153,2620.99,1690.96
aws,ap-southeast-3,Indonesia,m8g,ARM,AWS Graviton4,96,384,5.3856,3.47458,129.2544,83.3899,904.781,583.73,3931.49,2536.45
aws,ap-southeast-3,Indonesia,m8g,ARM,AWS Graviton4,192,768,10.7712,6.94916,258.5088,166.7799,1809.562,1167.459,7862.98,5072.89
aws,ap-southeast-3,Indonesia,r6g,ARM,AWS Graviton2,1,8,0.0608,0.0608,1.4592,1.4592,10.214,10.214,44.38,44.38
aws,ap-southeast-3,Indonesia,r6g,ARM,AWS Graviton2,2,16,0.1216,0.1216,2.9184,2.9184,20.429,20.429,88.77,88.77
aws,ap-southeast-3,Indonesia,r6g,ARM,AWS Graviton2,4,32,0.2432,0.2432,5.8368,5.8368,40.858,40.858,177.54,177.54
aws,ap-southeast-3,Indonesia,r6g,ARM,AWS Graviton2,8,64,0.4864,0.4864,11.6736,11.6736,81.715,81.715,355.07,355.07
aws,ap-southeast-3,Indonesia,r6g,ARM,AWS Graviton2,16,128,0.9728,0.9728,23.3472,23.3472,163.43,163.43,710.14,710.14
aws,ap-southeast-3,Indonesia,r6g,ARM,AWS Graviton2,32,256,1.9456,1.9456,46.6944,46.6944,326.861,326.861,1420.29,1420.29
aws,ap-southeast-3,Indonesia,r6g,ARM,AWS Graviton2,48,384,2.9184,2.9184,70.0416,70.0416,490.291,490.291,2130.43,2130.43
aws,ap-southeast-3,Indonesia,r6g,ARM,AWS Graviton2,64,512,3.8912,3.8912,93.3888,93.3888,653.722,653.722,2840.58,2840.58
aws,ap-southeast-3,Indonesia,r7g,ARM,AWS Graviton3,1,8,0.0646,0.05168,1.5504,1.2403,10.853,8.682,47.16,37.73
aws,ap-southeast-3,Indonesia,r7g,ARM,AWS Graviton3,2,16,0.1292,0.10336,3.1008,2.4806,21.706,17.365,94.32,75.46
aws,ap-southeast-3,Indonesia,r7g,ARM,AWS Graviton3,4,32,0.2584,0.20672,6.2016,4.9613,43.411,34.729,188.63,150.9
aws,ap-southeast-3,Indonesia,r7g,ARM,AWS Graviton3,8,64,0.5168,0.41344,12.4032,9.9226,86.822,69.458,377.26,301.81
aws,ap-southeast-3,Indonesia,r7g,ARM,AWS Graviton3,16,128,1.0336,0.82688,24.8064,19.8451,173.645,138.916,754.53,603.62
aws,ap-southeast-3,Indonesia,r7g,ARM,AWS Graviton3,32,256,2.0672,1.65376,49.6128,39.6902,347.29,277.832,1509.06,1207.25
aws,ap-southeast-3,Indonesia,r7g,ARM,AWS Graviton3,48,384,3.1008,2.48064,74.4192,59.5354,520.934,416.747,2263.58,1810.86
aws,ap-southeast-3,Indonesia,r7g,ARM,AWS Graviton3,64,512,4.1344,3.30752,99.2256,79.3805,694.579,555.663,3018.11,2414.49
aws,ap-southeast-3,Indonesia,r7i,x86(Intel),Intel Xeon Platinum 8488C,2,16,0.1596,0.1824,3.8304,4.3776,26.813,30.643,116.51,133.15
aws,ap-southeast-3,Indonesia,r7i,x86(Intel),Intel Xeon Platinum 8488C,4,32,0.3192,0.3648,7.6608,8.7552,53.626,61.287,233.02,266.31
aws,ap-southeast-3,Indonesia,r7i,x86(Intel),Intel Xeon Platinum 8488C,8,64,0.6384,0.7296,15.3216,17.5104,107.251,122.573,466.03,532.61
aws,ap-southeast-3,Indonesia,r7i,x86(Intel),Intel Xeon Platinum 8488C,16,128,1.2768,1.4592,30.6432,35.0208,214.502,245.145,932.06,1065.21
aws,ap-southeast-3,Indonesia,r7i,x86(Intel),Intel Xeon Platinum 8488C,32,256,2.5536,2.9184,61.2864,70.0416,429.005,490.291,1864.13,2130.43
aws,ap-southeast-3,Indonesia,r7i,x86(Intel),Intel Xeon Platinum 8488C,48,384,3.8304,4.3776,91.9296,105.0624,643.507,735.437,2796.19,3195.65
aws,ap-southeast-3,Indonesia,r7i,x86(Intel),Intel Xeon Platinum 8488C,64,512,5.1072,5.8368,122.5728,140.0832,858.01,980.583,3728.26,4260.87
aws,ap-southeast-3,Indonesia,r7i,x86(Intel),Intel Xeon Platinum 8488C,96,768,7.6608,8.7552,183.8592,210.1248,1287.014,1470.873,5592.38,6391.29
aws,ap-southeast-3,Indonesia,r7i,x86(Intel),Intel Xeon Platinum 8488C,192,1536,15.3216,17.5104,367.7184,420.2496,2574.029,2941.747,11184.77,12782.59
aws,ap-southeast-3,Indonesia,r8g,ARM,AWS Graviton4,1,8,0.07106,0.04585,1.7054,1.1003,11.938,7.702,51.87,33.46
aws,ap-southeast-3,Indonesia,r8g,ARM,AWS Graviton4,2,16,0.14212,0.09169,3.4109,2.2006,23.876,15.404,103.75,66.94
aws,ap-southeast-3,Indonesia,r8g,ARM,AWS Graviton4,4,32,0.28424,0.18338,6.8218,4.4012,47.752,30.808,207.5,133.87
aws,ap-southeast-3,Indonesia,r8g,ARM,AWS Graviton4,8,64,0.56848,0.36676,13.6435,8.8023,95.505,61.616,414.99,267.74
aws,ap-southeast-3,Indonesia,r8g,ARM,AWS Graviton4,16,128,1.13696,0.73352,27.287,17.6045,191.009,123.232,829.98,535.47
aws,ap-southeast-3,Indonesia,r8g,ARM,AWS Graviton4,32,256,2.27392,1.46705,54.5741,35.2091,382.019,246.464,1659.96,1070.94
aws,ap-southeast-3,Indonesia,r8g,ARM,AWS Graviton4,48,384,3.41088,2.20057,81.8611,52.8136,573.028,369.695,2489.94,1606.41
aws,ap-southeast-3,Indonesia,r8g,ARM,AWS Graviton4,64,512,4.54784,2.93409,109.1482,70.4182,764.037,492.927,3319.92,2141.88
aws,ap-southeast-3,Indonesia,r8g,ARM,AWS Graviton4,96,768,6.82176,4.40114,163.7222,105.6272,1146.056,739.391,4979.88,3212.83
aws,ap-southeast-3,Indonesia,r8g,ARM,AWS Graviton4,192,1536,13.64352,8.80227,327.4445,211.2545,2292.111,1478.781,9959.77,6425.66
aws,ap-southeast-4,Australia,c6g,ARM,AWS Graviton2,1,2,0.0444,0.0444,1.0656,1.0656,7.459,7.459,32.41,32.41
aws,ap-southeast-4,Australia,c6g,ARM,AWS Graviton2,2,4,0.0888,0.0888,2.1312,2.1312,14.918,14.918,64.82,64.82
aws,ap-southeast-4,Australia,c6g,ARM,AWS Graviton2,4,8,0.1776,0.1776,4.2624,4.2624,29.837,29.837,129.65,129.65
aws,ap-southeast-4,Australia,c6g,ARM,AWS Graviton2,8,16,0.3552,0.3552,8.5248,8.5248,59.674,59.674,259.3,259.3
aws,ap-southeast-4,Australia,c6g,ARM,AWS Graviton2,16,32,0.7104,0.7104,17.0496,17.0496,119.347,119.347,518.59,518.59
aws,ap-southeast-4,Australia,c6g,ARM,AWS Graviton2,32,64,1.4208,1.4208,34.0992,34.0992,238.694,238.694,1037.18,1037.18
aws,ap-southeast-4,Australia,c6g,ARM,AWS Graviton2,48,96,2.1312,2.1312,51.1488,51.1488,358.042,358.042,1555.78,1555.78
aws,ap-southeast-4,Australia,c6g,ARM,AWS Graviton2,64,128,2.8416,2.8416,68.1984,68.1984,477.389,477.389,2074.37,2074.37
aws,ap-southeast-4,Australia,c7i,x86(Intel),Intel Xeon Platinum 8488C,2,4,0.11655,0.1332,2.7972,3.1968,19.58,22.377,85.08,97.23
aws,ap-southeast-4,Australia,c7i,x86(Intel),Intel Xeon Platinum 8488C,4,8,0.2331,0.2664,5.5944,6.3936,39.161,44.755,170.16,194.47
aws,ap-southeast-4,Australia,c7i,x86(Intel),Intel Xeon Platinum 8488C,8,16,0.4662,0.5328,11.1888,12.7872,78.322,89.511,340.33,388.95
aws,ap-southeast-4,Australia,c7i,x86(Intel),Intel Xeon Platinum 8488C,16,32,0.9324,1.0656,22.3776,25.5744,156.643,179.021,680.65,777.89
aws,ap-southeast-4,Australia,c7i,x86(Intel),Intel Xeon Platinum 8488C,32,64,1.8648,2.1312,44.7552,51.1488,313.286,358.041,1361.3,1555.77
aws,ap-southeast-4,Australia,c7i,x86(Intel),Intel Xeon Platinum 8488C,48,96,2.7972,3.1968,67.1328,76.7232,469.93,537.063,2041.96,2333.67
aws,ap-southeast-4,Australia,c7i,x86(Intel),Intel Xeon Platinum 8488C,64,128,3.7296,4.2624,89.5104,102.2976,626.573,716.083,2722.61,3111.55
aws,ap-southeast-4,Australia,c7i,x86(Intel),Intel Xeon Platinum 8488C,96,192,5.5944,6.3936,134.2656,153.4464,939.859,1074.125,4083.91,4667.33
aws,ap-southeast-4,Australia,c7i,x86(Intel),Intel Xeon Platinum 8488C,192,384,11.1888,12.7872,268.5312,306.8928,1879.718,2148.249,8167.82,9334.65
aws,ap-southeast-4,Australia,c8g,ARM,AWS Graviton4,1,2,0.05189,0.03348,1.2454,0.8035,8.718,5.625,37.88,24.44
aws,ap-southeast-4,Australia,c8g,ARM,AWS Graviton4,2,4,0.10378,0.06695,2.4907,1.6069,17.435,11.248,75.76,48.88
aws,ap-southeast-4,Australia,c8g,ARM,AWS Graviton4,4,8,0.20756,0.13391,4.9814,3.2138,34.87,22.497,151.52,97.75
aws,ap-southeast-4,Australia,c8g,ARM,AWS Graviton4,8,16,0.41512,0.26782,9.9629,6.4277,69.74,44.994,303.04,195.51
aws,ap-southeast-4,Australia,c8g,ARM,AWS Graviton4,16,32,0.83024,0.53564,19.9258,12.8554,139.48,89.987,606.08,391.02
aws,ap-southeast-4,Australia,c8g,ARM,AWS Graviton4,32,64,1.66048,1.07128,39.8515,25.7106,278.961,179.975,1212.15,782.03
aws,ap-southeast-4,Australia,c8g,ARM,AWS Graviton4,48,96,2.49072,1.60692,59.7773,38.566,418.441,269.962,1818.23,1173.05
aws,ap-southeast-4,Australia,c8g,ARM,AWS Graviton4,64,128,3.32096,2.14255,79.703,51.4213,557.921,359.949,2424.3,1564.06
aws,ap-southeast-4,Australia,c8g,ARM,AWS Graviton4,96,192,4.98144,3.21383,119.5546,77.132,836.882,539.924,3636.45,2346.1
aws,ap-southeast-4,Australia,c8g,ARM,AWS Graviton4,192,384,9.96288,6.42766,239.1091,154.2639,1673.764,1079.848,7272.9,4692.19
aws,ap-southeast-4,Australia,m6g,ARM,AWS Graviton2,1,4,0.048,0.048,1.152,1.152,8.064,8.064,35.04,35.04
aws,ap-southeast-4,Australia,m6g,ARM,AWS Graviton2,2,8,0.096,0.096,2.304,2.304,16.128,16.128,70.08,70.08
aws,ap-southeast-4,Australia,m6g,ARM,AWS Graviton2,4,16,0.192,0.192,4.608,4.608,32.256,32.256,140.16,140.16
aws,ap-southeast-4,Australia,m6g,ARM,AWS Graviton2,8,32,0.384,0.384,9.216,9.216,64.512,64.512,280.32,280.32
aws,ap-southeast-4,Australia,m6g,ARM,AWS Graviton2,16,64,0.768,0.768,18.432,18.432,129.024,129.024,560.64,560.64
aws,ap-southeast-4,Australia,m6g,ARM,AWS Graviton2,32,128,1.536,1.536,36.864,36.864,258.048,258.048,1121.28,1121.28
aws,ap-southeast-4,Australia,m6g,ARM,AWS Graviton2,48,192,2.304,2.304,55.296,55.296,387.072,387.072,1681.92,1681.92
aws,ap-southeast-4,Australia,m6g,ARM,AWS Graviton2,64,256,3.072,3.072,73.728,73.728,516.096,516.096,2242.56,2242.56
aws,ap-southeast-4,Australia,m7g,ARM,AWS Graviton3,1,4,0.051,0.0408,1.224,0.9792,8.568,6.854,37.23,29.78
aws,ap-southeast-4,Australia,m7g,ARM,AWS Graviton3,2,8,0.102,0.0816,2.448,1.9584,17.136,13.709,74.46,59.57
aws,ap-southeast-4,Australia,m7g,ARM,AWS Graviton3,4,16,0.204,0.1632,4.896,3.9168,34.272,27.418,148.92,119.14
aws,ap-southeast-4,Australia,m7g,ARM,AWS Graviton3,8,32,0.408,0.3264,9.792,7.8336,68.544,54.835,297.84,238.27
aws,ap-southeast-4,Australia,m7g,ARM,AWS Graviton3,16,64,0.816,0.6528,19.584,15.6672,137.088,109.67,595.68,476.54
aws,ap-southeast-4,Australia,m7g,ARM,AWS Graviton3,32,128,1.632,1.3056,39.168,31.3344,274.176,219.341,1191.36,953.09
aws,ap-southeast-4,Australia,m7g,ARM,AWS Graviton3,48,192,2.448,1.9584,58.752,47.0016,411.264,329.011,1787.04,1429.63
aws,ap-southeast-4,Australia,m7g,ARM,AWS Graviton3,64,256,3.264,2.6112,78.336,62.6688,548.352,438.682,2382.72,1906.18
aws,ap-southeast-4,Australia,m7i,x86(Intel),Intel Xeon Platinum 8488C,2,8,0.126,0.144,3.024,3.456,21.168,24.192,91.98,105.12
aws,ap-southeast-4,Australia,m7i,x86(Intel),Intel Xeon Platinum 8488C,4,16,0.252,0.288,6.048,6.912,42.336,48.384,183.96,210.24
aws,ap-southeast-4,Australia,m7i,x86(Intel),Intel Xeon Platinum 8488C,8,32,0.504,0.576,12.096,13.824,84.672,96.768,367.92,420.48
aws,ap-southeast-4,Australia,m7i,x86(Intel),Intel Xeon Platinum 8488C,16,64,1.008,1.152,24.192,27.648,169.344,193.536,735.84,840.96
aws,ap-southeast-4,Australia,m7i,x86(Intel),Intel Xeon Platinum 8488C,32,128,2.016,2.304,48.384,55.296,338.688,387.072,1471.68,1681.92
aws,ap-southeast-4,Australia,m7i,x86(Intel),Intel Xeon Platinum 8488C,48,192,3.024,3.456,72.576,82.944,508.032,580.608,2207.52,2522.88
aws,ap-southeast-4,Australia,m7i,x86(Intel),Intel Xeon Platinum 8488C,64,256,4.032,4.608,96.768,110.592,677.376,774.144,2943.36,3363.84
aws,ap-southeast-4,Australia,m7i,x86(Intel),Intel Xeon Platinum 8488C,96,384,6.048,6.912,145.152,165.888,1016.064,1161.216,4415.04,5045.76
aws,ap-southeast-4,Australia,m7i,x86(Intel),Intel Xeon Platinum 8488C,192,768,12.096,13.824,290.304,331.776,2032.128,2322.432,8830.08,10091.52
aws,ap-southeast-4,Australia,m8g,ARM,AWS Graviton4,1,4,0.0561,0.03619,1.3464,0.8686,9.425,6.081,40.95,26.42
aws,ap-southeast-4,Australia,m8g,ARM,AWS Graviton4,2,8,0.1122,0.07239,2.6928,1.7373,18.85,12.161,81.91,52.85
aws,ap-southeast-4,Australia,m8g,ARM,AWS Graviton4,4,16,0.2244,0.14477,5.3856,3.4746,37.699,24.322,163.81,105.68
aws,ap-southeast-4,Australia,m8g,ARM,AWS Graviton4,8,32,0.4488,0.28955,10.7712,6.9492,75.398,48.644,327.62,211.37
aws,ap-southeast-4,Australia,m8g,ARM,AWS Graviton4,16,64,0.8976,0.5791,21.5424,13.8983,150.797,97.288,655.25,422.74
aws,ap-southeast-4,Australia,m8g,ARM,AWS Graviton4,32,128,1.7952,1.15819,43.0848,27.7966,301.594,194.577,1310.5,845.48
aws,ap-southeast-4,Australia,m8g,ARM,AWS Graviton4,48,192,2.6928,1.73729,64.6272,41.695,452.39,291.865,1965.74,1268.22
aws,ap-southeast-4,Australia,m8g,ARM,AWS Graviton4,64,256,3.5904,2.31639,86.1696,55.5933,603.187,389.153,2620.99,1690.96
aws,ap-southeast-4,Australia,m8g,ARM,AWS Graviton4,96,384,5.3856,3.47458,129.2544,83.3899,904.781,583.73,3931.49,2536.45
aws,ap-southeast-4,Australia,m8g,ARM,AWS Graviton4,192,768,10.7712,6.94916,258.5088,166.7799,1809.562,1167.459,7862.98,5072.89
aws,ap-southeast-4,Australia,r6g,ARM,AWS Graviton2,1,8,0.0604,0.0604,1.4496,1.4496,10.147,10.147,44.09,44.09
aws,ap-southeast-4,Australia,r6g,ARM,AWS Graviton2,2,16,0.1208,0.1208,2.8992,2.8992,20.294,20.294,88.18,88.18
aws,ap-southeast-4,Australia,r6g,ARM,AWS Graviton2,4,32,0.2416,0.2416,5.7984,5.7984,40.589,40.589,176.37,176.37
aws,ap-southeast-4,Australia,r6g,ARM,AWS Graviton2,8,64,0.4832,0.4832,11.5968,11.5968,81.178,81.178,352.74,352.74
aws,ap-southeast-4,Australia,r6g,ARM,AWS Graviton2,16,128,0.9664,0.9664,23.1936,23.1936,162.355,162.355,705.47,705.47
aws,ap-southeast-4,Australia,r6g,ARM,AWS Graviton2,32,256,1.9328,1.9328,46.3872,46.3872,324.71,324.71,1410.94,1410.94
aws,ap-southeast-4,Australia,r6g,ARM,AWS Graviton2,48,384,2.8992,2.8992,69.5808,69.5808,487.066,487.066,2116.42,2116.42
aws,ap-southeast-4,Australia,r6g,ARM,AWS Graviton2,64,512,3.8656,3.8656,92.7744,92.7744,649.421,649.421,2821.89,2821.89
aws,ap-southeast-4,Australia,r7g,ARM,AWS Graviton3,1,8,0.0642,0.05136,1.5408,1.2326,10.786,8.629,46.87,37.5
aws,ap-southeast-4,Australia,r7g,ARM,AWS Graviton3,2,16,0.1284,0.10272,3.0816,2.4653,21.571,17.257,93.73,74.98
aws,ap-southeast-4,Australia,r7g,ARM,AWS Graviton3,4,32,0.2567,0.20536,6.1608,4.9286,43.126,34.501,187.39,149.91
aws,ap-southeast-4,Australia,r7g,ARM,AWS Graviton3,8,64,0.5134,0.41072,12.3216,9.8573,86.251,69.001,374.78,299.82
aws,ap-southeast-4,Australia,r7g,ARM,AWS Graviton3,16,128,1.0269,0.82152,24.6456,19.7165,172.519,138.015,749.64,599.71
aws,ap-southeast-4,Australia,r7g,ARM,AWS Graviton3,32,256,2.0538,1.64304,49.2912,39.433,345.038,276.03,1499.27,1199.42
aws,ap-southeast-4,Australia,r7g,ARM,AWS Graviton3,48,384,3.0806,2.46448,73.9344,59.1475,517.541,414.033,2248.84,1799.07
aws,ap-southeast-4,Australia,r7g,ARM,AWS Graviton3,64,512,4.1075,3.286,98.58,78.864,690.06,552.048,2998.48,2398.78
aws,ap-southeast-4,Australia,r7i,x86(Intel),Intel Xeon Platinum 8488C,2,16,0.15855,0.1812,3.8052,4.3488,26.636,30.441,115.74,132.27
aws,ap-southeast-4,Australia,r7i,x86(Intel),Intel Xeon Platinum 8488C,4,32,0.3171,0.3624,7.6104,8.6976,53.273,60.883,231.48,264.55
aws,ap-southeast-4,Australia,r7i,x86(Intel),Intel Xeon Platinum 8488C,8,64,0.6342,0.7248,15.2208,17.3952,106.546,121.767,462.97,529.11
aws,ap-southeast-4,Australia,r7i,x86(Intel),Intel Xeon Platinum 8488C,16,128,1.2684,1.4496,30.4416,34.7904,213.091,243.533,925.93,1058.21
aws,ap-southeast-4,Australia,r7i,x86(Intel),Intel Xeon Platinum 8488C,32,256,2.5368,2.8992,60.8832,69.5808,426.182,487.065,1851.86,2116.41
aws,ap-southeast-4,Australia,r7i,x86(Intel),Intel Xeon Platinum 8488C,48,384,3.8052,4.3488,91.3248,104.3712,639.274,730.599,2777.8,3174.63
aws,ap-southeast-4,Australia,r7i,x86(Intel),Intel Xeon Platinum 8488C,64,512,5.0736,5.7984,121.7664,139.1616,852.365,974.131,3703.73,4232.83
aws,ap-southeast-4,Australia,r7i,x86(Intel),Intel Xeon Platinum 8488C,96,768,7.6104,8.6976,182.6496,208.7424,1278.547,1461.197,5555.59,6349.25
aws,ap-southeast-4,Australia,r7i,x86(Intel),Intel Xeon Platinum 8488C,192,1536,15.2208,17.3952,365.2992,417.4848,2557.094,2922.393,11111.18,12698.49
aws,ap-southeast-4,Australia,r8g,ARM,AWS Graviton4,1,8,0.0706,0.04555,1.6944,1.0932,11.861,7.652,51.54,33.25
aws,ap-southeast-4,Australia,r8g,ARM,AWS Graviton4,2,16,0.1412,0.0911,3.3888,2.1863,23.722,15.305,103.08,66.5
aws,ap-southeast-4,Australia,r8g,ARM,AWS Graviton4,4,32,0.2824,0.18219,6.7776,4.3726,47.443,30.608,206.15,133.0
aws,ap-southeast-4,Australia,r8g,ARM,AWS Graviton4,8,64,0.5648,0.36439,13.5552,8.7453,94.886,61.217,412.3,266.0
aws,ap-southeast-4,Australia,r8g,ARM,AWS Graviton4,16,128,1.1296,0.72877,27.1104,17.4906,189.773,122.434,824.61,532.01
aws,ap-southeast-4,Australia,r8g,ARM,AWS Graviton4,32,256,2.2592,1.45755,54.2208,34.9812,379.546,244.868,1649.22,1064.01
aws,ap-southeast-4,Australia,r8g,ARM,AWS Graviton4,48,384,3.3888,2.18632,81.3312,52.4717,569.318,367.302,2473.82,1596.01
aws,ap-southeast-4,Australia,r8g,ARM,AWS Graviton4,64,512,4.5184,2.9151,108.4416,69.9623,759.091,489.736,3298.43,2128.02
aws,ap-southeast-4,Australia,r8g,ARM,AWS Graviton4,96,768,6.7776,4.37265,162.6624,104.9435,1138.637,734.605,4947.65,3192.03
aws,ap-southeast-4,Australia,r8g,ARM,AWS Graviton4,192,1536,13.5552,8.74529,325.3248,209.887,2277.274,1469.209,9895.3,6384.06
aws,ap-southeast-5,Malesia,c6g,ARM,AWS Graviton2,1,2,0.0333,0.0333,0.7992,0.7992,5.594,5.594,24.31,24.31
aws,ap-southeast-5,Malesia,c6g,ARM,AWS Graviton2,2,4,0.0666,0.0666,1.5984,1.5984,11.189,11.189,48.62,48.62
aws,ap-southeast-5,Malesia,c6g,ARM,AWS Graviton2,4,8,0.1333,0.1333,3.1992,3.1992,22.394,22.394,97.31,97.31
aws,ap-southeast-5,Malesia,c6g,ARM,AWS Graviton2,8,16,0.2666,0.2666,6.3984,6.3984,44.789,44.789,194.62,194.62
aws,ap-southeast-5,Malesia,c6g,ARM,AWS Graviton2,16,32,0.5331,0.5331,12.7944,12.7944,89.561,89.561,389.16,389.16
aws,ap-southeast-5,Malesia,c6g,ARM,AWS Graviton2,32,64,1.0662,1.0662,25.5888,25.5888,179.122,179.122,778.33,778.33
aws,ap-southeast-5,Malesia,c6g,ARM,AWS Graviton2,48,96,1.5994,1.5994,38.3856,38.3856,268.699,268.699,1167.56,1167.56
aws,ap-southeast-5,Malesia,c6g,ARM,AWS Graviton2,64,128,2.1325,2.1325,51.18,51.18,358.26,358.26,1556.72,1556.72
aws,ap-southeast-5,Malesia,c6i,x86(Intel),Intel Xeon Platinum 8375C,2,4,0.0833,0.1159,1.9992,2.7815,13.994,19.47,60.81,84.61
aws,ap-southeast-5,Malesia,c6i,x86(Intel),Intel Xeon Platinum 8375C,4,8,0.1666,0.23179,3.9984,5.563,27.989,38.941,121.62,169.21
aws,ap-southeast-5,Malesia,c6i,x86(Intel),Intel Xeon Platinum 8375C,8,16,0.3332,0.46358,7.9968,11.126,55.978,77.882,243.24,338.42
aws,ap-southeast-5,Malesia,c6i,x86(Intel),Intel Xeon Platinum 8375C,16,32,0.6664,0.92717,15.9936,22.252,111.955,155.763,486.47,676.83
aws,ap-southeast-5,Malesia,c6i,x86(Intel),Intel Xeon Platinum 8375C,32,64,1.3328,1.85433,31.9872,44.5039,223.91,311.527,972.94,1353.66
aws,ap-southeast-5,Malesia,c6i,x86(Intel),Intel Xeon Platinum 8375C,48,96,1.9992,2.7815,47.9808,66.7559,335.866,467.292,1459.42,2030.5
aws,ap-southeast-5,Malesia,c6i,x86(Intel),Intel Xeon Platinum 8375C,64,128,2.6656,3.70866,63.9744,89.0079,447.821,623.055,1945.89,2707.33
aws,ap-southeast-5,Malesia,c6i,x86(Intel),Intel Xeon Platinum 8375C,96,192,3.9984,5.56299,95.9616,133.5118,671.731,934.582,2918.83,4060.98
aws,ap-southeast-5,Malesia,c6i,x86(Intel),Intel Xeon Platinum 8375C,128,256,5.3312,7.41732,127.9488,178.0157,895.642,1246.111,3891.78,5414.65
aws,ap-southeast-5,Malesia,c7g,ARM,AWS Graviton3,1,2,0.0354,0.02832,0.8496,0.6797,5.947,4.758,25.84,20.67
aws,ap-southeast-5,Malesia,c7g,ARM,AWS Graviton3,2,4,0.0708,0.05664,1.6992,1.3594,11.894,9.515,51.68,41.34
aws,ap-southeast-5,Malesia,c7g,ARM,AWS Graviton3,4,8,0.1416,0.11328,3.3984,2.7187,23.789,19.031,103.37,82.7
aws,ap-southeast-5,Malesia,c7g,ARM,AWS Graviton3,8,16,0.2832,0.22656,6.7968,5.4374,47.578,38.062,206.74,165.39
aws,ap-southeast-5,Malesia,c7g,ARM,AWS Graviton3,16,32,0.5664,0.45312,13.5936,10.8749,95.155,76.124,413.47,330.78
aws,ap-southeast-5,Malesia,c7g,ARM,AWS Graviton3,32,64,1.1328,0.90624,27.1872,21.7498,190.31,152.248,826.94,661.55
aws,ap-southeast-5,Malesia,c7g,ARM,AWS Graviton3,48,96,1.6992,1.35936,40.7808,32.6246,285.466,228.373,1240.42,992.34
aws,ap-southeast-5,Malesia,c7g,ARM,AWS Graviton3,64,128,2.2656,1.81248,54.3744,43.4995,380.621,304.497,1653.89,1323.11
aws,ap-southeast-5,Malesia,c7i,x86(Intel),Intel Xeon Platinum 8488C,2,4,0.08747,0.09997,2.0993,2.3992,14.695,16.794,63.85,72.97
aws,ap-southeast-5,Malesia,c7i,x86(Intel),Intel Xeon Platinum 8488C,4,8,0.17494,0.19993,4.1986,4.7984,29.39,33.589,127.71,145.95
aws,ap-southeast-5,Malesia,c7i,x86(Intel),Intel Xeon Platinum 8488C,8,16,0.34988,0.39986,8.3971,9.5967,58.78,67.177,255.41,291.9
aws,ap-southeast-5,Malesia,c7i,x86(Intel),Intel Xeon Platinum 8488C,16,32,0.69976,0.79973,16.7942,19.1934,117.56,134.354,510.82,583.79
aws,ap-southeast-5,Malesia,c7i,x86(Intel),Intel Xeon Platinum 8488C,32,64,1.39952,1.59945,33.5885,38.3869,235.119,268.707,1021.65,1167.6
aws,ap-southeast-5,Malesia,c7i,x86(Intel),Intel Xeon Platinum 8488C,48,96,2.09928,2.39918,50.3827,57.5802,352.679,403.062,1532.47,1751.39
aws,ap-southeast-5,Malesia,c7i,x86(Intel),Intel Xeon Platinum 8488C,64,128,2.79904,3.1989,67.177,76.7737,470.239,537.416,2043.3,2335.2
aws,ap-southeast-5,Malesia,c7i,x86(Intel),Intel Xeon Platinum 8488C,96,192,4.19856,4.79835,100.7654,115.1605,705.358,806.123,3064.95,3502.8
aws,ap-southeast-5,Malesia,c7i,x86(Intel),Intel Xeon Platinum 8488C,192,384,8.39712,9.59671,201.5309,230.321,1410.716,1612.247,6129.9,7005.6
aws,ap-southeast-5,Malesia,c8g,ARM,AWS Graviton4,1,2,0.03894,0.02512,0.9346,0.603,6.542,4.221,28.43,18.34
aws,ap-southeast-5,Malesia,c8g,ARM,AWS Graviton4,2,4,0.07788,0.05025,1.8691,1.2059,13.084,8.441,56.85,36.68
aws,ap-southeast-5,Malesia,c8g,ARM,AWS Graviton4,4,8,0.15576,0.10049,3.7382,2.4117,26.168,16.883,113.7,73.35
aws,ap-southeast-5,Malesia,c8g,ARM,AWS Graviton4,8,16,0.31152,0.20098,7.4765,4.8235,52.335,33.765,227.41,146.72
aws,ap-southeast-5,Malesia,c8g,ARM,AWS Graviton4,16,32,0.62304,0.40196,14.953,9.6471,104.671,67.53,454.82,293.43
aws,ap-southeast-5,Malesia,c8g,ARM,AWS Graviton4,32,64,1.24608,0.80392,29.9059,19.2941,209.341,135.059,909.64,586.86
aws,ap-southeast-5,Malesia,c8g,ARM,AWS Graviton4,48,96,1.86912,1.20588,44.8589,28.9412,314.012,202.588,1364.46,880.3
aws,ap-southeast-5,Malesia,c8g,ARM,AWS Graviton4,64,128,2.49216,1.60785,59.8118,38.5883,418.683,270.118,1819.28,1173.73
aws,ap-southeast-5,Malesia,c8g,ARM,AWS Graviton4,96,192,3.73824,2.41177,89.7178,57.8825,628.024,405.177,2728.92,1760.59
aws,ap-southeast-5,Malesia,c8g,ARM,AWS Graviton4,192,384,7.47648,4.82354,179.4355,115.7648,1256.049,810.354,5457.83,3521.18
aws,ap-southeast-5,Malesia,c8i,x86(Intel),Intel Xeon 6 6975P-C,2,4,0.09184,0.08164,2.2042,1.9593,15.429,13.715,67.04,59.59
aws,ap-southeast-5,Malesia,c8i,x86(Intel),Intel Xeon 6 6975P-C,4,8,0.18368,0.16327,4.4083,3.9185,30.858,27.429,134.09,119.19
aws,ap-southeast-5,Malesia,c8i,x86(Intel),Intel Xeon 6 6975P-C,8,16,0.36736,0.32654,8.8166,7.837,61.716,54.859,268.17,238.37
aws,ap-southeast-5,Malesia,c8i,x86(Intel),Intel Xeon 6 6975P-C,16,32,0.73472,0.65308,17.6333,15.674,123.433,109.718,536.35,476.76
aws,ap-southeast-5,Malesia,c8i,x86(Intel),Intel Xeon 6 6975P-C,32,64,1.46944,1.30617,35.2666,31.3481,246.866,219.436,1072.69,953.5
aws,ap-southeast-5,Malesia,c8i,x86(Intel),Intel Xeon 6 6975P-C,48,96,2.20416,1.95925,52.8998,47.022,370.299,329.155,1609.04,1430.26
aws,ap-southeast-5,Malesia,c8i,x86(Intel),Intel Xeon 6 6975P-C,64,128,2.93888,2.61234,70.5331,62.6961,493.732,438.873,2145.38,1907.0
aws,ap-southeast-5,Malesia,c8i,x86(Intel),Intel Xeon 6 6975P-C,96,192,4.40832,3.91851,105.7997,94.0442,740.598,658.309,3218.07,2860.51
aws,ap-southeast-5,Malesia,c8i,x86(Intel),Intel Xeon 6 6975P-C,128,256,5.87776,5.22468,141.0662,125.3922,987.464,877.746,4290.76,3814.01
aws,ap-southeast-5,Malesia,c8i,x86(Intel),Intel Xeon 6 6975P-C,192,384,8.81664,7.83701,211.5994,188.0884,1481.196,1316.619,6436.15,5721.02
aws,ap-southeast-5,Malesia,c8i,x86(Intel),Intel Xeon 6 6975P-C,384,768,17.63328,15.67403,423.1987,376.1766,2962.391,2633.236,12872.29,11442.04
aws,ap-southeast-5,Malesia,m6g,ARM,AWS Graviton2,1,4,0.0408,0.0408,0.9792,0.9792,6.854,6.854,29.78,29.78
aws,ap-southeast-5,Malesia,m6g,ARM,AWS Graviton2,2,8,0.0816,0.0816,1.9584,1.9584,13.709,13.709,59.57,59.57
aws,ap-southeast-5,Malesia,m6g,ARM,AWS Graviton2,4,16,0.1632,0.1632,3.9168,3.9168,27.418,27.418,119.14,119.14
aws,ap-southeast-5,Malesia,m6g,ARM,AWS Graviton2,8,32,0.3264,0.3264,7.8336,7.8336,54.835,54.835,238.27,238.27
aws,ap-southeast-5,Malesia,m6g,ARM,AWS Graviton2,16,64,0.6528,0.6528,15.6672,15.6672,109.67,109.67,476.54,476.54
aws,ap-southeast-5,Malesia,m6g,ARM,AWS Graviton2,32,128,1.3056,1.3056,31.3344,31.3344,219.341,219.341,953.09,953.09
aws,ap-southeast-5,Malesia,m6g,ARM,AWS Graviton2,48,192,1.9584,1.9584,47.0016,47.0016,329.011,329.011,1429.63,1429.63
aws,ap-southeast-5,Malesia,m6g,ARM,AWS Graviton2,64,256,2.6112,2.6112,62.6688,62.6688,438.682,438.682,1906.18,1906.18
aws,ap-southeast-5,Malesia,m6i,x86(Intel),Intel Xeon Platinum 8375C,2,8,0.102,0.14191,2.448,3.4059,17.136,23.841,74.46,103.6
aws,ap-southeast-5,Malesia,m6i,x86(Intel),Intel Xeon Platinum 8375C,4,16,0.204,0.28383,4.896,6.8118,34.272,47.683,148.92,207.19
aws,ap-southeast-5,Malesia,m6i,x86(Intel),Intel Xeon Platinum 8375C,8,32,0.408,0.56765,9.792,13.6237,68.544,95.366,297.84,414.39
aws,ap-southeast-5,Malesia,m6i,x86(Intel),Intel Xeon Platinum 8375C,16,64,0.816,1.1353,19.584,27.2473,137.088,190.731,595.68,828.77
aws,ap-southeast-5,Malesia,m6i,x86(Intel),Intel Xeon Platinum 8375C,32,128,1.632,2.27061,39.168,54.4946,274.176,381.462,1191.36,1657.54
aws,ap-southeast-5,Malesia,m6i,x86(Intel),Intel Xeon Platinum 8375C,48,192,2.448,3.40591,58.752,81.7419,411.264,572.193,1787.04,2486.32
aws,ap-southeast-5,Malesia,m6i,x86(Intel),Intel Xeon Platinum 8375C,64,256,3.264,4.54122,78.336,108.9892,548.352,762.925,2382.72,3315.09
aws,ap-southeast-5,Malesia,m6i,x86(Intel),Intel Xeon Platinum 8375C,96,384,4.896,6.81183,117.504,163.4838,822.528,1144.387,3574.08,4972.63
aws,ap-southeast-5,Malesia,m6i,x86(Intel),Intel Xeon Platinum 8375C,128,512,6.528,9.08243,156.672,217.9784,1096.704,1525.849,4765.44,6630.18
aws,ap-southeast-5,Malesia,m7g,ARM,AWS Graviton3,1,4,0.0434,0.03472,1.0416,0.8333,7.291,5.833,31.68,25.34
aws,ap-southeast-5,Malesia,m7g,ARM,AWS Graviton3,2,8,0.0867,0.06936,2.0808,1.6646,14.566,11.653,63.29,50.63
aws,ap-southeast-5,Malesia,m7g,ARM,AWS Graviton3,4,16,0.1734,0.13872,4.1616,3.3293,29.131,23.305,126.58,101.26
aws,ap-southeast-5,Malesia,m7g,ARM,AWS Graviton3,8,32,0.3468,0.27744,8.3232,6.6586,58.262,46.61,253.16,202.53
aws,ap-southeast-5,Malesia,m7g,ARM,AWS Graviton3,16,64,0.6936,0.55488,16.6464,13.3171,116.525,93.22,506.33,405.06
aws,ap-southeast-5,Malesia,m7g,ARM,AWS Graviton3,32,128,1.3872,1.10976,33.2928,26.6342,233.05,186.44,1012.66,810.13
aws,ap-southeast-5,Malesia,m7g,ARM,AWS Graviton3,48,192,2.0808,1.66464,49.9392,39.9514,349.574,279.659,1518.98,1215.18
aws,ap-southeast-5,Malesia,m7g,ARM,AWS Graviton3,64,256,2.7744,2.21952,66.5856,53.2685,466.099,372.879,2025.31,1620.25
aws,ap-southeast-5,Malesia,m7i,x86(Intel),Intel Xeon Platinum 8488C,2,8,0.1071,0.1224,2.5704,2.9376,17.993,20.563,78.18,89.35
aws,ap-southeast-5,Malesia,m7i,x86(Intel),Intel Xeon Platinum 8488C,4,16,0.2142,0.2448,5.1408,5.8752,35.986,41.127,156.37,178.71
aws,ap-southeast-5,Malesia,m7i,x86(Intel),Intel Xeon Platinum 8488C,8,32,0.4284,0.4896,10.2816,11.7504,71.971,82.253,312.73,357.41
aws,ap-southeast-5,Malesia,m7i,x86(Intel),Intel Xeon Platinum 8488C,16,64,0.8568,0.9792,20.5632,23.5008,143.942,164.505,625.46,714.81
aws,ap-southeast-5,Malesia,m7i,x86(Intel),Intel Xeon Platinum 8488C,32,128,1.7136,1.9584,41.1264,47.0016,287.885,329.011,1250.93,1429.63
aws,ap-southeast-5,Malesia,m7i,x86(Intel),Intel Xeon Platinum 8488C,48,192,2.5704,2.9376,61.6896,70.5024,431.827,493.517,1876.39,2144.45
aws,ap-southeast-5,Malesia,m7i,x86(Intel),Intel Xeon Platinum 8488C,64,256,3.4272,3.9168,82.2528,94.0032,575.77,658.023,2501.86,2859.27
aws,ap-southeast-5,Malesia,m7i,x86(Intel),Intel Xeon Platinum 8488C,96,384,5.1408,5.8752,123.3792,141.0048,863.654,987.033,3752.78,4288.89
aws,ap-southeast-5,Malesia,m7i,x86(Intel),Intel Xeon Platinum 8488C,192,768,10.2816,11.7504,246.7584,282.0096,1727.309,1974.067,7505.57,8577.79
aws,ap-southeast-5,Malesia,m8g,ARM,AWS Graviton4,1,4,0.04769,0.03077,1.1446,0.7385,8.012,5.169,34.81,22.46
aws,ap-southeast-5,Malesia,m8g,ARM,AWS Graviton4,2,8,0.09538,0.06154,2.2891,1.4768,16.024,10.338,69.63,44.92
aws,ap-southeast-5,Malesia,m8g,ARM,AWS Graviton4,4,16,0.19076,0.12307,4.5782,2.9537,32.048,20.676,139.25,89.84
aws,ap-southeast-5,Malesia,m8g,ARM,AWS Graviton4,8,32,0.38152,0.24614,9.1565,5.9074,64.095,41.352,278.51,179.68
aws,ap-southeast-5,Malesia,m8g,ARM,AWS Graviton4,16,64,0.76304,0.49228,18.313,11.8148,128.191,82.704,557.02,359.37
aws,ap-southeast-5,Malesia,m8g,ARM,AWS Graviton4,32,128,1.52608,0.98457,36.6259,23.6296,256.381,165.407,1114.04,718.74
aws,ap-southeast-5,Malesia,m8g,ARM,AWS Graviton4,48,192,2.28912,1.47685,54.9389,35.4445,384.572,248.111,1671.06,1078.1
aws,ap-southeast-5,Malesia,m8g,ARM,AWS Graviton4,64,256,3.05216,1.96914,73.2518,47.2592,512.763,330.815,2228.08,1437.47
aws,ap-southeast-5,Malesia,m8g,ARM,AWS Graviton4,96,384,4.57824,2.9537,109.8778,70.8889,769.144,496.222,3342.12,2156.21
aws,ap-southeast-5,Malesia,m8g,ARM,AWS Graviton4,192,768,9.15648,5.90741,219.7555,141.7777,1538.289,992.445,6684.23,4312.41
aws,ap-southeast-5,Malesia,m8i,x86(Intel),Intel Xeon 6 6975P-C,2,8,0.11245,0.09996,2.6988,2.3989,18.892,16.793,82.09,72.97
aws,ap-southeast-5,Malesia,m8i,x86(Intel),Intel Xeon 6 6975P-C,4,16,0.2249,0.19991,5.3976,4.7979,37.783,33.585,164.18,145.94
aws,ap-southeast-5,Malesia,m8i,x86(Intel),Intel Xeon 6 6975P-C,8,32,0.4498,0.39982,10.7952,9.5957,75.566,67.17,328.35,291.87
aws,ap-southeast-5,Malesia,m8i,x86(Intel),Intel Xeon 6 6975P-C,16,64,0.8996,0.79964,21.5904,19.1915,151.133,134.34,656.71,583.74
aws,ap-southeast-5,Malesia,m8i,x86(Intel),Intel Xeon 6 6975P-C,32,128,1.7992,1.59929,43.1808,38.3829,302.266,268.681,1313.42,1167.48
aws,ap-southeast-5,Malesia,m8i,x86(Intel),Intel Xeon 6 6975P-C,48,192,2.6988,2.39893,64.7712,57.5744,453.398,403.02,1970.12,1751.22
aws,ap-southeast-5,Malesia,m8i,x86(Intel),Intel Xeon 6 6975P-C,64,256,3.5984,3.19858,86.3616,76.7659,604.531,537.361,2626.83,2334.96
aws,ap-southeast-5,Malesia,m8i,x86(Intel),Intel Xeon 6 6975P-C,96,384,5.3976,4.79787,129.5424,115.1488,906.797,806.042,3940.25,3502.44
aws,ap-southeast-5,Malesia,m8i,x86(Intel),Intel Xeon 6 6975P-C,128,512,7.1968,6.39716,172.7232,153.5317,1209.062,1074.722,5253.66,4669.92
aws,ap-southeast-5,Malesia,m8i,x86(Intel),Intel Xeon 6 6975P-C,192,768,10.7952,9.59573,259.0848,230.2976,1813.594,1612.084,7880.5,7004.89
aws,ap-southeast-5,Malesia,m8i,x86(Intel),Intel Xeon 6 6975P-C,384,1536,21.5904,19.19147,518.1696,460.5952,3627.187,3224.166,15760.99,14009.77
aws,ap-southeast-5,Malesia,r6g,ARM,AWS Graviton2,1,8,0.0517,0.0517,1.2408,1.2408,8.686,8.686,37.74,37.74
aws,ap-southeast-5,Malesia,r6g,ARM,AWS Graviton2,2,16,0.1034,0.1034,2.4816,2.4816,17.371,17.371,75.48,75.48
aws,ap-southeast-5,Malesia,r6g,ARM,AWS Graviton2,4,32,0.2067,0.2067,4.9608,4.9608,34.726,34.726,150.89,150.89
aws,ap-southeast-5,Malesia,r6g,ARM,AWS Graviton2,8,64,0.4134,0.4134,9.9216,9.9216,69.451,69.451,301.78,301.78
aws,ap-southeast-5,Malesia,r6g,ARM,AWS Graviton2,16,128,0.8269,0.8269,19.8456,19.8456,138.919,138.919,603.64,603.64
aws,ap-southeast-5,Malesia,r6g,ARM,AWS Graviton2,32,256,1.6538,1.6538,39.6912,39.6912,277.838,277.838,1207.27,1207.27
aws,ap-southeast-5,Malesia,r6g,ARM,AWS Graviton2,48,384,2.4806,2.4806,59.5344,59.5344,416.741,416.741,1810.84,1810.84
aws,ap-southeast-5,Malesia,r6g,ARM,AWS Graviton2,64,512,3.3075,3.3075,79.38,79.38,555.66,555.66,2414.48,2414.48
aws,ap-southeast-5,Malesia,r6i,x86(Intel),Intel Xeon Platinum 8375C,2,16,0.1292,0.17976,3.1008,4.3142,21.706,30.2,94.32,131.23
aws,ap-southeast-5,Malesia,r6i,x86(Intel),Intel Xeon Platinum 8375C,4,32,0.2584,0.35951,6.2016,8.6283,43.411,60.398,188.63,262.44
aws,ap-southeast-5,Malesia,r6i,x86(Intel),Intel Xeon Platinum 8375C,8,64,0.5168,0.71903,12.4032,17.2566,86.822,120.796,377.26,524.88
aws,ap-southeast-5,Malesia,r6i,x86(Intel),Intel Xeon Platinum 8375C,16,128,1.0336,1.43805,24.8064,34.5133,173.645,241.593,754.53,1049.78
aws,ap-southeast-5,Malesia,r6i,x86(Intel),Intel Xeon Platinum 8375C,32,256,2.0672,2.8761,49.6128,69.0265,347.29,483.186,1509.06,2099.56
aws,ap-southeast-5,Malesia,r6i,x86(Intel),Intel Xeon Platinum 8375C,48,384,3.1008,4.31416,74.4192,103.5398,520.934,724.778,2263.58,3149.33
aws,ap-southeast-5,Malesia,r6i,x86(Intel),Intel Xeon Platinum 8375C,64,512,4.1344,5.75221,99.2256,138.053,694.579,966.371,3018.11,4199.11
aws,ap-southeast-5,Malesia,r6i,x86(Intel),Intel Xeon Platinum 8375C,96,768,6.2016,8.62831,148.8384,207.0795,1041.869,1449.557,4527.17,6298.67
aws,ap-southeast-5,Malesia,r6i,x86(Intel),Intel Xeon Platinum 8375C,128,1024,8.2688,11.50442,198.4512,276.106,1389.158,1932.742,6036.22,8398.22
aws,ap-southeast-5,Malesia,r7g,ARM,AWS Graviton3,1,8,0.0549,0.04392,1.3176,1.0541,9.223,7.378,40.08,32.06
aws,ap-southeast-5,Malesia,r7g,ARM,AWS Graviton3,2,16,0.1098,0.08784,2.6352,2.1082,18.446,14.757,80.15,64.12
aws,ap-southeast-5,Malesia,r7g,ARM,AWS Graviton3,4,32,0.2196,0.17568,5.2704,4.2163,36.893,29.514,160.31,128.25
aws,ap-southeast-5,Malesia,r7g,ARM,AWS Graviton3,8,64,0.4393,0.35144,10.5432,8.4346,73.802,59.042,320.69,256.55
aws,ap-southeast-5,Malesia,r7g,ARM,AWS Graviton3,16,128,0.8786,0.70288,21.0864,16.8691,147.605,118.084,641.38,513.1
aws,ap-southeast-5,Malesia,r7g,ARM,AWS Graviton3,32,256,1.7571,1.40568,42.1704,33.7363,295.193,236.154,1282.68,1026.14
aws,ap-southeast-5,Malesia,r7g,ARM,AWS Graviton3,48,384,2.6357,2.10856,63.2568,50.6054,442.798,354.238,1924.06,1539.25
aws,ap-southeast-5,Malesia,r7g,ARM,AWS Graviton3,64,512,3.5142,2.81136,84.3408,67.4726,590.386,472.309,2565.37,2052.3
aws,ap-southeast-5,Malesia,r7i,x86(Intel),Intel Xeon Platinum 8488C,2,16,0.13566,0.15504,3.2558,3.7209,22.791,26.047,99.03,113.18
aws,ap-southeast-5,Malesia,r7i,x86(Intel),Intel Xeon Platinum 8488C,4,32,0.27132,0.31008,6.5117,7.4419,45.582,52.094,198.06,226.35
aws,ap-southeast-5,Malesia,r7i,x86(Intel),Intel Xeon Platinum 8488C,8,64,0.54264,0.62016,13.0234,14.8839,91.164,104.187,396.13,452.72
aws,ap-southeast-5,Malesia,r7i,x86(Intel),Intel Xeon Platinum 8488C,16,128,1.08528,1.24032,26.0467,29.7677,182.327,208.374,792.25,905.43
aws,ap-southeast-5,Malesia,r7i,x86(Intel),Intel Xeon Platinum 8488C,32,256,2.17056,2.48064,52.0934,59.5353,364.654,416.747,1584.51,1810.87
aws,ap-southeast-5,Malesia,r7i,x86(Intel),Intel Xeon Platinum 8488C,48,384,3.25584,3.72096,78.1402,89.3031,546.981,625.121,2376.76,2716.3
aws,ap-southeast-5,Malesia,r7i,x86(Intel),Intel Xeon Platinum 8488C,64,512,4.34112,4.96128,104.1869,119.0707,729.308,833.495,3169.02,3621.74
aws,ap-southeast-5,Malesia,r7i,x86(Intel),Intel Xeon Platinum 8488C,96,768,6.51168,7.44192,156.2803,178.6061,1093.962,1250.242,4753.53,5432.61
aws,ap-southeast-5,Malesia,r7i,x86(Intel),Intel Xeon Platinum 8488C,192,1536,13.02336,14.88384,312.5606,357.2121,2187.924,2500.485,9507.05,10865.2
aws,ap-southeast-5,Malesia,r8g,ARM,AWS Graviton4,1,8,0.0604,0.03897,1.4496,0.9352,10.147,6.546,44.09,28.45
aws,ap-southeast-5,Malesia,r8g,ARM,AWS Graviton4,2,16,0.1208,0.07794,2.8992,1.8705,20.294,13.093,88.18,56.89
aws,ap-southeast-5,Malesia,r8g,ARM,AWS Graviton4,4,32,0.2416,0.15587,5.7984,3.7409,40.589,26.186,176.37,113.79
aws,ap-southeast-5,Malesia,r8g,ARM,AWS Graviton4,8,64,0.4832,0.31174,11.5968,7.4818,81.178,52.373,352.74,227.57
aws,ap-southeast-5,Malesia,r8g,ARM,AWS Graviton4,16,128,0.9664,0.62348,23.1936,14.9636,162.355,104.745,705.47,455.14
aws,ap-southeast-5,Malesia,r8g,ARM,AWS Graviton4,32,256,1.9328,1.24697,46.3872,29.9272,324.71,209.49,1410.94,910.28
aws,ap-southeast-5,Malesia,r8g,ARM,AWS Graviton4,48,384,2.8992,1.87045,69.5808,44.8908,487.066,314.236,2116.42,1365.43
aws,ap-southeast-5,Malesia,r8g,ARM,AWS Graviton4,64,512,3.8656,2.49394,92.7744,59.8545,649.421,418.981,2821.89,1820.57
aws,ap-southeast-5,Malesia,r8g,ARM,AWS Graviton4,96,768,5.7984,3.7409,139.1616,89.7817,974.131,628.472,4232.83,2730.86
aws,ap-southeast-5,Malesia,r8g,ARM,AWS Graviton4,192,1536,11.5968,7.48181,278.3232,179.5634,1948.262,1256.943,8465.66,5461.72
aws,ap-southeast-5,Malesia,r8i,x86(Intel),Intel Xeon 6 6985P-C,2,16,0.14244,0.12661,3.4186,3.0388,23.93,21.271,103.98,92.43
aws,ap-southeast-5,Malesia,r8i,x86(Intel),Intel Xeon 6 6985P-C,4,32,0.28488,0.25323,6.8371,6.0774,47.86,42.542,207.96,184.85
aws,ap-southeast-5,Malesia,r8i,x86(Intel),Intel Xeon 6 6985P-C,8,64,0.56976,0.50645,13.6742,12.1548,95.72,85.084,415.92,369.71
aws,ap-southeast-5,Malesia,r8i,x86(Intel),Intel Xeon 6 6985P-C,16,128,1.13952,1.01291,27.3485,24.3098,191.439,170.168,831.85,739.42
aws,ap-southeast-5,Malesia,r8i,x86(Intel),Intel Xeon 6 6985P-C,32,256,2.27904,2.02581,54.697,48.6196,382.879,340.337,1663.7,1478.84
aws,ap-southeast-5,Malesia,r8i,x86(Intel),Intel Xeon 6 6985P-C,48,384,3.41856,3.03872,82.0454,72.9292,574.318,510.505,2495.55,2218.27
aws,ap-southeast-5,Malesia,r8i,x86(Intel),Intel Xeon 6 6985P-C,64,512,4.55808,4.05163,109.3939,97.239,765.757,680.673,3327.4,2957.69
aws,ap-southeast-5,Malesia,r8i,x86(Intel),Intel Xeon 6 6985P-C,96,768,6.83712,6.07744,164.0909,145.8586,1148.636,1021.01,4991.1,4436.53
aws,ap-southeast-5,Malesia,r8i,x86(Intel),Intel Xeon 6 6985P-C,128,1024,9.11616,8.10325,218.7878,194.478,1531.515,1361.347,6654.8,5915.38
aws,ap-southeast-5,Malesia,r8i,x86(Intel),Intel Xeon 6 6985P-C,192,1536,13.67424,12.15488,328.1818,291.7172,2297.272,2042.02,9982.2,8873.07
aws,ap-southeast-5,Malesia,r8i,x86(Intel),Intel Xeon 6 6985P-C,384,3072,27.34848,24.30976,656.3635,583.4342,4594.545,4084.04,19964.39,17746.12
aws,ap-southeast-5,Malesia,x8i,x86(Intel),Intel Xeon 6 6975P-C,2,32,0.28558,0.25385,6.8539,6.0924,47.977,42.646,208.47,185.31
aws,ap-southeast-5,Malesia,x8i,x86(Intel),Intel Xeon 6 6975P-C,4,64,0.57116,0.5077,13.7078,12.1847,95.955,85.293,416.95,370.62
aws,ap-southeast-5,Malesia,x8i,x86(Intel),Intel Xeon 6 6975P-C,8,128,1.14232,1.0154,27.4157,24.3695,191.91,170.587,833.89,741.24
aws,ap-southeast-5,Malesia,x8i,x86(Intel),Intel Xeon 6 6975P-C,16,256,2.28464,2.03079,54.8314,48.739,383.82,341.173,1667.79,1482.48
aws,ap-southeast-5,Malesia,x8i,x86(Intel),Intel Xeon 6 6975P-C,32,512,4.56928,4.06158,109.6627,97.478,767.639,682.346,3335.57,2964.95
aws,ap-southeast-5,Malesia,x8i,x86(Intel),Intel Xeon 6 6975P-C,48,768,6.85392,6.09237,164.4941,146.217,1151.459,1023.519,5003.36,4447.43
aws,ap-southeast-5,Malesia,x8i,x86(Intel),Intel Xeon 6 6975P-C,64,1024,9.13856,8.12316,219.3254,194.9559,1535.278,1364.692,6671.15,5929.91
aws,ap-southeast-5,Malesia,x8i,x86(Intel),Intel Xeon 6 6975P-C,96,1536,13.70784,12.18475,328.9882,292.434,2302.917,2047.037,10006.72,8894.86
aws,ap-southeast-5,Malesia,x8i,x86(Intel),Intel Xeon 6 6975P-C,128,2048,18.27712,16.24633,438.6509,389.9119,3070.556,2729.383,13342.3,11859.82
aws,ap-southeast-5,Malesia,x8i,x86(Intel),Intel Xeon 6 6975P-C,192,3072,27.41568,24.36949,657.9763,584.8678,4605.834,4094.075,20013.45,17789.73
aws,ap-southeast-5,Malesia,x8i,x86(Intel),Intel Xeon 6 6975P-C,256,4096,36.55424,32.49266,877.3018,779.8238,6141.112,5458.766,26684.6,23719.64
aws,ap-southeast-5,Malesia,x8i,x86(Intel),Intel Xeon 6 6975P-C,384,6144,52.8323,46.96204,1267.9752,1127.0891,8875.826,7889.623,38567.58,34282.29
aws,ap-southeast-6,Nuova Zelanda,c6g,ARM,AWS Graviton2,1,2,0.0466,0.0466,1.1184,1.1184,7.829,7.829,34.02,34.02
aws,ap-southeast-6,Nuova Zelanda,c6g,ARM,AWS Graviton2,2,4,0.0932,0.0932,2.2368,2.2368,15.658,15.658,68.04,68.04
aws,ap-southeast-6,Nuova Zelanda,c6g,ARM,AWS Graviton2,4,8,0.1865,0.1865,4.476,4.476,31.332,31.332,136.15,136.15
aws,ap-southeast-6,Nuova Zelanda,c6g,ARM,AWS Graviton2,8,16,0.373,0.373,8.952,8.952,62.664,62.664,272.29,272.29
aws,ap-southeast-6,Nuova Zelanda,c6g,ARM,AWS Graviton2,16,32,0.7459,0.7459,17.9016,17.9016,125.311,125.311,544.51,544.51
aws,ap-southeast-6,Nuova Zelanda,c6g,ARM,AWS Graviton2,32,64,1.4918,1.4918,35.8032,35.8032,250.622,250.622,1089.01,1089.01
aws,ap-southeast-6,Nuova Zelanda,c6g,ARM,AWS Graviton2,48,96,2.2378,2.2378,53.7072,53.7072,375.95,375.95,1633.59,1633.59
aws,ap-southeast-6,Nuova Zelanda,c6g,ARM,AWS Graviton2,64,128,2.9837,2.9837,71.6088,71.6088,501.262,501.262,2178.1,2178.1
aws,ap-southeast-6,Nuova Zelanda,c6i,x86(Intel),Intel Xeon Platinum 8375C,2,4,0.11655,0.16216,2.7972,3.8918,19.58,27.242,85.08,118.37
aws,ap-southeast-6,Nuova Zelanda,c6i,x86(Intel),Intel Xeon Platinum 8375C,4,8,0.2331,0.32431,5.5944,7.7835,39.161,54.485,170.16,236.74
aws,ap-southeast-6,Nuova Zelanda,c6i,x86(Intel),Intel Xeon Platinum 8375C,8,16,0.4662,0.64863,11.1888,15.567,78.322,108.97,340.33,473.5
aws,ap-southeast-6,Nuova Zelanda,c6i,x86(Intel),Intel Xeon Platinum 8375C,16,32,0.9324,1.29725,22.3776,31.1341,156.643,217.938,680.65,946.99
aws,ap-southeast-6,Nuova Zelanda,c6i,x86(Intel),Intel Xeon Platinum 8375C,32,64,1.8648,2.5945,44.7552,62.2681,313.286,435.876,1361.3,1893.98
aws,ap-southeast-6,Nuova Zelanda,c6i,x86(Intel),Intel Xeon Platinum 8375C,48,96,2.7972,3.89176,67.1328,93.4022,469.93,653.816,2041.96,2840.99
aws,ap-southeast-6,Nuova Zelanda,c6i,x86(Intel),Intel Xeon Platinum 8375C,64,128,3.7296,5.18901,89.5104,124.5362,626.573,871.754,2722.61,3787.98
aws,ap-southeast-6,Nuova Zelanda,c7g,ARM,AWS Graviton3,1,2,0.0495,0.0396,1.188,0.9504,8.316,6.653,36.14,28.91
aws,ap-southeast-6,Nuova Zelanda,c7g,ARM,AWS Graviton3,2,4,0.0991,0.07928,2.3784,1.9027,16.649,13.319,72.34,57.87
aws,ap-southeast-6,Nuova Zelanda,c7g,ARM,AWS Graviton3,4,8,0.1982,0.15856,4.7568,3.8054,33.298,26.638,144.69,115.75
aws,ap-southeast-6,Nuova Zelanda,c7g,ARM,AWS Graviton3,8,16,0.3963,0.31704,9.5112,7.609,66.578,53.262,289.3,231.44
aws,ap-southeast-6,Nuova Zelanda,c7g,ARM,AWS Graviton3,16,32,0.7926,0.63408,19.0224,15.2179,133.157,106.526,578.6,462.88
aws,ap-southeast-6,Nuova Zelanda,c7g,ARM,AWS Graviton3,32,64,1.5853,1.26824,38.0472,30.4378,266.33,213.064,1157.27,925.82
aws,ap-southeast-6,Nuova Zelanda,c7g,ARM,AWS Graviton3,48,96,2.3779,1.90232,57.0696,45.6557,399.487,319.59,1735.87,1388.7
aws,ap-southeast-6,Nuova Zelanda,c7g,ARM,AWS Graviton3,64,128,3.1706,2.53648,76.0944,60.8755,532.661,426.129,2314.54,1851.63
aws,ap-southeast-6,Nuova Zelanda,c7i,x86(Intel),Intel Xeon Platinum 8488C,2,4,0.12238,0.13986,2.9371,3.3567,20.56,23.497,89.34,102.1
aws,ap-southeast-6,Nuova Zelanda,c7i,x86(Intel),Intel Xeon Platinum 8488C,4,8,0.24476,0.27973,5.8742,6.7134,41.12,46.994,178.67,204.19
aws,ap-southeast-6,Nuova Zelanda,c7i,x86(Intel),Intel Xeon Platinum 8488C,8,16,0.48952,0.55945,11.7485,13.4269,82.239,93.987,357.35,408.4
aws,ap-southeast-6,Nuova Zelanda,c7i,x86(Intel),Intel Xeon Platinum 8488C,16,32,0.97904,1.1189,23.497,26.8537,164.479,187.976,714.7,816.8
aws,ap-southeast-6,Nuova Zelanda,c7i,x86(Intel),Intel Xeon Platinum 8488C,32,64,1.95808,2.23781,46.9939,53.7073,328.957,375.951,1429.4,1633.6
aws,ap-southeast-6,Nuova Zelanda,c7i,x86(Intel),Intel Xeon Platinum 8488C,48,96,2.93712,3.35671,70.4909,80.561,493.436,563.927,2144.1,2450.4
aws,ap-southeast-6,Nuova Zelanda,c7i,x86(Intel),Intel Xeon Platinum 8488C,64,128,3.91616,4.47561,93.9878,107.4146,657.915,751.903,2858.8,3267.2
aws,ap-southeast-6,Nuova Zelanda,c7i,x86(Intel),Intel Xeon Platinum 8488C,96,192,5.87424,6.71342,140.9818,161.1221,986.872,1127.854,4288.2,4900.8
aws,ap-southeast-6,Nuova Zelanda,c7i,x86(Intel),Intel Xeon Platinum 8488C,192,384,11.74848,13.42683,281.9635,322.244,1973.745,2255.709,8576.39,9801.59
aws,ap-southeast-6,Nuova Zelanda,c8i,x86(Intel),Intel Xeon 6 6975P-C,2,4,0.1285,0.11422,3.084,2.7413,21.588,19.189,93.8,83.38
aws,ap-southeast-6,Nuova Zelanda,c8i,x86(Intel),Intel Xeon 6 6975P-C,4,8,0.257,0.22844,6.168,5.4827,43.176,38.379,187.61,166.76
aws,ap-southeast-6,Nuova Zelanda,c8i,x86(Intel),Intel Xeon 6 6975P-C,8,16,0.514,0.45689,12.336,10.9653,86.352,76.757,375.22,333.53
aws,ap-southeast-6,Nuova Zelanda,c8i,x86(Intel),Intel Xeon 6 6975P-C,16,32,1.028,0.91378,24.672,21.9307,172.704,153.515,750.44,667.06
aws,ap-southeast-6,Nuova Zelanda,c8i,x86(Intel),Intel Xeon 6 6975P-C,32,64,2.056,1.82756,49.344,43.8613,345.408,307.029,1500.88,1334.12
aws,ap-southeast-6,Nuova Zelanda,c8i,x86(Intel),Intel Xeon 6 6975P-C,48,96,3.084,2.74133,74.016,65.792,518.112,460.544,2251.32,2001.17
aws,ap-southeast-6,Nuova Zelanda,c8i,x86(Intel),Intel Xeon 6 6975P-C,64,128,4.112,3.65511,98.688,87.7227,690.816,614.059,3001.76,2668.23
aws,ap-southeast-6,Nuova Zelanda,c8i,x86(Intel),Intel Xeon 6 6975P-C,96,192,6.168,5.48267,148.032,131.584,1036.224,921.088,4502.64,4002.35
aws,ap-southeast-6,Nuova Zelanda,c8i,x86(Intel),Intel Xeon 6 6975P-C,128,256,8.224,7.31022,197.376,175.4453,1381.632,1228.117,6003.52,5336.46
aws,ap-southeast-6,Nuova Zelanda,c8i,x86(Intel),Intel Xeon 6 6975P-C,192,384,12.336,10.96533,296.064,263.168,2072.448,1842.176,9005.28,8004.69
aws,ap-southeast-6,Nuova Zelanda,c8i,x86(Intel),Intel Xeon 6 6975P-C,384,768,24.672,21.93067,592.128,526.336,4144.896,3684.352,18010.56,16009.39
aws,ap-southeast-6,Nuova Zelanda,m6g,ARM,AWS Graviton2,1,4,0.0504,0.0504,1.2096,1.2096,8.467,8.467,36.79,36.79
aws,ap-southeast-6,Nuova Zelanda,m6g,ARM,AWS Graviton2,2,8,0.1008,0.1008,2.4192,2.4192,16.934,16.934,73.58,73.58
aws,ap-southeast-6,Nuova Zelanda,m6g,ARM,AWS Graviton2,4,16,0.2016,0.2016,4.8384,4.8384,33.869,33.869,147.17,147.17
aws,ap-southeast-6,Nuova Zelanda,m6g,ARM,AWS Graviton2,8,32,0.4032,0.4032,9.6768,9.6768,67.738,67.738,294.34,294.34
aws,ap-southeast-6,Nuova Zelanda,m6g,ARM,AWS Graviton2,16,64,0.8064,0.8064,19.3536,19.3536,135.475,135.475,588.67,588.67
aws,ap-southeast-6,Nuova Zelanda,m6g,ARM,AWS Graviton2,32,128,1.6128,1.6128,38.7072,38.7072,270.95,270.95,1177.34,1177.34
aws,ap-southeast-6,Nuova Zelanda,m6g,ARM,AWS Graviton2,48,192,2.4192,2.4192,58.0608,58.0608,406.426,406.426,1766.02,1766.02
aws,ap-southeast-6,Nuova Zelanda,m6g,ARM,AWS Graviton2,64,256,3.2256,3.2256,77.4144,77.4144,541.901,541.901,2354.69,2354.69
aws,ap-southeast-6,Nuova Zelanda,m6i,x86(Intel),Intel Xeon Platinum 8375C,2,8,0.126,0.1753,3.024,4.2073,21.168,29.451,91.98,127.97
aws,ap-southeast-6,Nuova Zelanda,m6i,x86(Intel),Intel Xeon Platinum 8375C,4,16,0.252,0.35061,6.048,8.4146,42.336,58.902,183.96,255.94
aws,ap-southeast-6,Nuova Zelanda,m6i,x86(Intel),Intel Xeon Platinum 8375C,8,32,0.504,0.70122,12.096,16.8292,84.672,117.805,367.92,511.89
aws,ap-southeast-6,Nuova Zelanda,m6i,x86(Intel),Intel Xeon Platinum 8375C,16,64,1.008,1.40243,24.192,33.6584,169.344,235.609,735.84,1023.78
aws,ap-southeast-6,Nuova Zelanda,m6i,x86(Intel),Intel Xeon Platinum 8375C,32,128,2.016,2.80487,48.384,67.3169,338.688,471.218,1471.68,2047.55
aws,ap-southeast-6,Nuova Zelanda,m6i,x86(Intel),Intel Xeon Platinum 8375C,48,192,3.024,4.2073,72.576,100.9753,508.032,706.827,2207.52,3071.33
aws,ap-southeast-6,Nuova Zelanda,m6i,x86(Intel),Intel Xeon Platinum 8375C,64,256,4.032,5.60974,96.768,134.6337,677.376,942.436,2943.36,4095.11
aws,ap-southeast-6,Nuova Zelanda,m7g,ARM,AWS Graviton3,1,4,0.0536,0.04288,1.2864,1.0291,9.005,7.204,39.13,31.3
aws,ap-southeast-6,Nuova Zelanda,m7g,ARM,AWS Graviton3,2,8,0.1071,0.08568,2.5704,2.0563,17.993,14.394,78.18,62.54
aws,ap-southeast-6,Nuova Zelanda,m7g,ARM,AWS Graviton3,4,16,0.2142,0.17136,5.1408,4.1126,35.986,28.789,156.37,125.1
aws,ap-southeast-6,Nuova Zelanda,m7g,ARM,AWS Graviton3,8,32,0.4284,0.34272,10.2816,8.2253,71.971,57.577,312.73,250.18
aws,ap-southeast-6,Nuova Zelanda,m7g,ARM,AWS Graviton3,16,64,0.8568,0.68544,20.5632,16.4506,143.942,115.154,625.46,500.37
aws,ap-southeast-6,Nuova Zelanda,m7g,ARM,AWS Graviton3,32,128,1.7136,1.37088,41.1264,32.9011,287.885,230.308,1250.93,1000.74
aws,ap-southeast-6,Nuova Zelanda,m7g,ARM,AWS Graviton3,48,192,2.5704,2.05632,61.6896,49.3517,431.827,345.462,1876.39,1501.11
aws,ap-southeast-6,Nuova Zelanda,m7g,ARM,AWS Graviton3,64,256,3.4272,2.74176,82.2528,65.8022,575.77,460.616,2501.86,2001.49
aws,ap-southeast-6,Nuova Zelanda,m7i,x86(Intel),Intel Xeon Platinum 8488C,2,8,0.1323,0.1512,3.1752,3.6288,22.226,25.401,96.58,110.38
aws,ap-southeast-6,Nuova Zelanda,m7i,x86(Intel),Intel Xeon Platinum 8488C,4,16,0.2646,0.3024,6.3504,7.2576,44.453,50.803,193.16,220.75
aws,ap-southeast-6,Nuova Zelanda,m7i,x86(Intel),Intel Xeon Platinum 8488C,8,32,0.5292,0.6048,12.7008,14.5152,88.906,101.607,386.32,441.51
aws,ap-southeast-6,Nuova Zelanda,m7i,x86(Intel),Intel Xeon Platinum 8488C,16,64,1.0584,1.2096,25.4016,29.0304,177.811,203.213,772.63,883.01
aws,ap-southeast-6,Nuova Zelanda,m7i,x86(Intel),Intel Xeon Platinum 8488C,32,128,2.1168,2.4192,50.8032,58.0608,355.622,406.425,1545.26,1766.01
aws,ap-southeast-6,Nuova Zelanda,m7i,x86(Intel),Intel Xeon Platinum 8488C,48,192,3.1752,3.6288,76.2048,87.0912,533.434,609.639,2317.9,2649.03
aws,ap-southeast-6,Nuova Zelanda,m7i,x86(Intel),Intel Xeon Platinum 8488C,64,256,4.2336,4.8384,101.6064,116.1216,711.245,812.851,3090.53,3532.03
aws,ap-southeast-6,Nuova Zelanda,m7i,x86(Intel),Intel Xeon Platinum 8488C,96,384,6.3504,7.2576,152.4096,174.1824,1066.867,1219.277,4635.79,5298.05
aws,ap-southeast-6,Nuova Zelanda,m7i,x86(Intel),Intel Xeon Platinum 8488C,192,768,12.7008,14.5152,304.8192,348.3648,2133.734,2438.553,9271.58,10596.09
aws,ap-southeast-6,Nuova Zelanda,m8i,x86(Intel),Intel Xeon 6 6975P-C,2,8,0.13892,0.12348,3.3341,2.9636,23.339,20.746,101.41,90.14
aws,ap-southeast-6,Nuova Zelanda,m8i,x86(Intel),Intel Xeon 6 6975P-C,4,16,0.27784,0.24697,6.6682,5.9273,46.677,41.491,202.82,180.28
aws,ap-southeast-6,Nuova Zelanda,m8i,x86(Intel),Intel Xeon 6 6975P-C,8,32,0.55568,0.49394,13.3363,11.8545,93.354,82.981,405.65,360.58
aws,ap-southeast-6,Nuova Zelanda,m8i,x86(Intel),Intel Xeon 6 6975P-C,16,64,1.11136,0.98788,26.6726,23.709,186.708,165.963,811.29,721.15
aws,ap-southeast-6,Nuova Zelanda,m8i,x86(Intel),Intel Xeon 6 6975P-C,32,128,2.22272,1.97575,53.3453,47.418,373.417,331.926,1622.59,1442.3
aws,ap-southeast-6,Nuova Zelanda,m8i,x86(Intel),Intel Xeon 6 6975P-C,48,192,3.33408,2.96363,80.0179,71.127,560.125,497.889,2433.88,2163.45
aws,ap-southeast-6,Nuova Zelanda,m8i,x86(Intel),Intel Xeon 6 6975P-C,64,256,4.44544,3.9515,106.6906,94.8361,746.834,663.852,3245.17,2884.6
aws,ap-southeast-6,Nuova Zelanda,m8i,x86(Intel),Intel Xeon 6 6975P-C,96,384,6.66816,5.92725,160.0358,142.254,1120.251,995.779,4867.76,4326.9
aws,ap-southeast-6,Nuova Zelanda,m8i,x86(Intel),Intel Xeon 6 6975P-C,128,512,8.89088,7.903,213.3811,189.6721,1493.668,1327.705,6490.34,5769.19
aws,ap-southeast-6,Nuova Zelanda,m8i,x86(Intel),Intel Xeon 6 6975P-C,192,768,13.33632,11.85451,320.0717,284.5082,2240.502,1991.557,9735.51,8653.79
aws,ap-southeast-6,Nuova Zelanda,m8i,x86(Intel),Intel Xeon 6 6975P-C,384,1536,26.67264,23.70901,640.1434,569.0164,4481.004,3983.115,19471.03,17307.58
aws,ap-southeast-6,Nuova Zelanda,r6g,ARM,AWS Graviton2,1,8,0.0634,0.0634,1.5216,1.5216,10.651,10.651,46.28,46.28
aws,ap-southeast-6,Nuova Zelanda,r6g,ARM,AWS Graviton2,2,16,0.1268,0.1268,3.0432,3.0432,21.302,21.302,92.56,92.56
aws,ap-southeast-6,Nuova Zelanda,r6g,ARM,AWS Graviton2,4,32,0.2537,0.2537,6.0888,6.0888,42.622,42.622,185.2,185.2
aws,ap-southeast-6,Nuova Zelanda,r6g,ARM,AWS Graviton2,8,64,0.5074,0.5074,12.1776,12.1776,85.243,85.243,370.4,370.4
aws,ap-southeast-6,Nuova Zelanda,r6g,ARM,AWS Graviton2,16,128,1.0147,1.0147,24.3528,24.3528,170.47,170.47,740.73,740.73
aws,ap-southeast-6,Nuova Zelanda,r6g,ARM,AWS Graviton2,32,256,2.0294,2.0294,48.7056,48.7056,340.939,340.939,1481.46,1481.46
aws,ap-southeast-6,Nuova Zelanda,r6g,ARM,AWS Graviton2,48,384,3.0442,3.0442,73.0608,73.0608,511.426,511.426,2222.27,2222.27
aws,ap-southeast-6,Nuova Zelanda,r6g,ARM,AWS Graviton2,64,512,4.0589,4.0589,97.4136,97.4136,681.895,681.895,2963.0,2963.0
aws,ap-southeast-6,Nuova Zelanda,r6i,x86(Intel),Intel Xeon Platinum 8375C,2,16,0.15855,0.22059,3.8052,5.2942,26.636,37.059,115.74,161.03
aws,ap-southeast-6,Nuova Zelanda,r6i,x86(Intel),Intel Xeon Platinum 8375C,4,32,0.3171,0.44118,7.6104,10.5884,53.273,74.119,231.48,322.06
aws,ap-southeast-6,Nuova Zelanda,r6i,x86(Intel),Intel Xeon Platinum 8375C,8,64,0.6342,0.88237,15.2208,21.1768,106.546,148.238,462.97,644.13
aws,ap-southeast-6,Nuova Zelanda,r6i,x86(Intel),Intel Xeon Platinum 8375C,16,128,1.2684,1.76473,30.4416,42.3535,213.091,296.474,925.93,1288.25
aws,ap-southeast-6,Nuova Zelanda,r6i,x86(Intel),Intel Xeon Platinum 8375C,32,256,2.5368,3.52946,60.8832,84.7071,426.182,592.949,1851.86,2576.5
aws,ap-southeast-6,Nuova Zelanda,r6i,x86(Intel),Intel Xeon Platinum 8375C,48,384,3.8052,5.29419,91.3248,127.0606,639.274,889.425,2777.8,3864.77
aws,ap-southeast-6,Nuova Zelanda,r6i,x86(Intel),Intel Xeon Platinum 8375C,64,512,5.0736,7.05892,121.7664,169.4141,852.365,1185.899,3703.73,5153.02
aws,ap-southeast-6,Nuova Zelanda,r7g,ARM,AWS Graviton3,1,8,0.0674,0.05392,1.6176,1.2941,11.323,9.058,49.2,39.36
aws,ap-southeast-6,Nuova Zelanda,r7g,ARM,AWS Graviton3,2,16,0.1348,0.10784,3.2352,2.5882,22.646,18.117,98.4,78.72
aws,ap-southeast-6,Nuova Zelanda,r7g,ARM,AWS Graviton3,4,32,0.2696,0.21568,6.4704,5.1763,45.293,36.234,196.81,157.45
aws,ap-southeast-6,Nuova Zelanda,r7g,ARM,AWS Graviton3,8,64,0.5391,0.43128,12.9384,10.3507,90.569,72.455,393.54,314.83
aws,ap-southeast-6,Nuova Zelanda,r7g,ARM,AWS Graviton3,16,128,1.0782,0.86256,25.8768,20.7014,181.138,144.91,787.09,629.67
aws,ap-southeast-6,Nuova Zelanda,r7g,ARM,AWS Graviton3,32,256,2.1565,1.7252,51.756,41.4048,362.292,289.834,1574.24,1259.39
aws,ap-southeast-6,Nuova Zelanda,r7g,ARM,AWS Graviton3,48,384,3.2347,2.58776,77.6328,62.1062,543.43,434.744,2361.33,1889.06
aws,ap-southeast-6,Nuova Zelanda,r7g,ARM,AWS Graviton3,64,512,4.313,3.4504,103.512,82.8096,724.584,579.667,3148.49,2518.79
aws,ap-southeast-6,Nuova Zelanda,r7i,x86(Intel),Intel Xeon Platinum 8488C,2,16,0.16648,0.19026,3.9955,4.5663,27.969,31.965,121.53,138.89
aws,ap-southeast-6,Nuova Zelanda,r7i,x86(Intel),Intel Xeon Platinum 8488C,4,32,0.33296,0.38053,7.991,9.1326,55.937,63.928,243.06,277.78
aws,ap-southeast-6,Nuova Zelanda,r7i,x86(Intel),Intel Xeon Platinum 8488C,8,64,0.66592,0.76105,15.9821,18.2653,111.875,127.857,486.12,555.57
aws,ap-southeast-6,Nuova Zelanda,r7i,x86(Intel),Intel Xeon Platinum 8488C,16,128,1.33184,1.5221,31.9642,36.5305,223.749,255.713,972.24,1111.13
aws,ap-southeast-6,Nuova Zelanda,r7i,x86(Intel),Intel Xeon Platinum 8488C,32,256,2.66368,3.04421,63.9283,73.0609,447.498,511.426,1944.49,2222.27
aws,ap-southeast-6,Nuova Zelanda,r7i,x86(Intel),Intel Xeon Platinum 8488C,48,384,3.99552,4.56631,95.8925,109.5914,671.247,767.139,2916.73,3333.41
aws,ap-southeast-6,Nuova Zelanda,r7i,x86(Intel),Intel Xeon Platinum 8488C,64,512,5.32736,6.08841,127.8566,146.1218,894.996,1022.853,3888.97,4444.54
aws,ap-southeast-6,Nuova Zelanda,r7i,x86(Intel),Intel Xeon Platinum 8488C,96,768,7.99104,9.13262,191.785,219.1829,1342.495,1534.28,5833.46,6666.81
aws,ap-southeast-6,Nuova Zelanda,r7i,x86(Intel),Intel Xeon Platinum 8488C,192,1536,15.98208,18.26523,383.5699,438.3656,2684.989,3068.559,11666.92,13333.62
aws,ap-southeast-6,Nuova Zelanda,r8g,ARM,AWS Graviton4,1,8,0.07413,0.04783,1.7791,1.1478,12.454,8.035,54.11,34.91
aws,ap-southeast-6,Nuova Zelanda,r8g,ARM,AWS Graviton4,2,16,0.14826,0.09565,3.5582,2.2956,24.908,16.07,108.23,69.83
aws,ap-southeast-6,Nuova Zelanda,r8g,ARM,AWS Graviton4,4,32,0.29652,0.1913,7.1165,4.5913,49.815,32.139,216.46,139.65
aws,ap-southeast-6,Nuova Zelanda,r8g,ARM,AWS Graviton4,8,64,0.59304,0.38261,14.233,9.1826,99.631,64.278,432.92,279.3
aws,ap-southeast-6,Nuova Zelanda,r8g,ARM,AWS Graviton4,16,128,1.18608,0.76521,28.4659,18.3651,199.261,128.555,865.84,558.61
aws,ap-southeast-6,Nuova Zelanda,r8g,ARM,AWS Graviton4,32,256,2.37216,1.53043,56.9318,36.7302,398.523,257.112,1731.68,1117.21
aws,ap-southeast-6,Nuova Zelanda,r8g,ARM,AWS Graviton4,48,384,3.55824,2.29564,85.3978,55.0954,597.784,385.667,2597.52,1675.82
aws,ap-southeast-6,Nuova Zelanda,r8g,ARM,AWS Graviton4,64,512,4.74432,3.06085,113.8637,73.4605,797.046,514.223,3463.35,2234.42
aws,ap-southeast-6,Nuova Zelanda,r8g,ARM,AWS Graviton4,96,768,7.11648,4.59128,170.7955,110.1906,1195.569,771.335,5195.03,3351.63
aws,ap-southeast-6,Nuova Zelanda,r8g,ARM,AWS Graviton4,192,1536,14.23296,9.18255,341.591,220.3813,2391.137,1542.669,10390.06,6703.26
aws,ap-southeast-6,Nuova Zelanda,r8i,x86(Intel),Intel Xeon 6 6985P-C,2,16,0.1748,0.15538,4.1952,3.7291,29.366,26.103,127.6,113.42
aws,ap-southeast-6,Nuova Zelanda,r8i,x86(Intel),Intel Xeon 6 6985P-C,4,32,0.3496,0.31076,8.3904,7.4581,58.733,52.207,255.21,226.85
aws,ap-southeast-6,Nuova Zelanda,r8i,x86(Intel),Intel Xeon 6 6985P-C,8,64,0.6992,0.62151,16.7808,14.9163,117.466,104.414,510.42,453.71
aws,ap-southeast-6,Nuova Zelanda,r8i,x86(Intel),Intel Xeon 6 6985P-C,16,128,1.3984,1.24302,33.5616,29.8325,234.931,208.828,1020.83,907.4
aws,ap-southeast-6,Nuova Zelanda,r8i,x86(Intel),Intel Xeon 6 6985P-C,32,256,2.7968,2.48604,67.1232,59.6651,469.862,417.655,2041.66,1814.81
aws,ap-southeast-6,Nuova Zelanda,r8i,x86(Intel),Intel Xeon 6 6985P-C,48,384,4.1952,3.72907,100.6848,89.4976,704.794,626.484,3062.5,2722.22
aws,ap-southeast-6,Nuova Zelanda,r8i,x86(Intel),Intel Xeon 6 6985P-C,64,512,5.5936,4.97209,134.2464,119.3301,939.725,835.311,4083.33,3629.63
aws,ap-southeast-6,Nuova Zelanda,r8i,x86(Intel),Intel Xeon 6 6985P-C,96,768,8.3904,7.45813,201.3696,178.9952,1409.587,1252.966,6124.99,5444.44
aws,ap-southeast-6,Nuova Zelanda,r8i,x86(Intel),Intel Xeon 6 6985P-C,128,1024,11.1872,9.94418,268.4928,238.6603,1879.45,1670.622,8166.66,7259.25
aws,ap-southeast-6,Nuova Zelanda,r8i,x86(Intel),Intel Xeon 6 6985P-C,192,1536,16.7808,14.91627,402.7392,357.9904,2819.174,2505.932,12249.98,10888.87
aws,ap-southeast-6,Nuova Zelanda,r8i,x86(Intel),Intel Xeon 6 6985P-C,384,3072,33.5616,29.83253,805.4784,715.9808,5638.349,5011.866,24499.97,21777.75
aws,ap-southeast-7,Thailandia,c6g,ARM,AWS Graviton2,1,2,0.0333,0.0333,0.7992,0.7992,5.594,5.594,24.31,24.31
aws,ap-southeast-7,Thailandia,c6g,ARM,AWS Graviton2,2,4,0.0666,0.0666,1.5984,1.5984,11.189,11.189,48.62,48.62
aws,ap-southeast-7,Thailandia,c6g,ARM,AWS Graviton2,4,8,0.1333,0.1333,3.1992,3.1992,22.394,22.394,97.31,97.31
aws,ap-southeast-7,Thailandia,c6g,ARM,AWS Graviton2,8,16,0.2666,0.2666,6.3984,6.3984,44.789,44.789,194.62,194.62
aws,ap-southeast-7,Thailandia,c6g,ARM,AWS Graviton2,16,32,0.5331,0.5331,12.7944,12.7944,89.561,89.561,389.16,389.16
aws,ap-southeast-7,Thailandia,c6g,ARM,AWS Graviton2,32,64,1.0662,1.0662,25.5888,25.5888,179.122,179.122,778.33,778.33
aws,ap-southeast-7,Thailandia,c6g,ARM,AWS Graviton2,48,96,1.5994,1.5994,38.3856,38.3856,268.699,268.699,1167.56,1167.56
aws,ap-southeast-7,Thailandia,c6g,ARM,AWS Graviton2,64,128,2.1325,2.1325,51.18,51.18,358.26,358.26,1556.72,1556.72
aws,ap-southeast-7,Thailandia,c6i,x86(Intel),Intel Xeon Platinum 8375C,2,4,0.0833,0.1159,1.9992,2.7815,13.994,19.47,60.81,84.61
aws,ap-southeast-7,Thailandia,c6i,x86(Intel),Intel Xeon Platinum 8375C,4,8,0.1666,0.23179,3.9984,5.563,27.989,38.941,121.62,169.21
aws,ap-southeast-7,Thailandia,c6i,x86(Intel),Intel Xeon Platinum 8375C,8,16,0.3332,0.46358,7.9968,11.126,55.978,77.882,243.24,338.42
aws,ap-southeast-7,Thailandia,c6i,x86(Intel),Intel Xeon Platinum 8375C,16,32,0.6664,0.92717,15.9936,22.252,111.955,155.763,486.47,676.83
aws,ap-southeast-7,Thailandia,c6i,x86(Intel),Intel Xeon Platinum 8375C,32,64,1.3328,1.85433,31.9872,44.5039,223.91,311.527,972.94,1353.66
aws,ap-southeast-7,Thailandia,c6i,x86(Intel),Intel Xeon Platinum 8375C,48,96,1.9992,2.7815,47.9808,66.7559,335.866,467.292,1459.42,2030.5
aws,ap-southeast-7,Thailandia,c6i,x86(Intel),Intel Xeon Platinum 8375C,64,128,2.6656,3.70866,63.9744,89.0079,447.821,623.055,1945.89,2707.33
aws,ap-southeast-7,Thailandia,c6i,x86(Intel),Intel Xeon Platinum 8375C,96,192,3.9984,5.56299,95.9616,133.5118,671.731,934.582,2918.83,4060.98
aws,ap-southeast-7,Thailandia,c6i,x86(Intel),Intel Xeon Platinum 8375C,128,256,5.3312,7.41732,127.9488,178.0157,895.642,1246.111,3891.78,5414.65
aws,ap-southeast-7,Thailandia,c7g,ARM,AWS Graviton3,1,2,0.0354,0.02832,0.8496,0.6797,5.947,4.758,25.84,20.67
aws,ap-southeast-7,Thailandia,c7g,ARM,AWS Graviton3,2,4,0.0708,0.05664,1.6992,1.3594,11.894,9.515,51.68,41.34
aws,ap-southeast-7,Thailandia,c7g,ARM,AWS Graviton3,4,8,0.1416,0.11328,3.3984,2.7187,23.789,19.031,103.37,82.7
aws,ap-southeast-7,Thailandia,c7g,ARM,AWS Graviton3,8,16,0.2832,0.22656,6.7968,5.4374,47.578,38.062,206.74,165.39
aws,ap-southeast-7,Thailandia,c7g,ARM,AWS Graviton3,16,32,0.5664,0.45312,13.5936,10.8749,95.155,76.124,413.47,330.78
aws,ap-southeast-7,Thailandia,c7g,ARM,AWS Graviton3,32,64,1.1328,0.90624,27.1872,21.7498,190.31,152.248,826.94,661.55
aws,ap-southeast-7,Thailandia,c7g,ARM,AWS Graviton3,48,96,1.6992,1.35936,40.7808,32.6246,285.466,228.373,1240.42,992.34
aws,ap-southeast-7,Thailandia,c7g,ARM,AWS Graviton3,64,128,2.2656,1.81248,54.3744,43.4995,380.621,304.497,1653.89,1323.11
aws,ap-southeast-7,Thailandia,c7i,x86(Intel),Intel Xeon Platinum 8488C,2,4,0.08747,0.09997,2.0993,2.3992,14.695,16.794,63.85,72.97
aws,ap-southeast-7,Thailandia,c7i,x86(Intel),Intel Xeon Platinum 8488C,4,8,0.17494,0.19993,4.1986,4.7984,29.39,33.589,127.71,145.95
aws,ap-southeast-7,Thailandia,c7i,x86(Intel),Intel Xeon Platinum 8488C,8,16,0.34988,0.39986,8.3971,9.5967,58.78,67.177,255.41,291.9
aws,ap-southeast-7,Thailandia,c7i,x86(Intel),Intel Xeon Platinum 8488C,16,32,0.69976,0.79973,16.7942,19.1934,117.56,134.354,510.82,583.79
aws,ap-southeast-7,Thailandia,c7i,x86(Intel),Intel Xeon Platinum 8488C,32,64,1.39952,1.59945,33.5885,38.3869,235.119,268.707,1021.65,1167.6
aws,ap-southeast-7,Thailandia,c7i,x86(Intel),Intel Xeon Platinum 8488C,48,96,2.09928,2.39918,50.3827,57.5802,352.679,403.062,1532.47,1751.39
aws,ap-southeast-7,Thailandia,c7i,x86(Intel),Intel Xeon Platinum 8488C,64,128,2.79904,3.1989,67.177,76.7737,470.239,537.416,2043.3,2335.2
aws,ap-southeast-7,Thailandia,c7i,x86(Intel),Intel Xeon Platinum 8488C,96,192,4.19856,4.79835,100.7654,115.1605,705.358,806.123,3064.95,3502.8
aws,ap-southeast-7,Thailandia,c7i,x86(Intel),Intel Xeon Platinum 8488C,192,384,8.39712,9.59671,201.5309,230.321,1410.716,1612.247,6129.9,7005.6
aws,ap-southeast-7,Thailandia,c8g,ARM,AWS Graviton4,1,2,0.03894,0.02512,0.9346,0.603,6.542,4.221,28.43,18.34
aws,ap-southeast-7,Thailandia,c8g,ARM,AWS Graviton4,2,4,0.07788,0.05025,1.8691,1.2059,13.084,8.441,56.85,36.68
aws,ap-southeast-7,Thailandia,c8g,ARM,AWS Graviton4,4,8,0.15576,0.10049,3.7382,2.4117,26.168,16.883,113.7,73.35
aws,ap-southeast-7,Thailandia,c8g,ARM,AWS Graviton4,8,16,0.31152,0.20098,7.4765,4.8235,52.335,33.765,227.41,146.72
aws,ap-southeast-7,Thailandia,c8g,ARM,AWS Graviton4,16,32,0.62304,0.40196,14.953,9.6471,104.671,67.53,454.82,293.43
aws,ap-southeast-7,Thailandia,c8g,ARM,AWS Graviton4,32,64,1.24608,0.80392,29.9059,19.2941,209.341,135.059,909.64,586.86
aws,ap-southeast-7,Thailandia,c8g,ARM,AWS Graviton4,48,96,1.86912,1.20588,44.8589,28.9412,314.012,202.588,1364.46,880.3
aws,ap-southeast-7,Thailandia,c8g,ARM,AWS Graviton4,64,128,2.49216,1.60785,59.8118,38.5883,418.683,270.118,1819.28,1173.73
aws,ap-southeast-7,Thailandia,c8g,ARM,AWS Graviton4,96,192,3.73824,2.41177,89.7178,57.8825,628.024,405.177,2728.92,1760.59
aws,ap-southeast-7,Thailandia,c8g,ARM,AWS Graviton4,192,384,7.47648,4.82354,179.4355,115.7648,1256.049,810.354,5457.83,3521.18
aws,ap-southeast-7,Thailandia,m6g,ARM,AWS Graviton2,1,4,0.0408,0.0408,0.9792,0.9792,6.854,6.854,29.78,29.78
aws,ap-southeast-7,Thailandia,m6g,ARM,AWS Graviton2,2,8,0.0816,0.0816,1.9584,1.9584,13.709,13.709,59.57,59.57
aws,ap-southeast-7,Thailandia,m6g,ARM,AWS Graviton2,4,16,0.1632,0.1632,3.9168,3.9168,27.418,27.418,119.14,119.14
aws,ap-southeast-7,Thailandia,m6g,ARM,AWS Graviton2,8,32,0.3264,0.3264,7.8336,7.8336,54.835,54.835,238.27,238.27
aws,ap-southeast-7,Thailandia,m6g,ARM,AWS Graviton2,16,64,0.6528,0.6528,15.6672,15.6672,109.67,109.67,476.54,476.54
aws,ap-southeast-7,Thailandia,m6g,ARM,AWS Graviton2,32,128,1.3056,1.3056,31.3344,31.3344,219.341,219.341,953.09,953.09
aws,ap-southeast-7,Thailandia,m6g,ARM,AWS Graviton2,48,192,1.9584,1.9584,47.0016,47.0016,329.011,329.011,1429.63,1429.63
aws,ap-southeast-7,Thailandia,m6g,ARM,AWS Graviton2,64,256,2.6112,2.6112,62.6688,62.6688,438.682,438.682,1906.18,1906.18
aws,ap-southeast-7,Thailandia,m6i,x86(Intel),Intel Xeon Platinum 8375C,2,8,0.102,0.14191,2.448,3.4059,17.136,23.841,74.46,103.6
aws,ap-southeast-7,Thailandia,m6i,x86(Intel),Intel Xeon Platinum 8375C,4,16,0.204,0.28383,4.896,6.8118,34.272,47.683,148.92,207.19
aws,ap-southeast-7,Thailandia,m6i,x86(Intel),Intel Xeon Platinum 8375C,8,32,0.408,0.56765,9.792,13.6237,68.544,95.366,297.84,414.39
aws,ap-southeast-7,Thailandia,m6i,x86(Intel),Intel Xeon Platinum 8375C,16,64,0.816,1.1353,19.584,27.2473,137.088,190.731,595.68,828.77
aws,ap-southeast-7,Thailandia,m6i,x86(Intel),Intel Xeon Platinum 8375C,32,128,1.632,2.27061,39.168,54.4946,274.176,381.462,1191.36,1657.54
aws,ap-southeast-7,Thailandia,m6i,x86(Intel),Intel Xeon Platinum 8375C,48,192,2.448,3.40591,58.752,81.7419,411.264,572.193,1787.04,2486.32
aws,ap-southeast-7,Thailandia,m6i,x86(Intel),Intel Xeon Platinum 8375C,64,256,3.264,4.54122,78.336,108.9892,548.352,762.925,2382.72,3315.09
aws,ap-southeast-7,Thailandia,m6i,x86(Intel),Intel Xeon Platinum 8375C,96,384,4.896,6.81183,117.504,163.4838,822.528,1144.387,3574.08,4972.63
aws,ap-southeast-7,Thailandia,m6i,x86(Intel),Intel Xeon Platinum 8375C,128,512,6.528,9.08243,156.672,217.9784,1096.704,1525.849,4765.44,6630.18
aws,ap-southeast-7,Thailandia,m7g,ARM,AWS Graviton3,1,4,0.0434,0.03472,1.0416,0.8333,7.291,5.833,31.68,25.34
aws,ap-southeast-7,Thailandia,m7g,ARM,AWS Graviton3,2,8,0.0867,0.06936,2.0808,1.6646,14.566,11.653,63.29,50.63
aws,ap-southeast-7,Thailandia,m7g,ARM,AWS Graviton3,4,16,0.1734,0.13872,4.1616,3.3293,29.131,23.305,126.58,101.26
aws,ap-southeast-7,Thailandia,m7g,ARM,AWS Graviton3,8,32,0.3468,0.27744,8.3232,6.6586,58.262,46.61,253.16,202.53
aws,ap-southeast-7,Thailandia,m7g,ARM,AWS Graviton3,16,64,0.6936,0.55488,16.6464,13.3171,116.525,93.22,506.33,405.06
aws,ap-southeast-7,Thailandia,m7g,ARM,AWS Graviton3,32,128,1.3872,1.10976,33.2928,26.6342,233.05,186.44,1012.66,810.13
aws,ap-southeast-7,Thailandia,m7g,ARM,AWS Graviton3,48,192,2.0808,1.66464,49.9392,39.9514,349.574,279.659,1518.98,1215.18
aws,ap-southeast-7,Thailandia,m7g,ARM,AWS Graviton3,64,256,2.7744,2.21952,66.5856,53.2685,466.099,372.879,2025.31,1620.25
aws,ap-southeast-7,Thailandia,m7i,x86(Intel),Intel Xeon Platinum 8488C,2,8,0.1071,0.1224,2.5704,2.9376,17.993,20.563,78.18,89.35
aws,ap-southeast-7,Thailandia,m7i,x86(Intel),Intel Xeon Platinum 8488C,4,16,0.2142,0.2448,5.1408,5.8752,35.986,41.127,156.37,178.71
aws,ap-southeast-7,Thailandia,m7i,x86(Intel),Intel Xeon Platinum 8488C,8,32,0.4284,0.4896,10.2816,11.7504,71.971,82.253,312.73,357.41
aws,ap-southeast-7,Thailandia,m7i,x86(Intel),Intel Xeon Platinum 8488C,16,64,0.8568,0.9792,20.5632,23.5008,143.942,164.505,625.46,714.81
aws,ap-southeast-7,Thailandia,m7i,x86(Intel),Intel Xeon Platinum 8488C,32,128,1.7136,1.9584,41.1264,47.0016,287.885,329.011,1250.93,1429.63
aws,ap-southeast-7,Thailandia,m7i,x86(Intel),Intel Xeon Platinum 8488C,48,192,2.5704,2.9376,61.6896,70.5024,431.827,493.517,1876.39,2144.45
aws,ap-southeast-7,Thailandia,m7i,x86(Intel),Intel Xeon Platinum 8488C,64,256,3.4272,3.9168,82.2528,94.0032,575.77,658.023,2501.86,2859.27
aws,ap-southeast-7,Thailandia,m7i,x86(Intel),Intel Xeon Platinum 8488C,96,384,5.1408,5.8752,123.3792,141.0048,863.654,987.033,3752.78,4288.89
aws,ap-southeast-7,Thailandia,m7i,x86(Intel),Intel Xeon Platinum 8488C,192,768,10.2816,11.7504,246.7584,282.0096,1727.309,1974.067,7505.57,8577.79
aws,ap-southeast-7,Thailandia,m8g,ARM,AWS Graviton4,1,4,0.04769,0.03077,1.1446,0.7385,8.012,5.169,34.81,22.46
aws,ap-southeast-7,Thailandia,m8g,ARM,AWS Graviton4,2,8,0.09538,0.06154,2.2891,1.4768,16.024,10.338,69.63,44.92
aws,ap-southeast-7,Thailandia,m8g,ARM,AWS Graviton4,4,16,0.19076,0.12307,4.5782,2.9537,32.048,20.676,139.25,89.84
aws,ap-southeast-7,Thailandia,m8g,ARM,AWS Graviton4,8,32,0.38152,0.24614,9.1565,5.9074,64.095,41.352,278.51,179.68
aws,ap-southeast-7,Thailandia,m8g,ARM,AWS Graviton4,16,64,0.76304,0.49228,18.313,11.8148,128.191,82.704,557.02,359.37
aws,ap-southeast-7,Thailandia,m8g,ARM,AWS Graviton4,32,128,1.52608,0.98457,36.6259,23.6296,256.381,165.407,1114.04,718.74
aws,ap-southeast-7,Thailandia,m8g,ARM,AWS Graviton4,48,192,2.28912,1.47685,54.9389,35.4445,384.572,248.111,1671.06,1078.1
aws,ap-southeast-7,Thailandia,m8g,ARM,AWS Graviton4,64,256,3.05216,1.96914,73.2518,47.2592,512.763,330.815,2228.08,1437.47
aws,ap-southeast-7,Thailandia,m8g,ARM,AWS Graviton4,96,384,4.57824,2.9537,109.8778,70.8889,769.144,496.222,3342.12,2156.21
aws,ap-southeast-7,Thailandia,m8g,ARM,AWS Graviton4,192,768,9.15648,5.90741,219.7555,141.7777,1538.289,992.445,6684.23,4312.41
aws,ap-southeast-7,Thailandia,r6g,ARM,AWS Graviton2,1,8,0.0517,0.0517,1.2408,1.2408,8.686,8.686,37.74,37.74
aws,ap-southeast-7,Thailandia,r6g,ARM,AWS Graviton2,2,16,0.1034,0.1034,2.4816,2.4816,17.371,17.371,75.48,75.48
aws,ap-southeast-7,Thailandia,r6g,ARM,AWS Graviton2,4,32,0.2067,0.2067,4.9608,4.9608,34.726,34.726,150.89,150.89
aws,ap-southeast-7,Thailandia,r6g,ARM,AWS Graviton2,8,64,0.4134,0.4134,9.9216,9.9216,69.451,69.451,301.78,301.78
aws,ap-southeast-7,Thailandia,r6g,ARM,AWS Graviton2,16,128,0.8269,0.8269,19.8456,19.8456,138.919,138.919,603.64,603.64
aws,ap-southeast-7,Thailandia,r6g,ARM,AWS Graviton2,32,256,1.6538,1.6538,39.6912,39.6912,277.838,277.838,1207.27,1207.27
aws,ap-southeast-7,Thailandia,r6g,ARM,AWS Graviton2,48,384,2.4806,2.4806,59.5344,59.5344,416.741,416.741,1810.84,1810.84
aws,ap-southeast-7,Thailandia,r6g,ARM,AWS Graviton2,64,512,3.3075,3.3075,79.38,79.38,555.66,555.66,2414.48,2414.48
aws,ap-southeast-7,Thailandia,r6i,x86(Intel),Intel Xeon Platinum 8375C,2,16,0.1292,0.17976,3.1008,4.3142,21.706,30.2,94.32,131.23
aws,ap-southeast-7,Thailandia,r6i,x86(Intel),Intel Xeon Platinum 8375C,4,32,0.2584,0.35951,6.2016,8.6283,43.411,60.398,188.63,262.44
aws,ap-southeast-7,Thailandia,r6i,x86(Intel),Intel Xeon Platinum 8375C,8,64,0.5168,0.71903,12.4032,17.2566,86.822,120.796,377.26,524.88
aws,ap-southeast-7,Thailandia,r6i,x86(Intel),Intel Xeon Platinum 8375C,16,128,1.0336,1.43805,24.8064,34.5133,173.645,241.593,754.53,1049.78
aws,ap-southeast-7,Thailandia,r6i,x86(Intel),Intel Xeon Platinum 8375C,32,256,2.0672,2.8761,49.6128,69.0265,347.29,483.186,1509.06,2099.56
aws,ap-southeast-7,Thailandia,r6i,x86(Intel),Intel Xeon Platinum 8375C,48,384,3.1008,4.31416,74.4192,103.5398,520.934,724.778,2263.58,3149.33
aws,ap-southeast-7,Thailandia,r6i,x86(Intel),Intel Xeon Platinum 8375C,64,512,4.1344,5.75221,99.2256,138.053,694.579,966.371,3018.11,4199.11
aws,ap-southeast-7,Thailandia,r6i,x86(Intel),Intel Xeon Platinum 8375C,96,768,6.2016,8.62831,148.8384,207.0795,1041.869,1449.557,4527.17,6298.67
aws,ap-southeast-7,Thailandia,r6i,x86(Intel),Intel Xeon Platinum 8375C,128,1024,8.2688,11.50442,198.4512,276.106,1389.158,1932.742,6036.22,8398.22
aws,ap-southeast-7,Thailandia,r7g,ARM,AWS Graviton3,1,8,0.0549,0.04392,1.3176,1.0541,9.223,7.378,40.08,32.06
aws,ap-southeast-7,Thailandia,r7g,ARM,AWS Graviton3,2,16,0.1098,0.08784,2.6352,2.1082,18.446,14.757,80.15,64.12
aws,ap-southeast-7,Thailandia,r7g,ARM,AWS Graviton3,4,32,0.2196,0.17568,5.2704,4.2163,36.893,29.514,160.31,128.25
aws,ap-southeast-7,Thailandia,r7g,ARM,AWS Graviton3,8,64,0.4393,0.35144,10.5432,8.4346,73.802,59.042,320.69,256.55
aws,ap-southeast-7,Thailandia,r7g,ARM,AWS Graviton3,16,128,0.8786,0.70288,21.0864,16.8691,147.605,118.084,641.38,513.1
aws,ap-southeast-7,Thailandia,r7g,ARM,AWS Graviton3,32,256,1.7571,1.40568,42.1704,33.7363,295.193,236.154,1282.68,1026.14
aws,ap-southeast-7,Thailandia,r7g,ARM,AWS Graviton3,48,384,2.6357,2.10856,63.2568,50.6054,442.798,354.238,1924.06,1539.25
aws,ap-southeast-7,Thailandia,r7g,ARM,AWS Graviton3,64,512,3.5142,2.81136,84.3408,67.4726,590.386,472.309,2565.37,2052.3
aws,ap-southeast-7,Thailandia,r7i,x86(Intel),Intel Xeon Platinum 8488C,2,16,0.13566,0.15504,3.2558,3.7209,22.791,26.047,99.03,113.18
aws,ap-southeast-7,Thailandia,r7i,x86(Intel),Intel Xeon Platinum 8488C,4,32,0.27132,0.31008,6.5117,7.4419,45.582,52.094,198.06,226.35
aws,ap-southeast-7,Thailandia,r7i,x86(Intel),Intel Xeon Platinum 8488C,8,64,0.54264,0.62016,13.0234,14.8839,91.164,104.187,396.13,452.72
aws,ap-southeast-7,Thailandia,r7i,x86(Intel),Intel Xeon Platinum 8488C,16,128,1.08528,1.24032,26.0467,29.7677,182.327,208.374,792.25,905.43
aws,ap-southeast-7,Thailandia,r7i,x86(Intel),Intel Xeon Platinum 8488C,32,256,2.17056,2.48064,52.0934,59.5353,364.654,416.747,1584.51,1810.87
aws,ap-southeast-7,Thailandia,r7i,x86(Intel),Intel Xeon Platinum 8488C,48,384,3.25584,3.72096,78.1402,89.3031,546.981,625.121,2376.76,2716.3
aws,ap-southeast-7,Thailandia,r7i,x86(Intel),Intel Xeon Platinum 8488C,64,512,4.34112,4.96128,104.1869,119.0707,729.308,833.495,3169.02,3621.74
aws,ap-southeast-7,Thailandia,r7i,x86(Intel),Intel Xeon Platinum 8488C,96,768,6.51168,7.44192,156.2803,178.6061,1093.962,1250.242,4753.53,5432.61
aws,ap-southeast-7,Thailandia,r7i,x86(Intel),Intel Xeon Platinum 8488C,192,1536,13.02336,14.88384,312.5606,357.2121,2187.924,2500.485,9507.05,10865.2
aws,ap-southeast-7,Thailandia,r8g,ARM,AWS Graviton4,1,8,0.0604,0.03897,1.4496,0.9352,10.147,6.546,44.09,28.45
aws,ap-southeast-7,Thailandia,r8g,ARM,AWS Graviton4,2,16,0.1208,0.07794,2.8992,1.8705,20.294,13.093,88.18,56.89
aws,ap-southeast-7,Thailandia,r8g,ARM,AWS Graviton4,4,32,0.2416,0.15587,5.7984,3.7409,40.589,26.186,176.37,113.79
aws,ap-southeast-7,Thailandia,r8g,ARM,AWS Graviton4,8,64,0.4832,0.31174,11.5968,7.4818,81.178,52.373,352.74,227.57
aws,ap-southeast-7,Thailandia,r8g,ARM,AWS Graviton4,16,128,0.9664,0.62348,23.1936,14.9636,162.355,104.745,705.47,455.14
aws,ap-southeast-7,Thailandia,r8g,ARM,AWS Graviton4,32,256,1.9328,1.24697,46.3872,29.9272,324.71,209.49,1410.94,910.28
aws,ap-southeast-7,Thailandia,r8g,ARM,AWS Graviton4,48,384,2.8992,1.87045,69.5808,44.8908,487.066,314.236,2116.42,1365.43
aws,ap-southeast-7,Thailandia,r8g,ARM,AWS Graviton4,64,512,3.8656,2.49394,92.7744,59.8545,649.421,418.981,2821.89,1820.57
aws,ap-southeast-7,Thailandia,r8g,ARM,AWS Graviton4,96,768,5.7984,3.7409,139.1616,89.7817,974.131,628.472,4232.83,2730.86
aws,ap-southeast-7,Thailandia,r8g,ARM,AWS Graviton4,192,1536,11.5968,7.48181,278.3232,179.5634,1948.262,1256.943,8465.66,5461.72
aws,ca-central-1,Canada,c6a,x86(AMD),AMD EPYC 7R13,2,4,0.0837,0.10302,2.0088,2.4724,14.062,17.307,61.1,75.2
aws,ca-central-1,Canada,c6a,x86(AMD),AMD EPYC 7R13,4,8,0.1674,0.20603,4.0176,4.9447,28.123,34.613,122.2,150.4
aws,ca-central-1,Canada,c6a,x86(AMD),AMD EPYC 7R13,8,16,0.3348,0.41206,8.0352,9.8895,56.246,69.226,244.4,300.8
aws,ca-central-1,Canada,c6a,x86(AMD),AMD EPYC 7R13,16,32,0.6696,0.82412,16.0704,19.779,112.493,138.453,488.81,601.61
aws,ca-central-1,Canada,c6a,x86(AMD),AMD EPYC 7R13,32,64,1.3392,1.64825,32.1408,39.5579,224.986,276.906,977.62,1203.22
aws,ca-central-1,Canada,c6a,x86(AMD),AMD EPYC 7R13,48,96,2.0088,2.47237,48.2112,59.3369,337.478,415.358,1466.42,1804.82
aws,ca-central-1,Canada,c6a,x86(AMD),AMD EPYC 7R13,64,128,2.6784,3.29649,64.2816,79.1158,449.971,553.81,1955.23,2406.44
aws,ca-central-1,Canada,c6a,x86(AMD),AMD EPYC 7R13,96,192,4.0176,4.94474,96.4224,118.6737,674.957,830.716,2932.85,3609.66
aws,ca-central-1,Canada,c6a,x86(AMD),AMD EPYC 7R13,128,256,5.3568,6.59298,128.5632,158.2316,899.942,1107.621,3910.46,4812.87
aws,ca-central-1,Canada,c6a,x86(AMD),AMD EPYC 7R13,192,384,8.0352,9.88948,192.8448,237.3474,1349.914,1661.433,5865.7,7219.32
aws,ca-central-1,Canada,c6g,ARM,AWS Graviton2,1,2,0.0372,0.0372,0.8928,0.8928,6.25,6.25,27.16,27.16
aws,ca-central-1,Canada,c6g,ARM,AWS Graviton2,2,4,0.0744,0.0744,1.7856,1.7856,12.499,12.499,54.31,54.31
aws,ca-central-1,Canada,c6g,ARM,AWS Graviton2,4,8,0.1488,0.1488,3.5712,3.5712,24.998,24.998,108.62,108.62
aws,ca-central-1,Canada,c6g,ARM,AWS Graviton2,8,16,0.2976,0.2976,7.1424,7.1424,49.997,49.997,217.25,217.25
aws,ca-central-1,Canada,c6g,ARM,AWS Graviton2,16,32,0.5952,0.5952,14.2848,14.2848,99.994,99.994,434.5,434.5
aws,ca-central-1,Canada,c6g,ARM,AWS Graviton2,32,64,1.1904,1.1904,28.5696,28.5696,199.987,199.987,868.99,868.99
aws,ca-central-1,Canada,c6g,ARM,AWS Graviton2,48,96,1.7856,1.7856,42.8544,42.8544,299.981,299.981,1303.49,1303.49
aws,ca-central-1,Canada,c6g,ARM,AWS Graviton2,64,128,2.3808,2.3808,57.1392,57.1392,399.974,399.974,1737.98,1737.98
aws,ca-central-1,Canada,c6i,x86(Intel),Intel Xeon Platinum 8375C,2,4,0.093,0.12939,2.232,3.1054,15.624,21.738,67.89,94.46
aws,ca-central-1,Canada,c6i,x86(Intel),Intel Xeon Platinum 8375C,4,8,0.186,0.25878,4.464,6.2108,31.248,43.475,135.78,188.91
aws,ca-central-1,Canada,c6i,x86(Intel),Intel Xeon Platinum 8375C,8,16,0.372,0.51757,8.928,12.4216,62.496,86.951,271.56,377.82
aws,ca-central-1,Canada,c6i,x86(Intel),Intel Xeon Platinum 8375C,16,32,0.744,1.03513,17.856,24.8431,124.992,173.902,543.12,755.65
aws,ca-central-1,Canada,c6i,x86(Intel),Intel Xeon Platinum 8375C,32,64,1.488,2.07026,35.712,49.6863,249.984,347.804,1086.24,1511.29
aws,ca-central-1,Canada,c6i,x86(Intel),Intel Xeon Platinum 8375C,48,96,2.232,3.10539,53.568,74.5294,374.976,521.706,1629.36,2266.94
aws,ca-central-1,Canada,c6i,x86(Intel),Intel Xeon Platinum 8375C,64,128,2.976,4.14052,71.424,99.3725,499.968,695.608,2172.48,3022.58
aws,ca-central-1,Canada,c6i,x86(Intel),Intel Xeon Platinum 8375C,96,192,4.464,6.21078,107.136,149.0588,749.952,1043.411,3258.72,4533.87
aws,ca-central-1,Canada,c6i,x86(Intel),Intel Xeon Platinum 8375C,128,256,5.952,8.28104,142.848,198.745,999.936,1391.215,4344.96,6045.16
aws,ca-central-1,Canada,c7g,ARM,AWS Graviton3,1,2,0.0395,0.0316,0.948,0.7584,6.636,5.309,28.84,23.07
aws,ca-central-1,Canada,c7g,ARM,AWS Graviton3,2,4,0.0791,0.06328,1.8984,1.5187,13.289,10.631,57.74,46.19
aws,ca-central-1,Canada,c7g,ARM,AWS Graviton3,4,8,0.1581,0.12648,3.7944,3.0355,26.561,21.249,115.41,92.33
aws,ca-central-1,Canada,c7g,ARM,AWS Graviton3,8,16,0.3162,0.25296,7.5888,6.071,53.122,42.498,230.83,184.66
aws,ca-central-1,Canada,c7g,ARM,AWS Graviton3,16,32,0.6325,0.506,15.18,12.144,106.26,85.008,461.72,369.38
aws,ca-central-1,Canada,c7g,ARM,AWS Graviton3,32,64,1.265,1.012,30.36,24.288,212.52,170.016,923.45,738.76
aws,ca-central-1,Canada,c7g,ARM,AWS Graviton3,48,96,1.8974,1.51792,45.5376,36.4301,318.763,255.01,1385.1,1108.08
aws,ca-central-1,Canada,c7g,ARM,AWS Graviton3,64,128,2.5299,2.02392,60.7176,48.5741,425.023,340.018,1846.83,1477.46
aws,ca-central-1,Canada,c7i,x86(Intel),Intel Xeon Platinum 8488C,2,4,0.09765,0.1116,2.3436,2.6784,16.405,18.749,71.28,81.46
aws,ca-central-1,Canada,c7i,x86(Intel),Intel Xeon Platinum 8488C,4,8,0.1953,0.2232,4.6872,5.3568,32.81,37.497,142.57,162.94
aws,ca-central-1,Canada,c7i,x86(Intel),Intel Xeon Platinum 8488C,8,16,0.3906,0.4464,9.3744,10.7136,65.621,74.995,285.14,325.87
aws,ca-central-1,Canada,c7i,x86(Intel),Intel Xeon Platinum 8488C,16,32,0.7812,0.8928,18.7488,21.4272,131.242,149.991,570.28,651.75
aws,ca-central-1,Canada,c7i,x86(Intel),Intel Xeon Platinum 8488C,32,64,1.5624,1.7856,37.4976,42.8544,262.483,299.981,1140.55,1303.49
aws,ca-central-1,Canada,c7i,x86(Intel),Intel Xeon Platinum 8488C,48,96,2.3436,2.6784,56.2464,64.2816,393.725,449.971,1710.83,1955.23
aws,ca-central-1,Canada,c7i,x86(Intel),Intel Xeon Platinum 8488C,64,128,3.1248,3.5712,74.9952,85.7088,524.966,599.961,2281.1,2606.97
aws,ca-central-1,Canada,c7i,x86(Intel),Intel Xeon Platinum 8488C,96,192,4.6872,5.3568,112.4928,128.5632,787.45,899.943,3421.66,3910.47
aws,ca-central-1,Canada,c7i,x86(Intel),Intel Xeon Platinum 8488C,192,384,9.3744,10.7136,224.9856,257.1264,1574.899,1799.885,6843.31,7820.93
aws,ca-central-1,Canada,c8g,ARM,AWS Graviton4,1,2,0.04348,0.02805,1.0435,0.6732,7.305,4.713,31.74,20.48
aws,ca-central-1,Canada,c8g,ARM,AWS Graviton4,2,4,0.08696,0.0561,2.087,1.3465,14.609,9.425,63.48,40.95
aws,ca-central-1,Canada,c8g,ARM,AWS Graviton4,4,8,0.17392,0.11221,4.1741,2.693,29.219,18.851,126.96,81.91
aws,ca-central-1,Canada,c8g,ARM,AWS Graviton4,8,16,0.34784,0.22441,8.3482,5.3859,58.437,37.701,253.92,163.82
aws,ca-central-1,Canada,c8g,ARM,AWS Graviton4,16,32,0.69568,0.44883,16.6963,10.7718,116.874,75.403,507.85,327.65
aws,ca-central-1,Canada,c8g,ARM,AWS Graviton4,32,64,1.39136,0.89765,33.3926,21.5436,233.748,150.805,1015.69,655.28
aws,ca-central-1,Canada,c8g,ARM,AWS Graviton4,48,96,2.08704,1.34648,50.089,32.3155,350.623,226.208,1523.54,982.93
aws,ca-central-1,Canada,c8g,ARM,AWS Graviton4,64,128,2.78272,1.7953,66.7853,43.0873,467.497,301.611,2031.39,1310.57
aws,ca-central-1,Canada,c8g,ARM,AWS Graviton4,96,192,4.17408,2.69295,100.1779,64.6309,701.245,452.416,3047.08,1965.86
aws,ca-central-1,Canada,c8g,ARM,AWS Graviton4,192,384,8.34816,5.38591,200.3558,129.2618,1402.491,904.833,6094.16,3931.72
aws,ca-central-1,Canada,c8i,x86(Intel),Intel Xeon 6 6975P-C,2,4,0.10253,0.09114,2.4607,2.1873,17.225,15.311,74.85,66.53
aws,ca-central-1,Canada,c8i,x86(Intel),Intel Xeon 6 6975P-C,4,8,0.20506,0.18228,4.9214,4.3746,34.45,30.622,149.69,133.06
aws,ca-central-1,Canada,c8i,x86(Intel),Intel Xeon 6 6975P-C,8,16,0.41012,0.36455,9.8429,8.7492,68.9,61.244,299.39,266.12
aws,ca-central-1,Canada,c8i,x86(Intel),Intel Xeon 6 6975P-C,16,32,0.82024,0.7291,19.6858,17.4985,137.8,122.489,598.78,532.25
aws,ca-central-1,Canada,c8i,x86(Intel),Intel Xeon 6 6975P-C,32,64,1.64048,1.4582,39.3715,34.9969,275.601,244.979,1197.55,1064.49
aws,ca-central-1,Canada,c8i,x86(Intel),Intel Xeon 6 6975P-C,48,96,2.46072,2.18731,59.0573,52.4954,413.401,367.468,1796.33,1596.74
aws,ca-central-1,Canada,c8i,x86(Intel),Intel Xeon 6 6975P-C,64,128,3.28096,2.91641,78.743,69.9938,551.201,489.956,2395.1,2128.98
aws,ca-central-1,Canada,c8i,x86(Intel),Intel Xeon 6 6975P-C,96,192,4.92144,4.37461,118.1146,104.9908,826.802,734.935,3592.65,3193.47
aws,ca-central-1,Canada,c8i,x86(Intel),Intel Xeon 6 6975P-C,128,256,6.56192,5.83282,157.4861,139.9876,1102.403,979.914,4790.2,4257.96
aws,ca-central-1,Canada,c8i,x86(Intel),Intel Xeon 6 6975P-C,192,384,9.84288,8.74923,236.2291,209.9814,1653.604,1469.87,7185.3,6386.93
aws,ca-central-1,Canada,c8i,x86(Intel),Intel Xeon 6 6975P-C,384,768,19.68576,17.49845,472.4582,419.9628,3307.208,2939.74,14370.6,12773.87
aws,ca-central-1,Canada,m6a,x86(AMD),AMD EPYC 7R13,2,8,0.0963,0.11852,2.3112,2.8446,16.178,19.911,70.3,86.52
aws,ca-central-1,Canada,m6a,x86(AMD),AMD EPYC 7R13,4,16,0.1926,0.23705,4.6224,5.6891,32.357,39.824,140.6,173.05
aws,ca-central-1,Canada,m6a,x86(AMD),AMD EPYC 7R13,8,32,0.3852,0.47409,9.2448,11.3782,64.714,79.648,281.2,346.09
aws,ca-central-1,Canada,m6a,x86(AMD),AMD EPYC 7R13,16,64,0.7704,0.94818,18.4896,22.7564,129.427,159.295,562.39,692.17
aws,ca-central-1,Canada,m6a,x86(AMD),AMD EPYC 7R13,32,128,1.5408,1.89637,36.9792,45.5129,258.854,318.59,1124.78,1384.34
aws,ca-central-1,Canada,m6a,x86(AMD),AMD EPYC 7R13,48,192,2.3112,2.84455,55.4688,68.2693,388.282,477.886,1687.18,2076.53
aws,ca-central-1,Canada,m6a,x86(AMD),AMD EPYC 7R13,64,256,3.0816,3.79274,73.9584,91.0257,517.709,637.18,2249.57,2768.7
aws,ca-central-1,Canada,m6a,x86(AMD),AMD EPYC 7R13,96,384,4.6224,5.68911,110.9376,136.5386,776.563,955.77,3374.35,4153.05
aws,ca-central-1,Canada,m6a,x86(AMD),AMD EPYC 7R13,128,512,6.1632,7.58548,147.9168,182.0514,1035.418,1274.361,4499.14,5537.4
aws,ca-central-1,Canada,m6a,x86(AMD),AMD EPYC 7R13,192,768,9.2448,11.37822,221.8752,273.0772,1553.126,1911.54,6748.7,8306.09
aws,ca-central-1,Canada,m6g,ARM,AWS Graviton2,1,4,0.0428,0.0428,1.0272,1.0272,7.19,7.19,31.24,31.24
aws,ca-central-1,Canada,m6g,ARM,AWS Graviton2,2,8,0.0856,0.0856,2.0544,2.0544,14.381,14.381,62.49,62.49
aws,ca-central-1,Canada,m6g,ARM,AWS Graviton2,4,16,0.1712,0.1712,4.1088,4.1088,28.762,28.762,124.98,124.98
aws,ca-central-1,Canada,m6g,ARM,AWS Graviton2,8,32,0.3424,0.3424,8.2176,8.2176,57.523,57.523,249.95,249.95
aws,ca-central-1,Canada,m6g,ARM,AWS Graviton2,16,64,0.6848,0.6848,16.4352,16.4352,115.046,115.046,499.9,499.9
aws,ca-central-1,Canada,m6g,ARM,AWS Graviton2,32,128,1.3696,1.3696,32.8704,32.8704,230.093,230.093,999.81,999.81
aws,ca-central-1,Canada,m6g,ARM,AWS Graviton2,48,192,2.0544,2.0544,49.3056,49.3056,345.139,345.139,1499.71,1499.71
aws,ca-central-1,Canada,m6g,ARM,AWS Graviton2,64,256,2.7392,2.7392,65.7408,65.7408,460.186,460.186,1999.62,1999.62
aws,ca-central-1,Canada,m6i,x86(Intel),Intel Xeon Platinum 8375C,2,8,0.107,0.14887,2.568,3.5729,17.976,25.01,78.11,108.67
aws,ca-central-1,Canada,m6i,x86(Intel),Intel Xeon Platinum 8375C,4,16,0.214,0.29774,5.136,7.1457,35.952,50.02,156.22,217.35
aws,ca-central-1,Canada,m6i,x86(Intel),Intel Xeon Platinum 8375C,8,32,0.428,0.59548,10.272,14.2915,71.904,100.04,312.44,434.7
aws,ca-central-1,Canada,m6i,x86(Intel),Intel Xeon Platinum 8375C,16,64,0.856,1.19096,20.544,28.583,143.808,200.081,624.88,869.4
aws,ca-central-1,Canada,m6i,x86(Intel),Intel Xeon Platinum 8375C,32,128,1.712,2.38191,41.088,57.1659,287.616,400.161,1249.76,1738.8
aws,ca-central-1,Canada,m6i,x86(Intel),Intel Xeon Platinum 8375C,48,192,2.568,3.57287,61.632,85.7489,431.424,600.242,1874.64,2608.19
aws,ca-central-1,Canada,m6i,x86(Intel),Intel Xeon Platinum 8375C,64,256,3.424,4.76383,82.176,114.3318,575.232,800.323,2499.52,3477.59
aws,ca-central-1,Canada,m6i,x86(Intel),Intel Xeon Platinum 8375C,96,384,5.136,7.14574,123.264,171.4977,862.848,1200.484,3749.28,5216.39
aws,ca-central-1,Canada,m6i,x86(Intel),Intel Xeon Platinum 8375C,128,512,6.848,9.52765,164.352,228.6637,1150.464,1600.646,4999.04,6955.19
aws,ca-central-1,Canada,m7g,ARM,AWS Graviton3,1,4,0.0455,0.0364,1.092,0.8736,7.644,6.115,33.21,26.57
aws,ca-central-1,Canada,m7g,ARM,AWS Graviton3,2,8,0.091,0.0728,2.184,1.7472,15.288,12.23,66.43,53.14
aws,ca-central-1,Canada,m7g,ARM,AWS Graviton3,4,16,0.1819,0.14552,4.3656,3.4925,30.559,24.447,132.79,106.23
aws,ca-central-1,Canada,m7g,ARM,AWS Graviton3,8,32,0.3638,0.29104,8.7312,6.985,61.118,48.894,265.57,212.46
aws,ca-central-1,Canada,m7g,ARM,AWS Graviton3,16,64,0.7277,0.58216,17.4648,13.9718,122.254,97.803,531.22,424.98
aws,ca-central-1,Canada,m7g,ARM,AWS Graviton3,32,128,1.4554,1.16432,34.9296,27.9437,244.507,195.606,1062.44,849.95
aws,ca-central-1,Canada,m7g,ARM,AWS Graviton3,48,192,2.183,1.7464,52.392,41.9136,366.744,293.395,1593.59,1274.87
aws,ca-central-1,Canada,m7g,ARM,AWS Graviton3,64,256,2.9107,2.32856,69.8568,55.8854,488.998,391.198,2124.81,1699.85
aws,ca-central-1,Canada,m7i,x86(Intel),Intel Xeon Platinum 8488C,2,8,0.11235,0.1284,2.6964,3.0816,18.875,21.571,82.02,93.74
aws,ca-central-1,Canada,m7i,x86(Intel),Intel Xeon Platinum 8488C,4,16,0.2247,0.2568,5.3928,6.1632,37.75,43.143,164.03,187.46
aws,ca-central-1,Canada,m7i,x86(Intel),Intel Xeon Platinum 8488C,8,32,0.4494,0.5136,10.7856,12.3264,75.499,86.285,328.06,374.93
aws,ca-central-1,Canada,m7i,x86(Intel),Intel Xeon Platinum 8488C,16,64,0.8988,1.0272,21.5712,24.6528,150.998,172.569,656.12,749.85
aws,ca-central-1,Canada,m7i,x86(Intel),Intel Xeon Platinum 8488C,32,128,1.7976,2.0544,43.1424,49.3056,301.997,345.139,1312.25,1499.71
aws,ca-central-1,Canada,m7i,x86(Intel),Intel Xeon Platinum 8488C,48,192,2.6964,3.0816,64.7136,73.9584,452.995,517.709,1968.37,2249.57
aws,ca-central-1,Canada,m7i,x86(Intel),Intel Xeon Platinum 8488C,64,256,3.5952,4.1088,86.2848,98.6112,603.994,690.279,2624.5,2999.43
aws,ca-central-1,Canada,m7i,x86(Intel),Intel Xeon Platinum 8488C,96,384,5.3928,6.1632,129.4272,147.9168,905.99,1035.417,3936.74,4499.13
aws,ca-central-1,Canada,m7i,x86(Intel),Intel Xeon Platinum 8488C,192,768,10.7856,12.3264,258.8544,295.8336,1811.981,2070.835,7873.49,8998.27
aws,ca-central-1,Canada,m8g,ARM,AWS Graviton4,1,4,0.05003,0.03228,1.2007,0.7746,8.405,5.423,36.52,23.56
aws,ca-central-1,Canada,m8g,ARM,AWS Graviton4,2,8,0.10006,0.06455,2.4014,1.5493,16.81,10.845,73.04,47.12
aws,ca-central-1,Canada,m8g,ARM,AWS Graviton4,4,16,0.20012,0.12911,4.8029,3.0986,33.62,21.69,146.09,94.25
aws,ca-central-1,Canada,m8g,ARM,AWS Graviton4,8,32,0.40024,0.25822,9.6058,6.1973,67.24,43.381,292.18,188.5
aws,ca-central-1,Canada,m8g,ARM,AWS Graviton4,16,64,0.80048,0.51644,19.2115,12.3945,134.481,86.762,584.35,377.0
aws,ca-central-1,Canada,m8g,ARM,AWS Graviton4,32,128,1.60096,1.03288,38.423,24.789,268.961,173.523,1168.7,754.0
aws,ca-central-1,Canada,m8g,ARM,AWS Graviton4,48,192,2.40144,1.54932,57.6346,37.1836,403.442,260.285,1753.05,1131.0
aws,ca-central-1,Canada,m8g,ARM,AWS Graviton4,64,256,3.20192,2.06575,76.8461,49.5781,537.923,347.047,2337.4,1508.0
aws,ca-central-1,Canada,m8g,ARM,AWS Graviton4,96,384,4.80288,3.09863,115.2691,74.3672,806.884,520.57,3506.1,2262.0
aws,ca-central-1,Canada,m8g,ARM,AWS Graviton4,192,768,9.60576,6.19726,230.5382,148.7343,1613.768,1041.141,7012.2,4524.0
aws,ca-central-1,Canada,m8i,x86(Intel),Intel Xeon 6 6975P-C,2,8,0.11797,0.10486,2.8313,2.5167,19.819,17.617,86.12,76.55
aws,ca-central-1,Canada,m8i,x86(Intel),Intel Xeon 6 6975P-C,4,16,0.23594,0.20972,5.6626,5.0334,39.638,35.234,172.24,153.1
aws,ca-central-1,Canada,m8i,x86(Intel),Intel Xeon 6 6975P-C,8,32,0.47188,0.41945,11.3251,10.0668,79.276,70.468,344.47,306.2
aws,ca-central-1,Canada,m8i,x86(Intel),Intel Xeon 6 6975P-C,16,64,0.94376,0.8389,22.6502,20.1335,158.552,140.935,688.94,612.39
aws,ca-central-1,Canada,m8i,x86(Intel),Intel Xeon 6 6975P-C,32,128,1.88752,1.6778,45.3005,40.2671,317.103,281.869,1377.89,1224.79
aws,ca-central-1,Canada,m8i,x86(Intel),Intel Xeon 6 6975P-C,48,192,2.83128,2.51669,67.9507,60.4006,475.655,422.804,2066.83,1837.18
aws,ca-central-1,Canada,m8i,x86(Intel),Intel Xeon 6 6975P-C,64,256,3.77504,3.35559,90.601,80.5342,634.207,563.74,2755.78,2449.58
aws,ca-central-1,Canada,m8i,x86(Intel),Intel Xeon 6 6975P-C,96,384,5.66256,5.03339,135.9014,120.8012,951.31,845.609,4133.67,3674.37
aws,ca-central-1,Canada,m8i,x86(Intel),Intel Xeon 6 6975P-C,128,512,7.55008,6.71118,181.2019,161.0684,1268.413,1127.478,5511.56,4899.16
aws,ca-central-1,Canada,m8i,x86(Intel),Intel Xeon 6 6975P-C,192,768,11.32512,10.06677,271.8029,241.6026,1902.62,1691.218,8267.34,7348.75
aws,ca-central-1,Canada,m8i,x86(Intel),Intel Xeon 6 6975P-C,384,1536,22.65024,20.13355,543.6058,483.2052,3805.24,3382.436,16534.68,14697.49
aws,ca-central-1,Canada,r6a,x86(AMD),AMD EPYC 7R13,2,16,0.1242,0.15286,2.9808,3.6687,20.866,25.681,90.67,111.59
aws,ca-central-1,Canada,r6a,x86(AMD),AMD EPYC 7R13,4,32,0.2484,0.30572,5.9616,7.3374,41.731,51.361,181.33,223.18
aws,ca-central-1,Canada,r6a,x86(AMD),AMD EPYC 7R13,8,64,0.4968,0.61145,11.9232,14.6747,83.462,102.722,362.66,446.35
aws,ca-central-1,Canada,r6a,x86(AMD),AMD EPYC 7R13,16,128,0.9936,1.22289,23.8464,29.3494,166.925,205.446,725.33,892.71
aws,ca-central-1,Canada,r6a,x86(AMD),AMD EPYC 7R13,32,256,1.9872,2.44578,47.6928,58.6988,333.85,410.892,1450.66,1785.43
aws,ca-central-1,Canada,r6a,x86(AMD),AMD EPYC 7R13,48,384,2.9808,3.66868,71.5392,88.0482,500.774,616.337,2175.98,2678.13
aws,ca-central-1,Canada,r6a,x86(AMD),AMD EPYC 7R13,64,512,3.9744,4.89157,95.3856,117.3977,667.699,821.783,2901.31,3570.84
aws,ca-central-1,Canada,r6a,x86(AMD),AMD EPYC 7R13,96,768,5.9616,7.33735,143.0784,176.0965,1001.549,1232.676,4351.97,5356.27
aws,ca-central-1,Canada,r6a,x86(AMD),AMD EPYC 7R13,128,1024,7.9488,9.78314,190.7712,234.7953,1335.398,1643.567,5802.62,7141.69
aws,ca-central-1,Canada,r6a,x86(AMD),AMD EPYC 7R13,192,1536,11.9232,14.67471,286.1568,352.193,2003.098,2465.351,8703.94,10712.54
aws,ca-central-1,Canada,r6g,ARM,AWS Graviton2,1,8,0.0552,0.0552,1.3248,1.3248,9.274,9.274,40.3,40.3
aws,ca-central-1,Canada,r6g,ARM,AWS Graviton2,2,16,0.1104,0.1104,2.6496,2.6496,18.547,18.547,80.59,80.59
aws,ca-central-1,Canada,r6g,ARM,AWS Graviton2,4,32,0.2208,0.2208,5.2992,5.2992,37.094,37.094,161.18,161.18
aws,ca-central-1,Canada,r6g,ARM,AWS Graviton2,8,64,0.4416,0.4416,10.5984,10.5984,74.189,74.189,322.37,322.37
aws,ca-central-1,Canada,r6g,ARM,AWS Graviton2,16,128,0.8832,0.8832,21.1968,21.1968,148.378,148.378,644.74,644.74
aws,ca-central-1,Canada,r6g,ARM,AWS Graviton2,32,256,1.7664,1.7664,42.3936,42.3936,296.755,296.755,1289.47,1289.47
aws,ca-central-1,Canada,r6g,ARM,AWS Graviton2,48,384,2.6496,2.6496,63.5904,63.5904,445.133,445.133,1934.21,1934.21
aws,ca-central-1,Canada,r6g,ARM,AWS Graviton2,64,512,3.5328,3.5328,84.7872,84.7872,593.51,593.51,2578.94,2578.94
aws,ca-central-1,Canada,r6i,x86(Intel),Intel Xeon Platinum 8375C,2,16,0.138,0.192,3.312,4.608,23.184,32.256,100.74,140.16
aws,ca-central-1,Canada,r6i,x86(Intel),Intel Xeon Platinum 8375C,4,32,0.276,0.384,6.624,9.216,46.368,64.512,201.48,280.32
aws,ca-central-1,Canada,r6i,x86(Intel),Intel Xeon Platinum 8375C,8,64,0.552,0.768,13.248,18.432,92.736,129.024,402.96,560.64
aws,ca-central-1,Canada,r6i,x86(Intel),Intel Xeon Platinum 8375C,16,128,1.104,1.536,26.496,36.864,185.472,258.048,805.92,1121.28
aws,ca-central-1,Canada,r6i,x86(Intel),Intel Xeon Platinum 8375C,32,256,2.208,3.072,52.992,73.728,370.944,516.096,1611.84,2242.56
aws,ca-central-1,Canada,r6i,x86(Intel),Intel Xeon Platinum 8375C,48,384,3.312,4.608,79.488,110.592,556.416,774.144,2417.76,3363.84
aws,ca-central-1,Canada,r6i,x86(Intel),Intel Xeon Platinum 8375C,64,512,4.416,6.144,105.984,147.456,741.888,1032.192,3223.68,4485.12
aws,ca-central-1,Canada,r6i,x86(Intel),Intel Xeon Platinum 8375C,96,768,6.624,9.216,158.976,221.184,1112.832,1548.288,4835.52,6727.68
aws,ca-central-1,Canada,r6i,x86(Intel),Intel Xeon Platinum 8375C,128,1024,8.832,12.288,211.968,294.912,1483.776,2064.384,6447.36,8970.24
aws,ca-central-1,Canada,r7g,ARM,AWS Graviton3,1,8,0.0587,0.04696,1.4088,1.127,9.862,7.89,42.85,34.28
aws,ca-central-1,Canada,r7g,ARM,AWS Graviton3,2,16,0.1173,0.09384,2.8152,2.2522,19.706,15.765,85.63,68.5
aws,ca-central-1,Canada,r7g,ARM,AWS Graviton3,4,32,0.2346,0.18768,5.6304,4.5043,39.413,31.53,171.26,137.01
aws,ca-central-1,Canada,r7g,ARM,AWS Graviton3,8,64,0.4692,0.37536,11.2608,9.0086,78.826,63.061,342.52,274.02
aws,ca-central-1,Canada,r7g,ARM,AWS Graviton3,16,128,0.9384,0.75072,22.5216,18.0173,157.651,126.121,685.03,548.02
aws,ca-central-1,Canada,r7g,ARM,AWS Graviton3,32,256,1.8768,1.50144,45.0432,36.0346,315.302,252.242,1370.06,1096.05
aws,ca-central-1,Canada,r7g,ARM,AWS Graviton3,48,384,2.8152,2.25216,67.5648,54.0518,472.954,378.363,2055.1,1644.08
aws,ca-central-1,Canada,r7g,ARM,AWS Graviton3,64,512,3.7536,3.00288,90.0864,72.0691,630.605,504.484,2740.13,2192.1
aws,ca-central-1,Canada,r7i,x86(Intel),Intel Xeon Platinum 8488C,2,16,0.1449,0.1656,3.4776,3.9744,24.343,27.821,105.78,120.89
aws,ca-central-1,Canada,r7i,x86(Intel),Intel Xeon Platinum 8488C,4,32,0.2898,0.3312,6.9552,7.9488,48.686,55.641,211.55,241.77
aws,ca-central-1,Canada,r7i,x86(Intel),Intel Xeon Platinum 8488C,8,64,0.5796,0.6624,13.9104,15.8976,97.373,111.283,423.11,483.55
aws,ca-central-1,Canada,r7i,x86(Intel),Intel Xeon Platinum 8488C,16,128,1.1592,1.3248,27.8208,31.7952,194.746,222.567,846.22,967.11
aws,ca-central-1,Canada,r7i,x86(Intel),Intel Xeon Platinum 8488C,32,256,2.3184,2.6496,55.6416,63.5904,389.491,445.133,1692.43,1934.21
aws,ca-central-1,Canada,r7i,x86(Intel),Intel Xeon Platinum 8488C,48,384,3.4776,3.9744,83.4624,95.3856,584.237,667.699,2538.65,2901.31
aws,ca-central-1,Canada,r7i,x86(Intel),Intel Xeon Platinum 8488C,64,512,4.6368,5.2992,111.2832,127.1808,778.982,890.265,3384.86,3868.41
aws,ca-central-1,Canada,r7i,x86(Intel),Intel Xeon Platinum 8488C,96,768,6.9552,7.9488,166.9248,190.7712,1168.474,1335.399,5077.3,5802.63
aws,ca-central-1,Canada,r7i,x86(Intel),Intel Xeon Platinum 8488C,192,1536,13.9104,15.8976,333.8496,381.5424,2336.947,2670.797,10154.59,11605.25
aws,ca-central-1,Canada,r8g,ARM,AWS Graviton4,1,8,0.06452,0.04163,1.5485,0.999,10.839,6.993,47.1,30.39
aws,ca-central-1,Canada,r8g,ARM,AWS Graviton4,2,16,0.12904,0.08325,3.097,1.9981,21.679,13.986,94.2,60.77
aws,ca-central-1,Canada,r8g,ARM,AWS Graviton4,4,32,0.25808,0.1665,6.1939,3.9961,43.357,27.972,188.4,121.55
aws,ca-central-1,Canada,r8g,ARM,AWS Graviton4,8,64,0.51616,0.33301,12.3878,7.9921,86.715,55.945,376.8,243.1
aws,ca-central-1,Canada,r8g,ARM,AWS Graviton4,16,128,1.03232,0.66601,24.7757,15.9843,173.43,111.89,753.59,486.19
aws,ca-central-1,Canada,r8g,ARM,AWS Graviton4,32,256,2.06464,1.33203,49.5514,31.9686,346.86,223.781,1507.19,972.38
aws,ca-central-1,Canada,r8g,ARM,AWS Graviton4,48,384,3.09696,1.99804,74.327,47.9529,520.289,335.67,2260.78,1458.57
aws,ca-central-1,Canada,r8g,ARM,AWS Graviton4,64,512,4.12928,2.66405,99.1027,63.9372,693.719,447.561,3014.37,1944.75
aws,ca-central-1,Canada,r8g,ARM,AWS Graviton4,96,768,6.19392,3.99608,148.6541,95.9059,1040.579,671.341,4521.56,2917.14
aws,ca-central-1,Canada,r8g,ARM,AWS Graviton4,192,1536,12.38784,7.99215,297.3082,191.8117,2081.157,1342.682,9043.12,5834.27
aws,ca-central-1,Canada,r8i,x86(Intel),Intel Xeon 6 6985P-C,2,16,0.15215,0.13524,3.6516,3.2459,25.561,22.721,111.07,98.73
aws,ca-central-1,Canada,r8i,x86(Intel),Intel Xeon 6 6985P-C,4,32,0.3043,0.27049,7.3032,6.4917,51.122,45.442,222.14,197.46
aws,ca-central-1,Canada,r8i,x86(Intel),Intel Xeon 6 6985P-C,8,64,0.6086,0.54098,14.6064,12.9835,102.245,90.884,444.28,394.92
aws,ca-central-1,Canada,r8i,x86(Intel),Intel Xeon 6 6985P-C,16,128,1.2172,1.08196,29.2128,25.9669,204.49,181.769,888.56,789.83
aws,ca-central-1,Canada,r8i,x86(Intel),Intel Xeon 6 6985P-C,32,256,2.4344,2.16391,58.4256,51.9339,408.979,363.537,1777.11,1579.65
aws,ca-central-1,Canada,r8i,x86(Intel),Intel Xeon 6 6985P-C,48,384,3.6516,3.24587,87.6384,77.9008,613.469,545.306,2665.67,2369.48
aws,ca-central-1,Canada,r8i,x86(Intel),Intel Xeon 6 6985P-C,64,512,4.8688,4.32782,116.8512,103.8677,817.958,727.074,3554.22,3159.31
aws,ca-central-1,Canada,r8i,x86(Intel),Intel Xeon 6 6985P-C,96,768,7.3032,6.49173,175.2768,155.8016,1226.938,1090.612,5331.34,4738.97
aws,ca-central-1,Canada,r8i,x86(Intel),Intel Xeon 6 6985P-C,128,1024,9.7376,8.65564,233.7024,207.7355,1635.917,1454.148,7108.45,6318.62
aws,ca-central-1,Canada,r8i,x86(Intel),Intel Xeon 6 6985P-C,192,1536,14.6064,12.98347,350.5536,311.6032,2453.875,2181.222,10662.67,9477.93
aws,ca-central-1,Canada,r8i,x86(Intel),Intel Xeon 6 6985P-C,384,3072,29.2128,25.96693,701.1072,623.2064,4907.75,4362.444,21325.34,18955.86
aws,ca-west-1,Canada,c6g,ARM,AWS Graviton2,1,2,0.0372,0.0372,0.8928,0.8928,6.25,6.25,27.16,27.16
aws,ca-west-1,Canada,c6g,ARM,AWS Graviton2,2,4,0.0744,0.0744,1.7856,1.7856,12.499,12.499,54.31,54.31
aws,ca-west-1,Canada,c6g,ARM,AWS Graviton2,4,8,0.1488,0.1488,3.5712,3.5712,24.998,24.998,108.62,108.62
aws,ca-west-1,Canada,c6g,ARM,AWS Graviton2,8,16,0.2976,0.2976,7.1424,7.1424,49.997,49.997,217.25,217.25
aws,ca-west-1,Canada,c6g,ARM,AWS Graviton2,16,32,0.5952,0.5952,14.2848,14.2848,99.994,99.994,434.5,434.5
aws,ca-west-1,Canada,c6g,ARM,AWS Graviton2,32,64,1.1904,1.1904,28.5696,28.5696,199.987,199.987,868.99,868.99
aws,ca-west-1,Canada,c6g,ARM,AWS Graviton2,48,96,1.7856,1.7856,42.8544,42.8544,299.981,299.981,1303.49,1303.49
aws,ca-west-1,Canada,c6g,ARM,AWS Graviton2,64,128,2.3808,2.3808,57.1392,57.1392,399.974,399.974,1737.98,1737.98
aws,ca-west-1,Canada,c6i,x86(Intel),Intel Xeon Platinum 8375C,2,4,0.093,0.12939,2.232,3.1054,15.624,21.738,67.89,94.46
aws,ca-west-1,Canada,c6i,x86(Intel),Intel Xeon Platinum 8375C,4,8,0.186,0.25878,4.464,6.2108,31.248,43.475,135.78,188.91
aws,ca-west-1,Canada,c6i,x86(Intel),Intel Xeon Platinum 8375C,8,16,0.372,0.51757,8.928,12.4216,62.496,86.951,271.56,377.82
aws,ca-west-1,Canada,c6i,x86(Intel),Intel Xeon Platinum 8375C,16,32,0.744,1.03513,17.856,24.8431,124.992,173.902,543.12,755.65
aws,ca-west-1,Canada,c6i,x86(Intel),Intel Xeon Platinum 8375C,32,64,1.488,2.07026,35.712,49.6863,249.984,347.804,1086.24,1511.29
aws,ca-west-1,Canada,c6i,x86(Intel),Intel Xeon Platinum 8375C,48,96,2.232,3.10539,53.568,74.5294,374.976,521.706,1629.36,2266.94
aws,ca-west-1,Canada,c6i,x86(Intel),Intel Xeon Platinum 8375C,64,128,2.976,4.14052,71.424,99.3725,499.968,695.608,2172.48,3022.58
aws,ca-west-1,Canada,c6i,x86(Intel),Intel Xeon Platinum 8375C,96,192,4.464,6.21078,107.136,149.0588,749.952,1043.411,3258.72,4533.87
aws,ca-west-1,Canada,c6i,x86(Intel),Intel Xeon Platinum 8375C,128,256,5.952,8.28104,142.848,198.745,999.936,1391.215,4344.96,6045.16
aws,ca-west-1,Canada,c7g,ARM,AWS Graviton3,1,2,0.0395,0.0316,0.948,0.7584,6.636,5.309,28.84,23.07
aws,ca-west-1,Canada,c7g,ARM,AWS Graviton3,2,4,0.0791,0.06328,1.8984,1.5187,13.289,10.631,57.74,46.19
aws,ca-west-1,Canada,c7g,ARM,AWS Graviton3,4,8,0.1581,0.12648,3.7944,3.0355,26.561,21.249,115.41,92.33
aws,ca-west-1,Canada,c7g,ARM,AWS Graviton3,8,16,0.3162,0.25296,7.5888,6.071,53.122,42.498,230.83,184.66
aws,ca-west-1,Canada,c7g,ARM,AWS Graviton3,16,32,0.6325,0.506,15.18,12.144,106.26,85.008,461.72,369.38
aws,ca-west-1,Canada,c7g,ARM,AWS Graviton3,32,64,1.265,1.012,30.36,24.288,212.52,170.016,923.45,738.76
aws,ca-west-1,Canada,c7g,ARM,AWS Graviton3,48,96,1.8974,1.51792,45.5376,36.4301,318.763,255.01,1385.1,1108.08
aws,ca-west-1,Canada,c7g,ARM,AWS Graviton3,64,128,2.5299,2.02392,60.7176,48.5741,425.023,340.018,1846.83,1477.46
aws,ca-west-1,Canada,c8g,ARM,AWS Graviton4,1,2,0.04348,0.02805,1.0435,0.6732,7.305,4.713,31.74,20.48
aws,ca-west-1,Canada,c8g,ARM,AWS Graviton4,2,4,0.08696,0.0561,2.087,1.3465,14.609,9.425,63.48,40.95
aws,ca-west-1,Canada,c8g,ARM,AWS Graviton4,4,8,0.17392,0.11221,4.1741,2.693,29.219,18.851,126.96,81.91
aws,ca-west-1,Canada,c8g,ARM,AWS Graviton4,8,16,0.34784,0.22441,8.3482,5.3859,58.437,37.701,253.92,163.82
aws,ca-west-1,Canada,c8g,ARM,AWS Graviton4,16,32,0.69568,0.44883,16.6963,10.7718,116.874,75.403,507.85,327.65
aws,ca-west-1,Canada,c8g,ARM,AWS Graviton4,32,64,1.39136,0.89765,33.3926,21.5436,233.748,150.805,1015.69,655.28
aws,ca-west-1,Canada,c8g,ARM,AWS Graviton4,48,96,2.08704,1.34648,50.089,32.3155,350.623,226.208,1523.54,982.93
aws,ca-west-1,Canada,c8g,ARM,AWS Graviton4,64,128,2.78272,1.7953,66.7853,43.0873,467.497,301.611,2031.39,1310.57
aws,ca-west-1,Canada,c8g,ARM,AWS Graviton4,96,192,4.17408,2.69295,100.1779,64.6309,701.245,452.416,3047.08,1965.86
aws,ca-west-1,Canada,c8g,ARM,AWS Graviton4,192,384,8.34816,5.38591,200.3558,129.2618,1402.491,904.833,6094.16,3931.72
aws,ca-west-1,Canada,m6g,ARM,AWS Graviton2,1,4,0.0428,0.0428,1.0272,1.0272,7.19,7.19,31.24,31.24
aws,ca-west-1,Canada,m6g,ARM,AWS Graviton2,2,8,0.0856,0.0856,2.0544,2.0544,14.381,14.381,62.49,62.49
aws,ca-west-1,Canada,m6g,ARM,AWS Graviton2,4,16,0.1712,0.1712,4.1088,4.1088,28.762,28.762,124.98,124.98
aws,ca-west-1,Canada,m6g,ARM,AWS Graviton2,8,32,0.3424,0.3424,8.2176,8.2176,57.523,57.523,249.95,249.95
aws,ca-west-1,Canada,m6g,ARM,AWS Graviton2,16,64,0.6848,0.6848,16.4352,16.4352,115.046,115.046,499.9,499.9
aws,ca-west-1,Canada,m6g,ARM,AWS Graviton2,32,128,1.3696,1.3696,32.8704,32.8704,230.093,230.093,999.81,999.81
aws,ca-west-1,Canada,m6g,ARM,AWS Graviton2,48,192,2.0544,2.0544,49.3056,49.3056,345.139,345.139,1499.71,1499.71
aws,ca-west-1,Canada,m6g,ARM,AWS Graviton2,64,256,2.7392,2.7392,65.7408,65.7408,460.186,460.186,1999.62,1999.62
aws,ca-west-1,Canada,m6i,x86(Intel),Intel Xeon Platinum 8375C,2,8,0.107,0.14887,2.568,3.5729,17.976,25.01,78.11,108.67
aws,ca-west-1,Canada,m6i,x86(Intel),Intel Xeon Platinum 8375C,4,16,0.214,0.29774,5.136,7.1457,35.952,50.02,156.22,217.35
aws,ca-west-1,Canada,m6i,x86(Intel),Intel Xeon Platinum 8375C,8,32,0.428,0.59548,10.272,14.2915,71.904,100.04,312.44,434.7
aws,ca-west-1,Canada,m6i,x86(Intel),Intel Xeon Platinum 8375C,16,64,0.856,1.19096,20.544,28.583,143.808,200.081,624.88,869.4
aws,ca-west-1,Canada,m6i,x86(Intel),Intel Xeon Platinum 8375C,32,128,1.712,2.38191,41.088,57.1659,287.616,400.161,1249.76,1738.8
aws,ca-west-1,Canada,m6i,x86(Intel),Intel Xeon Platinum 8375C,48,192,2.568,3.57287,61.632,85.7489,431.424,600.242,1874.64,2608.19
aws,ca-west-1,Canada,m6i,x86(Intel),Intel Xeon Platinum 8375C,64,256,3.424,4.76383,82.176,114.3318,575.232,800.323,2499.52,3477.59
aws,ca-west-1,Canada,m6i,x86(Intel),Intel Xeon Platinum 8375C,96,384,5.136,7.14574,123.264,171.4977,862.848,1200.484,3749.28,5216.39
aws,ca-west-1,Canada,m6i,x86(Intel),Intel Xeon Platinum 8375C,128,512,6.848,9.52765,164.352,228.6637,1150.464,1600.646,4999.04,6955.19
aws,ca-west-1,Canada,m8g,ARM,AWS Graviton4,1,4,0.05003,0.03228,1.2007,0.7746,8.405,5.423,36.52,23.56
aws,ca-west-1,Canada,m8g,ARM,AWS Graviton4,2,8,0.10006,0.06455,2.4014,1.5493,16.81,10.845,73.04,47.12
aws,ca-west-1,Canada,m8g,ARM,AWS Graviton4,4,16,0.20012,0.12911,4.8029,3.0986,33.62,21.69,146.09,94.25
aws,ca-west-1,Canada,m8g,ARM,AWS Graviton4,8,32,0.40024,0.25822,9.6058,6.1973,67.24,43.381,292.18,188.5
aws,ca-west-1,Canada,m8g,ARM,AWS Graviton4,16,64,0.80048,0.51644,19.2115,12.3945,134.481,86.762,584.35,377.0
aws,ca-west-1,Canada,m8g,ARM,AWS Graviton4,32,128,1.60096,1.03288,38.423,24.789,268.961,173.523,1168.7,754.0
aws,ca-west-1,Canada,m8g,ARM,AWS Graviton4,48,192,2.40144,1.54932,57.6346,37.1836,403.442,260.285,1753.05,1131.0
aws,ca-west-1,Canada,m8g,ARM,AWS Graviton4,64,256,3.20192,2.06575,76.8461,49.5781,537.923,347.047,2337.4,1508.0
aws,ca-west-1,Canada,m8g,ARM,AWS Graviton4,96,384,4.80288,3.09863,115.2691,74.3672,806.884,520.57,3506.1,2262.0
aws,ca-west-1,Canada,m8g,ARM,AWS Graviton4,192,768,9.60576,6.19726,230.5382,148.7343,1613.768,1041.141,7012.2,4524.0
aws,ca-west-1,Canada,r6g,ARM,AWS Graviton2,1,8,0.0552,0.0552,1.3248,1.3248,9.274,9.274,40.3,40.3
aws,ca-west-1,Canada,r6g,ARM,AWS Graviton2,2,16,0.1104,0.1104,2.6496,2.6496,18.547,18.547,80.59,80.59
aws,ca-west-1,Canada,r6g,ARM,AWS Graviton2,4,32,0.2208,0.2208,5.2992,5.2992,37.094,37.094,161.18,161.18
aws,ca-west-1,Canada,r6g,ARM,AWS Graviton2,8,64,0.4416,0.4416,10.5984,10.5984,74.189,74.189,322.37,322.37
aws,ca-west-1,Canada,r6g,ARM,AWS Graviton2,16,128,0.8832,0.8832,21.1968,21.1968,148.378,148.378,644.74,644.74
aws,ca-west-1,Canada,r6g,ARM,AWS Graviton2,32,256,1.7664,1.7664,42.3936,42.3936,296.755,296.755,1289.47,1289.47
aws,ca-west-1,Canada,r6g,ARM,AWS Graviton2,48,384,2.6496,2.6496,63.5904,63.5904,445.133,445.133,1934.21,1934.21
aws,ca-west-1,Canada,r6g,ARM,AWS Graviton2,64,512,3.5328,3.5328,84.7872,84.7872,593.51,593.51,2578.94,2578.94
aws,ca-west-1,Canada,r6i,x86(Intel),Intel Xeon Platinum 8375C,2,16,0.138,0.192,3.312,4.608,23.184,32.256,100.74,140.16
aws,ca-west-1,Canada,r6i,x86(Intel),Intel Xeon Platinum 8375C,4,32,0.276,0.384,6.624,9.216,46.368,64.512,201.48,280.32
aws,ca-west-1,Canada,r6i,x86(Intel),Intel Xeon Platinum 8375C,8,64,0.552,0.768,13.248,18.432,92.736,129.024,402.96,560.64
aws,ca-west-1,Canada,r6i,x86(Intel),Intel Xeon Platinum 8375C,16,128,1.104,1.536,26.496,36.864,185.472,258.048,805.92,1121.28
aws,ca-west-1,Canada,r6i,x86(Intel),Intel Xeon Platinum 8375C,32,256,2.208,3.072,52.992,73.728,370.944,516.096,1611.84,2242.56
aws,ca-west-1,Canada,r6i,x86(Intel),Intel Xeon Platinum 8375C,48,384,3.312,4.608,79.488,110.592,556.416,774.144,2417.76,3363.84
aws,ca-west-1,Canada,r6i,x86(Intel),Intel Xeon Platinum 8375C,64,512,4.416,6.144,105.984,147.456,741.888,1032.192,3223.68,4485.12
aws,ca-west-1,Canada,r6i,x86(Intel),Intel Xeon Platinum 8375C,96,768,6.624,9.216,158.976,221.184,1112.832,1548.288,4835.52,6727.68
aws,ca-west-1,Canada,r6i,x86(Intel),Intel Xeon Platinum 8375C,128,1024,8.832,12.288,211.968,294.912,1483.776,2064.384,6447.36,8970.24
aws,ca-west-1,Canada,r7g,ARM,AWS Graviton3,1,8,0.0587,0.04696,1.4088,1.127,9.862,7.89,42.85,34.28
aws,ca-west-1,Canada,r7g,ARM,AWS Graviton3,2,16,0.1173,0.09384,2.8152,2.2522,19.706,15.765,85.63,68.5
aws,ca-west-1,Canada,r7g,ARM,AWS Graviton3,4,32,0.2346,0.18768,5.6304,4.5043,39.413,31.53,171.26,137.01
aws,ca-west-1,Canada,r7g,ARM,AWS Graviton3,8,64,0.4692,0.37536,11.2608,9.0086,78.826,63.061,342.52,274.02
aws,ca-west-1,Canada,r7g,ARM,AWS Graviton3,16,128,0.9384,0.75072,22.5216,18.0173,157.651,126.121,685.03,548.02
aws,ca-west-1,Canada,r7g,ARM,AWS Graviton3,32,256,1.8768,1.50144,45.0432,36.0346,315.302,252.242,1370.06,1096.05
aws,ca-west-1,Canada,r7g,ARM,AWS Graviton3,48,384,2.8152,2.25216,67.5648,54.0518,472.954,378.363,2055.1,1644.08
aws,ca-west-1,Canada,r7g,ARM,AWS Graviton3,64,512,3.7536,3.00288,90.0864,72.0691,630.605,504.484,2740.13,2192.1
aws,ca-west-1,Canada,r8g,ARM,AWS Graviton4,1,8,0.06452,0.04163,1.5485,0.999,10.839,6.993,47.1,30.39
aws,ca-west-1,Canada,r8g,ARM,AWS Graviton4,2,16,0.12904,0.08325,3.097,1.9981,21.679,13.986,94.2,60.77
aws,ca-west-1,Canada,r8g,ARM,AWS Graviton4,4,32,0.25808,0.1665,6.1939,3.9961,43.357,27.972,188.4,121.55
aws,ca-west-1,Canada,r8g,ARM,AWS Graviton4,8,64,0.51616,0.33301,12.3878,7.9921,86.715,55.945,376.8,243.1
aws,ca-west-1,Canada,r8g,ARM,AWS Graviton4,16,128,1.03232,0.66601,24.7757,15.9843,173.43,111.89,753.59,486.19
aws,ca-west-1,Canada,r8g,ARM,AWS Graviton4,32,256,2.06464,1.33203,49.5514,31.9686,346.86,223.781,1507.19,972.38
aws,ca-west-1,Canada,r8g,ARM,AWS Graviton4,48,384,3.09696,1.99804,74.327,47.9529,520.289,335.67,2260.78,1458.57
aws,ca-west-1,Canada,r8g,ARM,AWS Graviton4,64,512,4.12928,2.66405,99.1027,63.9372,693.719,447.561,3014.37,1944.75
aws,ca-west-1,Canada,r8g,ARM,AWS Graviton4,96,768,6.19392,3.99608,148.6541,95.9059,1040.579,671.341,4521.56,2917.14
aws,ca-west-1,Canada,r8g,ARM,AWS Graviton4,192,1536,12.38784,7.99215,297.3082,191.8117,2081.157,1342.682,9043.12,5834.27
aws,eu-central-1,Germania,c6a,x86(AMD),AMD EPYC 7R13,2,4,0.0873,0.10745,2.0952,2.5787,14.666,18.05,63.73,78.44
aws,eu-central-1,Germania,c6a,x86(AMD),AMD EPYC 7R13,4,8,0.1746,0.21489,4.1904,5.1574,29.333,36.102,127.46,156.87
aws,eu-central-1,Germania,c6a,x86(AMD),AMD EPYC 7R13,8,16,0.3492,0.42978,8.3808,10.3148,58.666,72.204,254.92,313.75
aws,eu-central-1,Germania,c6a,x86(AMD),AMD EPYC 7R13,16,32,0.6984,0.85957,16.7616,20.6297,117.331,144.407,509.83,627.48
aws,eu-central-1,Germania,c6a,x86(AMD),AMD EPYC 7R13,32,64,1.3968,1.71914,33.5232,41.2593,234.662,288.815,1019.66,1254.97
aws,eu-central-1,Germania,c6a,x86(AMD),AMD EPYC 7R13,48,96,2.0952,2.57871,50.2848,61.889,351.994,433.223,1529.5,1882.46
aws,eu-central-1,Germania,c6a,x86(AMD),AMD EPYC 7R13,64,128,2.7936,3.43828,67.0464,82.5186,469.325,577.631,2039.33,2509.94
aws,eu-central-1,Germania,c6a,x86(AMD),AMD EPYC 7R13,96,192,4.1904,5.15742,100.5696,123.778,703.987,866.446,3058.99,3764.91
aws,eu-central-1,Germania,c6a,x86(AMD),AMD EPYC 7R13,128,256,5.5872,6.87655,134.0928,165.0373,938.65,1155.262,4078.66,5019.89
aws,eu-central-1,Germania,c6a,x86(AMD),AMD EPYC 7R13,192,384,8.3808,10.31483,201.1392,247.5559,1407.974,1732.891,6117.98,7529.82
aws,eu-central-1,Germania,c6g,ARM,AWS Graviton2,1,2,0.0388,0.0388,0.9312,0.9312,6.518,6.518,28.32,28.32
aws,eu-central-1,Germania,c6g,ARM,AWS Graviton2,2,4,0.0776,0.0776,1.8624,1.8624,13.037,13.037,56.65,56.65
aws,eu-central-1,Germania,c6g,ARM,AWS Graviton2,4,8,0.1552,0.1552,3.7248,3.7248,26.074,26.074,113.3,113.3
aws,eu-central-1,Germania,c6g,ARM,AWS Graviton2,8,16,0.3104,0.3104,7.4496,7.4496,52.147,52.147,226.59,226.59
aws,eu-central-1,Germania,c6g,ARM,AWS Graviton2,16,32,0.6208,0.6208,14.8992,14.8992,104.294,104.294,453.18,453.18
aws,eu-central-1,Germania,c6g,ARM,AWS Graviton2,32,64,1.2416,1.2416,29.7984,29.7984,208.589,208.589,906.37,906.37
aws,eu-central-1,Germania,c6g,ARM,AWS Graviton2,48,96,1.8624,1.8624,44.6976,44.6976,312.883,312.883,1359.55,1359.55
aws,eu-central-1,Germania,c6g,ARM,AWS Graviton2,64,128,2.4832,2.4832,59.5968,59.5968,417.178,417.178,1812.74,1812.74
aws,eu-central-1,Germania,c6i,x86(Intel),Intel Xeon Platinum 8375C,2,4,0.097,0.13496,2.328,3.239,16.296,22.673,70.81,98.52
aws,eu-central-1,Germania,c6i,x86(Intel),Intel Xeon Platinum 8375C,4,8,0.194,0.26991,4.656,6.4779,32.592,45.345,141.62,197.04
aws,eu-central-1,Germania,c6i,x86(Intel),Intel Xeon Platinum 8375C,8,16,0.388,0.53983,9.312,12.9558,65.184,90.691,283.24,394.07
aws,eu-central-1,Germania,c6i,x86(Intel),Intel Xeon Platinum 8375C,16,32,0.776,1.07965,18.624,25.9117,130.368,181.382,566.48,788.15
aws,eu-central-1,Germania,c6i,x86(Intel),Intel Xeon Platinum 8375C,32,64,1.552,2.1593,37.248,51.8233,260.736,362.763,1132.96,1576.29
aws,eu-central-1,Germania,c6i,x86(Intel),Intel Xeon Platinum 8375C,48,96,2.328,3.23896,55.872,77.735,391.104,544.145,1699.44,2364.44
aws,eu-central-1,Germania,c6i,x86(Intel),Intel Xeon Platinum 8375C,64,128,3.104,4.31861,74.496,103.6466,521.472,725.526,2265.92,3152.58
aws,eu-central-1,Germania,c6i,x86(Intel),Intel Xeon Platinum 8375C,96,192,4.656,6.47791,111.744,155.4699,782.208,1088.289,3398.88,4728.88
aws,eu-central-1,Germania,c6i,x86(Intel),Intel Xeon Platinum 8375C,128,256,6.208,8.63722,148.992,207.2932,1042.944,1451.053,4531.84,6305.17
aws,eu-central-1,Germania,c7a,x86(AMD),AMD EPYC 9R14,1,2,0.05857,0.0355,1.4057,0.8519,9.84,5.964,42.76,25.92
aws,eu-central-1,Germania,c7a,x86(AMD),AMD EPYC 9R14,2,4,0.11713,0.07099,2.8111,1.7037,19.678,11.926,85.5,51.82
aws,eu-central-1,Germania,c7a,x86(AMD),AMD EPYC 9R14,4,8,0.23426,0.14198,5.6222,3.4074,39.356,23.852,171.01,103.64
aws,eu-central-1,Germania,c7a,x86(AMD),AMD EPYC 9R14,8,16,0.46852,0.28395,11.2445,6.8148,78.711,47.704,342.02,207.28
aws,eu-central-1,Germania,c7a,x86(AMD),AMD EPYC 9R14,16,32,0.93704,0.5679,22.489,13.6297,157.423,95.408,684.04,414.57
aws,eu-central-1,Germania,c7a,x86(AMD),AMD EPYC 9R14,32,64,1.87408,1.13581,44.9779,27.2593,314.845,190.815,1368.08,829.14
aws,eu-central-1,Germania,c7a,x86(AMD),AMD EPYC 9R14,48,96,2.81112,1.70371,67.4669,40.889,472.268,286.223,2052.12,1243.71
aws,eu-central-1,Germania,c7a,x86(AMD),AMD EPYC 9R14,64,128,3.74816,2.27161,89.9558,54.5187,629.691,381.631,2736.16,1658.28
aws,eu-central-1,Germania,c7a,x86(AMD),AMD EPYC 9R14,96,192,5.62224,3.40742,134.9338,81.7781,944.536,572.446,4104.24,2487.42
aws,eu-central-1,Germania,c7a,x86(AMD),AMD EPYC 9R14,128,256,7.49632,4.54322,179.9117,109.0374,1259.382,763.262,5472.31,3316.55
aws,eu-central-1,Germania,c7a,x86(AMD),AMD EPYC 9R14,192,384,11.24448,6.81484,269.8675,163.5561,1889.073,1144.893,8208.47,4974.83
aws,eu-central-1,Germania,c7g,ARM,AWS Graviton3,1,2,0.0412,0.03296,0.9888,0.791,6.922,5.538,30.08,24.06
aws,eu-central-1,Germania,c7g,ARM,AWS Graviton3,2,4,0.0825,0.066,1.98,1.584,13.86,11.088,60.22,48.18
aws,eu-central-1,Germania,c7g,ARM,AWS Graviton3,4,8,0.1649,0.13192,3.9576,3.1661,27.703,22.162,120.38,96.3
aws,eu-central-1,Germania,c7g,ARM,AWS Graviton3,8,16,0.3298,0.26384,7.9152,6.3322,55.406,44.325,240.75,192.6
aws,eu-central-1,Germania,c7g,ARM,AWS Graviton3,16,32,0.6596,0.52768,15.8304,12.6643,110.813,88.65,481.51,385.21
aws,eu-central-1,Germania,c7g,ARM,AWS Graviton3,32,64,1.3192,1.05536,31.6608,25.3286,221.626,177.301,963.02,770.42
aws,eu-central-1,Germania,c7g,ARM,AWS Graviton3,48,96,1.9788,1.58304,47.4912,37.993,332.438,265.95,1444.52,1155.62
aws,eu-central-1,Germania,c7g,ARM,AWS Graviton3,64,128,2.6384,2.11072,63.3216,50.6573,443.251,354.601,1926.03,1540.82
aws,eu-central-1,Germania,c7i,x86(Intel),Intel Xeon Platinum 8488C,2,4,0.10185,0.1164,2.4444,2.7936,17.111,19.555,74.35,84.97
aws,eu-central-1,Germania,c7i,x86(Intel),Intel Xeon Platinum 8488C,4,8,0.2037,0.2328,4.8888,5.5872,34.222,39.111,148.7,169.94
aws,eu-central-1,Germania,c7i,x86(Intel),Intel Xeon Platinum 8488C,8,16,0.4074,0.4656,9.7776,11.1744,68.443,78.221,297.4,339.89
aws,eu-central-1,Germania,c7i,x86(Intel),Intel Xeon Platinum 8488C,16,32,0.8148,0.9312,19.5552,22.3488,136.886,156.441,594.8,679.77
aws,eu-central-1,Germania,c7i,x86(Intel),Intel Xeon Platinum 8488C,32,64,1.6296,1.8624,39.1104,44.6976,273.773,312.883,1189.61,1359.55
aws,eu-central-1,Germania,c7i,x86(Intel),Intel Xeon Platinum 8488C,48,96,2.4444,2.7936,58.6656,67.0464,410.659,469.325,1784.41,2039.33
aws,eu-central-1,Germania,c7i,x86(Intel),Intel Xeon Platinum 8488C,64,128,3.2592,3.7248,78.2208,89.3952,547.546,625.767,2379.22,2719.11
aws,eu-central-1,Germania,c7i,x86(Intel),Intel Xeon Platinum 8488C,96,192,4.8888,5.5872,117.3312,134.0928,821.318,938.649,3568.82,4078.65
aws,eu-central-1,Germania,c7i,x86(Intel),Intel Xeon Platinum 8488C,192,384,9.7776,11.1744,234.6624,268.1856,1642.637,1877.299,7137.65,8157.31
aws,eu-central-1,Germania,c8a,x86(AMD),AMD EPYC 9R45,1,2,0.0615,0.0286,1.476,0.6865,10.332,4.806,44.9,20.88
aws,eu-central-1,Germania,c8a,x86(AMD),AMD EPYC 9R45,2,4,0.12299,0.0572,2.9518,1.3729,20.662,9.61,89.78,41.76
aws,eu-central-1,Germania,c8a,x86(AMD),AMD EPYC 9R45,4,8,0.24598,0.11441,5.9035,2.7458,41.325,19.221,179.57,83.52
aws,eu-central-1,Germania,c8a,x86(AMD),AMD EPYC 9R45,8,16,0.49196,0.22882,11.807,5.4916,82.649,38.441,359.13,167.04
aws,eu-central-1,Germania,c8a,x86(AMD),AMD EPYC 9R45,16,32,0.98392,0.45764,23.6141,10.9833,165.299,76.883,718.26,334.07
aws,eu-central-1,Germania,c8a,x86(AMD),AMD EPYC 9R45,32,64,1.96784,0.91527,47.2282,21.9666,330.597,153.766,1436.52,668.15
aws,eu-central-1,Germania,c8a,x86(AMD),AMD EPYC 9R45,48,96,2.95176,1.37291,70.8422,32.9499,495.896,230.649,2154.78,1002.22
aws,eu-central-1,Germania,c8a,x86(AMD),AMD EPYC 9R45,64,128,3.93568,1.83055,94.4563,43.9332,661.194,307.532,2873.05,1336.3
aws,eu-central-1,Germania,c8a,x86(AMD),AMD EPYC 9R45,96,192,5.90352,2.74582,141.6845,65.8998,991.791,461.298,4309.57,2004.45
aws,eu-central-1,Germania,c8a,x86(AMD),AMD EPYC 9R45,192,384,11.80704,5.49165,283.369,131.7995,1983.583,922.597,8619.14,4008.9
aws,eu-central-1,Germania,c8g,ARM,AWS Graviton4,1,2,0.04535,0.02926,1.0884,0.7022,7.619,4.915,33.11,21.36
aws,eu-central-1,Germania,c8g,ARM,AWS Graviton4,2,4,0.0907,0.05852,2.1768,1.4044,15.238,9.831,66.21,42.72
aws,eu-central-1,Germania,c8g,ARM,AWS Graviton4,4,8,0.1814,0.11703,4.3536,2.8088,30.475,19.661,132.42,85.43
aws,eu-central-1,Germania,c8g,ARM,AWS Graviton4,8,16,0.3628,0.23406,8.7072,5.6175,60.95,39.323,264.84,170.86
aws,eu-central-1,Germania,c8g,ARM,AWS Graviton4,16,32,0.7256,0.46813,17.4144,11.2351,121.901,78.646,529.69,341.74
aws,eu-central-1,Germania,c8g,ARM,AWS Graviton4,32,64,1.4512,0.93626,34.8288,22.4702,243.802,157.292,1059.38,683.47
aws,eu-central-1,Germania,c8g,ARM,AWS Graviton4,48,96,2.1768,1.40439,52.2432,33.7053,365.702,235.937,1589.06,1025.2
aws,eu-central-1,Germania,c8g,ARM,AWS Graviton4,64,128,2.9024,1.87252,69.6576,44.9404,487.603,314.583,2118.75,1366.94
aws,eu-central-1,Germania,c8g,ARM,AWS Graviton4,96,192,4.3536,2.80877,104.4864,67.4106,731.405,471.874,3178.13,2050.41
aws,eu-central-1,Germania,c8g,ARM,AWS Graviton4,192,384,8.7072,5.61755,208.9728,134.8212,1462.81,943.748,6356.26,4100.81
aws,eu-central-1,Germania,c8i,x86(Intel),Intel Xeon 6 6975P-C,2,4,0.10694,0.09506,2.5666,2.2814,17.966,15.97,78.07,69.4
aws,eu-central-1,Germania,c8i,x86(Intel),Intel Xeon 6 6975P-C,4,8,0.21388,0.19012,5.1331,4.5628,35.932,31.94,156.13,138.78
aws,eu-central-1,Germania,c8i,x86(Intel),Intel Xeon 6 6975P-C,8,16,0.42776,0.38023,10.2662,9.1255,71.864,63.879,312.26,277.56
aws,eu-central-1,Germania,c8i,x86(Intel),Intel Xeon 6 6975P-C,16,32,0.85552,0.76046,20.5325,18.2511,143.727,127.757,624.53,555.14
aws,eu-central-1,Germania,c8i,x86(Intel),Intel Xeon 6 6975P-C,32,64,1.71104,1.52092,41.065,36.5022,287.455,255.516,1249.06,1110.28
aws,eu-central-1,Germania,c8i,x86(Intel),Intel Xeon 6 6975P-C,48,96,2.56656,2.28139,61.5974,54.7532,431.182,383.273,1873.59,1665.41
aws,eu-central-1,Germania,c8i,x86(Intel),Intel Xeon 6 6975P-C,64,128,3.42208,3.04185,82.1299,73.0044,574.909,511.03,2498.12,2220.55
aws,eu-central-1,Germania,c8i,x86(Intel),Intel Xeon 6 6975P-C,96,192,5.13312,4.56277,123.1949,109.5066,862.364,766.546,3747.18,3330.83
aws,eu-central-1,Germania,c8i,x86(Intel),Intel Xeon 6 6975P-C,128,256,6.84416,6.0837,164.2598,146.0087,1149.819,1022.061,4996.24,4441.1
aws,eu-central-1,Germania,c8i,x86(Intel),Intel Xeon 6 6975P-C,192,384,10.26624,9.12555,246.3898,219.0132,1724.728,1533.092,7494.36,6661.65
aws,eu-central-1,Germania,c8i,x86(Intel),Intel Xeon 6 6975P-C,384,768,20.53248,18.25109,492.7795,438.0262,3449.457,3066.184,14988.71,13323.3
aws,eu-central-1,Germania,c9g,ARM,AWS Graviton5,1,2,0.04943,0.02535,1.1863,0.6084,8.304,4.258,36.08,18.5
aws,eu-central-1,Germania,c9g,ARM,AWS Graviton5,2,4,0.09886,0.0507,2.3726,1.2167,16.608,8.517,72.17,37.01
aws,eu-central-1,Germania,c9g,ARM,AWS Graviton5,4,8,0.19772,0.10139,4.7453,2.4335,33.217,17.034,144.34,74.02
aws,eu-central-1,Germania,c9g,ARM,AWS Graviton5,8,16,0.39544,0.20279,9.4906,4.867,66.434,34.069,288.67,148.04
aws,eu-central-1,Germania,c9g,ARM,AWS Graviton5,16,32,0.79088,0.40558,18.9811,9.7339,132.868,68.137,577.34,296.07
aws,eu-central-1,Germania,c9g,ARM,AWS Graviton5,32,64,1.58176,0.81116,37.9622,19.4678,265.736,136.275,1154.68,592.14
aws,eu-central-1,Germania,c9g,ARM,AWS Graviton5,48,96,2.37264,1.21674,56.9434,29.2017,398.604,204.412,1732.03,888.22
aws,eu-central-1,Germania,c9g,ARM,AWS Graviton5,64,128,3.16352,1.62232,75.9245,38.9356,531.471,272.549,2309.37,1184.29
aws,eu-central-1,Germania,c9g,ARM,AWS Graviton5,96,192,4.74528,2.43348,113.8867,58.4034,797.207,408.824,3464.05,1776.44
aws,eu-central-1,Germania,c9g,ARM,AWS Graviton5,192,384,9.49056,4.86695,227.7734,116.8069,1594.414,817.648,6928.11,3552.88
aws,eu-central-1,Germania,m6a,x86(AMD),AMD EPYC 7R13,2,8,0.1035,0.12738,2.484,3.0572,17.388,21.401,75.55,92.98
aws,eu-central-1,Germania,m6a,x86(AMD),AMD EPYC 7R13,4,16,0.207,0.25477,4.968,6.1145,34.776,42.801,151.11,185.98
aws,eu-central-1,Germania,m6a,x86(AMD),AMD EPYC 7R13,8,32,0.414,0.50954,9.936,12.2289,69.552,85.602,302.22,371.96
aws,eu-central-1,Germania,m6a,x86(AMD),AMD EPYC 7R13,16,64,0.828,1.01908,19.872,24.4578,139.104,171.205,604.44,743.93
aws,eu-central-1,Germania,m6a,x86(AMD),AMD EPYC 7R13,32,128,1.656,2.03815,39.744,48.9157,278.208,342.41,1208.88,1487.85
aws,eu-central-1,Germania,m6a,x86(AMD),AMD EPYC 7R13,48,192,2.484,3.05723,59.616,73.3735,417.312,513.615,1813.32,2231.78
aws,eu-central-1,Germania,m6a,x86(AMD),AMD EPYC 7R13,64,256,3.312,4.07631,79.488,97.8314,556.416,684.82,2417.76,2975.7
aws,eu-central-1,Germania,m6a,x86(AMD),AMD EPYC 7R13,96,384,4.968,6.11446,119.232,146.7471,834.624,1027.23,3626.64,4463.56
aws,eu-central-1,Germania,m6a,x86(AMD),AMD EPYC 7R13,128,512,6.624,8.15262,158.976,195.6628,1112.832,1369.639,4835.52,5951.41
aws,eu-central-1,Germania,m6a,x86(AMD),AMD EPYC 7R13,192,768,9.936,12.22892,238.464,293.4942,1669.248,2054.459,7253.28,8927.11
aws,eu-central-1,Germania,m6g,ARM,AWS Graviton2,1,4,0.046,0.046,1.104,1.104,7.728,7.728,33.58,33.58
aws,eu-central-1,Germania,m6g,ARM,AWS Graviton2,2,8,0.092,0.092,2.208,2.208,15.456,15.456,67.16,67.16
aws,eu-central-1,Germania,m6g,ARM,AWS Graviton2,4,16,0.184,0.184,4.416,4.416,30.912,30.912,134.32,134.32
aws,eu-central-1,Germania,m6g,ARM,AWS Graviton2,8,32,0.368,0.368,8.832,8.832,61.824,61.824,268.64,268.64
aws,eu-central-1,Germania,m6g,ARM,AWS Graviton2,16,64,0.736,0.736,17.664,17.664,123.648,123.648,537.28,537.28
aws,eu-central-1,Germania,m6g,ARM,AWS Graviton2,32,128,1.472,1.472,35.328,35.328,247.296,247.296,1074.56,1074.56
aws,eu-central-1,Germania,m6g,ARM,AWS Graviton2,48,192,2.208,2.208,52.992,52.992,370.944,370.944,1611.84,1611.84
aws,eu-central-1,Germania,m6g,ARM,AWS Graviton2,64,256,2.944,2.944,70.656,70.656,494.592,494.592,2149.12,2149.12
aws,eu-central-1,Germania,m6i,x86(Intel),Intel Xeon Platinum 8375C,2,8,0.115,0.16,2.76,3.84,19.32,26.88,83.95,116.8
aws,eu-central-1,Germania,m6i,x86(Intel),Intel Xeon Platinum 8375C,4,16,0.23,0.32,5.52,7.68,38.64,53.76,167.9,233.6
aws,eu-central-1,Germania,m6i,x86(Intel),Intel Xeon Platinum 8375C,8,32,0.46,0.64,11.04,15.36,77.28,107.52,335.8,467.2
aws,eu-central-1,Germania,m6i,x86(Intel),Intel Xeon Platinum 8375C,16,64,0.92,1.28,22.08,30.72,154.56,215.04,671.6,934.4
aws,eu-central-1,Germania,m6i,x86(Intel),Intel Xeon Platinum 8375C,32,128,1.84,2.56,44.16,61.44,309.12,430.08,1343.2,1868.8
aws,eu-central-1,Germania,m6i,x86(Intel),Intel Xeon Platinum 8375C,48,192,2.76,3.84,66.24,92.16,463.68,645.12,2014.8,2803.2
aws,eu-central-1,Germania,m6i,x86(Intel),Intel Xeon Platinum 8375C,64,256,3.68,5.12,88.32,122.88,618.24,860.16,2686.4,3737.6
aws,eu-central-1,Germania,m6i,x86(Intel),Intel Xeon Platinum 8375C,96,384,5.52,7.68,132.48,184.32,927.36,1290.24,4029.6,5606.4
aws,eu-central-1,Germania,m6i,x86(Intel),Intel Xeon Platinum 8375C,128,512,7.36,10.24,176.64,245.76,1236.48,1720.32,5372.8,7475.2
aws,eu-central-1,Germania,m7a,x86(AMD),AMD EPYC 9R14,1,4,0.06943,0.04208,1.6663,1.0099,11.664,7.069,50.68,30.72
aws,eu-central-1,Germania,m7a,x86(AMD),AMD EPYC 9R14,2,8,0.13886,0.08416,3.3326,2.0198,23.328,14.138,101.37,61.44
aws,eu-central-1,Germania,m7a,x86(AMD),AMD EPYC 9R14,4,16,0.27772,0.16832,6.6653,4.0396,46.657,28.277,202.74,122.87
aws,eu-central-1,Germania,m7a,x86(AMD),AMD EPYC 9R14,8,32,0.55544,0.33663,13.3306,8.0792,93.314,56.554,405.47,245.74
aws,eu-central-1,Germania,m7a,x86(AMD),AMD EPYC 9R14,16,64,1.11088,0.67326,26.6611,16.1582,186.628,113.108,810.94,491.48
aws,eu-central-1,Germania,m7a,x86(AMD),AMD EPYC 9R14,32,128,2.22176,1.34652,53.3222,32.3165,373.256,226.216,1621.88,982.96
aws,eu-central-1,Germania,m7a,x86(AMD),AMD EPYC 9R14,48,192,3.33264,2.01978,79.9834,48.4748,559.884,339.324,2432.83,1474.44
aws,eu-central-1,Germania,m7a,x86(AMD),AMD EPYC 9R14,64,256,4.44352,2.69304,106.6445,64.633,746.511,452.431,3243.77,1965.92
aws,eu-central-1,Germania,m7a,x86(AMD),AMD EPYC 9R14,96,384,6.66528,4.03956,159.9667,96.9495,1119.767,678.647,4865.65,2948.88
aws,eu-central-1,Germania,m7a,x86(AMD),AMD EPYC 9R14,128,512,8.88704,5.38608,213.289,129.2661,1493.023,904.862,6487.54,3931.84
aws,eu-central-1,Germania,m7a,x86(AMD),AMD EPYC 9R14,192,768,13.33056,8.07913,319.9334,193.899,2239.534,1357.293,9731.31,5897.76
aws,eu-central-1,Germania,m7g,ARM,AWS Graviton3,1,4,0.0489,0.03912,1.1736,0.9389,8.215,6.572,35.7,28.56
aws,eu-central-1,Germania,m7g,ARM,AWS Graviton3,2,8,0.0978,0.07824,2.3472,1.8778,16.43,13.144,71.39,57.11
aws,eu-central-1,Germania,m7g,ARM,AWS Graviton3,4,16,0.1955,0.1564,4.692,3.7536,32.844,26.275,142.72,114.18
aws,eu-central-1,Germania,m7g,ARM,AWS Graviton3,8,32,0.391,0.3128,9.384,7.5072,65.688,52.55,285.43,228.34
aws,eu-central-1,Germania,m7g,ARM,AWS Graviton3,16,64,0.7821,0.62568,18.7704,15.0163,131.393,105.114,570.93,456.74
aws,eu-central-1,Germania,m7g,ARM,AWS Graviton3,32,128,1.5642,1.25136,37.5408,30.0326,262.786,210.229,1141.87,913.5
aws,eu-central-1,Germania,m7g,ARM,AWS Graviton3,48,192,2.3462,1.87696,56.3088,45.047,394.162,315.33,1712.73,1370.18
aws,eu-central-1,Germania,m7g,ARM,AWS Graviton3,64,256,3.1283,2.50264,75.0792,60.0634,525.554,420.443,2283.66,1826.93
aws,eu-central-1,Germania,m7i,x86(Intel),Intel Xeon Platinum 8488C,2,8,0.12075,0.138,2.898,3.312,20.286,23.184,88.15,100.74
aws,eu-central-1,Germania,m7i,x86(Intel),Intel Xeon Platinum 8488C,4,16,0.2415,0.276,5.796,6.624,40.572,46.368,176.3,201.49
aws,eu-central-1,Germania,m7i,x86(Intel),Intel Xeon Platinum 8488C,8,32,0.483,0.552,11.592,13.248,81.144,92.736,352.59,402.96
aws,eu-central-1,Germania,m7i,x86(Intel),Intel Xeon Platinum 8488C,16,64,0.966,1.104,23.184,26.496,162.288,185.472,705.18,805.92
aws,eu-central-1,Germania,m7i,x86(Intel),Intel Xeon Platinum 8488C,32,128,1.932,2.208,46.368,52.992,324.576,370.944,1410.36,1611.84
aws,eu-central-1,Germania,m7i,x86(Intel),Intel Xeon Platinum 8488C,48,192,2.898,3.312,69.552,79.488,486.864,556.416,2115.54,2417.76
aws,eu-central-1,Germania,m7i,x86(Intel),Intel Xeon Platinum 8488C,64,256,3.864,4.416,92.736,105.984,649.152,741.888,2820.72,3223.68
aws,eu-central-1,Germania,m7i,x86(Intel),Intel Xeon Platinum 8488C,96,384,5.796,6.624,139.104,158.976,973.728,1112.832,4231.08,4835.52
aws,eu-central-1,Germania,m7i,x86(Intel),Intel Xeon Platinum 8488C,192,768,11.592,13.248,278.208,317.952,1947.456,2225.664,8462.16,9671.04
aws,eu-central-1,Germania,m8a,x86(AMD),AMD EPYC 9R45,1,4,0.0729,0.03391,1.7496,0.8138,12.247,5.696,53.22,24.75
aws,eu-central-1,Germania,m8a,x86(AMD),AMD EPYC 9R45,2,8,0.1458,0.06781,3.4992,1.6275,24.494,11.393,106.43,49.5
aws,eu-central-1,Germania,m8a,x86(AMD),AMD EPYC 9R45,4,16,0.2916,0.13563,6.9984,3.2551,48.989,22.786,212.87,99.01
aws,eu-central-1,Germania,m8a,x86(AMD),AMD EPYC 9R45,8,32,0.5832,0.27126,13.9968,6.5101,97.978,45.571,425.74,198.02
aws,eu-central-1,Germania,m8a,x86(AMD),AMD EPYC 9R45,16,64,1.1664,0.54251,27.9936,13.0203,195.955,91.142,851.47,396.03
aws,eu-central-1,Germania,m8a,x86(AMD),AMD EPYC 9R45,32,128,2.3328,1.08502,55.9872,26.0406,391.91,182.284,1702.94,792.07
aws,eu-central-1,Germania,m8a,x86(AMD),AMD EPYC 9R45,48,192,3.4992,1.62753,83.9808,39.0608,587.866,273.426,2554.42,1188.1
aws,eu-central-1,Germania,m8a,x86(AMD),AMD EPYC 9R45,64,256,4.6656,2.17005,111.9744,52.0811,783.821,364.568,3405.89,1584.13
aws,eu-central-1,Germania,m8a,x86(AMD),AMD EPYC 9R45,96,384,6.9984,3.25507,167.9616,78.1217,1175.731,546.852,5108.83,2376.2
aws,eu-central-1,Germania,m8a,x86(AMD),AMD EPYC 9R45,192,768,13.9968,6.51014,335.9232,156.2433,2351.462,1093.703,10217.66,4752.4
aws,eu-central-1,Germania,m8g,ARM,AWS Graviton4,1,4,0.05377,0.03469,1.2905,0.8326,9.033,5.828,39.25,25.32
aws,eu-central-1,Germania,m8g,ARM,AWS Graviton4,2,8,0.10754,0.06938,2.581,1.6652,18.067,11.656,78.5,50.65
aws,eu-central-1,Germania,m8g,ARM,AWS Graviton4,4,16,0.21508,0.13876,5.1619,3.3303,36.133,23.312,157.01,101.3
aws,eu-central-1,Germania,m8g,ARM,AWS Graviton4,8,32,0.43016,0.27752,10.3238,6.6605,72.267,46.624,314.02,202.59
aws,eu-central-1,Germania,m8g,ARM,AWS Graviton4,16,64,0.86032,0.55505,20.6477,13.3211,144.534,93.248,628.03,405.18
aws,eu-central-1,Germania,m8g,ARM,AWS Graviton4,32,128,1.72064,1.11009,41.2954,26.6422,289.068,186.495,1256.07,810.37
aws,eu-central-1,Germania,m8g,ARM,AWS Graviton4,48,192,2.58096,1.66514,61.943,39.9632,433.601,279.743,1884.1,1215.55
aws,eu-central-1,Germania,m8g,ARM,AWS Graviton4,64,256,3.44128,2.22018,82.5907,53.2843,578.135,372.99,2512.13,1620.73
aws,eu-central-1,Germania,m8g,ARM,AWS Graviton4,96,384,5.16192,3.33027,123.8861,79.9265,867.203,559.486,3768.2,2431.1
aws,eu-central-1,Germania,m8g,ARM,AWS Graviton4,192,768,10.32384,6.66054,247.7722,159.853,1734.405,1118.971,7536.4,4862.19
aws,eu-central-1,Germania,m8i,x86(Intel),Intel Xeon 6 6975P-C,2,8,0.12679,0.1127,3.043,2.7049,21.301,18.934,92.56,82.28
aws,eu-central-1,Germania,m8i,x86(Intel),Intel Xeon 6 6975P-C,4,16,0.25358,0.2254,6.0859,5.4097,42.601,37.868,185.11,164.54
aws,eu-central-1,Germania,m8i,x86(Intel),Intel Xeon 6 6975P-C,8,32,0.50716,0.45081,12.1718,10.8194,85.203,75.736,370.23,329.09
aws,eu-central-1,Germania,m8i,x86(Intel),Intel Xeon 6 6975P-C,16,64,1.01432,0.90162,24.3437,21.6388,170.406,151.472,740.45,658.18
aws,eu-central-1,Germania,m8i,x86(Intel),Intel Xeon 6 6975P-C,32,128,2.02864,1.80324,48.6874,43.2777,340.812,302.944,1480.91,1316.36
aws,eu-central-1,Germania,m8i,x86(Intel),Intel Xeon 6 6975P-C,48,192,3.04296,2.70485,73.031,64.9164,511.217,454.415,2221.36,1974.54
aws,eu-central-1,Germania,m8i,x86(Intel),Intel Xeon 6 6975P-C,64,256,4.05728,3.60647,97.3747,86.5553,681.623,605.887,2961.81,2632.72
aws,eu-central-1,Germania,m8i,x86(Intel),Intel Xeon 6 6975P-C,96,384,6.08592,5.40971,146.0621,129.833,1022.435,908.831,4442.72,3949.08
aws,eu-central-1,Germania,m8i,x86(Intel),Intel Xeon 6 6975P-C,128,512,8.11456,7.21294,194.7494,173.1106,1363.246,1211.774,5923.63,5265.45
aws,eu-central-1,Germania,m8i,x86(Intel),Intel Xeon 6 6975P-C,192,768,12.17184,10.81941,292.1242,259.666,2044.869,1817.661,8885.44,7898.17
aws,eu-central-1,Germania,m8i,x86(Intel),Intel Xeon 6 6975P-C,384,1536,24.34368,21.63883,584.2483,519.3318,4089.738,3635.323,17770.89,15796.35
aws,eu-central-1,Germania,m9g,ARM,AWS Graviton5,1,4,0.05861,0.03006,1.4066,0.7213,9.846,5.049,42.79,21.94
aws,eu-central-1,Germania,m9g,ARM,AWS Graviton5,2,8,0.11722,0.06011,2.8133,1.4427,19.693,10.099,85.57,43.88
aws,eu-central-1,Germania,m9g,ARM,AWS Graviton5,4,16,0.23444,0.12023,5.6266,2.8854,39.386,20.198,171.14,87.76
aws,eu-central-1,Germania,m9g,ARM,AWS Graviton5,8,32,0.46888,0.24045,11.2531,5.7708,78.772,40.396,342.28,175.53
aws,eu-central-1,Germania,m9g,ARM,AWS Graviton5,16,64,0.93776,0.4809,22.5062,11.5416,157.544,80.792,684.56,351.06
aws,eu-central-1,Germania,m9g,ARM,AWS Graviton5,32,128,1.87552,0.96181,45.0125,23.0833,315.087,161.583,1369.13,702.12
aws,eu-central-1,Germania,m9g,ARM,AWS Graviton5,48,192,2.81328,1.44271,67.5187,34.625,472.631,242.375,2053.69,1053.17
aws,eu-central-1,Germania,m9g,ARM,AWS Graviton5,64,256,3.75104,1.92361,90.025,46.1667,630.175,323.167,2738.26,1404.24
aws,eu-central-1,Germania,m9g,ARM,AWS Graviton5,96,384,5.62656,2.88542,135.0374,69.2499,945.262,484.75,4107.39,2106.35
aws,eu-central-1,Germania,m9g,ARM,AWS Graviton5,192,768,11.25312,5.77083,270.0749,138.4999,1890.524,969.499,8214.78,4212.71
aws,eu-central-1,Germania,r6a,x86(AMD),AMD EPYC 7R13,2,16,0.1368,0.16837,3.2832,4.0409,22.982,28.286,99.86,122.9
aws,eu-central-1,Germania,r6a,x86(AMD),AMD EPYC 7R13,4,32,0.2736,0.33674,6.5664,8.0817,45.965,56.572,199.73,245.82
aws,eu-central-1,Germania,r6a,x86(AMD),AMD EPYC 7R13,8,64,0.5472,0.67348,13.1328,16.1634,91.93,113.145,399.46,491.64
aws,eu-central-1,Germania,r6a,x86(AMD),AMD EPYC 7R13,16,128,1.0944,1.34695,26.2656,32.3269,183.859,226.288,798.91,983.27
aws,eu-central-1,Germania,r6a,x86(AMD),AMD EPYC 7R13,32,256,2.1888,2.69391,52.5312,64.6538,367.718,452.576,1597.82,1966.55
aws,eu-central-1,Germania,r6a,x86(AMD),AMD EPYC 7R13,48,384,3.2832,4.04086,78.7968,96.9807,551.578,678.865,2396.74,2949.83
aws,eu-central-1,Germania,r6a,x86(AMD),AMD EPYC 7R13,64,512,4.3776,5.38782,105.0624,129.3076,735.437,905.153,3195.65,3933.11
aws,eu-central-1,Germania,r6a,x86(AMD),AMD EPYC 7R13,96,768,6.5664,8.08172,157.5936,193.9614,1103.155,1357.729,4793.47,5899.66
aws,eu-central-1,Germania,r6a,x86(AMD),AMD EPYC 7R13,128,1024,8.7552,10.77563,210.1248,258.6151,1470.874,1810.306,6391.3,7866.22
aws,eu-central-1,Germania,r6a,x86(AMD),AMD EPYC 7R13,192,1536,13.1328,16.16345,315.1872,387.9227,2206.31,2715.458,9586.94,11799.31
aws,eu-central-1,Germania,r6g,ARM,AWS Graviton2,1,8,0.0608,0.0608,1.4592,1.4592,10.214,10.214,44.38,44.38
aws,eu-central-1,Germania,r6g,ARM,AWS Graviton2,2,16,0.1216,0.1216,2.9184,2.9184,20.429,20.429,88.77,88.77
aws,eu-central-1,Germania,r6g,ARM,AWS Graviton2,4,32,0.2432,0.2432,5.8368,5.8368,40.858,40.858,177.54,177.54
aws,eu-central-1,Germania,r6g,ARM,AWS Graviton2,8,64,0.4864,0.4864,11.6736,11.6736,81.715,81.715,355.07,355.07
aws,eu-central-1,Germania,r6g,ARM,AWS Graviton2,16,128,0.9728,0.9728,23.3472,23.3472,163.43,163.43,710.14,710.14
aws,eu-central-1,Germania,r6g,ARM,AWS Graviton2,32,256,1.9456,1.9456,46.6944,46.6944,326.861,326.861,1420.29,1420.29
aws,eu-central-1,Germania,r6g,ARM,AWS Graviton2,48,384,2.9184,2.9184,70.0416,70.0416,490.291,490.291,2130.43,2130.43
aws,eu-central-1,Germania,r6g,ARM,AWS Graviton2,64,512,3.8912,3.8912,93.3888,93.3888,653.722,653.722,2840.58,2840.58
aws,eu-central-1,Germania,r6i,x86(Intel),Intel Xeon Platinum 8375C,2,16,0.152,0.21148,3.648,5.0755,25.536,35.528,110.96,154.38
aws,eu-central-1,Germania,r6i,x86(Intel),Intel Xeon Platinum 8375C,4,32,0.304,0.42296,7.296,10.151,51.072,71.057,221.92,308.76
aws,eu-central-1,Germania,r6i,x86(Intel),Intel Xeon Platinum 8375C,8,64,0.608,0.84591,14.592,20.3019,102.144,142.113,443.84,617.52
aws,eu-central-1,Germania,r6i,x86(Intel),Intel Xeon Platinum 8375C,16,128,1.216,1.69183,29.184,40.6038,204.288,284.227,887.68,1235.03
aws,eu-central-1,Germania,r6i,x86(Intel),Intel Xeon Platinum 8375C,32,256,2.432,3.38365,58.368,81.2077,408.576,568.454,1775.36,2470.07
aws,eu-central-1,Germania,r6i,x86(Intel),Intel Xeon Platinum 8375C,48,384,3.648,5.07548,87.552,121.8115,612.864,852.68,2663.04,3705.1
aws,eu-central-1,Germania,r6i,x86(Intel),Intel Xeon Platinum 8375C,64,512,4.864,6.7673,116.736,162.4153,817.152,1136.907,3550.72,4940.13
aws,eu-central-1,Germania,r6i,x86(Intel),Intel Xeon Platinum 8375C,96,768,7.296,10.15096,175.104,243.623,1225.728,1705.361,5326.08,7410.2
aws,eu-central-1,Germania,r6i,x86(Intel),Intel Xeon Platinum 8375C,128,1024,9.728,13.53461,233.472,324.8306,1634.304,2273.814,7101.44,9880.26
aws,eu-central-1,Germania,r7a,x86(AMD),AMD EPYC 9R14,1,8,0.09177,0.05562,2.2025,1.3348,15.417,9.344,66.99,40.6
aws,eu-central-1,Germania,r7a,x86(AMD),AMD EPYC 9R14,2,16,0.18354,0.11124,4.405,2.6697,30.835,18.688,133.98,81.2
aws,eu-central-1,Germania,r7a,x86(AMD),AMD EPYC 9R14,4,32,0.36708,0.22247,8.8099,5.3393,61.669,37.375,267.97,162.41
aws,eu-central-1,Germania,r7a,x86(AMD),AMD EPYC 9R14,8,64,0.73416,0.44495,17.6198,10.6787,123.339,74.751,535.94,324.81
aws,eu-central-1,Germania,r7a,x86(AMD),AMD EPYC 9R14,16,128,1.46832,0.88989,35.2397,21.3574,246.678,149.502,1071.87,649.62
aws,eu-central-1,Germania,r7a,x86(AMD),AMD EPYC 9R14,32,256,2.93664,1.77978,70.4794,42.7148,493.356,299.004,2143.75,1299.24
aws,eu-central-1,Germania,r7a,x86(AMD),AMD EPYC 9R14,48,384,4.40496,2.66967,105.719,64.0721,740.033,448.505,3215.62,1948.86
aws,eu-central-1,Germania,r7a,x86(AMD),AMD EPYC 9R14,64,512,5.87328,3.55956,140.9587,85.4295,986.711,598.007,4287.49,2598.48
aws,eu-central-1,Germania,r7a,x86(AMD),AMD EPYC 9R14,96,768,8.80992,5.33935,211.4381,128.1443,1480.067,897.01,6431.24,3897.72
aws,eu-central-1,Germania,r7a,x86(AMD),AMD EPYC 9R14,128,1024,11.74656,7.11913,281.9174,170.859,1973.422,1196.013,8574.99,5196.96
aws,eu-central-1,Germania,r7a,x86(AMD),AMD EPYC 9R14,192,1536,17.61984,10.67869,422.8762,256.2886,2960.133,1794.02,12862.48,7795.44
aws,eu-central-1,Germania,r7g,ARM,AWS Graviton3,1,8,0.0646,0.05168,1.5504,1.2403,10.853,8.682,47.16,37.73
aws,eu-central-1,Germania,r7g,ARM,AWS Graviton3,2,16,0.1292,0.10336,3.1008,2.4806,21.706,17.365,94.32,75.46
aws,eu-central-1,Germania,r7g,ARM,AWS Graviton3,4,32,0.2584,0.20672,6.2016,4.9613,43.411,34.729,188.63,150.9
aws,eu-central-1,Germania,r7g,ARM,AWS Graviton3,8,64,0.5168,0.41344,12.4032,9.9226,86.822,69.458,377.26,301.81
aws,eu-central-1,Germania,r7g,ARM,AWS Graviton3,16,128,1.0336,0.82688,24.8064,19.8451,173.645,138.916,754.53,603.62
aws,eu-central-1,Germania,r7g,ARM,AWS Graviton3,32,256,2.0672,1.65376,49.6128,39.6902,347.29,277.832,1509.06,1207.25
aws,eu-central-1,Germania,r7g,ARM,AWS Graviton3,48,384,3.1008,2.48064,74.4192,59.5354,520.934,416.747,2263.58,1810.86
aws,eu-central-1,Germania,r7g,ARM,AWS Graviton3,64,512,4.1344,3.30752,99.2256,79.3805,694.579,555.663,3018.11,2414.49
aws,eu-central-1,Germania,r7i,x86(Intel),Intel Xeon Platinum 8488C,2,16,0.1596,0.1824,3.8304,4.3776,26.813,30.643,116.51,133.15
aws,eu-central-1,Germania,r7i,x86(Intel),Intel Xeon Platinum 8488C,4,32,0.3192,0.3648,7.6608,8.7552,53.626,61.287,233.02,266.31
aws,eu-central-1,Germania,r7i,x86(Intel),Intel Xeon Platinum 8488C,8,64,0.6384,0.7296,15.3216,17.5104,107.251,122.573,466.03,532.61
aws,eu-central-1,Germania,r7i,x86(Intel),Intel Xeon Platinum 8488C,16,128,1.2768,1.4592,30.6432,35.0208,214.502,245.145,932.06,1065.21
aws,eu-central-1,Germania,r7i,x86(Intel),Intel Xeon Platinum 8488C,32,256,2.5536,2.9184,61.2864,70.0416,429.005,490.291,1864.13,2130.43
aws,eu-central-1,Germania,r7i,x86(Intel),Intel Xeon Platinum 8488C,48,384,3.8304,4.3776,91.9296,105.0624,643.507,735.437,2796.19,3195.65
aws,eu-central-1,Germania,r7i,x86(Intel),Intel Xeon Platinum 8488C,64,512,5.1072,5.8368,122.5728,140.0832,858.01,980.583,3728.26,4260.87
aws,eu-central-1,Germania,r7i,x86(Intel),Intel Xeon Platinum 8488C,96,768,7.6608,8.7552,183.8592,210.1248,1287.014,1470.873,5592.38,6391.29
aws,eu-central-1,Germania,r7i,x86(Intel),Intel Xeon Platinum 8488C,192,1536,15.3216,17.5104,367.7184,420.2496,2574.029,2941.747,11184.77,12782.59
aws,eu-central-1,Germania,r8a,x86(AMD),AMD EPYC 9R45,1,8,0.09636,0.04482,2.3126,1.0756,16.188,7.529,70.34,32.72
aws,eu-central-1,Germania,r8a,x86(AMD),AMD EPYC 9R45,2,16,0.19272,0.08964,4.6253,2.1513,32.377,15.059,140.69,65.44
aws,eu-central-1,Germania,r8a,x86(AMD),AMD EPYC 9R45,4,32,0.38544,0.17927,9.2506,4.3026,64.754,30.118,281.37,130.87
aws,eu-central-1,Germania,r8a,x86(AMD),AMD EPYC 9R45,8,64,0.77088,0.35855,18.5011,8.6052,129.508,60.236,562.74,261.74
aws,eu-central-1,Germania,r8a,x86(AMD),AMD EPYC 9R45,16,128,1.54176,0.7171,37.0022,17.2103,259.016,120.473,1125.48,523.48
aws,eu-central-1,Germania,r8a,x86(AMD),AMD EPYC 9R45,32,256,3.08352,1.4342,74.0045,34.4207,518.031,240.945,2250.97,1046.96
aws,eu-central-1,Germania,r8a,x86(AMD),AMD EPYC 9R45,48,384,4.62528,2.15129,111.0067,51.631,777.047,361.417,3376.45,1570.44
aws,eu-central-1,Germania,r8a,x86(AMD),AMD EPYC 9R45,64,512,6.16704,2.86839,148.009,68.8414,1036.063,481.89,4501.94,2093.93
aws,eu-central-1,Germania,r8a,x86(AMD),AMD EPYC 9R45,96,768,9.25056,4.30259,222.0134,103.262,1554.094,722.834,6752.91,3140.89
aws,eu-central-1,Germania,r8a,x86(AMD),AMD EPYC 9R45,192,1536,18.50112,8.60517,444.0269,206.5241,3108.188,1445.669,13505.82,6281.78
aws,eu-central-1,Germania,r8g,ARM,AWS Graviton4,1,8,0.07106,0.04585,1.7054,1.1003,11.938,7.702,51.87,33.46
aws,eu-central-1,Germania,r8g,ARM,AWS Graviton4,2,16,0.14212,0.09169,3.4109,2.2006,23.876,15.404,103.75,66.94
aws,eu-central-1,Germania,r8g,ARM,AWS Graviton4,4,32,0.28424,0.18338,6.8218,4.4012,47.752,30.808,207.5,133.87
aws,eu-central-1,Germania,r8g,ARM,AWS Graviton4,8,64,0.56848,0.36676,13.6435,8.8023,95.505,61.616,414.99,267.74
aws,eu-central-1,Germania,r8g,ARM,AWS Graviton4,16,128,1.13696,0.73352,27.287,17.6045,191.009,123.232,829.98,535.47
aws,eu-central-1,Germania,r8g,ARM,AWS Graviton4,32,256,2.27392,1.46705,54.5741,35.2091,382.019,246.464,1659.96,1070.94
aws,eu-central-1,Germania,r8g,ARM,AWS Graviton4,48,384,3.41088,2.20057,81.8611,52.8136,573.028,369.695,2489.94,1606.41
aws,eu-central-1,Germania,r8g,ARM,AWS Graviton4,64,512,4.54784,2.93409,109.1482,70.4182,764.037,492.927,3319.92,2141.88
aws,eu-central-1,Germania,r8g,ARM,AWS Graviton4,96,768,6.82176,4.40114,163.7222,105.6272,1146.056,739.391,4979.88,3212.83
aws,eu-central-1,Germania,r8g,ARM,AWS Graviton4,192,1536,13.64352,8.80227,327.4445,211.2545,2292.111,1478.781,9959.77,6425.66
aws,eu-central-1,Germania,r8i,x86(Intel),Intel Xeon 6 6985P-C,2,16,0.16758,0.14896,4.0219,3.575,28.153,25.025,122.33,108.74
aws,eu-central-1,Germania,r8i,x86(Intel),Intel Xeon 6 6985P-C,4,32,0.33516,0.29792,8.0438,7.15,56.307,50.051,244.67,217.48
aws,eu-central-1,Germania,r8i,x86(Intel),Intel Xeon 6 6985P-C,8,64,0.67032,0.59584,16.0877,14.3002,112.614,100.101,489.33,434.96
aws,eu-central-1,Germania,r8i,x86(Intel),Intel Xeon 6 6985P-C,16,128,1.34064,1.19168,32.1754,28.6004,225.228,200.203,978.67,869.93
aws,eu-central-1,Germania,r8i,x86(Intel),Intel Xeon 6 6985P-C,32,256,2.68128,2.38336,64.3507,57.2006,450.455,400.404,1957.33,1739.85
aws,eu-central-1,Germania,r8i,x86(Intel),Intel Xeon 6 6985P-C,48,384,4.02192,3.57504,96.5261,85.801,675.683,600.607,2936.0,2609.78
aws,eu-central-1,Germania,r8i,x86(Intel),Intel Xeon 6 6985P-C,64,512,5.36256,4.76672,128.7014,114.4012,900.91,800.809,3914.67,3479.71
aws,eu-central-1,Germania,r8i,x86(Intel),Intel Xeon 6 6985P-C,96,768,8.04384,7.15008,193.0522,171.602,1351.365,1201.213,5872.0,5219.56
aws,eu-central-1,Germania,r8i,x86(Intel),Intel Xeon 6 6985P-C,128,1024,10.72512,9.53344,257.4029,228.8026,1801.82,1601.618,7829.34,6959.41
aws,eu-central-1,Germania,r8i,x86(Intel),Intel Xeon 6 6985P-C,192,1536,16.08768,14.30016,386.1043,343.2038,2702.73,2402.427,11744.01,10439.12
aws,eu-central-1,Germania,r8i,x86(Intel),Intel Xeon 6 6985P-C,384,3072,32.17536,28.60032,772.2086,686.4076,5405.46,4804.853,23488.01,20878.23
aws,eu-central-1,Germania,x8g,ARM,AWS Graviton4,1,16,0.13655,0.0881,3.2772,2.1143,22.94,14.8,99.68,64.31
aws,eu-central-1,Germania,x8g,ARM,AWS Graviton4,2,32,0.2731,0.17619,6.5544,4.2286,45.881,29.601,199.36,128.62
aws,eu-central-1,Germania,x8g,ARM,AWS Graviton4,4,64,0.5462,0.35239,13.1088,8.4573,91.762,59.201,398.73,257.25
aws,eu-central-1,Germania,x8g,ARM,AWS Graviton4,8,128,1.0924,0.70477,26.2176,16.9146,183.523,118.402,797.45,514.48
aws,eu-central-1,Germania,x8g,ARM,AWS Graviton4,16,256,2.1848,1.40955,52.4352,33.8292,367.046,236.804,1594.9,1028.97
aws,eu-central-1,Germania,x8g,ARM,AWS Graviton4,32,512,4.3696,2.8191,104.8704,67.6583,734.093,473.608,3189.81,2057.94
aws,eu-central-1,Germania,x8g,ARM,AWS Graviton4,48,768,6.5544,4.22865,157.3056,101.4875,1101.139,710.412,4784.71,3086.91
aws,eu-central-1,Germania,x8g,ARM,AWS Graviton4,64,1024,8.7392,5.63819,209.7408,135.3166,1468.186,947.217,6379.62,4115.88
aws,eu-central-1,Germania,x8g,ARM,AWS Graviton4,96,1536,13.1088,8.45729,314.6112,202.975,2202.278,1420.825,9569.42,6173.82
aws,eu-central-1,Germania,x8g,ARM,AWS Graviton4,192,3072,26.2176,16.91458,629.2224,405.9499,4404.557,2841.65,19138.85,12347.65
aws,eu-central-1,Germania,x8i,x86(Intel),Intel Xeon 6 6975P-C,2,32,0.30637,0.27233,7.3529,6.5359,51.47,45.751,223.65,198.8
aws,eu-central-1,Germania,x8i,x86(Intel),Intel Xeon 6 6975P-C,4,64,0.61274,0.54466,14.7058,13.0718,102.94,91.502,447.3,397.6
aws,eu-central-1,Germania,x8i,x86(Intel),Intel Xeon 6 6975P-C,8,128,1.22548,1.08932,29.4115,26.1436,205.881,183.005,894.6,795.2
aws,eu-central-1,Germania,x8i,x86(Intel),Intel Xeon 6 6975P-C,16,256,2.45096,2.17863,58.823,52.2871,411.761,366.01,1789.2,1590.4
aws,eu-central-1,Germania,x8i,x86(Intel),Intel Xeon 6 6975P-C,32,512,4.90192,4.35726,117.6461,104.5743,823.523,732.02,3578.4,3180.8
aws,eu-central-1,Germania,x8i,x86(Intel),Intel Xeon 6 6975P-C,48,768,7.35288,6.53589,176.4691,156.8614,1235.284,1098.03,5367.6,4771.2
aws,eu-central-1,Germania,x8i,x86(Intel),Intel Xeon 6 6975P-C,64,1024,9.80384,8.71452,235.2922,209.1486,1647.045,1464.04,7156.8,6361.6
aws,eu-central-1,Germania,x8i,x86(Intel),Intel Xeon 6 6975P-C,96,1536,14.70576,13.07179,352.9382,313.7228,2470.568,2196.06,10735.2,9542.4
aws,eu-central-1,Germania,x8i,x86(Intel),Intel Xeon 6 6975P-C,128,2048,19.60768,17.42905,470.5843,418.2972,3294.09,2928.08,14313.61,12723.21
aws,eu-central-1,Germania,x8i,x86(Intel),Intel Xeon 6 6975P-C,192,3072,29.41152,26.14357,705.8765,627.4458,4941.135,4392.12,21470.41,19084.81
aws,eu-central-1,Germania,x8i,x86(Intel),Intel Xeon 6 6975P-C,256,4096,39.21536,34.8581,941.1686,836.5943,6588.18,5856.16,28627.21,25446.41
aws,eu-central-1,Germania,x8i,x86(Intel),Intel Xeon 6 6975P-C,384,6144,58.82304,52.28715,1411.753,1254.8916,9882.271,8784.241,42940.82,38169.62
aws,eu-central-2,Svizzera,c6g,ARM,AWS Graviton2,1,2,0.0427,0.0427,1.0248,1.0248,7.174,7.174,31.17,31.17
aws,eu-central-2,Svizzera,c6g,ARM,AWS Graviton2,2,4,0.0854,0.0854,2.0496,2.0496,14.347,14.347,62.34,62.34
aws,eu-central-2,Svizzera,c6g,ARM,AWS Graviton2,4,8,0.1707,0.1707,4.0968,4.0968,28.678,28.678,124.61,124.61
aws,eu-central-2,Svizzera,c6g,ARM,AWS Graviton2,8,16,0.3414,0.3414,8.1936,8.1936,57.355,57.355,249.22,249.22
aws,eu-central-2,Svizzera,c6g,ARM,AWS Graviton2,16,32,0.6829,0.6829,16.3896,16.3896,114.727,114.727,498.52,498.52
aws,eu-central-2,Svizzera,c6g,ARM,AWS Graviton2,32,64,1.3658,1.3658,32.7792,32.7792,229.454,229.454,997.03,997.03
aws,eu-central-2,Svizzera,c6g,ARM,AWS Graviton2,48,96,2.0486,2.0486,49.1664,49.1664,344.165,344.165,1495.48,1495.48
aws,eu-central-2,Svizzera,c6g,ARM,AWS Graviton2,64,128,2.7315,2.7315,65.556,65.556,458.892,458.892,1994.0,1994.0
aws,eu-central-2,Svizzera,c7g,ARM,AWS Graviton3,1,2,0.0454,0.03632,1.0896,0.8717,7.627,6.102,33.14,26.51
aws,eu-central-2,Svizzera,c7g,ARM,AWS Graviton3,2,4,0.0907,0.07256,2.1768,1.7414,15.238,12.19,66.21,52.97
aws,eu-central-2,Svizzera,c7g,ARM,AWS Graviton3,4,8,0.1814,0.14512,4.3536,3.4829,30.475,24.38,132.42,105.94
aws,eu-central-2,Svizzera,c7g,ARM,AWS Graviton3,8,16,0.3628,0.29024,8.7072,6.9658,60.95,48.76,264.84,211.87
aws,eu-central-2,Svizzera,c7g,ARM,AWS Graviton3,16,32,0.7256,0.58048,17.4144,13.9315,121.901,97.521,529.69,423.75
aws,eu-central-2,Svizzera,c7g,ARM,AWS Graviton3,32,64,1.4512,1.16096,34.8288,27.863,243.802,195.042,1059.38,847.5
aws,eu-central-2,Svizzera,c7g,ARM,AWS Graviton3,48,96,2.1768,1.74144,52.2432,41.7946,365.702,292.562,1589.06,1271.25
aws,eu-central-2,Svizzera,c7g,ARM,AWS Graviton3,64,128,2.9024,2.32192,69.6576,55.7261,487.603,390.082,2118.75,1695.0
aws,eu-central-2,Svizzera,c7i,x86(Intel),Intel Xeon Platinum 8488C,2,4,0.11204,0.12805,2.689,3.0731,18.823,21.512,81.79,93.47
aws,eu-central-2,Svizzera,c7i,x86(Intel),Intel Xeon Platinum 8488C,4,8,0.22408,0.25609,5.3779,6.1462,37.645,43.023,163.58,186.95
aws,eu-central-2,Svizzera,c7i,x86(Intel),Intel Xeon Platinum 8488C,8,16,0.44816,0.51218,10.7558,12.2923,75.291,86.047,327.16,373.9
aws,eu-central-2,Svizzera,c7i,x86(Intel),Intel Xeon Platinum 8488C,16,32,0.89632,1.02437,21.5117,24.5848,150.582,172.094,654.31,747.78
aws,eu-central-2,Svizzera,c7i,x86(Intel),Intel Xeon Platinum 8488C,32,64,1.79264,2.04873,43.0234,49.1696,301.164,344.187,1308.63,1495.58
aws,eu-central-2,Svizzera,c7i,x86(Intel),Intel Xeon Platinum 8488C,48,96,2.68896,3.0731,64.535,73.7543,451.745,516.28,1962.94,2243.36
aws,eu-central-2,Svizzera,c7i,x86(Intel),Intel Xeon Platinum 8488C,64,128,3.58528,4.09746,86.0467,98.3391,602.327,688.374,2617.25,2991.14
aws,eu-central-2,Svizzera,c7i,x86(Intel),Intel Xeon Platinum 8488C,96,192,5.37792,6.14619,129.0701,147.5087,903.491,1032.561,3925.88,4486.72
aws,eu-central-2,Svizzera,c7i,x86(Intel),Intel Xeon Platinum 8488C,192,384,10.75584,12.29239,258.1402,295.0174,1806.981,2065.121,7851.76,8973.44
aws,eu-central-2,Svizzera,c8g,ARM,AWS Graviton4,1,2,0.04989,0.03219,1.1974,0.7725,8.382,5.408,36.42,23.5
aws,eu-central-2,Svizzera,c8g,ARM,AWS Graviton4,2,4,0.09978,0.06437,2.3947,1.545,16.763,10.815,72.84,46.99
aws,eu-central-2,Svizzera,c8g,ARM,AWS Graviton4,4,8,0.19956,0.12875,4.7894,3.0899,33.526,21.63,145.68,93.99
aws,eu-central-2,Svizzera,c8g,ARM,AWS Graviton4,8,16,0.39912,0.2575,9.5789,6.1799,67.052,43.259,291.36,187.97
aws,eu-central-2,Svizzera,c8g,ARM,AWS Graviton4,16,32,0.79824,0.51499,19.1578,12.3599,134.104,86.519,582.72,375.95
aws,eu-central-2,Svizzera,c8g,ARM,AWS Graviton4,32,64,1.59648,1.02999,38.3155,24.7197,268.209,173.038,1165.43,751.89
aws,eu-central-2,Svizzera,c8g,ARM,AWS Graviton4,48,96,2.39472,1.54498,57.4733,37.0795,402.313,259.557,1748.15,1127.84
aws,eu-central-2,Svizzera,c8g,ARM,AWS Graviton4,64,128,3.19296,2.05997,76.631,49.4394,536.417,346.075,2330.86,1503.78
aws,eu-central-2,Svizzera,c8g,ARM,AWS Graviton4,96,192,4.78944,3.08996,114.9466,74.1591,804.626,519.114,3496.29,2255.67
aws,eu-central-2,Svizzera,c8g,ARM,AWS Graviton4,192,384,9.57888,6.17992,229.8931,148.3181,1609.252,1038.227,6992.58,4511.34
aws,eu-central-2,Svizzera,m6g,ARM,AWS Graviton2,1,4,0.0506,0.0506,1.2144,1.2144,8.501,8.501,36.94,36.94
aws,eu-central-2,Svizzera,m6g,ARM,AWS Graviton2,2,8,0.1012,0.1012,2.4288,2.4288,17.002,17.002,73.88,73.88
aws,eu-central-2,Svizzera,m6g,ARM,AWS Graviton2,4,16,0.2024,0.2024,4.8576,4.8576,34.003,34.003,147.75,147.75
aws,eu-central-2,Svizzera,m6g,ARM,AWS Graviton2,8,32,0.4048,0.4048,9.7152,9.7152,68.006,68.006,295.5,295.5
aws,eu-central-2,Svizzera,m6g,ARM,AWS Graviton2,16,64,0.8096,0.8096,19.4304,19.4304,136.013,136.013,591.01,591.01
aws,eu-central-2,Svizzera,m6g,ARM,AWS Graviton2,32,128,1.6192,1.6192,38.8608,38.8608,272.026,272.026,1182.02,1182.02
aws,eu-central-2,Svizzera,m6g,ARM,AWS Graviton2,48,192,2.4288,2.4288,58.2912,58.2912,408.038,408.038,1773.02,1773.02
aws,eu-central-2,Svizzera,m6g,ARM,AWS Graviton2,64,256,3.2384,3.2384,77.7216,77.7216,544.051,544.051,2364.03,2364.03
aws,eu-central-2,Svizzera,m6i,x86(Intel),Intel Xeon Platinum 8375C,2,8,0.1265,0.176,3.036,4.224,21.252,29.568,92.34,128.47
aws,eu-central-2,Svizzera,m6i,x86(Intel),Intel Xeon Platinum 8375C,4,16,0.253,0.352,6.072,8.448,42.504,59.136,184.69,256.96
aws,eu-central-2,Svizzera,m6i,x86(Intel),Intel Xeon Platinum 8375C,8,32,0.506,0.704,12.144,16.896,85.008,118.272,369.38,513.92
aws,eu-central-2,Svizzera,m6i,x86(Intel),Intel Xeon Platinum 8375C,16,64,1.012,1.408,24.288,33.792,170.016,236.544,738.76,1027.84
aws,eu-central-2,Svizzera,m6i,x86(Intel),Intel Xeon Platinum 8375C,32,128,2.024,2.816,48.576,67.584,340.032,473.088,1477.52,2055.68
aws,eu-central-2,Svizzera,m6i,x86(Intel),Intel Xeon Platinum 8375C,48,192,3.036,4.224,72.864,101.376,510.048,709.632,2216.28,3083.52
aws,eu-central-2,Svizzera,m6i,x86(Intel),Intel Xeon Platinum 8375C,64,256,4.048,5.632,97.152,135.168,680.064,946.176,2955.04,4111.36
aws,eu-central-2,Svizzera,m6i,x86(Intel),Intel Xeon Platinum 8375C,96,384,6.072,8.448,145.728,202.752,1020.096,1419.264,4432.56,6167.04
aws,eu-central-2,Svizzera,m6i,x86(Intel),Intel Xeon Platinum 8375C,128,512,8.096,11.264,194.304,270.336,1360.128,1892.352,5910.08,8222.72
aws,eu-central-2,Svizzera,m7g,ARM,AWS Graviton3,1,4,0.0538,0.04304,1.2912,1.033,9.038,7.23,39.27,31.42
aws,eu-central-2,Svizzera,m7g,ARM,AWS Graviton3,2,8,0.1075,0.086,2.58,2.064,18.06,14.448,78.47,62.78
aws,eu-central-2,Svizzera,m7g,ARM,AWS Graviton3,4,16,0.2151,0.17208,5.1624,4.1299,36.137,28.91,157.02,125.62
aws,eu-central-2,Svizzera,m7g,ARM,AWS Graviton3,8,32,0.4301,0.34408,10.3224,8.2579,72.257,57.806,313.97,251.18
aws,eu-central-2,Svizzera,m7g,ARM,AWS Graviton3,16,64,0.8602,0.68816,20.6448,16.5158,144.514,115.611,627.95,502.36
aws,eu-central-2,Svizzera,m7g,ARM,AWS Graviton3,32,128,1.7204,1.37632,41.2896,33.0317,289.027,231.222,1255.89,1004.71
aws,eu-central-2,Svizzera,m7g,ARM,AWS Graviton3,48,192,2.5806,2.06448,61.9344,49.5475,433.541,346.833,1883.84,1507.07
aws,eu-central-2,Svizzera,m7g,ARM,AWS Graviton3,64,256,3.4408,2.75264,82.5792,66.0634,578.054,462.443,2511.78,2009.42
aws,eu-central-2,Svizzera,m7i,x86(Intel),Intel Xeon Platinum 8488C,2,8,0.13282,0.15179,3.1877,3.6431,22.314,25.502,96.96,110.81
aws,eu-central-2,Svizzera,m7i,x86(Intel),Intel Xeon Platinum 8488C,4,16,0.26564,0.30359,6.3754,7.2862,44.628,51.003,193.92,221.62
aws,eu-central-2,Svizzera,m7i,x86(Intel),Intel Xeon Platinum 8488C,8,32,0.53128,0.60718,12.7507,14.5722,89.255,102.006,387.83,443.23
aws,eu-central-2,Svizzera,m7i,x86(Intel),Intel Xeon Platinum 8488C,16,64,1.06256,1.21435,25.5014,29.1445,178.51,204.011,775.67,886.48
aws,eu-central-2,Svizzera,m7i,x86(Intel),Intel Xeon Platinum 8488C,32,128,2.12512,2.42871,51.0029,58.289,357.02,408.023,1551.34,1772.96
aws,eu-central-2,Svizzera,m7i,x86(Intel),Intel Xeon Platinum 8488C,48,192,3.18768,3.64306,76.5043,87.4335,535.53,612.034,2327.01,2659.44
aws,eu-central-2,Svizzera,m7i,x86(Intel),Intel Xeon Platinum 8488C,64,256,4.25024,4.85742,102.0058,116.5781,714.04,816.046,3102.68,3545.92
aws,eu-central-2,Svizzera,m7i,x86(Intel),Intel Xeon Platinum 8488C,96,384,6.37536,7.28613,153.0086,174.867,1071.06,1224.069,4654.01,5318.87
aws,eu-central-2,Svizzera,m7i,x86(Intel),Intel Xeon Platinum 8488C,192,768,12.75072,14.57225,306.0173,349.7341,2142.121,2448.138,9308.03,10637.75
aws,eu-central-2,Svizzera,m8g,ARM,AWS Graviton4,1,4,0.05914,0.03815,1.4194,0.9157,9.936,6.41,43.17,27.85
aws,eu-central-2,Svizzera,m8g,ARM,AWS Graviton4,2,8,0.11828,0.07631,2.8387,1.8314,19.871,12.82,86.34,55.7
aws,eu-central-2,Svizzera,m8g,ARM,AWS Graviton4,4,16,0.23656,0.15262,5.6774,3.6628,39.742,25.64,172.69,111.41
aws,eu-central-2,Svizzera,m8g,ARM,AWS Graviton4,8,32,0.47312,0.30524,11.3549,7.3257,79.484,51.28,345.38,222.83
aws,eu-central-2,Svizzera,m8g,ARM,AWS Graviton4,16,64,0.94624,0.61048,22.7098,14.6515,158.968,102.56,690.76,445.65
aws,eu-central-2,Svizzera,m8g,ARM,AWS Graviton4,32,128,1.89248,1.22095,45.4195,29.3029,317.937,205.121,1381.51,891.3
aws,eu-central-2,Svizzera,m8g,ARM,AWS Graviton4,48,192,2.83872,1.83143,68.1293,43.9544,476.905,307.681,2072.27,1336.95
aws,eu-central-2,Svizzera,m8g,ARM,AWS Graviton4,64,256,3.78496,2.44191,90.839,58.6058,635.873,410.241,2763.02,1782.59
aws,eu-central-2,Svizzera,m8g,ARM,AWS Graviton4,96,384,5.67744,3.66286,136.2586,87.9088,953.81,615.361,4144.53,2673.89
aws,eu-central-2,Svizzera,m8g,ARM,AWS Graviton4,192,768,11.35488,7.32573,272.5171,175.8175,1907.62,1230.723,8289.06,5347.78
aws,eu-central-2,Svizzera,r6g,ARM,AWS Graviton2,1,8,0.0669,0.0669,1.6056,1.6056,11.239,11.239,48.84,48.84
aws,eu-central-2,Svizzera,r6g,ARM,AWS Graviton2,2,16,0.1338,0.1338,3.2112,3.2112,22.478,22.478,97.67,97.67
aws,eu-central-2,Svizzera,r6g,ARM,AWS Graviton2,4,32,0.2675,0.2675,6.42,6.42,44.94,44.94,195.28,195.28
aws,eu-central-2,Svizzera,r6g,ARM,AWS Graviton2,8,64,0.535,0.535,12.84,12.84,89.88,89.88,390.55,390.55
aws,eu-central-2,Svizzera,r6g,ARM,AWS Graviton2,16,128,1.0701,1.0701,25.6824,25.6824,179.777,179.777,781.17,781.17
aws,eu-central-2,Svizzera,r6g,ARM,AWS Graviton2,32,256,2.1402,2.1402,51.3648,51.3648,359.554,359.554,1562.35,1562.35
aws,eu-central-2,Svizzera,r6g,ARM,AWS Graviton2,48,384,3.2102,3.2102,77.0448,77.0448,539.314,539.314,2343.45,2343.45
aws,eu-central-2,Svizzera,r6g,ARM,AWS Graviton2,64,512,4.2803,4.2803,102.7272,102.7272,719.09,719.09,3124.62,3124.62
aws,eu-central-2,Svizzera,r6i,x86(Intel),Intel Xeon Platinum 8375C,2,16,0.1672,0.23263,4.0128,5.583,28.09,39.082,122.06,169.82
aws,eu-central-2,Svizzera,r6i,x86(Intel),Intel Xeon Platinum 8375C,4,32,0.3344,0.46525,8.0256,11.1661,56.179,78.162,244.11,339.63
aws,eu-central-2,Svizzera,r6i,x86(Intel),Intel Xeon Platinum 8375C,8,64,0.6688,0.9305,16.0512,22.3321,112.358,156.324,488.22,679.26
aws,eu-central-2,Svizzera,r6i,x86(Intel),Intel Xeon Platinum 8375C,16,128,1.3376,1.86101,32.1024,44.6642,224.717,312.65,976.45,1358.54
aws,eu-central-2,Svizzera,r6i,x86(Intel),Intel Xeon Platinum 8375C,32,256,2.6752,3.72202,64.2048,89.3284,449.434,625.299,1952.9,2717.08
aws,eu-central-2,Svizzera,r6i,x86(Intel),Intel Xeon Platinum 8375C,48,384,4.0128,5.58303,96.3072,133.9926,674.15,937.948,2929.34,4075.6
aws,eu-central-2,Svizzera,r6i,x86(Intel),Intel Xeon Platinum 8375C,64,512,5.3504,7.44403,128.4096,178.6568,898.867,1250.598,3905.79,5434.14
aws,eu-central-2,Svizzera,r6i,x86(Intel),Intel Xeon Platinum 8375C,96,768,8.0256,11.16605,192.6144,267.9853,1348.301,1875.897,5858.69,8151.22
aws,eu-central-2,Svizzera,r6i,x86(Intel),Intel Xeon Platinum 8375C,128,1024,10.7008,14.88807,256.8192,357.3137,1797.734,2501.195,7811.58,10868.29
aws,eu-central-2,Svizzera,r7g,ARM,AWS Graviton3,1,8,0.0711,0.05688,1.7064,1.3651,11.945,9.556,51.9,41.52
aws,eu-central-2,Svizzera,r7g,ARM,AWS Graviton3,2,16,0.1421,0.11368,3.4104,2.7283,23.873,19.098,103.73,82.98
aws,eu-central-2,Svizzera,r7g,ARM,AWS Graviton3,4,32,0.2842,0.22736,6.8208,5.4566,47.746,38.197,207.47,165.98
aws,eu-central-2,Svizzera,r7g,ARM,AWS Graviton3,8,64,0.5685,0.4548,13.644,10.9152,95.508,76.406,415.0,332.0
aws,eu-central-2,Svizzera,r7g,ARM,AWS Graviton3,16,128,1.137,0.9096,27.288,21.8304,191.016,152.813,830.01,664.01
aws,eu-central-2,Svizzera,r7g,ARM,AWS Graviton3,32,256,2.2739,1.81912,54.5736,43.6589,382.015,305.612,1659.95,1327.96
aws,eu-central-2,Svizzera,r7g,ARM,AWS Graviton3,48,384,3.4109,2.72872,81.8616,65.4893,573.031,458.425,2489.96,1991.97
aws,eu-central-2,Svizzera,r7g,ARM,AWS Graviton3,64,512,4.5478,3.63824,109.1472,87.3178,764.03,611.224,3319.89,2655.91
aws,eu-central-2,Svizzera,r8g,ARM,AWS Graviton4,1,8,0.07817,0.05043,1.8761,1.2104,13.133,8.473,57.06,36.81
aws,eu-central-2,Svizzera,r8g,ARM,AWS Graviton4,2,16,0.15634,0.10086,3.7522,2.4208,26.265,16.945,114.13,73.63
aws,eu-central-2,Svizzera,r8g,ARM,AWS Graviton4,4,32,0.31268,0.20173,7.5043,4.8415,52.53,33.89,228.26,147.26
aws,eu-central-2,Svizzera,r8g,ARM,AWS Graviton4,8,64,0.62536,0.40346,15.0086,9.683,105.06,67.781,456.51,294.52
aws,eu-central-2,Svizzera,r8g,ARM,AWS Graviton4,16,128,1.25072,0.80692,30.0173,19.366,210.121,135.562,913.03,589.05
aws,eu-central-2,Svizzera,r8g,ARM,AWS Graviton4,32,256,2.50144,1.61383,60.0346,38.732,420.242,271.124,1826.05,1178.1
aws,eu-central-2,Svizzera,r8g,ARM,AWS Graviton4,48,384,3.75216,2.42075,90.0518,58.0979,630.363,406.686,2739.08,1767.15
aws,eu-central-2,Svizzera,r8g,ARM,AWS Graviton4,64,512,5.00288,3.22766,120.0691,77.4639,840.484,542.248,3652.1,2356.19
aws,eu-central-2,Svizzera,r8g,ARM,AWS Graviton4,96,768,7.50432,4.8415,180.1037,116.1959,1260.726,813.372,5478.15,3534.29
aws,eu-central-2,Svizzera,r8g,ARM,AWS Graviton4,192,1536,15.00864,9.68299,360.2074,232.3919,2521.452,1626.743,10956.31,7068.59
aws,eu-central-2,Svizzera,r8i,x86(Intel),Intel Xeon 6 6985P-C,2,16,0.18434,0.16386,4.4242,3.9326,30.969,27.528,134.57,119.62
aws,eu-central-2,Svizzera,r8i,x86(Intel),Intel Xeon 6 6985P-C,4,32,0.36868,0.32772,8.8483,7.8652,61.938,55.056,269.14,239.24
aws,eu-central-2,Svizzera,r8i,x86(Intel),Intel Xeon 6 6985P-C,8,64,0.73736,0.65543,17.6966,15.7303,123.876,110.112,538.27,478.46
aws,eu-central-2,Svizzera,r8i,x86(Intel),Intel Xeon 6 6985P-C,16,128,1.47472,1.31086,35.3933,31.4607,247.753,220.225,1076.55,956.93
aws,eu-central-2,Svizzera,r8i,x86(Intel),Intel Xeon 6 6985P-C,32,256,2.94944,2.62172,70.7866,62.9214,495.506,440.45,2153.09,1913.86
aws,eu-central-2,Svizzera,r8i,x86(Intel),Intel Xeon 6 6985P-C,48,384,4.42416,3.93259,106.1798,94.382,743.259,660.675,3229.64,2870.79
aws,eu-central-2,Svizzera,r8i,x86(Intel),Intel Xeon 6 6985P-C,64,512,5.89888,5.24345,141.5731,125.8428,991.012,880.9,4306.18,3827.72
aws,eu-central-2,Svizzera,r8i,x86(Intel),Intel Xeon 6 6985P-C,96,768,8.84832,7.86517,212.3597,188.7642,1486.518,1321.349,6459.27,5741.57
aws,eu-central-2,Svizzera,r8i,x86(Intel),Intel Xeon 6 6985P-C,128,1024,11.79776,10.4869,283.1462,251.6855,1982.024,1761.799,8612.36,7655.43
aws,eu-central-2,Svizzera,r8i,x86(Intel),Intel Xeon 6 6985P-C,192,1536,17.69664,15.73035,424.7194,377.5284,2973.036,2642.699,12918.55,11483.16
aws,eu-central-2,Svizzera,r8i,x86(Intel),Intel Xeon 6 6985P-C,384,3072,35.39328,31.46069,849.4387,755.0566,5946.071,5285.396,25837.09,22966.3
aws,eu-north-1,Svezia,c6g,ARM,AWS Graviton2,1,2,0.0365,0.0365,0.876,0.876,6.132,6.132,26.64,26.64
aws,eu-north-1,Svezia,c6g,ARM,AWS Graviton2,2,4,0.073,0.073,1.752,1.752,12.264,12.264,53.29,53.29
aws,eu-north-1,Svezia,c6g,ARM,AWS Graviton2,4,8,0.146,0.146,3.504,3.504,24.528,24.528,106.58,106.58
aws,eu-north-1,Svezia,c6g,ARM,AWS Graviton2,8,16,0.292,0.292,7.008,7.008,49.056,49.056,213.16,213.16
aws,eu-north-1,Svezia,c6g,ARM,AWS Graviton2,16,32,0.584,0.584,14.016,14.016,98.112,98.112,426.32,426.32
aws,eu-north-1,Svezia,c6g,ARM,AWS Graviton2,32,64,1.168,1.168,28.032,28.032,196.224,196.224,852.64,852.64
aws,eu-north-1,Svezia,c6g,ARM,AWS Graviton2,48,96,1.752,1.752,42.048,42.048,294.336,294.336,1278.96,1278.96
aws,eu-north-1,Svezia,c6g,ARM,AWS Graviton2,64,128,2.336,2.336,56.064,56.064,392.448,392.448,1705.28,1705.28
aws,eu-north-1,Svezia,c6i,x86(Intel),Intel Xeon Platinum 8375C,2,4,0.091,0.12661,2.184,3.0386,15.288,21.27,66.43,92.42
aws,eu-north-1,Svezia,c6i,x86(Intel),Intel Xeon Platinum 8375C,4,8,0.182,0.25322,4.368,6.0772,30.576,42.541,132.86,184.85
aws,eu-north-1,Svezia,c6i,x86(Intel),Intel Xeon Platinum 8375C,8,16,0.364,0.50643,8.736,12.1544,61.152,85.081,265.72,369.7
aws,eu-north-1,Svezia,c6i,x86(Intel),Intel Xeon Platinum 8375C,16,32,0.728,1.01287,17.472,24.3089,122.304,170.162,531.44,739.39
aws,eu-north-1,Svezia,c6i,x86(Intel),Intel Xeon Platinum 8375C,32,64,1.456,2.02574,34.944,48.6177,244.608,340.324,1062.88,1478.79
aws,eu-north-1,Svezia,c6i,x86(Intel),Intel Xeon Platinum 8375C,48,96,2.184,3.03861,52.416,72.9266,366.912,510.486,1594.32,2218.18
aws,eu-north-1,Svezia,c6i,x86(Intel),Intel Xeon Platinum 8375C,64,128,2.912,4.05148,69.888,97.2355,489.216,680.648,2125.76,2957.58
aws,eu-north-1,Svezia,c6i,x86(Intel),Intel Xeon Platinum 8375C,96,192,4.368,6.07722,104.832,145.8532,733.824,1020.973,3188.64,4436.37
aws,eu-north-1,Svezia,c6i,x86(Intel),Intel Xeon Platinum 8375C,128,256,5.824,8.10296,139.776,194.471,978.432,1361.297,4251.52,5915.16
aws,eu-north-1,Svezia,c7a,x86(AMD),AMD EPYC 9R14,1,2,0.05494,0.0333,1.3186,0.7992,9.23,5.594,40.11,24.31
aws,eu-north-1,Svezia,c7a,x86(AMD),AMD EPYC 9R14,2,4,0.10988,0.06659,2.6371,1.5982,18.46,11.188,80.21,48.61
aws,eu-north-1,Svezia,c7a,x86(AMD),AMD EPYC 9R14,4,8,0.21976,0.13319,5.2742,3.1965,36.92,22.376,160.42,97.22
aws,eu-north-1,Svezia,c7a,x86(AMD),AMD EPYC 9R14,8,16,0.43952,0.26638,10.5485,6.393,73.839,44.751,320.85,194.45
aws,eu-north-1,Svezia,c7a,x86(AMD),AMD EPYC 9R14,16,32,0.87904,0.53275,21.097,12.7861,147.679,89.502,641.7,388.91
aws,eu-north-1,Svezia,c7a,x86(AMD),AMD EPYC 9R14,32,64,1.75808,1.0655,42.1939,25.5721,295.357,179.004,1283.4,777.82
aws,eu-north-1,Svezia,c7a,x86(AMD),AMD EPYC 9R14,48,96,2.63712,1.59825,63.2909,38.3581,443.036,268.507,1925.1,1166.73
aws,eu-north-1,Svezia,c7a,x86(AMD),AMD EPYC 9R14,64,128,3.51616,2.13101,84.3878,51.1441,590.715,358.009,2566.8,1555.64
aws,eu-north-1,Svezia,c7a,x86(AMD),AMD EPYC 9R14,96,192,5.27424,3.19651,126.5818,76.7162,886.072,537.013,3850.2,2333.45
aws,eu-north-1,Svezia,c7a,x86(AMD),AMD EPYC 9R14,128,256,7.03232,4.26201,168.7757,102.2883,1181.43,716.018,5133.59,3111.27
aws,eu-north-1,Svezia,c7a,x86(AMD),AMD EPYC 9R14,192,384,10.54848,6.39302,253.1635,153.4324,1772.145,1074.027,7700.39,4666.9
aws,eu-north-1,Svezia,c7g,ARM,AWS Graviton3,1,2,0.0387,0.03096,0.9288,0.743,6.502,5.202,28.25,22.6
aws,eu-north-1,Svezia,c7g,ARM,AWS Graviton3,2,4,0.0774,0.06192,1.8576,1.4861,13.003,10.402,56.5,45.2
aws,eu-north-1,Svezia,c7g,ARM,AWS Graviton3,4,8,0.1547,0.12376,3.7128,2.9702,25.99,20.792,112.93,90.34
aws,eu-north-1,Svezia,c7g,ARM,AWS Graviton3,8,16,0.3094,0.24752,7.4256,5.9405,51.979,41.583,225.86,180.69
aws,eu-north-1,Svezia,c7g,ARM,AWS Graviton3,16,32,0.6189,0.49512,14.8536,11.8829,103.975,83.18,451.8,361.44
aws,eu-north-1,Svezia,c7g,ARM,AWS Graviton3,32,64,1.2378,0.99024,29.7072,23.7658,207.95,166.36,903.59,722.87
aws,eu-north-1,Svezia,c7g,ARM,AWS Graviton3,48,96,1.8566,1.48528,44.5584,35.6467,311.909,249.527,1355.32,1084.26
aws,eu-north-1,Svezia,c7g,ARM,AWS Graviton3,64,128,2.4755,1.9804,59.412,47.5296,415.884,332.707,1807.11,1445.69
aws,eu-north-1,Svezia,c7i,x86(Intel),Intel Xeon Platinum 8488C,2,4,0.09555,0.1092,2.2932,2.6208,16.052,18.345,69.75,79.71
aws,eu-north-1,Svezia,c7i,x86(Intel),Intel Xeon Platinum 8488C,4,8,0.1911,0.2184,4.5864,5.2416,32.105,36.691,139.5,159.43
aws,eu-north-1,Svezia,c7i,x86(Intel),Intel Xeon Platinum 8488C,8,16,0.3822,0.4368,9.1728,10.4832,64.21,73.383,279.01,318.87
aws,eu-north-1,Svezia,c7i,x86(Intel),Intel Xeon Platinum 8488C,16,32,0.7644,0.8736,18.3456,20.9664,128.419,146.765,558.01,637.73
aws,eu-north-1,Svezia,c7i,x86(Intel),Intel Xeon Platinum 8488C,32,64,1.5288,1.7472,36.6912,41.9328,256.838,293.529,1116.02,1275.45
aws,eu-north-1,Svezia,c7i,x86(Intel),Intel Xeon Platinum 8488C,48,96,2.2932,2.6208,55.0368,62.8992,385.258,440.295,1674.04,1913.19
aws,eu-north-1,Svezia,c7i,x86(Intel),Intel Xeon Platinum 8488C,64,128,3.0576,3.4944,73.3824,83.8656,513.677,587.059,2232.05,2550.91
aws,eu-north-1,Svezia,c7i,x86(Intel),Intel Xeon Platinum 8488C,96,192,4.5864,5.2416,110.0736,125.7984,770.515,880.589,3348.07,3826.37
aws,eu-north-1,Svezia,c7i,x86(Intel),Intel Xeon Platinum 8488C,192,384,9.1728,10.4832,220.1472,251.5968,1541.03,1761.177,6696.14,7652.73
aws,eu-north-1,Svezia,c8g,ARM,AWS Graviton4,1,2,0.04255,0.02745,1.0212,0.6588,7.148,4.612,31.06,20.04
aws,eu-north-1,Svezia,c8g,ARM,AWS Graviton4,2,4,0.0851,0.0549,2.0424,1.3177,14.297,9.224,62.12,40.08
aws,eu-north-1,Svezia,c8g,ARM,AWS Graviton4,4,8,0.1702,0.10981,4.0848,2.6354,28.594,18.448,124.25,80.16
aws,eu-north-1,Svezia,c8g,ARM,AWS Graviton4,8,16,0.3404,0.21961,8.1696,5.2707,57.187,36.895,248.49,160.32
aws,eu-north-1,Svezia,c8g,ARM,AWS Graviton4,16,32,0.6808,0.43923,16.3392,10.5414,114.374,73.79,496.98,320.63
aws,eu-north-1,Svezia,c8g,ARM,AWS Graviton4,32,64,1.3616,0.87845,32.6784,21.0828,228.749,147.58,993.97,641.27
aws,eu-north-1,Svezia,c8g,ARM,AWS Graviton4,48,96,2.0424,1.31768,49.0176,31.6243,343.123,221.37,1490.95,961.9
aws,eu-north-1,Svezia,c8g,ARM,AWS Graviton4,64,128,2.7232,1.7569,65.3568,42.1657,457.498,295.16,1987.94,1282.54
aws,eu-north-1,Svezia,c8g,ARM,AWS Graviton4,96,192,4.0848,2.63535,98.0352,63.2485,686.246,442.739,2981.9,1923.81
aws,eu-north-1,Svezia,c8g,ARM,AWS Graviton4,192,384,8.1696,5.27071,196.0704,126.497,1372.493,885.479,5963.81,3847.62
aws,eu-north-1,Svezia,c8i,x86(Intel),Intel Xeon 6 6975P-C,2,4,0.10033,0.08918,2.4079,2.1404,16.855,14.982,73.24,65.1
aws,eu-north-1,Svezia,c8i,x86(Intel),Intel Xeon 6 6975P-C,4,8,0.20066,0.17836,4.8158,4.2807,33.711,29.965,146.48,130.2
aws,eu-north-1,Svezia,c8i,x86(Intel),Intel Xeon 6 6975P-C,8,16,0.40132,0.35673,9.6317,8.5615,67.422,59.931,292.96,260.41
aws,eu-north-1,Svezia,c8i,x86(Intel),Intel Xeon 6 6975P-C,16,32,0.80264,0.71346,19.2634,17.123,134.844,119.861,585.93,520.83
aws,eu-north-1,Svezia,c8i,x86(Intel),Intel Xeon 6 6975P-C,32,64,1.60528,1.42692,38.5267,34.246,269.687,239.722,1171.85,1041.64
aws,eu-north-1,Svezia,c8i,x86(Intel),Intel Xeon 6 6975P-C,48,96,2.40792,2.14037,57.7901,51.369,404.531,359.583,1757.78,1562.47
aws,eu-north-1,Svezia,c8i,x86(Intel),Intel Xeon 6 6975P-C,64,128,3.21056,2.85383,77.0534,68.4919,539.374,479.444,2343.71,2083.3
aws,eu-north-1,Svezia,c8i,x86(Intel),Intel Xeon 6 6975P-C,96,192,4.81584,4.28075,115.5802,102.738,809.061,719.165,3515.56,3124.94
aws,eu-north-1,Svezia,c8i,x86(Intel),Intel Xeon 6 6975P-C,128,256,6.42112,5.70766,154.1069,136.9839,1078.748,958.887,4687.42,4166.6
aws,eu-north-1,Svezia,c8i,x86(Intel),Intel Xeon 6 6975P-C,192,384,9.63168,8.56149,231.1603,205.4758,1618.122,1438.331,7031.13,6249.89
aws,eu-north-1,Svezia,c8i,x86(Intel),Intel Xeon 6 6975P-C,384,768,19.26336,17.12299,462.3206,410.9516,3236.244,2876.661,14062.25,12499.78
aws,eu-north-1,Svezia,m6g,ARM,AWS Graviton2,1,4,0.041,0.041,0.984,0.984,6.888,6.888,29.93,29.93
aws,eu-north-1,Svezia,m6g,ARM,AWS Graviton2,2,8,0.082,0.082,1.968,1.968,13.776,13.776,59.86,59.86
aws,eu-north-1,Svezia,m6g,ARM,AWS Graviton2,4,16,0.164,0.164,3.936,3.936,27.552,27.552,119.72,119.72
aws,eu-north-1,Svezia,m6g,ARM,AWS Graviton2,8,32,0.328,0.328,7.872,7.872,55.104,55.104,239.44,239.44
aws,eu-north-1,Svezia,m6g,ARM,AWS Graviton2,16,64,0.656,0.656,15.744,15.744,110.208,110.208,478.88,478.88
aws,eu-north-1,Svezia,m6g,ARM,AWS Graviton2,32,128,1.312,1.312,31.488,31.488,220.416,220.416,957.76,957.76
aws,eu-north-1,Svezia,m6g,ARM,AWS Graviton2,48,192,1.968,1.968,47.232,47.232,330.624,330.624,1436.64,1436.64
aws,eu-north-1,Svezia,m6g,ARM,AWS Graviton2,64,256,2.624,2.624,62.976,62.976,440.832,440.832,1915.52,1915.52
aws,eu-north-1,Svezia,m6i,x86(Intel),Intel Xeon Platinum 8375C,2,8,0.102,0.14191,2.448,3.4059,17.136,23.841,74.46,103.6
aws,eu-north-1,Svezia,m6i,x86(Intel),Intel Xeon Platinum 8375C,4,16,0.204,0.28383,4.896,6.8118,34.272,47.683,148.92,207.19
aws,eu-north-1,Svezia,m6i,x86(Intel),Intel Xeon Platinum 8375C,8,32,0.408,0.56765,9.792,13.6237,68.544,95.366,297.84,414.39
aws,eu-north-1,Svezia,m6i,x86(Intel),Intel Xeon Platinum 8375C,16,64,0.816,1.1353,19.584,27.2473,137.088,190.731,595.68,828.77
aws,eu-north-1,Svezia,m6i,x86(Intel),Intel Xeon Platinum 8375C,32,128,1.632,2.27061,39.168,54.4946,274.176,381.462,1191.36,1657.54
aws,eu-north-1,Svezia,m6i,x86(Intel),Intel Xeon Platinum 8375C,48,192,2.448,3.40591,58.752,81.7419,411.264,572.193,1787.04,2486.32
aws,eu-north-1,Svezia,m6i,x86(Intel),Intel Xeon Platinum 8375C,64,256,3.264,4.54122,78.336,108.9892,548.352,762.925,2382.72,3315.09
aws,eu-north-1,Svezia,m6i,x86(Intel),Intel Xeon Platinum 8375C,96,384,4.896,6.81183,117.504,163.4838,822.528,1144.387,3574.08,4972.63
aws,eu-north-1,Svezia,m6i,x86(Intel),Intel Xeon Platinum 8375C,128,512,6.528,9.08243,156.672,217.9784,1096.704,1525.849,4765.44,6630.18
aws,eu-north-1,Svezia,m7a,x86(AMD),AMD EPYC 9R14,1,4,0.06158,0.03732,1.4779,0.8957,10.345,6.27,44.95,27.24
aws,eu-north-1,Svezia,m7a,x86(AMD),AMD EPYC 9R14,2,8,0.12316,0.07464,2.9558,1.7914,20.691,12.54,89.91,54.49
aws,eu-north-1,Svezia,m7a,x86(AMD),AMD EPYC 9R14,4,16,0.24632,0.14928,5.9117,3.5828,41.382,25.08,179.81,108.98
aws,eu-north-1,Svezia,m7a,x86(AMD),AMD EPYC 9R14,8,32,0.49264,0.29857,11.8234,7.1657,82.764,50.16,359.63,217.96
aws,eu-north-1,Svezia,m7a,x86(AMD),AMD EPYC 9R14,16,64,0.98528,0.59714,23.6467,14.3313,165.527,100.319,719.25,435.91
aws,eu-north-1,Svezia,m7a,x86(AMD),AMD EPYC 9R14,32,128,1.97056,1.19428,47.2934,28.6627,331.054,200.639,1438.51,871.82
aws,eu-north-1,Svezia,m7a,x86(AMD),AMD EPYC 9R14,48,192,2.95584,1.79142,70.9402,42.9941,496.581,300.958,2157.76,1307.73
aws,eu-north-1,Svezia,m7a,x86(AMD),AMD EPYC 9R14,64,256,3.94112,2.38856,94.5869,57.3254,662.108,401.278,2877.02,1743.65
aws,eu-north-1,Svezia,m7a,x86(AMD),AMD EPYC 9R14,96,384,5.91168,3.58284,141.8803,85.9881,993.162,601.916,4315.53,2615.47
aws,eu-north-1,Svezia,m7a,x86(AMD),AMD EPYC 9R14,128,512,7.88224,4.77712,189.1738,114.6508,1324.216,802.555,5754.04,3487.3
aws,eu-north-1,Svezia,m7a,x86(AMD),AMD EPYC 9R14,192,768,11.82336,7.16567,283.7606,171.9761,1986.324,1203.833,8631.05,5230.94
aws,eu-north-1,Svezia,m7g,ARM,AWS Graviton3,1,4,0.0434,0.03472,1.0416,0.8333,7.291,5.833,31.68,25.34
aws,eu-north-1,Svezia,m7g,ARM,AWS Graviton3,2,8,0.0867,0.06936,2.0808,1.6646,14.566,11.653,63.29,50.63
aws,eu-north-1,Svezia,m7g,ARM,AWS Graviton3,4,16,0.1734,0.13872,4.1616,3.3293,29.131,23.305,126.58,101.26
aws,eu-north-1,Svezia,m7g,ARM,AWS Graviton3,8,32,0.3468,0.27744,8.3232,6.6586,58.262,46.61,253.16,202.53
aws,eu-north-1,Svezia,m7g,ARM,AWS Graviton3,16,64,0.6936,0.55488,16.6464,13.3171,116.525,93.22,506.33,405.06
aws,eu-north-1,Svezia,m7g,ARM,AWS Graviton3,32,128,1.3872,1.10976,33.2928,26.6342,233.05,186.44,1012.66,810.13
aws,eu-north-1,Svezia,m7g,ARM,AWS Graviton3,48,192,2.0808,1.66464,49.9392,39.9514,349.574,279.659,1518.98,1215.18
aws,eu-north-1,Svezia,m7g,ARM,AWS Graviton3,64,256,2.7744,2.21952,66.5856,53.2685,466.099,372.879,2025.31,1620.25
aws,eu-north-1,Svezia,m7i,x86(Intel),Intel Xeon Platinum 8488C,2,8,0.1071,0.1224,2.5704,2.9376,17.993,20.563,78.18,89.35
aws,eu-north-1,Svezia,m7i,x86(Intel),Intel Xeon Platinum 8488C,4,16,0.2142,0.2448,5.1408,5.8752,35.986,41.127,156.37,178.71
aws,eu-north-1,Svezia,m7i,x86(Intel),Intel Xeon Platinum 8488C,8,32,0.4284,0.4896,10.2816,11.7504,71.971,82.253,312.73,357.41
aws,eu-north-1,Svezia,m7i,x86(Intel),Intel Xeon Platinum 8488C,16,64,0.8568,0.9792,20.5632,23.5008,143.942,164.505,625.46,714.81
aws,eu-north-1,Svezia,m7i,x86(Intel),Intel Xeon Platinum 8488C,32,128,1.7136,1.9584,41.1264,47.0016,287.885,329.011,1250.93,1429.63
aws,eu-north-1,Svezia,m7i,x86(Intel),Intel Xeon Platinum 8488C,48,192,2.5704,2.9376,61.6896,70.5024,431.827,493.517,1876.39,2144.45
aws,eu-north-1,Svezia,m7i,x86(Intel),Intel Xeon Platinum 8488C,64,256,3.4272,3.9168,82.2528,94.0032,575.77,658.023,2501.86,2859.27
aws,eu-north-1,Svezia,m7i,x86(Intel),Intel Xeon Platinum 8488C,96,384,5.1408,5.8752,123.3792,141.0048,863.654,987.033,3752.78,4288.89
aws,eu-north-1,Svezia,m7i,x86(Intel),Intel Xeon Platinum 8488C,192,768,10.2816,11.7504,246.7584,282.0096,1727.309,1974.067,7505.57,8577.79
aws,eu-north-1,Svezia,m8g,ARM,AWS Graviton4,1,4,0.04769,0.03077,1.1446,0.7385,8.012,5.169,34.81,22.46
aws,eu-north-1,Svezia,m8g,ARM,AWS Graviton4,2,8,0.09538,0.06154,2.2891,1.4768,16.024,10.338,69.63,44.92
aws,eu-north-1,Svezia,m8g,ARM,AWS Graviton4,4,16,0.19076,0.12307,4.5782,2.9537,32.048,20.676,139.25,89.84
aws,eu-north-1,Svezia,m8g,ARM,AWS Graviton4,8,32,0.38152,0.24614,9.1565,5.9074,64.095,41.352,278.51,179.68
aws,eu-north-1,Svezia,m8g,ARM,AWS Graviton4,16,64,0.76304,0.49228,18.313,11.8148,128.191,82.704,557.02,359.37
aws,eu-north-1,Svezia,m8g,ARM,AWS Graviton4,32,128,1.52608,0.98457,36.6259,23.6296,256.381,165.407,1114.04,718.74
aws,eu-north-1,Svezia,m8g,ARM,AWS Graviton4,48,192,2.28912,1.47685,54.9389,35.4445,384.572,248.111,1671.06,1078.1
aws,eu-north-1,Svezia,m8g,ARM,AWS Graviton4,64,256,3.05216,1.96914,73.2518,47.2592,512.763,330.815,2228.08,1437.47
aws,eu-north-1,Svezia,m8g,ARM,AWS Graviton4,96,384,4.57824,2.9537,109.8778,70.8889,769.144,496.222,3342.12,2156.21
aws,eu-north-1,Svezia,m8g,ARM,AWS Graviton4,192,768,9.15648,5.90741,219.7555,141.7777,1538.289,992.445,6684.23,4312.41
aws,eu-north-1,Svezia,r6g,ARM,AWS Graviton2,1,8,0.0535,0.0535,1.284,1.284,8.988,8.988,39.06,39.06
aws,eu-north-1,Svezia,r6g,ARM,AWS Graviton2,2,16,0.107,0.107,2.568,2.568,17.976,17.976,78.11,78.11
aws,eu-north-1,Svezia,r6g,ARM,AWS Graviton2,4,32,0.214,0.214,5.136,5.136,35.952,35.952,156.22,156.22
aws,eu-north-1,Svezia,r6g,ARM,AWS Graviton2,8,64,0.428,0.428,10.272,10.272,71.904,71.904,312.44,312.44
aws,eu-north-1,Svezia,r6g,ARM,AWS Graviton2,16,128,0.856,0.856,20.544,20.544,143.808,143.808,624.88,624.88
aws,eu-north-1,Svezia,r6g,ARM,AWS Graviton2,32,256,1.712,1.712,41.088,41.088,287.616,287.616,1249.76,1249.76
aws,eu-north-1,Svezia,r6g,ARM,AWS Graviton2,48,384,2.568,2.568,61.632,61.632,431.424,431.424,1874.64,1874.64
aws,eu-north-1,Svezia,r6g,ARM,AWS Graviton2,64,512,3.424,3.424,82.176,82.176,575.232,575.232,2499.52,2499.52
aws,eu-north-1,Svezia,r6i,x86(Intel),Intel Xeon Platinum 8375C,2,16,0.134,0.18643,3.216,4.4744,22.512,31.321,97.82,136.1
aws,eu-north-1,Svezia,r6i,x86(Intel),Intel Xeon Platinum 8375C,4,32,0.268,0.37287,6.432,8.9489,45.024,62.642,195.64,272.19
aws,eu-north-1,Svezia,r6i,x86(Intel),Intel Xeon Platinum 8375C,8,64,0.536,0.74574,12.864,17.8977,90.048,125.284,391.28,544.39
aws,eu-north-1,Svezia,r6i,x86(Intel),Intel Xeon Platinum 8375C,16,128,1.072,1.49148,25.728,35.7955,180.096,250.568,782.56,1088.78
aws,eu-north-1,Svezia,r6i,x86(Intel),Intel Xeon Platinum 8375C,32,256,2.144,2.98296,51.456,71.591,360.192,501.137,1565.12,2177.56
aws,eu-north-1,Svezia,r6i,x86(Intel),Intel Xeon Platinum 8375C,48,384,3.216,4.47443,77.184,107.3864,540.288,751.705,2347.68,3266.34
aws,eu-north-1,Svezia,r6i,x86(Intel),Intel Xeon Platinum 8375C,64,512,4.288,5.96591,102.912,143.1819,720.384,1002.273,3130.24,4355.12
aws,eu-north-1,Svezia,r6i,x86(Intel),Intel Xeon Platinum 8375C,96,768,6.432,8.94887,154.368,214.7729,1080.576,1503.41,4695.36,6532.67
aws,eu-north-1,Svezia,r6i,x86(Intel),Intel Xeon Platinum 8375C,128,1024,8.576,11.93183,205.824,286.3638,1440.768,2004.547,6260.48,8710.23
aws,eu-north-1,Svezia,r7a,x86(AMD),AMD EPYC 9R14,1,8,0.0809,0.04903,1.9416,1.1767,13.591,8.237,59.06,35.79
aws,eu-north-1,Svezia,r7a,x86(AMD),AMD EPYC 9R14,2,16,0.1618,0.09806,3.8832,2.3535,27.182,16.474,118.11,71.58
aws,eu-north-1,Svezia,r7a,x86(AMD),AMD EPYC 9R14,4,32,0.3236,0.19612,7.7664,4.7069,54.365,32.948,236.23,143.17
aws,eu-north-1,Svezia,r7a,x86(AMD),AMD EPYC 9R14,8,64,0.6472,0.39224,15.5328,9.4138,108.73,65.897,472.46,286.34
aws,eu-north-1,Svezia,r7a,x86(AMD),AMD EPYC 9R14,16,128,1.2944,0.78448,31.0656,18.8276,217.459,131.793,944.91,572.67
aws,eu-north-1,Svezia,r7a,x86(AMD),AMD EPYC 9R14,32,256,2.5888,1.56897,62.1312,37.6553,434.918,263.587,1889.82,1145.35
aws,eu-north-1,Svezia,r7a,x86(AMD),AMD EPYC 9R14,48,384,3.8832,2.35345,93.1968,56.4829,652.378,395.381,2834.74,1718.02
aws,eu-north-1,Svezia,r7a,x86(AMD),AMD EPYC 9R14,64,512,5.1776,3.13794,124.2624,75.3105,869.837,527.174,3779.65,2290.7
aws,eu-north-1,Svezia,r7a,x86(AMD),AMD EPYC 9R14,96,768,7.7664,4.70691,186.3936,112.9658,1304.755,790.761,5669.47,3436.04
aws,eu-north-1,Svezia,r7a,x86(AMD),AMD EPYC 9R14,128,1024,10.3552,6.27588,248.5248,150.6211,1739.674,1054.348,7559.3,4581.39
aws,eu-north-1,Svezia,r7a,x86(AMD),AMD EPYC 9R14,192,1536,15.5328,9.41382,372.7872,225.9316,2609.51,1581.521,11338.94,6872.08
aws,eu-north-1,Svezia,r7g,ARM,AWS Graviton3,1,8,0.057,0.0456,1.368,1.0944,9.576,7.661,41.61,33.29
aws,eu-north-1,Svezia,r7g,ARM,AWS Graviton3,2,16,0.1139,0.09112,2.7336,2.1869,19.135,15.308,83.15,66.52
aws,eu-north-1,Svezia,r7g,ARM,AWS Graviton3,4,32,0.2278,0.18224,5.4672,4.3738,38.27,30.616,166.29,133.03
aws,eu-north-1,Svezia,r7g,ARM,AWS Graviton3,8,64,0.4556,0.36448,10.9344,8.7475,76.541,61.233,332.59,266.07
aws,eu-north-1,Svezia,r7g,ARM,AWS Graviton3,16,128,0.9112,0.72896,21.8688,17.495,153.082,122.466,665.18,532.14
aws,eu-north-1,Svezia,r7g,ARM,AWS Graviton3,32,256,1.8224,1.45792,43.7376,34.9901,306.163,244.93,1330.35,1064.28
aws,eu-north-1,Svezia,r7g,ARM,AWS Graviton3,48,384,2.7336,2.18688,65.6064,52.4851,459.245,367.396,1995.53,1596.42
aws,eu-north-1,Svezia,r7g,ARM,AWS Graviton3,64,512,3.6448,2.91584,87.4752,69.9802,612.326,489.861,2660.7,2128.56
aws,eu-north-1,Svezia,r7i,x86(Intel),Intel Xeon Platinum 8488C,2,16,0.1407,0.1608,3.3768,3.8592,23.638,27.015,102.71,117.38
aws,eu-north-1,Svezia,r7i,x86(Intel),Intel Xeon Platinum 8488C,4,32,0.2814,0.3216,6.7536,7.7184,47.275,54.029,205.42,234.77
aws,eu-north-1,Svezia,r7i,x86(Intel),Intel Xeon Platinum 8488C,8,64,0.5628,0.6432,13.5072,15.4368,94.55,108.057,410.84,469.53
aws,eu-north-1,Svezia,r7i,x86(Intel),Intel Xeon Platinum 8488C,16,128,1.1256,1.2864,27.0144,30.8736,189.101,216.115,821.69,939.07
aws,eu-north-1,Svezia,r7i,x86(Intel),Intel Xeon Platinum 8488C,32,256,2.2512,2.5728,54.0288,61.7472,378.202,432.231,1643.38,1878.15
aws,eu-north-1,Svezia,r7i,x86(Intel),Intel Xeon Platinum 8488C,48,384,3.3768,3.8592,81.0432,92.6208,567.302,648.345,2465.06,2817.21
aws,eu-north-1,Svezia,r7i,x86(Intel),Intel Xeon Platinum 8488C,64,512,4.5024,5.1456,108.0576,123.4944,756.403,864.461,3286.75,3756.29
aws,eu-north-1,Svezia,r7i,x86(Intel),Intel Xeon Platinum 8488C,96,768,6.7536,7.7184,162.0864,185.2416,1134.605,1296.691,4930.13,5634.43
aws,eu-north-1,Svezia,r7i,x86(Intel),Intel Xeon Platinum 8488C,192,1536,13.5072,15.4368,324.1728,370.4832,2269.21,2593.383,9860.26,11268.87
aws,eu-north-1,Svezia,r8g,ARM,AWS Graviton4,1,8,0.06265,0.04042,1.5036,0.9701,10.525,6.79,45.73,29.5
aws,eu-north-1,Svezia,r8g,ARM,AWS Graviton4,2,16,0.12529,0.08083,3.007,1.94,21.049,13.58,91.46,59.01
aws,eu-north-1,Svezia,r8g,ARM,AWS Graviton4,4,32,0.25058,0.16166,6.0139,3.8799,42.097,27.159,182.92,118.01
aws,eu-north-1,Svezia,r8g,ARM,AWS Graviton4,8,64,0.50116,0.32333,12.0278,7.7599,84.195,54.319,365.85,236.03
aws,eu-north-1,Svezia,r8g,ARM,AWS Graviton4,16,128,1.00232,0.64666,24.0557,15.5198,168.39,108.639,731.69,472.06
aws,eu-north-1,Svezia,r8g,ARM,AWS Graviton4,32,256,2.00464,1.29332,48.1114,31.0396,336.78,217.277,1463.39,944.12
aws,eu-north-1,Svezia,r8g,ARM,AWS Graviton4,48,384,3.00696,1.93997,72.167,46.5594,505.169,325.915,2195.08,1416.18
aws,eu-north-1,Svezia,r8g,ARM,AWS Graviton4,64,512,4.00928,2.58663,96.2227,62.0792,673.559,434.554,2926.77,1888.24
aws,eu-north-1,Svezia,r8g,ARM,AWS Graviton4,96,768,6.01392,3.87995,144.3341,93.1188,1010.339,651.832,4390.16,2832.36
aws,eu-north-1,Svezia,r8g,ARM,AWS Graviton4,192,1536,12.02784,7.7599,288.6682,186.2375,2020.677,1303.663,8780.32,5664.72
aws,eu-north-1,Svezia,r8i,x86(Intel),Intel Xeon 6 6985P-C,2,16,0.14774,0.13132,3.5458,3.1518,24.82,22.062,107.85,95.87
aws,eu-north-1,Svezia,r8i,x86(Intel),Intel Xeon 6 6985P-C,4,32,0.29548,0.26265,7.0915,6.3036,49.641,44.125,215.7,191.73
aws,eu-north-1,Svezia,r8i,x86(Intel),Intel Xeon 6 6985P-C,8,64,0.59096,0.5253,14.183,12.6071,99.281,88.25,431.4,383.47
aws,eu-north-1,Svezia,r8i,x86(Intel),Intel Xeon 6 6985P-C,16,128,1.18192,1.0506,28.3661,25.2143,198.563,176.5,862.8,766.93
aws,eu-north-1,Svezia,r8i,x86(Intel),Intel Xeon 6 6985P-C,32,256,2.36384,2.10119,56.7322,50.4286,397.125,353.0,1725.6,1533.87
aws,eu-north-1,Svezia,r8i,x86(Intel),Intel Xeon 6 6985P-C,48,384,3.54576,3.15179,85.0982,75.6428,595.688,529.5,2588.4,2300.8
aws,eu-north-1,Svezia,r8i,x86(Intel),Intel Xeon 6 6985P-C,64,512,4.72768,4.20238,113.4643,100.8572,794.25,706.0,3451.21,3067.74
aws,eu-north-1,Svezia,r8i,x86(Intel),Intel Xeon 6 6985P-C,96,768,7.09152,6.30357,170.1965,151.2858,1191.375,1059.0,5176.81,4601.61
aws,eu-north-1,Svezia,r8i,x86(Intel),Intel Xeon 6 6985P-C,128,1024,9.45536,8.40476,226.9286,201.7143,1588.5,1412.0,6902.41,6135.48
aws,eu-north-1,Svezia,r8i,x86(Intel),Intel Xeon 6 6985P-C,192,1536,14.18304,12.60715,340.393,302.5716,2382.751,2118.001,10353.62,9203.22
aws,eu-north-1,Svezia,r8i,x86(Intel),Intel Xeon 6 6985P-C,384,3072,28.36608,25.21429,680.7859,605.143,4765.501,4236.001,20707.24,18406.44
aws,eu-north-1,Svezia,x8g,ARM,AWS Graviton4,1,16,0.11123,0.07176,2.6695,1.7223,18.687,12.056,81.2,52.39
aws,eu-north-1,Svezia,x8g,ARM,AWS Graviton4,2,32,0.22246,0.14352,5.339,3.4445,37.373,24.112,162.4,104.77
aws,eu-north-1,Svezia,x8g,ARM,AWS Graviton4,4,64,0.44492,0.28705,10.6781,6.8891,74.747,48.224,324.79,209.54
aws,eu-north-1,Svezia,x8g,ARM,AWS Graviton4,8,128,0.88984,0.57409,21.3562,13.7782,149.493,96.447,649.58,419.08
aws,eu-north-1,Svezia,x8g,ARM,AWS Graviton4,16,256,1.77968,1.14818,42.7123,27.5563,298.986,192.894,1299.17,838.17
aws,eu-north-1,Svezia,x8g,ARM,AWS Graviton4,32,512,3.55936,2.29636,85.4246,55.1126,597.972,385.788,2598.33,1676.34
aws,eu-north-1,Svezia,x8g,ARM,AWS Graviton4,48,768,5.33904,3.44454,128.137,82.669,896.959,578.683,3897.5,2514.52
aws,eu-north-1,Svezia,x8g,ARM,AWS Graviton4,64,1024,7.11872,4.59272,170.8493,110.2254,1195.945,771.577,5196.67,3352.69
aws,eu-north-1,Svezia,x8g,ARM,AWS Graviton4,96,1536,10.67808,6.88908,256.2739,165.338,1793.917,1157.366,7795.0,5029.03
aws,eu-north-1,Svezia,x8g,ARM,AWS Graviton4,192,3072,21.35616,13.77817,512.5478,330.676,3587.835,2314.732,15590.0,10058.06
aws,eu-north-1,Svezia,x8i,x86(Intel),Intel Xeon 6 6975P-C,2,32,0.24956,0.22183,5.9894,5.3239,41.926,37.268,182.18,161.94
aws,eu-north-1,Svezia,x8i,x86(Intel),Intel Xeon 6 6975P-C,4,64,0.49912,0.44366,11.9789,10.6479,83.852,74.535,364.36,323.88
aws,eu-north-1,Svezia,x8i,x86(Intel),Intel Xeon 6 6975P-C,8,128,0.99824,0.88732,23.9578,21.2958,167.704,149.07,728.72,647.75
aws,eu-north-1,Svezia,x8i,x86(Intel),Intel Xeon 6 6975P-C,16,256,1.99648,1.77465,47.9155,42.5916,335.409,298.141,1457.43,1295.49
aws,eu-north-1,Svezia,x8i,x86(Intel),Intel Xeon 6 6975P-C,32,512,3.99296,3.5493,95.831,85.1831,670.817,596.282,2914.86,2590.99
aws,eu-north-1,Svezia,x8i,x86(Intel),Intel Xeon 6 6975P-C,48,768,5.98944,5.32395,143.7466,127.7748,1006.226,894.423,4372.29,3886.48
aws,eu-north-1,Svezia,x8i,x86(Intel),Intel Xeon 6 6975P-C,64,1024,7.98592,7.0986,191.6621,170.3663,1341.635,1192.564,5829.72,5181.97
aws,eu-north-1,Svezia,x8i,x86(Intel),Intel Xeon 6 6975P-C,96,1536,11.97888,10.64789,287.4931,255.5494,2012.452,1788.846,8744.58,7772.96
aws,eu-north-1,Svezia,x8i,x86(Intel),Intel Xeon 6 6975P-C,128,2048,15.97184,14.19719,383.3242,340.7326,2683.269,2385.128,11659.44,10363.95
aws,eu-north-1,Svezia,x8i,x86(Intel),Intel Xeon 6 6975P-C,192,3072,23.95776,21.29579,574.9862,511.0988,4024.904,3577.692,17489.16,15545.92
aws,eu-north-1,Svezia,x8i,x86(Intel),Intel Xeon 6 6975P-C,256,4096,31.94368,28.39438,766.6483,681.4652,5366.538,4770.256,23318.89,20727.9
aws,eu-north-1,Svezia,x8i,x86(Intel),Intel Xeon 6 6975P-C,384,6144,51.7837,46.02996,1242.8088,1104.7189,8699.662,7733.033,37802.1,33601.87
aws,eu-south-1,Italia,c6g,ARM,AWS Graviton2,1,2,0.0404,0.0404,0.9696,0.9696,6.787,6.787,29.49,29.49
aws,eu-south-1,Italia,c6g,ARM,AWS Graviton2,2,4,0.0808,0.0808,1.9392,1.9392,13.574,13.574,58.98,58.98
aws,eu-south-1,Italia,c6g,ARM,AWS Graviton2,4,8,0.1616,0.1616,3.8784,3.8784,27.149,27.149,117.97,117.97
aws,eu-south-1,Italia,c6g,ARM,AWS Graviton2,8,16,0.3232,0.3232,7.7568,7.7568,54.298,54.298,235.94,235.94
aws,eu-south-1,Italia,c6g,ARM,AWS Graviton2,16,32,0.6464,0.6464,15.5136,15.5136,108.595,108.595,471.87,471.87
aws,eu-south-1,Italia,c6g,ARM,AWS Graviton2,32,64,1.2928,1.2928,31.0272,31.0272,217.19,217.19,943.74,943.74
aws,eu-south-1,Italia,c6g,ARM,AWS Graviton2,48,96,1.9392,1.9392,46.5408,46.5408,325.786,325.786,1415.62,1415.62
aws,eu-south-1,Italia,c6g,ARM,AWS Graviton2,64,128,2.5856,2.5856,62.0544,62.0544,434.381,434.381,1887.49,1887.49
aws,eu-south-1,Italia,c6i,x86(Intel),Intel Xeon Platinum 8375C,2,4,0.101,0.14052,2.424,3.3725,16.968,23.608,73.73,102.58
aws,eu-south-1,Italia,c6i,x86(Intel),Intel Xeon Platinum 8375C,4,8,0.202,0.28104,4.848,6.745,33.936,47.215,147.46,205.16
aws,eu-south-1,Italia,c6i,x86(Intel),Intel Xeon Platinum 8375C,8,16,0.404,0.56209,9.696,13.4901,67.872,94.431,294.92,410.32
aws,eu-south-1,Italia,c6i,x86(Intel),Intel Xeon Platinum 8375C,16,32,0.808,1.12417,19.392,26.9802,135.744,188.861,589.84,820.65
aws,eu-south-1,Italia,c6i,x86(Intel),Intel Xeon Platinum 8375C,32,64,1.616,2.24835,38.784,53.9603,271.488,377.722,1179.68,1641.29
aws,eu-south-1,Italia,c6i,x86(Intel),Intel Xeon Platinum 8375C,48,96,2.424,3.37252,58.176,80.9405,407.232,566.584,1769.52,2461.94
aws,eu-south-1,Italia,c6i,x86(Intel),Intel Xeon Platinum 8375C,64,128,3.232,4.4967,77.568,107.9207,542.976,755.445,2359.36,3282.59
aws,eu-south-1,Italia,c6i,x86(Intel),Intel Xeon Platinum 8375C,96,192,4.848,6.74504,116.352,161.881,814.464,1133.167,3539.04,4923.88
aws,eu-south-1,Italia,c6i,x86(Intel),Intel Xeon Platinum 8375C,128,256,6.464,8.99339,155.136,215.8414,1085.952,1510.89,4718.72,6565.18
aws,eu-south-1,Italia,c7g,ARM,AWS Graviton3,1,2,0.0428,0.03424,1.0272,0.8218,7.19,5.752,31.24,24.99
aws,eu-south-1,Italia,c7g,ARM,AWS Graviton3,2,4,0.0856,0.06848,2.0544,1.6435,14.381,11.505,62.49,49.99
aws,eu-south-1,Italia,c7g,ARM,AWS Graviton3,4,8,0.1713,0.13704,4.1112,3.289,28.778,23.022,125.05,100.04
aws,eu-south-1,Italia,c7g,ARM,AWS Graviton3,8,16,0.3426,0.27408,8.2224,6.5779,57.557,46.046,250.1,200.08
aws,eu-south-1,Italia,c7g,ARM,AWS Graviton3,16,32,0.6852,0.54816,16.4448,13.1558,115.114,92.091,500.2,400.16
aws,eu-south-1,Italia,c7g,ARM,AWS Graviton3,32,64,1.3704,1.09632,32.8896,26.3117,230.227,184.182,1000.39,800.31
aws,eu-south-1,Italia,c7g,ARM,AWS Graviton3,48,96,2.0556,1.64448,49.3344,39.4675,345.341,276.273,1500.59,1200.47
aws,eu-south-1,Italia,c7g,ARM,AWS Graviton3,64,128,2.7407,2.19256,65.7768,52.6214,460.438,368.35,2000.71,1600.57
aws,eu-south-1,Italia,c8g,ARM,AWS Graviton4,1,2,0.04711,0.03039,1.1306,0.7294,7.914,5.106,34.39,22.19
aws,eu-south-1,Italia,c8g,ARM,AWS Graviton4,2,4,0.09422,0.06079,2.2613,1.4589,15.829,10.212,68.78,44.37
aws,eu-south-1,Italia,c8g,ARM,AWS Graviton4,4,8,0.18844,0.12157,4.5226,2.9178,31.658,20.425,137.56,88.75
aws,eu-south-1,Italia,c8g,ARM,AWS Graviton4,8,16,0.37688,0.24315,9.0451,5.8355,63.316,40.849,275.12,177.5
aws,eu-south-1,Italia,c8g,ARM,AWS Graviton4,16,32,0.75376,0.4863,18.0902,11.6711,126.632,81.698,550.24,354.99
aws,eu-south-1,Italia,c8g,ARM,AWS Graviton4,32,64,1.50752,0.97259,36.1805,23.3423,253.263,163.395,1100.49,709.99
aws,eu-south-1,Italia,c8g,ARM,AWS Graviton4,48,96,2.26128,1.45889,54.2707,35.0134,379.895,245.094,1650.73,1064.99
aws,eu-south-1,Italia,c8g,ARM,AWS Graviton4,64,128,3.01504,1.94519,72.361,46.6845,506.527,326.792,2200.98,1419.99
aws,eu-south-1,Italia,c8g,ARM,AWS Graviton4,96,192,4.52256,2.91778,108.5414,70.0267,759.79,490.187,3301.47,2129.98
aws,eu-south-1,Italia,c8g,ARM,AWS Graviton4,192,384,9.04512,5.83556,217.0829,140.0535,1519.58,980.374,6602.94,4259.96
aws,eu-south-1,Italia,m6a,x86(AMD),AMD EPYC 7R13,2,8,0.1008,0.12406,2.4192,2.9775,16.934,20.842,73.58,90.56
aws,eu-south-1,Italia,m6a,x86(AMD),AMD EPYC 7R13,4,16,0.2016,0.24812,4.8384,5.955,33.869,41.685,147.17,181.13
aws,eu-south-1,Italia,m6a,x86(AMD),AMD EPYC 7R13,8,32,0.4032,0.49625,9.6768,11.9099,67.738,83.37,294.34,362.26
aws,eu-south-1,Italia,m6a,x86(AMD),AMD EPYC 7R13,16,64,0.8064,0.99249,19.3536,23.8198,135.475,166.738,588.67,724.52
aws,eu-south-1,Italia,m6a,x86(AMD),AMD EPYC 7R13,32,128,1.6128,1.98498,38.7072,47.6396,270.95,333.477,1177.34,1449.03
aws,eu-south-1,Italia,m6a,x86(AMD),AMD EPYC 7R13,48,192,2.4192,2.97748,58.0608,71.4594,406.426,500.217,1766.02,2173.56
aws,eu-south-1,Italia,m6a,x86(AMD),AMD EPYC 7R13,64,256,3.2256,3.96997,77.4144,95.2793,541.901,666.955,2354.69,2898.08
aws,eu-south-1,Italia,m6a,x86(AMD),AMD EPYC 7R13,96,384,4.8384,5.95495,116.1216,142.9189,812.851,1000.432,3532.03,4347.11
aws,eu-south-1,Italia,m6a,x86(AMD),AMD EPYC 7R13,128,512,6.4512,7.93994,154.8288,190.5585,1083.802,1333.91,4709.38,5796.16
aws,eu-south-1,Italia,m6a,x86(AMD),AMD EPYC 7R13,192,768,9.6768,11.90991,232.2432,285.8378,1625.702,2000.864,7064.06,8694.23
aws,eu-south-1,Italia,m6g,ARM,AWS Graviton2,1,4,0.0448,0.0448,1.0752,1.0752,7.526,7.526,32.7,32.7
aws,eu-south-1,Italia,m6g,ARM,AWS Graviton2,2,8,0.0896,0.0896,2.1504,2.1504,15.053,15.053,65.41,65.41
aws,eu-south-1,Italia,m6g,ARM,AWS Graviton2,4,16,0.1792,0.1792,4.3008,4.3008,30.106,30.106,130.82,130.82
aws,eu-south-1,Italia,m6g,ARM,AWS Graviton2,8,32,0.3584,0.3584,8.6016,8.6016,60.211,60.211,261.63,261.63
aws,eu-south-1,Italia,m6g,ARM,AWS Graviton2,16,64,0.7168,0.7168,17.2032,17.2032,120.422,120.422,523.26,523.26
aws,eu-south-1,Italia,m6g,ARM,AWS Graviton2,32,128,1.4336,1.4336,34.4064,34.4064,240.845,240.845,1046.53,1046.53
aws,eu-south-1,Italia,m6g,ARM,AWS Graviton2,48,192,2.1504,2.1504,51.6096,51.6096,361.267,361.267,1569.79,1569.79
aws,eu-south-1,Italia,m6g,ARM,AWS Graviton2,64,256,2.8672,2.8672,68.8128,68.8128,481.69,481.69,2093.06,2093.06
aws,eu-south-1,Italia,m6i,x86(Intel),Intel Xeon Platinum 8375C,2,8,0.112,0.15583,2.688,3.7398,18.816,26.179,81.76,113.75
aws,eu-south-1,Italia,m6i,x86(Intel),Intel Xeon Platinum 8375C,4,16,0.224,0.31165,5.376,7.4797,37.632,52.358,163.52,227.51
aws,eu-south-1,Italia,m6i,x86(Intel),Intel Xeon Platinum 8375C,8,32,0.448,0.6233,10.752,14.9593,75.264,104.715,327.04,455.01
aws,eu-south-1,Italia,m6i,x86(Intel),Intel Xeon Platinum 8375C,16,64,0.896,1.24661,21.504,29.9186,150.528,209.43,654.08,910.02
aws,eu-south-1,Italia,m6i,x86(Intel),Intel Xeon Platinum 8375C,32,128,1.792,2.49322,43.008,59.8372,301.056,418.861,1308.16,1820.05
aws,eu-south-1,Italia,m6i,x86(Intel),Intel Xeon Platinum 8375C,48,192,2.688,3.73983,64.512,89.7558,451.584,628.291,1962.24,2730.07
aws,eu-south-1,Italia,m6i,x86(Intel),Intel Xeon Platinum 8375C,64,256,3.584,4.98643,86.016,119.6744,602.112,837.721,2616.32,3640.1
aws,eu-south-1,Italia,m6i,x86(Intel),Intel Xeon Platinum 8375C,96,384,5.376,7.47965,129.024,179.5117,903.168,1256.582,3924.48,5460.15
aws,eu-south-1,Italia,m6i,x86(Intel),Intel Xeon Platinum 8375C,128,512,7.168,9.97287,172.032,239.3489,1204.224,1675.442,5232.64,7280.19
aws,eu-south-1,Italia,m7i,x86(Intel),Intel Xeon Platinum 8488C,2,8,0.1176,0.1344,2.8224,3.2256,19.757,22.579,85.85,98.11
aws,eu-south-1,Italia,m7i,x86(Intel),Intel Xeon Platinum 8488C,4,16,0.2352,0.2688,5.6448,6.4512,39.514,45.159,171.7,196.23
aws,eu-south-1,Italia,m7i,x86(Intel),Intel Xeon Platinum 8488C,8,32,0.4704,0.5376,11.2896,12.9024,79.027,90.317,343.39,392.45
aws,eu-south-1,Italia,m7i,x86(Intel),Intel Xeon Platinum 8488C,16,64,0.9408,1.0752,22.5792,25.8048,158.054,180.633,686.78,784.89
aws,eu-south-1,Italia,m7i,x86(Intel),Intel Xeon Platinum 8488C,32,128,1.8816,2.1504,45.1584,51.6096,316.109,361.267,1373.57,1569.79
aws,eu-south-1,Italia,m7i,x86(Intel),Intel Xeon Platinum 8488C,48,192,2.8224,3.2256,67.7376,77.4144,474.163,541.901,2060.35,2354.69
aws,eu-south-1,Italia,m7i,x86(Intel),Intel Xeon Platinum 8488C,64,256,3.7632,4.3008,90.3168,103.2192,632.218,722.535,2747.14,3139.59
aws,eu-south-1,Italia,m7i,x86(Intel),Intel Xeon Platinum 8488C,96,384,5.6448,6.4512,135.4752,154.8288,948.326,1083.801,4120.7,4709.37
aws,eu-south-1,Italia,m7i,x86(Intel),Intel Xeon Platinum 8488C,192,768,11.2896,12.9024,270.9504,309.6576,1896.653,2167.603,8241.41,9418.75
aws,eu-south-1,Italia,m8g,ARM,AWS Graviton4,1,4,0.05236,0.03378,1.2566,0.8107,8.796,5.675,38.22,24.66
aws,eu-south-1,Italia,m8g,ARM,AWS Graviton4,2,8,0.10472,0.06756,2.5133,1.6215,17.593,11.35,76.45,49.32
aws,eu-south-1,Italia,m8g,ARM,AWS Graviton4,4,16,0.20944,0.13512,5.0266,3.243,35.186,22.701,152.89,98.64
aws,eu-south-1,Italia,m8g,ARM,AWS Graviton4,8,32,0.41888,0.27025,10.0531,6.4859,70.372,45.401,305.78,197.28
aws,eu-south-1,Italia,m8g,ARM,AWS Graviton4,16,64,0.83776,0.54049,20.1062,12.9717,140.744,90.803,611.56,394.55
aws,eu-south-1,Italia,m8g,ARM,AWS Graviton4,32,128,1.67552,1.08098,40.2125,25.9435,281.487,181.605,1223.13,789.12
aws,eu-south-1,Italia,m8g,ARM,AWS Graviton4,48,192,2.51328,1.62147,60.3187,38.9153,422.231,272.407,1834.69,1183.67
aws,eu-south-1,Italia,m8g,ARM,AWS Graviton4,64,256,3.35104,2.16196,80.425,51.8871,562.975,363.21,2446.26,1578.23
aws,eu-south-1,Italia,m8g,ARM,AWS Graviton4,96,384,5.02656,3.24294,120.6374,77.8306,844.462,544.814,3669.39,2367.35
aws,eu-south-1,Italia,m8g,ARM,AWS Graviton4,192,768,10.05312,6.48588,241.2749,155.6612,1688.924,1089.628,7338.78,4734.7
aws,eu-south-1,Italia,r6g,ARM,AWS Graviton2,1,8,0.0592,0.0592,1.4208,1.4208,9.946,9.946,43.22,43.22
aws,eu-south-1,Italia,r6g,ARM,AWS Graviton2,2,16,0.1184,0.1184,2.8416,2.8416,19.891,19.891,86.43,86.43
aws,eu-south-1,Italia,r6g,ARM,AWS Graviton2,4,32,0.2368,0.2368,5.6832,5.6832,39.782,39.782,172.86,172.86
aws,eu-south-1,Italia,r6g,ARM,AWS Graviton2,8,64,0.4736,0.4736,11.3664,11.3664,79.565,79.565,345.73,345.73
aws,eu-south-1,Italia,r6g,ARM,AWS Graviton2,16,128,0.9472,0.9472,22.7328,22.7328,159.13,159.13,691.46,691.46
aws,eu-south-1,Italia,r6g,ARM,AWS Graviton2,32,256,1.8944,1.8944,45.4656,45.4656,318.259,318.259,1382.91,1382.91
aws,eu-south-1,Italia,r6g,ARM,AWS Graviton2,48,384,2.8416,2.8416,68.1984,68.1984,477.389,477.389,2074.37,2074.37
aws,eu-south-1,Italia,r6g,ARM,AWS Graviton2,64,512,3.7888,3.7888,90.9312,90.9312,636.518,636.518,2765.82,2765.82
aws,eu-south-1,Italia,r6i,x86(Intel),Intel Xeon Platinum 8375C,2,16,0.148,0.20591,3.552,4.9419,24.864,34.593,108.04,150.32
aws,eu-south-1,Italia,r6i,x86(Intel),Intel Xeon Platinum 8375C,4,32,0.296,0.41183,7.104,9.8838,49.728,69.187,216.08,300.63
aws,eu-south-1,Italia,r6i,x86(Intel),Intel Xeon Platinum 8375C,8,64,0.592,0.82365,14.208,19.7677,99.456,138.374,432.16,601.27
aws,eu-south-1,Italia,r6i,x86(Intel),Intel Xeon Platinum 8375C,16,128,1.184,1.6473,28.416,39.5353,198.912,276.747,864.32,1202.53
aws,eu-south-1,Italia,r6i,x86(Intel),Intel Xeon Platinum 8375C,32,256,2.368,3.29461,56.832,79.0706,397.824,553.494,1728.64,2405.06
aws,eu-south-1,Italia,r6i,x86(Intel),Intel Xeon Platinum 8375C,48,384,3.552,4.94191,85.248,118.6059,596.736,830.241,2592.96,3607.6
aws,eu-south-1,Italia,r6i,x86(Intel),Intel Xeon Platinum 8375C,64,512,4.736,6.58922,113.664,158.1412,795.648,1106.989,3457.28,4810.13
aws,eu-south-1,Italia,r6i,x86(Intel),Intel Xeon Platinum 8375C,96,768,7.104,9.88383,170.496,237.2118,1193.472,1660.483,5185.92,7215.19
aws,eu-south-1,Italia,r6i,x86(Intel),Intel Xeon Platinum 8375C,128,1024,9.472,13.17843,227.328,316.2824,1591.296,2213.977,6914.56,9620.26
aws,eu-south-1,Italia,r7g,ARM,AWS Graviton3,1,8,0.0628,0.05024,1.5072,1.2058,10.55,8.44,45.84,36.67
aws,eu-south-1,Italia,r7g,ARM,AWS Graviton3,2,16,0.1255,0.1004,3.012,2.4096,21.084,16.867,91.62,73.3
aws,eu-south-1,Italia,r7g,ARM,AWS Graviton3,4,32,0.251,0.2008,6.024,4.8192,42.168,33.734,183.23,146.58
aws,eu-south-1,Italia,r7g,ARM,AWS Graviton3,8,64,0.502,0.4016,12.048,9.6384,84.336,67.469,366.46,293.17
aws,eu-south-1,Italia,r7g,ARM,AWS Graviton3,16,128,1.004,0.8032,24.096,19.2768,168.672,134.938,732.92,586.34
aws,eu-south-1,Italia,r7g,ARM,AWS Graviton3,32,256,2.0081,1.60648,48.1944,38.5555,337.361,269.889,1465.91,1172.73
aws,eu-south-1,Italia,r7g,ARM,AWS Graviton3,48,384,3.0121,2.40968,72.2904,57.8323,506.033,404.826,2198.83,1759.06
aws,eu-south-1,Italia,r7g,ARM,AWS Graviton3,64,512,4.0161,3.21288,96.3864,77.1091,674.705,539.764,2931.75,2345.4
aws,eu-south-1,Italia,r7i,x86(Intel),Intel Xeon Platinum 8488C,2,16,0.1554,0.1776,3.7296,4.2624,26.107,29.837,113.44,129.65
aws,eu-south-1,Italia,r7i,x86(Intel),Intel Xeon Platinum 8488C,4,32,0.3108,0.3552,7.4592,8.5248,52.214,59.673,226.88,259.29
aws,eu-south-1,Italia,r7i,x86(Intel),Intel Xeon Platinum 8488C,8,64,0.6216,0.7104,14.9184,17.0496,104.429,119.347,453.77,518.59
aws,eu-south-1,Italia,r7i,x86(Intel),Intel Xeon Platinum 8488C,16,128,1.2432,1.4208,29.8368,34.0992,208.858,238.695,907.54,1037.19
aws,eu-south-1,Italia,r7i,x86(Intel),Intel Xeon Platinum 8488C,32,256,2.4864,2.8416,59.6736,68.1984,417.715,477.389,1815.07,2074.37
aws,eu-south-1,Italia,r7i,x86(Intel),Intel Xeon Platinum 8488C,48,384,3.7296,4.2624,89.5104,102.2976,626.573,716.083,2722.61,3111.55
aws,eu-south-1,Italia,r7i,x86(Intel),Intel Xeon Platinum 8488C,64,512,4.9728,5.6832,119.3472,136.3968,835.43,954.777,3630.14,4148.73
aws,eu-south-1,Italia,r7i,x86(Intel),Intel Xeon Platinum 8488C,96,768,7.4592,8.5248,179.0208,204.5952,1253.146,1432.167,5445.22,6223.11
aws,eu-south-1,Italia,r7i,x86(Intel),Intel Xeon Platinum 8488C,192,1536,14.9184,17.0496,358.0416,409.1904,2506.291,2864.333,10890.43,12446.21
aws,eu-south-1,Italia,r8g,ARM,AWS Graviton4,1,8,0.06903,0.04454,1.6567,1.0688,11.597,7.482,50.39,32.51
aws,eu-south-1,Italia,r8g,ARM,AWS Graviton4,2,16,0.13806,0.08907,3.3134,2.1377,23.194,14.964,100.78,65.02
aws,eu-south-1,Italia,r8g,ARM,AWS Graviton4,4,32,0.27612,0.17814,6.6269,4.2754,46.388,29.928,201.57,130.05
aws,eu-south-1,Italia,r8g,ARM,AWS Graviton4,8,64,0.55224,0.35628,13.2538,8.5508,92.776,59.855,403.14,260.09
aws,eu-south-1,Italia,r8g,ARM,AWS Graviton4,16,128,1.10448,0.71257,26.5075,17.1016,185.553,119.712,806.27,520.17
aws,eu-south-1,Italia,r8g,ARM,AWS Graviton4,32,256,2.20896,1.42514,53.015,34.2032,371.105,239.423,1612.54,1040.35
aws,eu-south-1,Italia,r8g,ARM,AWS Graviton4,48,384,3.31344,2.1377,79.5226,51.3049,556.658,359.134,2418.81,1560.52
aws,eu-south-1,Italia,r8g,ARM,AWS Graviton4,64,512,4.41792,2.85027,106.0301,68.4065,742.211,478.846,3225.08,2080.7
aws,eu-south-1,Italia,r8g,ARM,AWS Graviton4,96,768,6.62688,4.27541,159.0451,102.6097,1113.316,718.268,4837.62,3121.05
aws,eu-south-1,Italia,r8g,ARM,AWS Graviton4,192,1536,13.25376,8.55081,318.0902,205.2195,2226.632,1436.537,9675.24,6242.09
aws,eu-south-2,Spagna,c6g,ARM,AWS Graviton2,1,2,0.0365,0.0365,0.876,0.876,6.132,6.132,26.64,26.64
aws,eu-south-2,Spagna,c6g,ARM,AWS Graviton2,2,4,0.073,0.073,1.752,1.752,12.264,12.264,53.29,53.29
aws,eu-south-2,Spagna,c6g,ARM,AWS Graviton2,4,8,0.1459,0.1459,3.5016,3.5016,24.511,24.511,106.51,106.51
aws,eu-south-2,Spagna,c6g,ARM,AWS Graviton2,8,16,0.2918,0.2918,7.0032,7.0032,49.022,49.022,213.01,213.01
aws,eu-south-2,Spagna,c6g,ARM,AWS Graviton2,16,32,0.5837,0.5837,14.0088,14.0088,98.062,98.062,426.1,426.1
aws,eu-south-2,Spagna,c6g,ARM,AWS Graviton2,32,64,1.1674,1.1674,28.0176,28.0176,196.123,196.123,852.2,852.2
aws,eu-south-2,Spagna,c6g,ARM,AWS Graviton2,48,96,1.751,1.751,42.024,42.024,294.168,294.168,1278.23,1278.23
aws,eu-south-2,Spagna,c6g,ARM,AWS Graviton2,64,128,2.3347,2.3347,56.0328,56.0328,392.23,392.23,1704.33,1704.33
aws,eu-south-2,Spagna,c7a,x86(AMD),AMD EPYC 9R14,1,2,0.05505,0.03336,1.3212,0.8007,9.248,5.605,40.19,24.36
aws,eu-south-2,Spagna,c7a,x86(AMD),AMD EPYC 9R14,2,4,0.1101,0.06673,2.6424,1.6015,18.497,11.21,80.37,48.71
aws,eu-south-2,Spagna,c7a,x86(AMD),AMD EPYC 9R14,4,8,0.2202,0.13345,5.2848,3.2029,36.994,22.421,160.75,97.42
aws,eu-south-2,Spagna,c7a,x86(AMD),AMD EPYC 9R14,8,16,0.4404,0.26691,10.5696,6.4058,73.987,44.841,321.49,194.84
aws,eu-south-2,Spagna,c7a,x86(AMD),AMD EPYC 9R14,16,32,0.8808,0.53382,21.1392,12.8116,147.974,89.681,642.98,389.68
aws,eu-south-2,Spagna,c7a,x86(AMD),AMD EPYC 9R14,32,64,1.7616,1.06764,42.2784,25.6233,295.949,179.363,1285.97,779.38
aws,eu-south-2,Spagna,c7a,x86(AMD),AMD EPYC 9R14,48,96,2.6424,1.60145,63.4176,38.4349,443.923,269.044,1928.95,1169.06
aws,eu-south-2,Spagna,c7a,x86(AMD),AMD EPYC 9R14,64,128,3.5232,2.13527,84.5568,51.2465,591.898,358.726,2571.94,1558.75
aws,eu-south-2,Spagna,c7a,x86(AMD),AMD EPYC 9R14,96,192,5.2848,3.20291,126.8352,76.8698,887.846,538.088,3857.9,2338.12
aws,eu-south-2,Spagna,c7a,x86(AMD),AMD EPYC 9R14,128,256,7.0464,4.27055,169.1136,102.4931,1183.795,717.452,5143.87,3117.5
aws,eu-south-2,Spagna,c7a,x86(AMD),AMD EPYC 9R14,192,384,10.5696,6.40582,253.6704,153.7396,1775.693,1076.178,7715.81,4676.25
aws,eu-south-2,Spagna,c7g,ARM,AWS Graviton3,1,2,0.0388,0.03104,0.9312,0.745,6.518,5.214,28.32,22.66
aws,eu-south-2,Spagna,c7g,ARM,AWS Graviton3,2,4,0.0775,0.062,1.86,1.488,13.02,10.416,56.58,45.26
aws,eu-south-2,Spagna,c7g,ARM,AWS Graviton3,4,8,0.155,0.124,3.72,2.976,26.04,20.832,113.15,90.52
aws,eu-south-2,Spagna,c7g,ARM,AWS Graviton3,8,16,0.31,0.248,7.44,5.952,52.08,41.664,226.3,181.04
aws,eu-south-2,Spagna,c7g,ARM,AWS Graviton3,16,32,0.62,0.496,14.88,11.904,104.16,83.328,452.6,362.08
aws,eu-south-2,Spagna,c7g,ARM,AWS Graviton3,32,64,1.24,0.992,29.76,23.808,208.32,166.656,905.2,724.16
aws,eu-south-2,Spagna,c7g,ARM,AWS Graviton3,48,96,1.86,1.488,44.64,35.712,312.48,249.984,1357.8,1086.24
aws,eu-south-2,Spagna,c7g,ARM,AWS Graviton3,64,128,2.48,1.984,59.52,47.616,416.64,333.312,1810.4,1448.32
aws,eu-south-2,Spagna,c7i,x86(Intel),Intel Xeon Platinum 8488C,2,4,0.09575,0.10943,2.298,2.6263,16.086,18.384,69.9,79.89
aws,eu-south-2,Spagna,c7i,x86(Intel),Intel Xeon Platinum 8488C,4,8,0.1915,0.21886,4.596,5.2526,32.172,36.768,139.8,159.77
aws,eu-south-2,Spagna,c7i,x86(Intel),Intel Xeon Platinum 8488C,8,16,0.383,0.43771,9.192,10.5051,64.344,73.536,279.59,319.53
aws,eu-south-2,Spagna,c7i,x86(Intel),Intel Xeon Platinum 8488C,16,32,0.766,0.87543,18.384,21.0103,128.688,147.072,559.18,639.06
aws,eu-south-2,Spagna,c7i,x86(Intel),Intel Xeon Platinum 8488C,32,64,1.532,1.75086,36.768,42.0206,257.376,294.144,1118.36,1278.13
aws,eu-south-2,Spagna,c7i,x86(Intel),Intel Xeon Platinum 8488C,48,96,2.298,2.62629,55.152,63.0309,386.064,441.216,1677.54,1917.19
aws,eu-south-2,Spagna,c7i,x86(Intel),Intel Xeon Platinum 8488C,64,128,3.064,3.50171,73.536,84.0411,514.752,588.288,2236.72,2556.25
aws,eu-south-2,Spagna,c7i,x86(Intel),Intel Xeon Platinum 8488C,96,192,4.596,5.25257,110.304,126.0617,772.128,882.432,3355.08,3834.38
aws,eu-south-2,Spagna,c7i,x86(Intel),Intel Xeon Platinum 8488C,192,384,9.192,10.50514,220.608,252.1234,1544.256,1764.864,6710.16,7668.75
aws,eu-south-2,Spagna,c8a,x86(AMD),AMD EPYC 9R45,1,2,0.05781,0.02689,1.3874,0.6453,9.712,4.517,42.2,19.63
aws,eu-south-2,Spagna,c8a,x86(AMD),AMD EPYC 9R45,2,4,0.11561,0.05377,2.7746,1.2905,19.422,9.033,84.4,39.26
aws,eu-south-2,Spagna,c8a,x86(AMD),AMD EPYC 9R45,4,8,0.23122,0.10754,5.5493,2.5811,38.845,18.067,168.79,78.51
aws,eu-south-2,Spagna,c8a,x86(AMD),AMD EPYC 9R45,8,16,0.46244,0.21509,11.0986,5.1621,77.69,36.135,337.58,157.01
aws,eu-south-2,Spagna,c8a,x86(AMD),AMD EPYC 9R45,16,32,0.92488,0.43018,22.1971,10.3242,155.38,72.27,675.16,314.03
aws,eu-south-2,Spagna,c8a,x86(AMD),AMD EPYC 9R45,32,64,1.84976,0.86035,44.3942,20.6485,310.76,144.54,1350.32,628.06
aws,eu-south-2,Spagna,c8a,x86(AMD),AMD EPYC 9R45,48,96,2.77464,1.29053,66.5914,30.9727,466.14,216.809,2025.49,942.09
aws,eu-south-2,Spagna,c8a,x86(AMD),AMD EPYC 9R45,64,128,3.69952,1.72071,88.7885,41.297,621.519,289.079,2700.65,1256.12
aws,eu-south-2,Spagna,c8a,x86(AMD),AMD EPYC 9R45,96,192,5.54928,2.58106,133.1827,61.9454,932.279,433.618,4050.97,1884.17
aws,eu-south-2,Spagna,c8a,x86(AMD),AMD EPYC 9R45,192,384,11.09856,5.16212,266.3654,123.8909,1864.558,867.236,8101.95,3768.35
aws,eu-south-2,Spagna,c8g,ARM,AWS Graviton4,1,2,0.04263,0.0275,1.0231,0.6601,7.162,4.621,31.12,20.08
aws,eu-south-2,Spagna,c8g,ARM,AWS Graviton4,2,4,0.08526,0.05501,2.0462,1.3201,14.324,9.241,62.24,40.15
aws,eu-south-2,Spagna,c8g,ARM,AWS Graviton4,4,8,0.17052,0.11001,4.0925,2.6403,28.647,18.482,124.48,80.31
aws,eu-south-2,Spagna,c8g,ARM,AWS Graviton4,8,16,0.34104,0.22003,8.185,5.2806,57.295,36.965,248.96,160.62
aws,eu-south-2,Spagna,c8g,ARM,AWS Graviton4,16,32,0.68208,0.44005,16.3699,10.5612,114.589,73.928,497.92,321.24
aws,eu-south-2,Spagna,c8g,ARM,AWS Graviton4,32,64,1.36416,0.8801,32.7398,21.1225,229.179,147.857,995.84,642.48
aws,eu-south-2,Spagna,c8g,ARM,AWS Graviton4,48,96,2.04624,1.32015,49.1098,31.6837,343.768,221.786,1493.76,963.72
aws,eu-south-2,Spagna,c8g,ARM,AWS Graviton4,64,128,2.72832,1.76021,65.4797,42.245,458.358,295.715,1991.67,1284.95
aws,eu-south-2,Spagna,c8g,ARM,AWS Graviton4,96,192,4.09248,2.64031,98.2195,63.3674,687.537,443.572,2987.51,1927.43
aws,eu-south-2,Spagna,c8g,ARM,AWS Graviton4,192,384,8.18496,5.28062,196.439,126.7348,1375.073,887.144,5975.02,3854.85
aws,eu-south-2,Spagna,c8i,x86(Intel),Intel Xeon 6 6975P-C,2,4,0.10054,0.08937,2.413,2.1449,16.891,15.014,73.39,65.24
aws,eu-south-2,Spagna,c8i,x86(Intel),Intel Xeon 6 6975P-C,4,8,0.20108,0.17874,4.8259,4.2897,33.781,30.028,146.79,130.48
aws,eu-south-2,Spagna,c8i,x86(Intel),Intel Xeon 6 6975P-C,8,16,0.40216,0.35748,9.6518,8.5794,67.563,60.056,293.58,260.96
aws,eu-south-2,Spagna,c8i,x86(Intel),Intel Xeon 6 6975P-C,16,32,0.80432,0.71495,19.3037,17.1588,135.126,120.112,587.15,521.91
aws,eu-south-2,Spagna,c8i,x86(Intel),Intel Xeon 6 6975P-C,32,64,1.60864,1.4299,38.6074,34.3177,270.252,240.224,1174.31,1043.83
aws,eu-south-2,Spagna,c8i,x86(Intel),Intel Xeon 6 6975P-C,48,96,2.41296,2.14485,57.911,51.4764,405.377,360.335,1761.46,1565.74
aws,eu-south-2,Spagna,c8i,x86(Intel),Intel Xeon 6 6975P-C,64,128,3.21728,2.8598,77.2147,68.6353,540.503,480.447,2348.61,2087.65
aws,eu-south-2,Spagna,c8i,x86(Intel),Intel Xeon 6 6975P-C,96,192,4.82592,4.28971,115.8221,102.953,810.755,720.671,3522.92,3131.48
aws,eu-south-2,Spagna,c8i,x86(Intel),Intel Xeon 6 6975P-C,128,256,6.43456,5.71961,154.4294,137.2706,1081.006,960.894,4697.23,4175.32
aws,eu-south-2,Spagna,c8i,x86(Intel),Intel Xeon 6 6975P-C,192,384,9.65184,8.57941,231.6442,205.906,1621.509,1441.341,7045.84,6262.97
aws,eu-south-2,Spagna,c8i,x86(Intel),Intel Xeon 6 6975P-C,384,768,19.30368,17.15883,463.2883,411.8118,3243.018,2882.683,14091.69,12525.95
aws,eu-south-2,Spagna,m6g,ARM,AWS Graviton2,1,4,0.043,0.043,1.032,1.032,7.224,7.224,31.39,31.39
aws,eu-south-2,Spagna,m6g,ARM,AWS Graviton2,2,8,0.086,0.086,2.064,2.064,14.448,14.448,62.78,62.78
aws,eu-south-2,Spagna,m6g,ARM,AWS Graviton2,4,16,0.172,0.172,4.128,4.128,28.896,28.896,125.56,125.56
aws,eu-south-2,Spagna,m6g,ARM,AWS Graviton2,8,32,0.344,0.344,8.256,8.256,57.792,57.792,251.12,251.12
aws,eu-south-2,Spagna,m6g,ARM,AWS Graviton2,16,64,0.688,0.688,16.512,16.512,115.584,115.584,502.24,502.24
aws,eu-south-2,Spagna,m6g,ARM,AWS Graviton2,32,128,1.376,1.376,33.024,33.024,231.168,231.168,1004.48,1004.48
aws,eu-south-2,Spagna,m6g,ARM,AWS Graviton2,48,192,2.064,2.064,49.536,49.536,346.752,346.752,1506.72,1506.72
aws,eu-south-2,Spagna,m6g,ARM,AWS Graviton2,64,256,2.752,2.752,66.048,66.048,462.336,462.336,2008.96,2008.96
aws,eu-south-2,Spagna,m7a,x86(AMD),AMD EPYC 9R14,1,4,0.0646,0.03915,1.5504,0.9396,10.853,6.578,47.16,28.58
aws,eu-south-2,Spagna,m7a,x86(AMD),AMD EPYC 9R14,2,8,0.1292,0.0783,3.1008,1.8793,21.706,13.155,94.32,57.16
aws,eu-south-2,Spagna,m7a,x86(AMD),AMD EPYC 9R14,4,16,0.2584,0.15661,6.2016,3.7585,43.411,26.31,188.63,114.32
aws,eu-south-2,Spagna,m7a,x86(AMD),AMD EPYC 9R14,8,32,0.5168,0.31321,12.4032,7.5171,86.822,52.619,377.26,228.64
aws,eu-south-2,Spagna,m7a,x86(AMD),AMD EPYC 9R14,16,64,1.0336,0.62642,24.8064,15.0342,173.645,105.239,754.53,457.29
aws,eu-south-2,Spagna,m7a,x86(AMD),AMD EPYC 9R14,32,128,2.0672,1.25285,49.6128,30.0684,347.29,210.479,1509.06,914.58
aws,eu-south-2,Spagna,m7a,x86(AMD),AMD EPYC 9R14,48,192,3.1008,1.87927,74.4192,45.1025,520.934,315.718,2263.58,1371.87
aws,eu-south-2,Spagna,m7a,x86(AMD),AMD EPYC 9R14,64,256,4.1344,2.5057,99.2256,60.1367,694.579,420.957,3018.11,1829.16
aws,eu-south-2,Spagna,m7a,x86(AMD),AMD EPYC 9R14,96,384,6.2016,3.75855,148.8384,90.2051,1041.869,631.436,4527.17,2743.74
aws,eu-south-2,Spagna,m7a,x86(AMD),AMD EPYC 9R14,128,512,8.2688,5.01139,198.4512,120.2735,1389.158,841.914,6036.22,3658.32
aws,eu-south-2,Spagna,m7a,x86(AMD),AMD EPYC 9R14,192,768,12.4032,7.51709,297.6768,180.4102,2083.738,1262.872,9054.34,5487.48
aws,eu-south-2,Spagna,m7g,ARM,AWS Graviton3,1,4,0.0455,0.0364,1.092,0.8736,7.644,6.115,33.21,26.57
aws,eu-south-2,Spagna,m7g,ARM,AWS Graviton3,2,8,0.0909,0.07272,2.1816,1.7453,15.271,12.217,66.36,53.09
aws,eu-south-2,Spagna,m7g,ARM,AWS Graviton3,4,16,0.1818,0.14544,4.3632,3.4906,30.542,24.434,132.71,106.17
aws,eu-south-2,Spagna,m7g,ARM,AWS Graviton3,8,32,0.3636,0.29088,8.7264,6.9811,61.085,48.868,265.43,212.34
aws,eu-south-2,Spagna,m7g,ARM,AWS Graviton3,16,64,0.7272,0.58176,17.4528,13.9622,122.17,97.736,530.86,424.69
aws,eu-south-2,Spagna,m7g,ARM,AWS Graviton3,32,128,1.4544,1.16352,34.9056,27.9245,244.339,195.471,1061.71,849.37
aws,eu-south-2,Spagna,m7g,ARM,AWS Graviton3,48,192,2.1816,1.74528,52.3584,41.8867,366.509,293.207,1592.57,1274.06
aws,eu-south-2,Spagna,m7g,ARM,AWS Graviton3,64,256,2.9088,2.32704,69.8112,55.849,488.678,390.942,2123.42,1698.74
aws,eu-south-2,Spagna,m7i,x86(Intel),Intel Xeon Platinum 8488C,2,8,0.11235,0.1284,2.6964,3.0816,18.875,21.571,82.02,93.74
aws,eu-south-2,Spagna,m7i,x86(Intel),Intel Xeon Platinum 8488C,4,16,0.2247,0.2568,5.3928,6.1632,37.75,43.143,164.03,187.46
aws,eu-south-2,Spagna,m7i,x86(Intel),Intel Xeon Platinum 8488C,8,32,0.4494,0.5136,10.7856,12.3264,75.499,86.285,328.06,374.93
aws,eu-south-2,Spagna,m7i,x86(Intel),Intel Xeon Platinum 8488C,16,64,0.8988,1.0272,21.5712,24.6528,150.998,172.569,656.12,749.85
aws,eu-south-2,Spagna,m7i,x86(Intel),Intel Xeon Platinum 8488C,32,128,1.7976,2.0544,43.1424,49.3056,301.997,345.139,1312.25,1499.71
aws,eu-south-2,Spagna,m7i,x86(Intel),Intel Xeon Platinum 8488C,48,192,2.6964,3.0816,64.7136,73.9584,452.995,517.709,1968.37,2249.57
aws,eu-south-2,Spagna,m7i,x86(Intel),Intel Xeon Platinum 8488C,64,256,3.5952,4.1088,86.2848,98.6112,603.994,690.279,2624.5,2999.43
aws,eu-south-2,Spagna,m7i,x86(Intel),Intel Xeon Platinum 8488C,96,384,5.3928,6.1632,129.4272,147.9168,905.99,1035.417,3936.74,4499.13
aws,eu-south-2,Spagna,m7i,x86(Intel),Intel Xeon Platinum 8488C,192,768,10.7856,12.3264,258.8544,295.8336,1811.981,2070.835,7873.49,8998.27
aws,eu-south-2,Spagna,m8a,x86(AMD),AMD EPYC 9R45,1,4,0.06783,0.03155,1.6279,0.7572,11.395,5.3,49.52,23.03
aws,eu-south-2,Spagna,m8a,x86(AMD),AMD EPYC 9R45,2,8,0.13566,0.0631,3.2558,1.5143,22.791,10.6,99.03,46.06
aws,eu-south-2,Spagna,m8a,x86(AMD),AMD EPYC 9R45,4,16,0.27132,0.1262,6.5117,3.0287,45.582,21.201,198.06,92.12
aws,eu-south-2,Spagna,m8a,x86(AMD),AMD EPYC 9R45,8,32,0.54264,0.25239,13.0234,6.0574,91.164,42.402,396.13,184.25
aws,eu-south-2,Spagna,m8a,x86(AMD),AMD EPYC 9R45,16,64,1.08528,0.50478,26.0467,12.1147,182.327,84.803,792.25,368.49
aws,eu-south-2,Spagna,m8a,x86(AMD),AMD EPYC 9R45,32,128,2.17056,1.00956,52.0934,24.2295,364.654,169.607,1584.51,736.98
aws,eu-south-2,Spagna,m8a,x86(AMD),AMD EPYC 9R45,48,192,3.25584,1.51434,78.1402,36.3443,546.981,254.41,2376.76,1105.47
aws,eu-south-2,Spagna,m8a,x86(AMD),AMD EPYC 9R45,64,256,4.34112,2.01913,104.1869,48.459,729.308,339.213,3169.02,1473.96
aws,eu-south-2,Spagna,m8a,x86(AMD),AMD EPYC 9R45,96,384,6.51168,3.02869,156.2803,72.6885,1093.962,508.82,4753.53,2210.94
aws,eu-south-2,Spagna,m8a,x86(AMD),AMD EPYC 9R45,192,768,13.02336,6.05738,312.5606,145.377,2187.924,1017.639,9507.05,4421.88
aws,eu-south-2,Spagna,m8g,ARM,AWS Graviton4,1,4,0.04999,0.03225,1.1998,0.7741,8.398,5.418,36.49,23.54
aws,eu-south-2,Spagna,m8g,ARM,AWS Graviton4,2,8,0.09998,0.0645,2.3995,1.5481,16.797,10.837,72.99,47.09
aws,eu-south-2,Spagna,m8g,ARM,AWS Graviton4,4,16,0.19996,0.12901,4.799,3.0961,33.593,21.673,145.97,94.17
aws,eu-south-2,Spagna,m8g,ARM,AWS Graviton4,8,32,0.39992,0.25801,9.5981,6.1923,67.187,43.346,291.94,188.35
aws,eu-south-2,Spagna,m8g,ARM,AWS Graviton4,16,64,0.79984,0.51603,19.1962,12.3846,134.373,86.692,583.88,376.7
aws,eu-south-2,Spagna,m8g,ARM,AWS Graviton4,32,128,1.59968,1.03205,38.3923,24.7692,268.746,173.385,1167.77,753.4
aws,eu-south-2,Spagna,m8g,ARM,AWS Graviton4,48,192,2.39952,1.54808,57.5885,37.1539,403.119,260.077,1751.65,1130.1
aws,eu-south-2,Spagna,m8g,ARM,AWS Graviton4,64,256,3.19936,2.0641,76.7846,49.5385,537.492,346.769,2335.53,1506.79
aws,eu-south-2,Spagna,m8g,ARM,AWS Graviton4,96,384,4.79904,3.09615,115.177,74.3077,806.239,520.154,3503.3,2260.19
aws,eu-south-2,Spagna,m8g,ARM,AWS Graviton4,192,768,9.59808,6.19231,230.3539,148.6154,1612.477,1040.308,7006.6,4520.39
aws,eu-south-2,Spagna,m8i,x86(Intel),Intel Xeon 6 6975P-C,2,8,0.11797,0.10486,2.8313,2.5167,19.819,17.617,86.12,76.55
aws,eu-south-2,Spagna,m8i,x86(Intel),Intel Xeon 6 6975P-C,4,16,0.23594,0.20972,5.6626,5.0334,39.638,35.234,172.24,153.1
aws,eu-south-2,Spagna,m8i,x86(Intel),Intel Xeon 6 6975P-C,8,32,0.47188,0.41945,11.3251,10.0668,79.276,70.468,344.47,306.2
aws,eu-south-2,Spagna,m8i,x86(Intel),Intel Xeon 6 6975P-C,16,64,0.94376,0.8389,22.6502,20.1335,158.552,140.935,688.94,612.39
aws,eu-south-2,Spagna,m8i,x86(Intel),Intel Xeon 6 6975P-C,32,128,1.88752,1.6778,45.3005,40.2671,317.103,281.869,1377.89,1224.79
aws,eu-south-2,Spagna,m8i,x86(Intel),Intel Xeon 6 6975P-C,48,192,2.83128,2.51669,67.9507,60.4006,475.655,422.804,2066.83,1837.18
aws,eu-south-2,Spagna,m8i,x86(Intel),Intel Xeon 6 6975P-C,64,256,3.77504,3.35559,90.601,80.5342,634.207,563.74,2755.78,2449.58
aws,eu-south-2,Spagna,m8i,x86(Intel),Intel Xeon 6 6975P-C,96,384,5.66256,5.03339,135.9014,120.8012,951.31,845.609,4133.67,3674.37
aws,eu-south-2,Spagna,m8i,x86(Intel),Intel Xeon 6 6975P-C,128,512,7.55008,6.71118,181.2019,161.0684,1268.413,1127.478,5511.56,4899.16
aws,eu-south-2,Spagna,m8i,x86(Intel),Intel Xeon 6 6975P-C,192,768,11.32512,10.06677,271.8029,241.6026,1902.62,1691.218,8267.34,7348.75
aws,eu-south-2,Spagna,m8i,x86(Intel),Intel Xeon 6 6975P-C,384,1536,22.65024,20.13355,543.6058,483.2052,3805.24,3382.436,16534.68,14697.49
aws,eu-south-2,Spagna,r6g,ARM,AWS Graviton2,1,8,0.0564,0.0564,1.3536,1.3536,9.475,9.475,41.17,41.17
aws,eu-south-2,Spagna,r6g,ARM,AWS Graviton2,2,16,0.1128,0.1128,2.7072,2.7072,18.95,18.95,82.34,82.34
aws,eu-south-2,Spagna,r6g,ARM,AWS Graviton2,4,32,0.2256,0.2256,5.4144,5.4144,37.901,37.901,164.69,164.69
aws,eu-south-2,Spagna,r6g,ARM,AWS Graviton2,8,64,0.4512,0.4512,10.8288,10.8288,75.802,75.802,329.38,329.38
aws,eu-south-2,Spagna,r6g,ARM,AWS Graviton2,16,128,0.9024,0.9024,21.6576,21.6576,151.603,151.603,658.75,658.75
aws,eu-south-2,Spagna,r6g,ARM,AWS Graviton2,32,256,1.8048,1.8048,43.3152,43.3152,303.206,303.206,1317.5,1317.5
aws,eu-south-2,Spagna,r6g,ARM,AWS Graviton2,48,384,2.7072,2.7072,64.9728,64.9728,454.81,454.81,1976.26,1976.26
aws,eu-south-2,Spagna,r6g,ARM,AWS Graviton2,64,512,3.6096,3.6096,86.6304,86.6304,606.413,606.413,2635.01,2635.01
aws,eu-south-2,Spagna,r7a,x86(AMD),AMD EPYC 9R14,1,8,0.08513,0.05159,2.0431,1.2382,14.302,8.668,62.14,37.66
aws,eu-south-2,Spagna,r7a,x86(AMD),AMD EPYC 9R14,2,16,0.17026,0.10319,4.0862,2.4765,28.604,17.336,124.29,75.33
aws,eu-south-2,Spagna,r7a,x86(AMD),AMD EPYC 9R14,4,32,0.34052,0.20638,8.1725,4.953,57.207,34.671,248.58,150.65
aws,eu-south-2,Spagna,r7a,x86(AMD),AMD EPYC 9R14,8,64,0.68104,0.41275,16.345,9.9061,114.415,69.342,497.16,301.31
aws,eu-south-2,Spagna,r7a,x86(AMD),AMD EPYC 9R14,16,128,1.36208,0.8255,32.6899,19.8121,228.829,138.684,994.32,602.62
aws,eu-south-2,Spagna,r7a,x86(AMD),AMD EPYC 9R14,32,256,2.72416,1.65101,65.3798,39.6241,457.659,277.369,1988.64,1205.24
aws,eu-south-2,Spagna,r7a,x86(AMD),AMD EPYC 9R14,48,384,4.08624,2.47651,98.0698,59.4362,686.488,416.053,2982.96,1807.85
aws,eu-south-2,Spagna,r7a,x86(AMD),AMD EPYC 9R14,64,512,5.44832,3.30201,130.7597,79.2483,915.318,554.738,3977.27,2410.47
aws,eu-south-2,Spagna,r7a,x86(AMD),AMD EPYC 9R14,96,768,8.17248,4.95302,196.1395,118.8724,1372.977,832.107,5965.91,3615.7
aws,eu-south-2,Spagna,r7a,x86(AMD),AMD EPYC 9R14,128,1024,10.89664,6.60402,261.5194,158.4966,1830.636,1109.476,7954.55,4820.94
aws,eu-south-2,Spagna,r7a,x86(AMD),AMD EPYC 9R14,192,1536,16.34496,9.90604,392.279,237.7448,2745.953,1664.214,11931.82,7231.41
aws,eu-south-2,Spagna,r7g,ARM,AWS Graviton3,1,8,0.0599,0.04792,1.4376,1.1501,10.063,8.05,43.73,34.98
aws,eu-south-2,Spagna,r7g,ARM,AWS Graviton3,2,16,0.1198,0.09584,2.8752,2.3002,20.126,16.101,87.45,69.96
aws,eu-south-2,Spagna,r7g,ARM,AWS Graviton3,4,32,0.2396,0.19168,5.7504,4.6003,40.253,32.202,174.91,139.93
aws,eu-south-2,Spagna,r7g,ARM,AWS Graviton3,8,64,0.4792,0.38336,11.5008,9.2006,80.506,64.405,349.82,279.86
aws,eu-south-2,Spagna,r7g,ARM,AWS Graviton3,16,128,0.9584,0.76672,23.0016,18.4013,161.011,128.809,699.63,559.7
aws,eu-south-2,Spagna,r7g,ARM,AWS Graviton3,32,256,1.9168,1.53344,46.0032,36.8026,322.022,257.618,1399.26,1119.41
aws,eu-south-2,Spagna,r7g,ARM,AWS Graviton3,48,384,2.8752,2.30016,69.0048,55.2038,483.034,386.427,2098.9,1679.12
aws,eu-south-2,Spagna,r7g,ARM,AWS Graviton3,64,512,3.8336,3.06688,92.0064,73.6051,644.045,515.236,2798.53,2238.82
aws,eu-south-2,Spagna,r7i,x86(Intel),Intel Xeon Platinum 8488C,2,16,0.14805,0.1692,3.5532,4.0608,24.872,28.425,108.08,123.52
aws,eu-south-2,Spagna,r7i,x86(Intel),Intel Xeon Platinum 8488C,4,32,0.2961,0.3384,7.1064,8.1216,49.745,56.851,216.15,247.03
aws,eu-south-2,Spagna,r7i,x86(Intel),Intel Xeon Platinum 8488C,8,64,0.5922,0.6768,14.2128,16.2432,99.49,113.703,432.31,494.07
aws,eu-south-2,Spagna,r7i,x86(Intel),Intel Xeon Platinum 8488C,16,128,1.1844,1.3536,28.4256,32.4864,198.979,227.405,864.61,988.13
aws,eu-south-2,Spagna,r7i,x86(Intel),Intel Xeon Platinum 8488C,32,256,2.3688,2.7072,56.8512,64.9728,397.958,454.809,1729.22,1976.25
aws,eu-south-2,Spagna,r7i,x86(Intel),Intel Xeon Platinum 8488C,48,384,3.5532,4.0608,85.2768,97.4592,596.938,682.215,2593.84,2964.39
aws,eu-south-2,Spagna,r7i,x86(Intel),Intel Xeon Platinum 8488C,64,512,4.7376,5.4144,113.7024,129.9456,795.917,909.619,3458.45,3952.51
aws,eu-south-2,Spagna,r7i,x86(Intel),Intel Xeon Platinum 8488C,96,768,7.1064,8.1216,170.5536,194.9184,1193.875,1364.429,5187.67,5928.77
aws,eu-south-2,Spagna,r7i,x86(Intel),Intel Xeon Platinum 8488C,192,1536,14.2128,16.2432,341.1072,389.8368,2387.75,2728.857,10375.34,11857.53
aws,eu-south-2,Spagna,r8a,x86(AMD),AMD EPYC 9R45,1,8,0.08939,0.04158,2.1454,0.9979,15.018,6.985,65.25,30.35
aws,eu-south-2,Spagna,r8a,x86(AMD),AMD EPYC 9R45,2,16,0.17877,0.08315,4.2905,1.9956,30.033,13.969,130.5,60.7
aws,eu-south-2,Spagna,r8a,x86(AMD),AMD EPYC 9R45,4,32,0.35754,0.1663,8.581,3.9912,60.067,27.938,261.0,121.4
aws,eu-south-2,Spagna,r8a,x86(AMD),AMD EPYC 9R45,8,64,0.71508,0.3326,17.1619,7.9823,120.133,55.876,522.01,242.8
aws,eu-south-2,Spagna,r8a,x86(AMD),AMD EPYC 9R45,16,128,1.43016,0.66519,34.3238,15.9646,240.267,111.752,1044.02,485.59
aws,eu-south-2,Spagna,r8a,x86(AMD),AMD EPYC 9R45,32,256,2.86032,1.33038,68.6477,31.9292,480.534,223.504,2088.03,971.18
aws,eu-south-2,Spagna,r8a,x86(AMD),AMD EPYC 9R45,48,384,4.29048,1.99557,102.9715,47.8937,720.801,335.256,3132.05,1456.77
aws,eu-south-2,Spagna,r8a,x86(AMD),AMD EPYC 9R45,64,512,5.72064,2.66076,137.2954,63.8583,961.068,447.008,4176.07,1942.36
aws,eu-south-2,Spagna,r8a,x86(AMD),AMD EPYC 9R45,96,768,8.58096,3.99114,205.943,95.7874,1441.601,670.512,6264.1,2913.53
aws,eu-south-2,Spagna,r8a,x86(AMD),AMD EPYC 9R45,192,1536,17.16192,7.98229,411.8861,191.5749,2883.203,1341.025,12528.2,5827.07
aws,eu-south-2,Spagna,r8g,ARM,AWS Graviton4,1,8,0.06589,0.04251,1.5814,1.0203,11.07,7.142,48.1,31.03
aws,eu-south-2,Spagna,r8g,ARM,AWS Graviton4,2,16,0.13178,0.08502,3.1627,2.0405,22.139,14.283,96.2,62.06
aws,eu-south-2,Spagna,r8g,ARM,AWS Graviton4,4,32,0.26356,0.17004,6.3254,4.0809,44.278,28.566,192.4,124.13
aws,eu-south-2,Spagna,r8g,ARM,AWS Graviton4,8,64,0.52712,0.34008,12.6509,8.1619,88.556,57.133,384.8,248.26
aws,eu-south-2,Spagna,r8g,ARM,AWS Graviton4,16,128,1.05424,0.68015,25.3018,16.3237,177.112,114.266,769.6,496.52
aws,eu-south-2,Spagna,r8g,ARM,AWS Graviton4,32,256,2.10848,1.36031,50.6035,32.6474,354.225,228.532,1539.19,993.03
aws,eu-south-2,Spagna,r8g,ARM,AWS Graviton4,48,384,3.16272,2.04046,75.9053,48.9712,531.337,342.798,2308.79,1489.54
aws,eu-south-2,Spagna,r8g,ARM,AWS Graviton4,64,512,4.21696,2.72062,101.207,65.2948,708.449,457.064,3078.38,1986.05
aws,eu-south-2,Spagna,r8g,ARM,AWS Graviton4,96,768,6.32544,4.08093,151.8106,97.9423,1062.674,685.596,4617.57,2979.08
aws,eu-south-2,Spagna,r8g,ARM,AWS Graviton4,192,1536,12.65088,8.16186,303.6211,195.8846,2125.348,1371.192,9235.14,5958.15
aws,eu-south-2,Spagna,r8i,x86(Intel),Intel Xeon 6 6985P-C,2,16,0.15545,0.13818,3.7308,3.3163,26.116,23.214,113.48,100.87
aws,eu-south-2,Spagna,r8i,x86(Intel),Intel Xeon 6 6985P-C,4,32,0.3109,0.27636,7.4616,6.6325,52.231,46.428,226.96,201.74
aws,eu-south-2,Spagna,r8i,x86(Intel),Intel Xeon 6 6985P-C,8,64,0.6218,0.55271,14.9232,13.2651,104.462,92.855,453.91,403.48
aws,eu-south-2,Spagna,r8i,x86(Intel),Intel Xeon 6 6985P-C,16,128,1.2436,1.10542,29.8464,26.5301,208.925,185.711,907.83,806.96
aws,eu-south-2,Spagna,r8i,x86(Intel),Intel Xeon 6 6985P-C,32,256,2.4872,2.21084,59.6928,53.0603,417.85,371.422,1815.66,1613.92
aws,eu-south-2,Spagna,r8i,x86(Intel),Intel Xeon 6 6985P-C,48,384,3.7308,3.31627,89.5392,79.5904,626.774,557.132,2723.48,2420.87
aws,eu-south-2,Spagna,r8i,x86(Intel),Intel Xeon 6 6985P-C,64,512,4.9744,4.42169,119.3856,106.1205,835.699,742.844,3631.31,3227.83
aws,eu-south-2,Spagna,r8i,x86(Intel),Intel Xeon 6 6985P-C,96,768,7.4616,6.63253,179.0784,159.1808,1253.549,1114.266,5446.97,4841.75
aws,eu-south-2,Spagna,r8i,x86(Intel),Intel Xeon 6 6985P-C,128,1024,9.9488,8.84338,238.7712,212.2411,1671.398,1485.687,7262.62,6455.66
aws,eu-south-2,Spagna,r8i,x86(Intel),Intel Xeon 6 6985P-C,192,1536,14.9232,13.26507,358.1568,318.3616,2507.098,2228.532,10893.94,9683.5
aws,eu-south-2,Spagna,r8i,x86(Intel),Intel Xeon 6 6985P-C,384,3072,29.8464,26.53013,716.3136,636.7232,5014.195,4457.062,21787.87,19367.0
aws,eu-west-1,Irlanda,c6a,x86(AMD),AMD EPYC 7R13,2,4,0.08208,0.10102,1.9699,2.4245,13.789,16.971,59.92,73.75
aws,eu-west-1,Irlanda,c6a,x86(AMD),AMD EPYC 7R13,4,8,0.16416,0.20204,3.9398,4.849,27.579,33.943,119.84,147.5
aws,eu-west-1,Irlanda,c6a,x86(AMD),AMD EPYC 7R13,8,16,0.32832,0.40409,7.8797,9.6981,55.158,67.887,239.67,294.98
aws,eu-west-1,Irlanda,c6a,x86(AMD),AMD EPYC 7R13,16,32,0.65664,0.80817,15.7594,19.3962,110.316,135.774,479.35,589.97
aws,eu-west-1,Irlanda,c6a,x86(AMD),AMD EPYC 7R13,32,64,1.31328,1.61634,31.5187,38.7922,220.631,271.546,958.69,1179.93
aws,eu-west-1,Irlanda,c6a,x86(AMD),AMD EPYC 7R13,48,96,1.96992,2.42452,47.2781,58.1884,330.947,407.319,1438.04,1769.9
aws,eu-west-1,Irlanda,c6a,x86(AMD),AMD EPYC 7R13,64,128,2.62656,3.23269,63.0374,77.5845,441.262,543.092,1917.39,2359.86
aws,eu-west-1,Irlanda,c6a,x86(AMD),AMD EPYC 7R13,96,192,3.93984,4.84903,94.5562,116.3769,661.893,814.638,2876.08,3539.79
aws,eu-west-1,Irlanda,c6a,x86(AMD),AMD EPYC 7R13,128,256,5.25312,6.46538,126.0749,155.1691,882.524,1086.183,3834.78,4719.73
aws,eu-west-1,Irlanda,c6a,x86(AMD),AMD EPYC 7R13,192,384,7.87968,9.69807,189.1123,232.7536,1323.786,1629.275,5752.17,7079.59
aws,eu-west-1,Irlanda,c6g,ARM,AWS Graviton2,1,2,0.0365,0.0365,0.876,0.876,6.132,6.132,26.64,26.64
aws,eu-west-1,Irlanda,c6g,ARM,AWS Graviton2,2,4,0.073,0.073,1.752,1.752,12.264,12.264,53.29,53.29
aws,eu-west-1,Irlanda,c6g,ARM,AWS Graviton2,4,8,0.1459,0.1459,3.5016,3.5016,24.511,24.511,106.51,106.51
aws,eu-west-1,Irlanda,c6g,ARM,AWS Graviton2,8,16,0.2918,0.2918,7.0032,7.0032,49.022,49.022,213.01,213.01
aws,eu-west-1,Irlanda,c6g,ARM,AWS Graviton2,16,32,0.5837,0.5837,14.0088,14.0088,98.062,98.062,426.1,426.1
aws,eu-west-1,Irlanda,c6g,ARM,AWS Graviton2,32,64,1.1674,1.1674,28.0176,28.0176,196.123,196.123,852.2,852.2
aws,eu-west-1,Irlanda,c6g,ARM,AWS Graviton2,48,96,1.751,1.751,42.024,42.024,294.168,294.168,1278.23,1278.23
aws,eu-west-1,Irlanda,c6g,ARM,AWS Graviton2,64,128,2.3347,2.3347,56.0328,56.0328,392.23,392.23,1704.33,1704.33
aws,eu-west-1,Irlanda,c6i,x86(Intel),Intel Xeon Platinum 8375C,2,4,0.0912,0.12689,2.1888,3.0453,15.322,21.318,66.58,92.63
aws,eu-west-1,Irlanda,c6i,x86(Intel),Intel Xeon Platinum 8375C,4,8,0.1824,0.25377,4.3776,6.0906,30.643,42.634,133.15,185.25
aws,eu-west-1,Irlanda,c6i,x86(Intel),Intel Xeon Platinum 8375C,8,16,0.3648,0.50755,8.7552,12.1811,61.286,85.267,266.3,370.5
aws,eu-west-1,Irlanda,c6i,x86(Intel),Intel Xeon Platinum 8375C,16,32,0.7296,1.0151,17.5104,24.3623,122.573,170.536,532.61,741.02
aws,eu-west-1,Irlanda,c6i,x86(Intel),Intel Xeon Platinum 8375C,32,64,1.4592,2.03019,35.0208,48.7246,245.146,341.073,1065.22,1482.05
aws,eu-west-1,Irlanda,c6i,x86(Intel),Intel Xeon Platinum 8375C,48,96,2.1888,3.04529,52.5312,73.0869,367.718,511.608,1597.82,2223.05
aws,eu-west-1,Irlanda,c6i,x86(Intel),Intel Xeon Platinum 8375C,64,128,2.9184,4.06038,70.0416,97.4492,490.291,682.144,2130.43,2964.08
aws,eu-west-1,Irlanda,c6i,x86(Intel),Intel Xeon Platinum 8375C,96,192,4.3776,6.09057,105.0624,146.1738,735.437,1023.217,3195.65,4446.12
aws,eu-west-1,Irlanda,c6i,x86(Intel),Intel Xeon Platinum 8375C,128,256,5.8368,8.12077,140.0832,194.8984,980.582,1364.288,4260.86,5928.15
aws,eu-west-1,Irlanda,c7a,x86(AMD),AMD EPYC 9R14,1,2,0.05506,0.03337,1.3214,0.8008,9.25,5.606,40.19,24.36
aws,eu-west-1,Irlanda,c7a,x86(AMD),AMD EPYC 9R14,2,4,0.11012,0.06674,2.6429,1.6018,18.5,11.212,80.39,48.72
aws,eu-west-1,Irlanda,c7a,x86(AMD),AMD EPYC 9R14,4,8,0.22024,0.13348,5.2858,3.2035,37.0,22.424,160.78,97.44
aws,eu-west-1,Irlanda,c7a,x86(AMD),AMD EPYC 9R14,8,16,0.44048,0.26696,10.5715,6.407,74.001,44.849,321.55,194.88
aws,eu-west-1,Irlanda,c7a,x86(AMD),AMD EPYC 9R14,16,32,0.88096,0.53392,21.143,12.8139,148.001,89.698,643.1,389.76
aws,eu-west-1,Irlanda,c7a,x86(AMD),AMD EPYC 9R14,32,64,1.76192,1.06783,42.2861,25.6279,296.003,179.396,1286.2,779.52
aws,eu-west-1,Irlanda,c7a,x86(AMD),AMD EPYC 9R14,48,96,2.64288,1.60175,63.4291,38.4419,444.004,269.093,1929.3,1169.27
aws,eu-west-1,Irlanda,c7a,x86(AMD),AMD EPYC 9R14,64,128,3.52384,2.13566,84.5722,51.2559,592.005,358.791,2572.4,1559.03
aws,eu-west-1,Irlanda,c7a,x86(AMD),AMD EPYC 9R14,96,192,5.28576,3.20349,126.8582,76.8838,888.008,538.187,3858.6,2338.55
aws,eu-west-1,Irlanda,c7a,x86(AMD),AMD EPYC 9R14,128,256,7.04768,4.27132,169.1443,102.5117,1184.01,717.582,5144.81,3118.07
aws,eu-west-1,Irlanda,c7a,x86(AMD),AMD EPYC 9R14,192,384,10.57152,6.40698,253.7165,153.7676,1776.015,1076.373,7717.21,4677.1
aws,eu-west-1,Irlanda,c7g,ARM,AWS Graviton3,1,2,0.0388,0.03104,0.9312,0.745,6.518,5.214,28.32,22.66
aws,eu-west-1,Irlanda,c7g,ARM,AWS Graviton3,2,4,0.0775,0.062,1.86,1.488,13.02,10.416,56.58,45.26
aws,eu-west-1,Irlanda,c7g,ARM,AWS Graviton3,4,8,0.155,0.124,3.72,2.976,26.04,20.832,113.15,90.52
aws,eu-west-1,Irlanda,c7g,ARM,AWS Graviton3,8,16,0.3101,0.24808,7.4424,5.9539,52.097,41.678,226.37,181.1
aws,eu-west-1,Irlanda,c7g,ARM,AWS Graviton3,16,32,0.6202,0.49616,14.8848,11.9078,104.194,83.355,452.75,362.2
aws,eu-west-1,Irlanda,c7g,ARM,AWS Graviton3,32,64,1.2403,0.99224,29.7672,23.8138,208.37,166.696,905.42,724.34
aws,eu-west-1,Irlanda,c7g,ARM,AWS Graviton3,48,96,1.8605,1.4884,44.652,35.7216,312.564,250.051,1358.16,1086.53
aws,eu-west-1,Irlanda,c7g,ARM,AWS Graviton3,64,128,2.4806,1.98448,59.5344,47.6275,416.741,333.393,1810.84,1448.67
aws,eu-west-1,Irlanda,c7i,x86(Intel),Intel Xeon Platinum 8488C,2,4,0.09576,0.10944,2.2982,2.6265,16.088,18.386,69.9,79.89
aws,eu-west-1,Irlanda,c7i,x86(Intel),Intel Xeon Platinum 8488C,4,8,0.19152,0.21888,4.5965,5.2531,32.175,36.771,139.81,159.78
aws,eu-west-1,Irlanda,c7i,x86(Intel),Intel Xeon Platinum 8488C,8,16,0.38304,0.43776,9.193,10.5063,64.351,73.544,279.62,319.57
aws,eu-west-1,Irlanda,c7i,x86(Intel),Intel Xeon Platinum 8488C,16,32,0.76608,0.87552,18.3859,21.0125,128.701,147.087,559.24,639.13
aws,eu-west-1,Irlanda,c7i,x86(Intel),Intel Xeon Platinum 8488C,32,64,1.53216,1.75104,36.7718,42.0249,257.403,294.175,1118.48,1278.26
aws,eu-west-1,Irlanda,c7i,x86(Intel),Intel Xeon Platinum 8488C,48,96,2.29824,2.62656,55.1578,63.0375,386.104,441.262,1677.72,1917.39
aws,eu-west-1,Irlanda,c7i,x86(Intel),Intel Xeon Platinum 8488C,64,128,3.06432,3.50208,73.5437,84.0499,514.806,588.35,2236.95,2556.51
aws,eu-west-1,Irlanda,c7i,x86(Intel),Intel Xeon Platinum 8488C,96,192,4.59648,5.25312,110.3155,126.0749,772.209,882.525,3355.43,3834.78
aws,eu-west-1,Irlanda,c7i,x86(Intel),Intel Xeon Platinum 8488C,192,384,9.19296,10.50624,220.631,252.1497,1544.417,1765.048,6710.86,7669.55
aws,eu-west-1,Irlanda,c8a,x86(AMD),AMD EPYC 9R45,1,2,0.05782,0.02689,1.3877,0.6454,9.714,4.518,42.21,19.63
aws,eu-west-1,Irlanda,c8a,x86(AMD),AMD EPYC 9R45,2,4,0.11563,0.05378,2.7751,1.2907,19.426,9.035,84.41,39.26
aws,eu-west-1,Irlanda,c8a,x86(AMD),AMD EPYC 9R45,4,8,0.23126,0.10756,5.5502,2.5815,38.852,18.071,168.82,78.52
aws,eu-west-1,Irlanda,c8a,x86(AMD),AMD EPYC 9R45,8,16,0.46252,0.21513,11.1005,5.163,77.703,36.141,337.64,157.04
aws,eu-west-1,Irlanda,c8a,x86(AMD),AMD EPYC 9R45,16,32,0.92504,0.43025,22.201,10.326,155.407,72.282,675.28,314.08
aws,eu-west-1,Irlanda,c8a,x86(AMD),AMD EPYC 9R45,32,64,1.85008,0.8605,44.4019,20.652,310.813,144.564,1350.56,628.17
aws,eu-west-1,Irlanda,c8a,x86(AMD),AMD EPYC 9R45,48,96,2.77512,1.29075,66.6029,30.9781,466.22,216.847,2025.84,942.25
aws,eu-west-1,Irlanda,c8a,x86(AMD),AMD EPYC 9R45,64,128,3.70016,1.721,88.8038,41.3041,621.627,289.129,2701.12,1256.33
aws,eu-west-1,Irlanda,c8a,x86(AMD),AMD EPYC 9R45,96,192,5.55024,2.58151,133.2058,61.9562,932.44,433.693,4051.68,1884.5
aws,eu-west-1,Irlanda,c8a,x86(AMD),AMD EPYC 9R45,192,384,11.10048,5.16301,266.4115,123.9123,1864.881,867.387,8103.35,3769.0
aws,eu-west-1,Irlanda,c8g,ARM,AWS Graviton4,1,2,0.04264,0.02751,1.0234,0.6603,7.164,4.622,31.13,20.08
aws,eu-west-1,Irlanda,c8g,ARM,AWS Graviton4,2,4,0.08528,0.05502,2.0467,1.3205,14.327,9.243,62.25,40.16
aws,eu-west-1,Irlanda,c8g,ARM,AWS Graviton4,4,8,0.17056,0.11004,4.0934,2.6409,28.654,18.486,124.51,80.33
aws,eu-west-1,Irlanda,c8g,ARM,AWS Graviton4,8,16,0.34112,0.22008,8.1869,5.2819,57.308,36.973,249.02,160.66
aws,eu-west-1,Irlanda,c8g,ARM,AWS Graviton4,16,32,0.68224,0.44015,16.3738,10.5637,114.616,73.946,498.04,321.32
aws,eu-west-1,Irlanda,c8g,ARM,AWS Graviton4,32,64,1.36448,0.88031,32.7475,21.1274,229.233,147.892,996.07,642.63
aws,eu-west-1,Irlanda,c8g,ARM,AWS Graviton4,48,96,2.04672,1.32046,49.1213,31.6912,343.849,221.838,1494.11,963.94
aws,eu-west-1,Irlanda,c8g,ARM,AWS Graviton4,64,128,2.72896,1.76062,65.495,42.2548,458.465,295.784,1992.14,1285.25
aws,eu-west-1,Irlanda,c8g,ARM,AWS Graviton4,96,192,4.09344,2.64093,98.2426,63.3823,687.698,443.676,2988.21,1927.88
aws,eu-west-1,Irlanda,c8g,ARM,AWS Graviton4,192,384,8.18688,5.28186,196.4851,126.7646,1375.396,887.352,5976.42,3855.75
aws,eu-west-1,Irlanda,c8i,x86(Intel),Intel Xeon 6 6975P-C,2,4,0.10055,0.08938,2.4132,2.1451,16.892,15.015,73.4,65.24
aws,eu-west-1,Irlanda,c8i,x86(Intel),Intel Xeon 6 6975P-C,4,8,0.2011,0.17876,4.8264,4.2901,33.785,30.031,146.8,130.49
aws,eu-west-1,Irlanda,c8i,x86(Intel),Intel Xeon 6 6975P-C,8,16,0.4022,0.35751,9.6528,8.5803,67.57,60.062,293.61,260.99
aws,eu-west-1,Irlanda,c8i,x86(Intel),Intel Xeon 6 6975P-C,16,32,0.8044,0.71502,19.3056,17.1605,135.139,120.124,587.21,521.96
aws,eu-west-1,Irlanda,c8i,x86(Intel),Intel Xeon 6 6975P-C,32,64,1.6088,1.43004,38.6112,34.3211,270.278,240.247,1174.42,1043.93
aws,eu-west-1,Irlanda,c8i,x86(Intel),Intel Xeon 6 6975P-C,48,96,2.4132,2.14507,57.9168,51.4816,405.418,360.372,1761.64,1565.9
aws,eu-west-1,Irlanda,c8i,x86(Intel),Intel Xeon 6 6975P-C,64,128,3.2176,2.86009,77.2224,68.6421,540.557,480.495,2348.85,2087.87
aws,eu-west-1,Irlanda,c8i,x86(Intel),Intel Xeon 6 6975P-C,96,192,4.8264,4.29013,115.8336,102.9632,810.835,720.742,3523.27,3131.8
aws,eu-west-1,Irlanda,c8i,x86(Intel),Intel Xeon 6 6975P-C,128,256,6.4352,5.72018,154.4448,137.2843,1081.114,960.99,4697.7,4175.73
aws,eu-west-1,Irlanda,c8i,x86(Intel),Intel Xeon 6 6975P-C,192,384,9.6528,8.58027,231.6672,205.9264,1621.67,1441.484,7046.54,6263.59
aws,eu-west-1,Irlanda,c8i,x86(Intel),Intel Xeon 6 6975P-C,384,768,19.3056,17.16053,463.3344,411.8528,3243.341,2882.97,14093.09,12527.19
aws,eu-west-1,Irlanda,m6a,x86(AMD),AMD EPYC 7R13,2,8,0.0963,0.11852,2.3112,2.8446,16.178,19.911,70.3,86.52
aws,eu-west-1,Irlanda,m6a,x86(AMD),AMD EPYC 7R13,4,16,0.1926,0.23705,4.6224,5.6891,32.357,39.824,140.6,173.05
aws,eu-west-1,Irlanda,m6a,x86(AMD),AMD EPYC 7R13,8,32,0.3852,0.47409,9.2448,11.3782,64.714,79.648,281.2,346.09
aws,eu-west-1,Irlanda,m6a,x86(AMD),AMD EPYC 7R13,16,64,0.7704,0.94818,18.4896,22.7564,129.427,159.295,562.39,692.17
aws,eu-west-1,Irlanda,m6a,x86(AMD),AMD EPYC 7R13,32,128,1.5408,1.89637,36.9792,45.5129,258.854,318.59,1124.78,1384.34
aws,eu-west-1,Irlanda,m6a,x86(AMD),AMD EPYC 7R13,48,192,2.3112,2.84455,55.4688,68.2693,388.282,477.886,1687.18,2076.53
aws,eu-west-1,Irlanda,m6a,x86(AMD),AMD EPYC 7R13,64,256,3.0816,3.79274,73.9584,91.0257,517.709,637.18,2249.57,2768.7
aws,eu-west-1,Irlanda,m6a,x86(AMD),AMD EPYC 7R13,96,384,4.6224,5.68911,110.9376,136.5386,776.563,955.77,3374.35,4153.05
aws,eu-west-1,Irlanda,m6a,x86(AMD),AMD EPYC 7R13,128,512,6.1632,7.58548,147.9168,182.0514,1035.418,1274.361,4499.14,5537.4
aws,eu-west-1,Irlanda,m6a,x86(AMD),AMD EPYC 7R13,192,768,9.2448,11.37822,221.8752,273.0772,1553.126,1911.54,6748.7,8306.09
aws,eu-west-1,Irlanda,m6g,ARM,AWS Graviton2,1,4,0.043,0.043,1.032,1.032,7.224,7.224,31.39,31.39
aws,eu-west-1,Irlanda,m6g,ARM,AWS Graviton2,2,8,0.086,0.086,2.064,2.064,14.448,14.448,62.78,62.78
aws,eu-west-1,Irlanda,m6g,ARM,AWS Graviton2,4,16,0.172,0.172,4.128,4.128,28.896,28.896,125.56,125.56
aws,eu-west-1,Irlanda,m6g,ARM,AWS Graviton2,8,32,0.344,0.344,8.256,8.256,57.792,57.792,251.12,251.12
aws,eu-west-1,Irlanda,m6g,ARM,AWS Graviton2,16,64,0.688,0.688,16.512,16.512,115.584,115.584,502.24,502.24
aws,eu-west-1,Irlanda,m6g,ARM,AWS Graviton2,32,128,1.376,1.376,33.024,33.024,231.168,231.168,1004.48,1004.48
aws,eu-west-1,Irlanda,m6g,ARM,AWS Graviton2,48,192,2.064,2.064,49.536,49.536,346.752,346.752,1506.72,1506.72
aws,eu-west-1,Irlanda,m6g,ARM,AWS Graviton2,64,256,2.752,2.752,66.048,66.048,462.336,462.336,2008.96,2008.96
aws,eu-west-1,Irlanda,m6i,x86(Intel),Intel Xeon Platinum 8375C,2,8,0.107,0.14887,2.568,3.5729,17.976,25.01,78.11,108.67
aws,eu-west-1,Irlanda,m6i,x86(Intel),Intel Xeon Platinum 8375C,4,16,0.214,0.29774,5.136,7.1457,35.952,50.02,156.22,217.35
aws,eu-west-1,Irlanda,m6i,x86(Intel),Intel Xeon Platinum 8375C,8,32,0.428,0.59548,10.272,14.2915,71.904,100.04,312.44,434.7
aws,eu-west-1,Irlanda,m6i,x86(Intel),Intel Xeon Platinum 8375C,16,64,0.856,1.19096,20.544,28.583,143.808,200.081,624.88,869.4
aws,eu-west-1,Irlanda,m6i,x86(Intel),Intel Xeon Platinum 8375C,32,128,1.712,2.38191,41.088,57.1659,287.616,400.161,1249.76,1738.8
aws,eu-west-1,Irlanda,m6i,x86(Intel),Intel Xeon Platinum 8375C,48,192,2.568,3.57287,61.632,85.7489,431.424,600.242,1874.64,2608.19
aws,eu-west-1,Irlanda,m6i,x86(Intel),Intel Xeon Platinum 8375C,64,256,3.424,4.76383,82.176,114.3318,575.232,800.323,2499.52,3477.59
aws,eu-west-1,Irlanda,m6i,x86(Intel),Intel Xeon Platinum 8375C,96,384,5.136,7.14574,123.264,171.4977,862.848,1200.484,3749.28,5216.39
aws,eu-west-1,Irlanda,m6i,x86(Intel),Intel Xeon Platinum 8375C,128,512,6.848,9.52765,164.352,228.6637,1150.464,1600.646,4999.04,6955.19
aws,eu-west-1,Irlanda,m7a,x86(AMD),AMD EPYC 9R14,1,4,0.0646,0.03915,1.5504,0.9396,10.853,6.578,47.16,28.58
aws,eu-west-1,Irlanda,m7a,x86(AMD),AMD EPYC 9R14,2,8,0.1292,0.0783,3.1008,1.8793,21.706,13.155,94.32,57.16
aws,eu-west-1,Irlanda,m7a,x86(AMD),AMD EPYC 9R14,4,16,0.2584,0.15661,6.2016,3.7585,43.411,26.31,188.63,114.32
aws,eu-west-1,Irlanda,m7a,x86(AMD),AMD EPYC 9R14,8,32,0.5168,0.31321,12.4032,7.5171,86.822,52.619,377.26,228.64
aws,eu-west-1,Irlanda,m7a,x86(AMD),AMD EPYC 9R14,16,64,1.0336,0.62642,24.8064,15.0342,173.645,105.239,754.53,457.29
aws,eu-west-1,Irlanda,m7a,x86(AMD),AMD EPYC 9R14,32,128,2.0672,1.25285,49.6128,30.0684,347.29,210.479,1509.06,914.58
aws,eu-west-1,Irlanda,m7a,x86(AMD),AMD EPYC 9R14,48,192,3.1008,1.87927,74.4192,45.1025,520.934,315.718,2263.58,1371.87
aws,eu-west-1,Irlanda,m7a,x86(AMD),AMD EPYC 9R14,64,256,4.1344,2.5057,99.2256,60.1367,694.579,420.957,3018.11,1829.16
aws,eu-west-1,Irlanda,m7a,x86(AMD),AMD EPYC 9R14,96,384,6.2016,3.75855,148.8384,90.2051,1041.869,631.436,4527.17,2743.74
aws,eu-west-1,Irlanda,m7a,x86(AMD),AMD EPYC 9R14,128,512,8.2688,5.01139,198.4512,120.2735,1389.158,841.914,6036.22,3658.32
aws,eu-west-1,Irlanda,m7a,x86(AMD),AMD EPYC 9R14,192,768,12.4032,7.51709,297.6768,180.4102,2083.738,1262.872,9054.34,5487.48
aws,eu-west-1,Irlanda,m7g,ARM,AWS Graviton3,1,4,0.0455,0.0364,1.092,0.8736,7.644,6.115,33.21,26.57
aws,eu-west-1,Irlanda,m7g,ARM,AWS Graviton3,2,8,0.091,0.0728,2.184,1.7472,15.288,12.23,66.43,53.14
aws,eu-west-1,Irlanda,m7g,ARM,AWS Graviton3,4,16,0.1819,0.14552,4.3656,3.4925,30.559,24.447,132.79,106.23
aws,eu-west-1,Irlanda,m7g,ARM,AWS Graviton3,8,32,0.3638,0.29104,8.7312,6.985,61.118,48.894,265.57,212.46
aws,eu-west-1,Irlanda,m7g,ARM,AWS Graviton3,16,64,0.7276,0.58208,17.4624,13.9699,122.237,97.79,531.15,424.92
aws,eu-west-1,Irlanda,m7g,ARM,AWS Graviton3,32,128,1.4552,1.16416,34.9248,27.9398,244.474,195.579,1062.3,849.84
aws,eu-west-1,Irlanda,m7g,ARM,AWS Graviton3,48,192,2.1828,1.74624,52.3872,41.9098,366.71,293.368,1593.44,1274.75
aws,eu-west-1,Irlanda,m7g,ARM,AWS Graviton3,64,256,2.9104,2.32832,69.8496,55.8797,488.947,391.158,2124.59,1699.67
aws,eu-west-1,Irlanda,m7i,x86(Intel),Intel Xeon Platinum 8488C,2,8,0.11235,0.1284,2.6964,3.0816,18.875,21.571,82.02,93.74
aws,eu-west-1,Irlanda,m7i,x86(Intel),Intel Xeon Platinum 8488C,4,16,0.2247,0.2568,5.3928,6.1632,37.75,43.143,164.03,187.46
aws,eu-west-1,Irlanda,m7i,x86(Intel),Intel Xeon Platinum 8488C,8,32,0.4494,0.5136,10.7856,12.3264,75.499,86.285,328.06,374.93
aws,eu-west-1,Irlanda,m7i,x86(Intel),Intel Xeon Platinum 8488C,16,64,0.8988,1.0272,21.5712,24.6528,150.998,172.569,656.12,749.85
aws,eu-west-1,Irlanda,m7i,x86(Intel),Intel Xeon Platinum 8488C,32,128,1.7976,2.0544,43.1424,49.3056,301.997,345.139,1312.25,1499.71
aws,eu-west-1,Irlanda,m7i,x86(Intel),Intel Xeon Platinum 8488C,48,192,2.6964,3.0816,64.7136,73.9584,452.995,517.709,1968.37,2249.57
aws,eu-west-1,Irlanda,m7i,x86(Intel),Intel Xeon Platinum 8488C,64,256,3.5952,4.1088,86.2848,98.6112,603.994,690.279,2624.5,2999.43
aws,eu-west-1,Irlanda,m7i,x86(Intel),Intel Xeon Platinum 8488C,96,384,5.3928,6.1632,129.4272,147.9168,905.99,1035.417,3936.74,4499.13
aws,eu-west-1,Irlanda,m7i,x86(Intel),Intel Xeon Platinum 8488C,192,768,10.7856,12.3264,258.8544,295.8336,1811.981,2070.835,7873.49,8998.27
aws,eu-west-1,Irlanda,m8a,x86(AMD),AMD EPYC 9R45,1,4,0.06783,0.03155,1.6279,0.7572,11.395,5.3,49.52,23.03
aws,eu-west-1,Irlanda,m8a,x86(AMD),AMD EPYC 9R45,2,8,0.13566,0.0631,3.2558,1.5143,22.791,10.6,99.03,46.06
aws,eu-west-1,Irlanda,m8a,x86(AMD),AMD EPYC 9R45,4,16,0.27132,0.1262,6.5117,3.0287,45.582,21.201,198.06,92.12
aws,eu-west-1,Irlanda,m8a,x86(AMD),AMD EPYC 9R45,8,32,0.54264,0.25239,13.0234,6.0574,91.164,42.402,396.13,184.25
aws,eu-west-1,Irlanda,m8a,x86(AMD),AMD EPYC 9R45,16,64,1.08528,0.50478,26.0467,12.1147,182.327,84.803,792.25,368.49
aws,eu-west-1,Irlanda,m8a,x86(AMD),AMD EPYC 9R45,32,128,2.17056,1.00956,52.0934,24.2295,364.654,169.607,1584.51,736.98
aws,eu-west-1,Irlanda,m8a,x86(AMD),AMD EPYC 9R45,48,192,3.25584,1.51434,78.1402,36.3443,546.981,254.41,2376.76,1105.47
aws,eu-west-1,Irlanda,m8a,x86(AMD),AMD EPYC 9R45,64,256,4.34112,2.01913,104.1869,48.459,729.308,339.213,3169.02,1473.96
aws,eu-west-1,Irlanda,m8a,x86(AMD),AMD EPYC 9R45,96,384,6.51168,3.02869,156.2803,72.6885,1093.962,508.82,4753.53,2210.94
aws,eu-west-1,Irlanda,m8a,x86(AMD),AMD EPYC 9R45,192,768,13.02336,6.05738,312.5606,145.377,2187.924,1017.639,9507.05,4421.88
aws,eu-west-1,Irlanda,m8g,ARM,AWS Graviton4,1,4,0.05002,0.03227,1.2005,0.7745,8.403,5.421,36.51,23.55
aws,eu-west-1,Irlanda,m8g,ARM,AWS Graviton4,2,8,0.10004,0.06454,2.401,1.549,16.807,10.843,73.03,47.12
aws,eu-west-1,Irlanda,m8g,ARM,AWS Graviton4,4,16,0.20008,0.12908,4.8019,3.098,33.613,21.686,146.06,94.23
aws,eu-west-1,Irlanda,m8g,ARM,AWS Graviton4,8,32,0.40016,0.25817,9.6038,6.196,67.227,43.372,292.12,188.46
aws,eu-west-1,Irlanda,m8g,ARM,AWS Graviton4,16,64,0.80032,0.51634,19.2077,12.3921,134.454,86.745,584.23,376.92
aws,eu-west-1,Irlanda,m8g,ARM,AWS Graviton4,32,128,1.60064,1.03267,38.4154,24.7841,268.908,173.489,1168.47,753.85
aws,eu-west-1,Irlanda,m8g,ARM,AWS Graviton4,48,192,2.40096,1.54901,57.623,37.1761,403.361,260.233,1752.7,1130.77
aws,eu-west-1,Irlanda,m8g,ARM,AWS Graviton4,64,256,3.20128,2.06534,76.8307,49.5682,537.815,346.977,2336.93,1507.7
aws,eu-west-1,Irlanda,m8g,ARM,AWS Graviton4,96,384,4.80192,3.09801,115.2461,74.3523,806.723,520.466,3505.4,2261.55
aws,eu-west-1,Irlanda,m8g,ARM,AWS Graviton4,192,768,9.60384,6.19603,230.4922,148.7046,1613.445,1040.932,7010.8,4523.1
aws,eu-west-1,Irlanda,m8i,x86(Intel),Intel Xeon 6 6975P-C,2,8,0.11797,0.10486,2.8313,2.5167,19.819,17.617,86.12,76.55
aws,eu-west-1,Irlanda,m8i,x86(Intel),Intel Xeon 6 6975P-C,4,16,0.23594,0.20972,5.6626,5.0334,39.638,35.234,172.24,153.1
aws,eu-west-1,Irlanda,m8i,x86(Intel),Intel Xeon 6 6975P-C,8,32,0.47188,0.41945,11.3251,10.0668,79.276,70.468,344.47,306.2
aws,eu-west-1,Irlanda,m8i,x86(Intel),Intel Xeon 6 6975P-C,16,64,0.94376,0.8389,22.6502,20.1335,158.552,140.935,688.94,612.39
aws,eu-west-1,Irlanda,m8i,x86(Intel),Intel Xeon 6 6975P-C,32,128,1.88752,1.6778,45.3005,40.2671,317.103,281.869,1377.89,1224.79
aws,eu-west-1,Irlanda,m8i,x86(Intel),Intel Xeon 6 6975P-C,48,192,2.83128,2.51669,67.9507,60.4006,475.655,422.804,2066.83,1837.18
aws,eu-west-1,Irlanda,m8i,x86(Intel),Intel Xeon 6 6975P-C,64,256,3.77504,3.35559,90.601,80.5342,634.207,563.74,2755.78,2449.58
aws,eu-west-1,Irlanda,m8i,x86(Intel),Intel Xeon 6 6975P-C,96,384,5.66256,5.03339,135.9014,120.8012,951.31,845.609,4133.67,3674.37
aws,eu-west-1,Irlanda,m8i,x86(Intel),Intel Xeon 6 6975P-C,128,512,7.55008,6.71118,181.2019,161.0684,1268.413,1127.478,5511.56,4899.16
aws,eu-west-1,Irlanda,m8i,x86(Intel),Intel Xeon 6 6975P-C,192,768,11.32512,10.06677,271.8029,241.6026,1902.62,1691.218,8267.34,7348.75
aws,eu-west-1,Irlanda,m8i,x86(Intel),Intel Xeon 6 6975P-C,384,1536,22.65024,20.13355,543.6058,483.2052,3805.24,3382.436,16534.68,14697.49
aws,eu-west-1,Irlanda,r6a,x86(AMD),AMD EPYC 7R13,2,16,0.1269,0.15618,3.0456,3.7484,21.319,26.239,92.64,114.02
aws,eu-west-1,Irlanda,r6a,x86(AMD),AMD EPYC 7R13,4,32,0.2538,0.31237,6.0912,7.4969,42.638,52.478,185.27,228.02
aws,eu-west-1,Irlanda,r6a,x86(AMD),AMD EPYC 7R13,8,64,0.5076,0.62474,12.1824,14.9937,85.277,104.956,370.55,456.06
aws,eu-west-1,Irlanda,r6a,x86(AMD),AMD EPYC 7R13,16,128,1.0152,1.24948,24.3648,29.9874,170.554,209.913,741.1,912.12
aws,eu-west-1,Irlanda,r6a,x86(AMD),AMD EPYC 7R13,32,256,2.0304,2.49895,48.7296,59.9749,341.107,419.824,1482.19,1824.23
aws,eu-west-1,Irlanda,r6a,x86(AMD),AMD EPYC 7R13,48,384,3.0456,3.74843,73.0944,89.9623,511.661,629.737,2223.29,2736.36
aws,eu-west-1,Irlanda,r6a,x86(AMD),AMD EPYC 7R13,64,512,4.0608,4.99791,97.4592,119.9498,682.214,839.648,2964.38,3648.47
aws,eu-west-1,Irlanda,r6a,x86(AMD),AMD EPYC 7R13,96,768,6.0912,7.49686,146.1888,179.9247,1023.322,1259.473,4446.58,5472.71
aws,eu-west-1,Irlanda,r6a,x86(AMD),AMD EPYC 7R13,128,1024,8.1216,9.99582,194.9184,239.8996,1364.429,1679.297,5928.77,7296.95
aws,eu-west-1,Irlanda,r6a,x86(AMD),AMD EPYC 7R13,192,1536,12.1824,14.99372,292.3776,359.8494,2046.643,2518.945,8893.15,10945.42
aws,eu-west-1,Irlanda,r6g,ARM,AWS Graviton2,1,8,0.0564,0.0564,1.3536,1.3536,9.475,9.475,41.17,41.17
aws,eu-west-1,Irlanda,r6g,ARM,AWS Graviton2,2,16,0.1128,0.1128,2.7072,2.7072,18.95,18.95,82.34,82.34
aws,eu-west-1,Irlanda,r6g,ARM,AWS Graviton2,4,32,0.2256,0.2256,5.4144,5.4144,37.901,37.901,164.69,164.69
aws,eu-west-1,Irlanda,r6g,ARM,AWS Graviton2,8,64,0.4512,0.4512,10.8288,10.8288,75.802,75.802,329.38,329.38
aws,eu-west-1,Irlanda,r6g,ARM,AWS Graviton2,16,128,0.9024,0.9024,21.6576,21.6576,151.603,151.603,658.75,658.75
aws,eu-west-1,Irlanda,r6g,ARM,AWS Graviton2,32,256,1.8048,1.8048,43.3152,43.3152,303.206,303.206,1317.5,1317.5
aws,eu-west-1,Irlanda,r6g,ARM,AWS Graviton2,48,384,2.7072,2.7072,64.9728,64.9728,454.81,454.81,1976.26,1976.26
aws,eu-west-1,Irlanda,r6g,ARM,AWS Graviton2,64,512,3.6096,3.6096,86.6304,86.6304,606.413,606.413,2635.01,2635.01
aws,eu-west-1,Irlanda,r6i,x86(Intel),Intel Xeon Platinum 8375C,2,16,0.141,0.19617,3.384,4.7082,23.688,32.957,102.93,143.21
aws,eu-west-1,Irlanda,r6i,x86(Intel),Intel Xeon Platinum 8375C,4,32,0.282,0.39235,6.768,9.4163,47.376,65.914,205.86,286.41
aws,eu-west-1,Irlanda,r6i,x86(Intel),Intel Xeon Platinum 8375C,8,64,0.564,0.7847,13.536,18.8327,94.752,131.829,411.72,572.83
aws,eu-west-1,Irlanda,r6i,x86(Intel),Intel Xeon Platinum 8375C,16,128,1.128,1.56939,27.072,37.6654,189.504,263.658,823.44,1145.66
aws,eu-west-1,Irlanda,r6i,x86(Intel),Intel Xeon Platinum 8375C,32,256,2.256,3.13878,54.144,75.3308,379.008,527.315,1646.88,2291.31
aws,eu-west-1,Irlanda,r6i,x86(Intel),Intel Xeon Platinum 8375C,48,384,3.384,4.70817,81.216,112.9962,568.512,790.973,2470.32,3436.97
aws,eu-west-1,Irlanda,r6i,x86(Intel),Intel Xeon Platinum 8375C,64,512,4.512,6.27757,108.288,150.6616,758.016,1054.631,3293.76,4582.62
aws,eu-west-1,Irlanda,r6i,x86(Intel),Intel Xeon Platinum 8375C,96,768,6.768,9.41635,162.432,225.9923,1137.024,1581.946,4940.64,6873.93
aws,eu-west-1,Irlanda,r6i,x86(Intel),Intel Xeon Platinum 8375C,128,1024,9.024,12.55513,216.576,301.3231,1516.032,2109.262,6587.52,9165.25
aws,eu-west-1,Irlanda,r7a,x86(AMD),AMD EPYC 9R14,1,8,0.08513,0.05159,2.0431,1.2382,14.302,8.668,62.14,37.66
aws,eu-west-1,Irlanda,r7a,x86(AMD),AMD EPYC 9R14,2,16,0.17026,0.10319,4.0862,2.4765,28.604,17.336,124.29,75.33
aws,eu-west-1,Irlanda,r7a,x86(AMD),AMD EPYC 9R14,4,32,0.34052,0.20638,8.1725,4.953,57.207,34.671,248.58,150.65
aws,eu-west-1,Irlanda,r7a,x86(AMD),AMD EPYC 9R14,8,64,0.68104,0.41275,16.345,9.9061,114.415,69.342,497.16,301.31
aws,eu-west-1,Irlanda,r7a,x86(AMD),AMD EPYC 9R14,16,128,1.36208,0.8255,32.6899,19.8121,228.829,138.684,994.32,602.62
aws,eu-west-1,Irlanda,r7a,x86(AMD),AMD EPYC 9R14,32,256,2.72416,1.65101,65.3798,39.6241,457.659,277.369,1988.64,1205.24
aws,eu-west-1,Irlanda,r7a,x86(AMD),AMD EPYC 9R14,48,384,4.08624,2.47651,98.0698,59.4362,686.488,416.053,2982.96,1807.85
aws,eu-west-1,Irlanda,r7a,x86(AMD),AMD EPYC 9R14,64,512,5.44832,3.30201,130.7597,79.2483,915.318,554.738,3977.27,2410.47
aws,eu-west-1,Irlanda,r7a,x86(AMD),AMD EPYC 9R14,96,768,8.17248,4.95302,196.1395,118.8724,1372.977,832.107,5965.91,3615.7
aws,eu-west-1,Irlanda,r7a,x86(AMD),AMD EPYC 9R14,128,1024,10.89664,6.60402,261.5194,158.4966,1830.636,1109.476,7954.55,4820.94
aws,eu-west-1,Irlanda,r7a,x86(AMD),AMD EPYC 9R14,192,1536,16.34496,9.90604,392.279,237.7448,2745.953,1664.214,11931.82,7231.41
aws,eu-west-1,Irlanda,r7g,ARM,AWS Graviton3,1,8,0.0599,0.04792,1.4376,1.1501,10.063,8.05,43.73,34.98
aws,eu-west-1,Irlanda,r7g,ARM,AWS Graviton3,2,16,0.1199,0.09592,2.8776,2.3021,20.143,16.114,87.53,70.02
aws,eu-west-1,Irlanda,r7g,ARM,AWS Graviton3,4,32,0.2397,0.19176,5.7528,4.6022,40.27,32.216,174.98,139.98
aws,eu-west-1,Irlanda,r7g,ARM,AWS Graviton3,8,64,0.4794,0.38352,11.5056,9.2045,80.539,64.431,349.96,279.97
aws,eu-west-1,Irlanda,r7g,ARM,AWS Graviton3,16,128,0.9588,0.76704,23.0112,18.409,161.078,128.862,699.92,559.94
aws,eu-west-1,Irlanda,r7g,ARM,AWS Graviton3,32,256,1.9176,1.53408,46.0224,36.8179,322.157,257.726,1399.85,1119.88
aws,eu-west-1,Irlanda,r7g,ARM,AWS Graviton3,48,384,2.8764,2.30112,69.0336,55.2269,483.235,386.588,2099.77,1679.82
aws,eu-west-1,Irlanda,r7g,ARM,AWS Graviton3,64,512,3.8352,3.06816,92.0448,73.6358,644.314,515.451,2799.7,2239.76
aws,eu-west-1,Irlanda,r7i,x86(Intel),Intel Xeon Platinum 8488C,2,16,0.14805,0.1692,3.5532,4.0608,24.872,28.425,108.08,123.52
aws,eu-west-1,Irlanda,r7i,x86(Intel),Intel Xeon Platinum 8488C,4,32,0.2961,0.3384,7.1064,8.1216,49.745,56.851,216.15,247.03
aws,eu-west-1,Irlanda,r7i,x86(Intel),Intel Xeon Platinum 8488C,8,64,0.5922,0.6768,14.2128,16.2432,99.49,113.703,432.31,494.07
aws,eu-west-1,Irlanda,r7i,x86(Intel),Intel Xeon Platinum 8488C,16,128,1.1844,1.3536,28.4256,32.4864,198.979,227.405,864.61,988.13
aws,eu-west-1,Irlanda,r7i,x86(Intel),Intel Xeon Platinum 8488C,32,256,2.3688,2.7072,56.8512,64.9728,397.958,454.809,1729.22,1976.25
aws,eu-west-1,Irlanda,r7i,x86(Intel),Intel Xeon Platinum 8488C,48,384,3.5532,4.0608,85.2768,97.4592,596.938,682.215,2593.84,2964.39
aws,eu-west-1,Irlanda,r7i,x86(Intel),Intel Xeon Platinum 8488C,64,512,4.7376,5.4144,113.7024,129.9456,795.917,909.619,3458.45,3952.51
aws,eu-west-1,Irlanda,r7i,x86(Intel),Intel Xeon Platinum 8488C,96,768,7.1064,8.1216,170.5536,194.9184,1193.875,1364.429,5187.67,5928.77
aws,eu-west-1,Irlanda,r7i,x86(Intel),Intel Xeon Platinum 8488C,192,1536,14.2128,16.2432,341.1072,389.8368,2387.75,2728.857,10375.34,11857.53
aws,eu-west-1,Irlanda,r8a,x86(AMD),AMD EPYC 9R45,1,8,0.08939,0.04158,2.1454,0.9979,15.018,6.985,65.25,30.35
aws,eu-west-1,Irlanda,r8a,x86(AMD),AMD EPYC 9R45,2,16,0.17877,0.08315,4.2905,1.9956,30.033,13.969,130.5,60.7
aws,eu-west-1,Irlanda,r8a,x86(AMD),AMD EPYC 9R45,4,32,0.35754,0.1663,8.581,3.9912,60.067,27.938,261.0,121.4
aws,eu-west-1,Irlanda,r8a,x86(AMD),AMD EPYC 9R45,8,64,0.71508,0.3326,17.1619,7.9823,120.133,55.876,522.01,242.8
aws,eu-west-1,Irlanda,r8a,x86(AMD),AMD EPYC 9R45,16,128,1.43016,0.66519,34.3238,15.9646,240.267,111.752,1044.02,485.59
aws,eu-west-1,Irlanda,r8a,x86(AMD),AMD EPYC 9R45,32,256,2.86032,1.33038,68.6477,31.9292,480.534,223.504,2088.03,971.18
aws,eu-west-1,Irlanda,r8a,x86(AMD),AMD EPYC 9R45,48,384,4.29048,1.99557,102.9715,47.8937,720.801,335.256,3132.05,1456.77
aws,eu-west-1,Irlanda,r8a,x86(AMD),AMD EPYC 9R45,64,512,5.72064,2.66076,137.2954,63.8583,961.068,447.008,4176.07,1942.36
aws,eu-west-1,Irlanda,r8a,x86(AMD),AMD EPYC 9R45,96,768,8.58096,3.99114,205.943,95.7874,1441.601,670.512,6264.1,2913.53
aws,eu-west-1,Irlanda,r8a,x86(AMD),AMD EPYC 9R45,192,1536,17.16192,7.98229,411.8861,191.5749,2883.203,1341.025,12528.2,5827.07
aws,eu-west-1,Irlanda,r8g,ARM,AWS Graviton4,1,8,0.06592,0.04253,1.5821,1.0207,11.075,7.145,48.12,31.05
aws,eu-west-1,Irlanda,r8g,ARM,AWS Graviton4,2,16,0.13184,0.08506,3.1642,2.0414,22.149,14.29,96.24,62.09
aws,eu-west-1,Irlanda,r8g,ARM,AWS Graviton4,4,32,0.26368,0.17012,6.3283,4.0828,44.298,28.579,192.49,124.19
aws,eu-west-1,Irlanda,r8g,ARM,AWS Graviton4,8,64,0.52736,0.34023,12.6566,8.1655,88.596,57.159,384.97,248.37
aws,eu-west-1,Irlanda,r8g,ARM,AWS Graviton4,16,128,1.05472,0.68046,25.3133,16.3312,177.193,114.318,769.95,496.74
aws,eu-west-1,Irlanda,r8g,ARM,AWS Graviton4,32,256,2.10944,1.36093,50.6266,32.6623,354.386,228.636,1539.89,993.48
aws,eu-west-1,Irlanda,r8g,ARM,AWS Graviton4,48,384,3.16416,2.04139,75.9398,48.9934,531.579,342.954,2309.84,1490.22
aws,eu-west-1,Irlanda,r8g,ARM,AWS Graviton4,64,512,4.21888,2.72186,101.2531,65.3246,708.772,457.272,3079.78,1986.95
aws,eu-west-1,Irlanda,r8g,ARM,AWS Graviton4,96,768,6.32832,4.08279,151.8797,97.9869,1063.158,685.908,4619.67,2980.43
aws,eu-west-1,Irlanda,r8g,ARM,AWS Graviton4,192,1536,12.65664,8.16557,303.7594,195.9738,2126.316,1371.817,9239.35,5960.87
aws,eu-west-1,Irlanda,r8i,x86(Intel),Intel Xeon 6 6985P-C,2,16,0.15545,0.13818,3.7308,3.3163,26.116,23.214,113.48,100.87
aws,eu-west-1,Irlanda,r8i,x86(Intel),Intel Xeon 6 6985P-C,4,32,0.3109,0.27636,7.4616,6.6325,52.231,46.428,226.96,201.74
aws,eu-west-1,Irlanda,r8i,x86(Intel),Intel Xeon 6 6985P-C,8,64,0.6218,0.55271,14.9232,13.2651,104.462,92.855,453.91,403.48
aws,eu-west-1,Irlanda,r8i,x86(Intel),Intel Xeon 6 6985P-C,16,128,1.2436,1.10542,29.8464,26.5301,208.925,185.711,907.83,806.96
aws,eu-west-1,Irlanda,r8i,x86(Intel),Intel Xeon 6 6985P-C,32,256,2.4872,2.21084,59.6928,53.0603,417.85,371.422,1815.66,1613.92
aws,eu-west-1,Irlanda,r8i,x86(Intel),Intel Xeon 6 6985P-C,48,384,3.7308,3.31627,89.5392,79.5904,626.774,557.132,2723.48,2420.87
aws,eu-west-1,Irlanda,r8i,x86(Intel),Intel Xeon 6 6985P-C,64,512,4.9744,4.42169,119.3856,106.1205,835.699,742.844,3631.31,3227.83
aws,eu-west-1,Irlanda,r8i,x86(Intel),Intel Xeon 6 6985P-C,96,768,7.4616,6.63253,179.0784,159.1808,1253.549,1114.266,5446.97,4841.75
aws,eu-west-1,Irlanda,r8i,x86(Intel),Intel Xeon 6 6985P-C,128,1024,9.9488,8.84338,238.7712,212.2411,1671.398,1485.687,7262.62,6455.66
aws,eu-west-1,Irlanda,r8i,x86(Intel),Intel Xeon 6 6985P-C,192,1536,14.9232,13.26507,358.1568,318.3616,2507.098,2228.532,10893.94,9683.5
aws,eu-west-1,Irlanda,r8i,x86(Intel),Intel Xeon 6 6985P-C,384,3072,29.8464,26.53013,716.3136,636.7232,5014.195,4457.062,21787.87,19367.0
aws,eu-west-1,Irlanda,x8g,ARM,AWS Graviton4,1,16,0.117,0.07548,2.808,1.8116,19.656,12.681,85.41,55.1
aws,eu-west-1,Irlanda,x8g,ARM,AWS Graviton4,2,32,0.234,0.15097,5.616,3.6232,39.312,25.363,170.82,110.21
aws,eu-west-1,Irlanda,x8g,ARM,AWS Graviton4,4,64,0.468,0.30194,11.232,7.2465,78.624,50.725,341.64,220.41
aws,eu-west-1,Irlanda,x8g,ARM,AWS Graviton4,8,128,0.936,0.60387,22.464,14.4929,157.248,101.45,683.28,440.83
aws,eu-west-1,Irlanda,x8g,ARM,AWS Graviton4,16,256,1.872,1.20774,44.928,28.9858,314.496,202.901,1366.56,881.65
aws,eu-west-1,Irlanda,x8g,ARM,AWS Graviton4,32,512,3.744,2.41548,89.856,57.9716,628.992,405.801,2733.12,1763.3
aws,eu-west-1,Irlanda,x8g,ARM,AWS Graviton4,48,768,5.616,3.62323,134.784,86.9574,943.488,608.702,4099.68,2644.95
aws,eu-west-1,Irlanda,x8g,ARM,AWS Graviton4,64,1024,7.488,4.83097,179.712,115.9432,1257.984,811.603,5466.24,3526.61
aws,eu-west-1,Irlanda,x8g,ARM,AWS Graviton4,96,1536,11.232,7.24645,269.568,173.9148,1886.976,1217.404,8199.36,5289.91
aws,eu-west-1,Irlanda,x8g,ARM,AWS Graviton4,192,3072,22.464,14.4929,539.136,347.8297,3773.952,2434.808,16398.72,10579.82
aws,eu-west-1,Irlanda,x8i,x86(Intel),Intel Xeon 6 6975P-C,2,32,0.2626,0.23342,6.3024,5.6021,44.117,39.215,191.7,170.4
aws,eu-west-1,Irlanda,x8i,x86(Intel),Intel Xeon 6 6975P-C,4,64,0.5252,0.46684,12.6048,11.2043,88.234,78.43,383.4,340.8
aws,eu-west-1,Irlanda,x8i,x86(Intel),Intel Xeon 6 6975P-C,8,128,1.0504,0.93369,25.2096,22.4085,176.467,156.86,766.79,681.59
aws,eu-west-1,Irlanda,x8i,x86(Intel),Intel Xeon 6 6975P-C,16,256,2.1008,1.86738,50.4192,44.8171,352.934,313.719,1533.58,1363.18
aws,eu-west-1,Irlanda,x8i,x86(Intel),Intel Xeon 6 6975P-C,32,512,4.2016,3.73476,100.8384,89.6341,705.869,627.439,3067.17,2726.37
aws,eu-west-1,Irlanda,x8i,x86(Intel),Intel Xeon 6 6975P-C,48,768,6.3024,5.60213,151.2576,134.4512,1058.803,941.158,4600.75,4089.56
aws,eu-west-1,Irlanda,x8i,x86(Intel),Intel Xeon 6 6975P-C,64,1024,8.4032,7.46951,201.6768,179.2683,1411.738,1254.878,6134.34,5452.75
aws,eu-west-1,Irlanda,x8i,x86(Intel),Intel Xeon 6 6975P-C,96,1536,12.6048,11.20427,302.5152,268.9024,2117.606,1882.316,9201.5,8179.11
aws,eu-west-1,Irlanda,x8i,x86(Intel),Intel Xeon 6 6975P-C,128,2048,16.8064,14.93902,403.3536,358.5365,2823.475,2509.756,12268.67,10905.48
aws,eu-west-1,Irlanda,x8i,x86(Intel),Intel Xeon 6 6975P-C,192,3072,25.2096,22.40853,605.0304,537.8048,4235.213,3764.634,18403.01,16358.23
aws,eu-west-1,Irlanda,x8i,x86(Intel),Intel Xeon 6 6975P-C,256,4096,33.6128,29.87804,806.7072,717.0731,5646.95,5019.511,24537.34,21810.97
aws,eu-west-1,Irlanda,x8i,x86(Intel),Intel Xeon 6 6975P-C,384,6144,54.4895,48.43511,1307.748,1162.4427,9154.236,8137.099,39777.34,35357.64
aws,eu-west-2,Regno Unito,c6a,x86(AMD),AMD EPYC 7R13,2,4,0.0909,0.11188,2.1816,2.685,15.271,18.795,66.36,81.67
aws,eu-west-2,Regno Unito,c6a,x86(AMD),AMD EPYC 7R13,4,8,0.1818,0.22375,4.3632,5.3701,30.542,37.59,132.71,163.34
aws,eu-west-2,Regno Unito,c6a,x86(AMD),AMD EPYC 7R13,8,16,0.3636,0.44751,8.7264,10.7402,61.085,75.182,265.43,326.68
aws,eu-west-2,Regno Unito,c6a,x86(AMD),AMD EPYC 7R13,16,32,0.7272,0.89502,17.4528,21.4804,122.17,150.363,530.86,653.37
aws,eu-west-2,Regno Unito,c6a,x86(AMD),AMD EPYC 7R13,32,64,1.4544,1.79003,34.9056,42.9607,244.339,300.725,1061.71,1306.72
aws,eu-west-2,Regno Unito,c6a,x86(AMD),AMD EPYC 7R13,48,96,2.1816,2.68505,52.3584,64.4411,366.509,451.088,1592.57,1960.09
aws,eu-west-2,Regno Unito,c6a,x86(AMD),AMD EPYC 7R13,64,128,2.9088,3.58006,69.8112,85.9215,488.678,601.45,2123.42,2613.44
aws,eu-west-2,Regno Unito,c6a,x86(AMD),AMD EPYC 7R13,96,192,4.3632,5.37009,104.7168,128.8822,733.018,902.176,3185.14,3920.17
aws,eu-west-2,Regno Unito,c6a,x86(AMD),AMD EPYC 7R13,128,256,5.8176,7.16012,139.6224,171.843,977.357,1202.901,4246.85,5226.89
aws,eu-west-2,Regno Unito,c6a,x86(AMD),AMD EPYC 7R13,192,384,8.7264,10.74018,209.4336,257.7644,1466.035,1804.351,6370.27,7840.33
aws,eu-west-2,Regno Unito,c6g,ARM,AWS Graviton2,1,2,0.0404,0.0404,0.9696,0.9696,6.787,6.787,29.49,29.49
aws,eu-west-2,Regno Unito,c6g,ARM,AWS Graviton2,2,4,0.0808,0.0808,1.9392,1.9392,13.574,13.574,58.98,58.98
aws,eu-west-2,Regno Unito,c6g,ARM,AWS Graviton2,4,8,0.1616,0.1616,3.8784,3.8784,27.149,27.149,117.97,117.97
aws,eu-west-2,Regno Unito,c6g,ARM,AWS Graviton2,8,16,0.3232,0.3232,7.7568,7.7568,54.298,54.298,235.94,235.94
aws,eu-west-2,Regno Unito,c6g,ARM,AWS Graviton2,16,32,0.6464,0.6464,15.5136,15.5136,108.595,108.595,471.87,471.87
aws,eu-west-2,Regno Unito,c6g,ARM,AWS Graviton2,32,64,1.2928,1.2928,31.0272,31.0272,217.19,217.19,943.74,943.74
aws,eu-west-2,Regno Unito,c6g,ARM,AWS Graviton2,48,96,1.9392,1.9392,46.5408,46.5408,325.786,325.786,1415.62,1415.62
aws,eu-west-2,Regno Unito,c6g,ARM,AWS Graviton2,64,128,2.5856,2.5856,62.0544,62.0544,434.381,434.381,1887.49,1887.49
aws,eu-west-2,Regno Unito,c6i,x86(Intel),Intel Xeon Platinum 8375C,2,4,0.101,0.14052,2.424,3.3725,16.968,23.608,73.73,102.58
aws,eu-west-2,Regno Unito,c6i,x86(Intel),Intel Xeon Platinum 8375C,4,8,0.202,0.28104,4.848,6.745,33.936,47.215,147.46,205.16
aws,eu-west-2,Regno Unito,c6i,x86(Intel),Intel Xeon Platinum 8375C,8,16,0.404,0.56209,9.696,13.4901,67.872,94.431,294.92,410.32
aws,eu-west-2,Regno Unito,c6i,x86(Intel),Intel Xeon Platinum 8375C,16,32,0.808,1.12417,19.392,26.9802,135.744,188.861,589.84,820.65
aws,eu-west-2,Regno Unito,c6i,x86(Intel),Intel Xeon Platinum 8375C,32,64,1.616,2.24835,38.784,53.9603,271.488,377.722,1179.68,1641.29
aws,eu-west-2,Regno Unito,c6i,x86(Intel),Intel Xeon Platinum 8375C,48,96,2.424,3.37252,58.176,80.9405,407.232,566.584,1769.52,2461.94
aws,eu-west-2,Regno Unito,c6i,x86(Intel),Intel Xeon Platinum 8375C,64,128,3.232,4.4967,77.568,107.9207,542.976,755.445,2359.36,3282.59
aws,eu-west-2,Regno Unito,c6i,x86(Intel),Intel Xeon Platinum 8375C,96,192,4.848,6.74504,116.352,161.881,814.464,1133.167,3539.04,4923.88
aws,eu-west-2,Regno Unito,c6i,x86(Intel),Intel Xeon Platinum 8375C,128,256,6.464,8.99339,155.136,215.8414,1085.952,1510.89,4718.72,6565.18
aws,eu-west-2,Regno Unito,c7a,x86(AMD),AMD EPYC 9R14,1,2,0.06098,0.03696,1.4635,0.887,10.245,6.209,44.52,26.98
aws,eu-west-2,Regno Unito,c7a,x86(AMD),AMD EPYC 9R14,2,4,0.12196,0.07392,2.927,1.7739,20.489,12.418,89.03,53.96
aws,eu-west-2,Regno Unito,c7a,x86(AMD),AMD EPYC 9R14,4,8,0.24392,0.14783,5.8541,3.5479,40.979,24.836,178.06,107.92
aws,eu-west-2,Regno Unito,c7a,x86(AMD),AMD EPYC 9R14,8,16,0.48784,0.29566,11.7082,7.0959,81.957,49.671,356.12,215.83
aws,eu-west-2,Regno Unito,c7a,x86(AMD),AMD EPYC 9R14,16,32,0.97568,0.59132,23.4163,14.1917,163.914,99.342,712.25,431.67
aws,eu-west-2,Regno Unito,c7a,x86(AMD),AMD EPYC 9R14,32,64,1.95136,1.18264,46.8326,28.3834,327.828,198.684,1424.49,863.33
aws,eu-west-2,Regno Unito,c7a,x86(AMD),AMD EPYC 9R14,48,96,2.92704,1.77396,70.249,42.5752,491.743,298.026,2136.74,1294.99
aws,eu-west-2,Regno Unito,c7a,x86(AMD),AMD EPYC 9R14,64,128,3.90272,2.36528,93.6653,56.7668,655.657,397.368,2848.99,1726.66
aws,eu-west-2,Regno Unito,c7a,x86(AMD),AMD EPYC 9R14,96,192,5.85408,3.54793,140.4979,85.1502,983.485,596.052,4273.48,2589.99
aws,eu-west-2,Regno Unito,c7a,x86(AMD),AMD EPYC 9R14,128,256,7.80544,4.73057,187.3306,113.5337,1311.314,794.736,5697.97,3453.32
aws,eu-west-2,Regno Unito,c7a,x86(AMD),AMD EPYC 9R14,192,384,11.70816,7.09585,280.9958,170.3005,1966.971,1192.104,8546.96,5179.98
aws,eu-west-2,Regno Unito,c7g,ARM,AWS Graviton3,1,2,0.0429,0.03432,1.0296,0.8237,7.207,5.766,31.32,25.06
aws,eu-west-2,Regno Unito,c7g,ARM,AWS Graviton3,2,4,0.0859,0.06872,2.0616,1.6493,14.431,11.545,62.71,50.17
aws,eu-west-2,Regno Unito,c7g,ARM,AWS Graviton3,4,8,0.1717,0.13736,4.1208,3.2966,28.846,23.077,125.34,100.27
aws,eu-west-2,Regno Unito,c7g,ARM,AWS Graviton3,8,16,0.3434,0.27472,8.2416,6.5933,57.691,46.153,250.68,200.54
aws,eu-west-2,Regno Unito,c7g,ARM,AWS Graviton3,16,32,0.6869,0.54952,16.4856,13.1885,115.399,92.319,501.44,401.15
aws,eu-west-2,Regno Unito,c7g,ARM,AWS Graviton3,32,64,1.3738,1.09904,32.9712,26.377,230.798,184.638,1002.87,802.3
aws,eu-west-2,Regno Unito,c7g,ARM,AWS Graviton3,48,96,2.0606,1.64848,49.4544,39.5635,346.181,276.945,1504.24,1203.39
aws,eu-west-2,Regno Unito,c7g,ARM,AWS Graviton3,64,128,2.7475,2.198,65.94,52.752,461.58,369.264,2005.68,1604.54
aws,eu-west-2,Regno Unito,c7i,x86(Intel),Intel Xeon Platinum 8488C,2,4,0.10605,0.1212,2.5452,2.9088,17.816,20.361,77.42,88.48
aws,eu-west-2,Regno Unito,c7i,x86(Intel),Intel Xeon Platinum 8488C,4,8,0.2121,0.2424,5.0904,5.8176,35.633,40.723,154.83,176.95
aws,eu-west-2,Regno Unito,c7i,x86(Intel),Intel Xeon Platinum 8488C,8,16,0.4242,0.4848,10.1808,11.6352,71.266,81.447,309.67,353.91
aws,eu-west-2,Regno Unito,c7i,x86(Intel),Intel Xeon Platinum 8488C,16,32,0.8484,0.9696,20.3616,23.2704,142.531,162.893,619.33,707.81
aws,eu-west-2,Regno Unito,c7i,x86(Intel),Intel Xeon Platinum 8488C,32,64,1.6968,1.9392,40.7232,46.5408,285.062,325.785,1238.66,1415.61
aws,eu-west-2,Regno Unito,c7i,x86(Intel),Intel Xeon Platinum 8488C,48,96,2.5452,2.9088,61.0848,69.8112,427.594,488.679,1858.0,2123.43
aws,eu-west-2,Regno Unito,c7i,x86(Intel),Intel Xeon Platinum 8488C,64,128,3.3936,3.8784,81.4464,93.0816,570.125,651.571,2477.33,2831.23
aws,eu-west-2,Regno Unito,c7i,x86(Intel),Intel Xeon Platinum 8488C,96,192,5.0904,5.8176,122.1696,139.6224,855.187,977.357,3715.99,4246.85
aws,eu-west-2,Regno Unito,c7i,x86(Intel),Intel Xeon Platinum 8488C,192,384,10.1808,11.6352,244.3392,279.2448,1710.374,1954.713,7431.98,8493.69
aws,eu-west-2,Regno Unito,c8g,ARM,AWS Graviton4,1,2,0.04722,0.03046,1.1333,0.7312,7.933,5.118,34.47,22.24
aws,eu-west-2,Regno Unito,c8g,ARM,AWS Graviton4,2,4,0.09444,0.06093,2.2666,1.4623,15.866,10.236,68.94,44.48
aws,eu-west-2,Regno Unito,c8g,ARM,AWS Graviton4,4,8,0.18888,0.12186,4.5331,2.9246,31.732,20.472,137.88,88.95
aws,eu-west-2,Regno Unito,c8g,ARM,AWS Graviton4,8,16,0.37776,0.24372,9.0662,5.8492,63.464,40.945,275.76,177.91
aws,eu-west-2,Regno Unito,c8g,ARM,AWS Graviton4,16,32,0.75552,0.48743,18.1325,11.6984,126.927,81.888,551.53,355.83
aws,eu-west-2,Regno Unito,c8g,ARM,AWS Graviton4,32,64,1.51104,0.97486,36.265,23.3968,253.855,163.777,1103.06,711.65
aws,eu-west-2,Regno Unito,c8g,ARM,AWS Graviton4,48,96,2.26656,1.4623,54.3974,35.0951,380.782,245.666,1654.59,1067.48
aws,eu-west-2,Regno Unito,c8g,ARM,AWS Graviton4,64,128,3.02208,1.94973,72.5299,46.7935,507.709,327.554,2206.12,1423.3
aws,eu-west-2,Regno Unito,c8g,ARM,AWS Graviton4,96,192,4.53312,2.92459,108.7949,70.1903,761.564,491.332,3309.18,2134.95
aws,eu-west-2,Regno Unito,c8g,ARM,AWS Graviton4,192,384,9.06624,5.84919,217.5898,140.3805,1523.128,982.663,6618.36,4269.91
aws,eu-west-2,Regno Unito,c8i,x86(Intel),Intel Xeon 6 6975P-C,2,4,0.11135,0.09898,2.6724,2.3755,18.707,16.628,81.29,72.26
aws,eu-west-2,Regno Unito,c8i,x86(Intel),Intel Xeon 6 6975P-C,4,8,0.2227,0.19796,5.3448,4.7509,37.414,33.257,162.57,144.51
aws,eu-west-2,Regno Unito,c8i,x86(Intel),Intel Xeon 6 6975P-C,8,16,0.4454,0.39591,10.6896,9.5019,74.827,66.513,325.14,289.01
aws,eu-west-2,Regno Unito,c8i,x86(Intel),Intel Xeon 6 6975P-C,16,32,0.8908,0.79182,21.3792,19.0037,149.654,133.026,650.28,578.03
aws,eu-west-2,Regno Unito,c8i,x86(Intel),Intel Xeon 6 6975P-C,32,64,1.7816,1.58364,42.7584,38.0075,299.309,266.052,1300.57,1156.06
aws,eu-west-2,Regno Unito,c8i,x86(Intel),Intel Xeon 6 6975P-C,48,96,2.6724,2.37547,64.1376,57.0112,448.963,399.078,1950.85,1734.09
aws,eu-west-2,Regno Unito,c8i,x86(Intel),Intel Xeon 6 6975P-C,64,128,3.5632,3.16729,85.5168,76.0149,598.618,532.105,2601.14,2312.12
aws,eu-west-2,Regno Unito,c8i,x86(Intel),Intel Xeon 6 6975P-C,96,192,5.3448,4.75093,128.2752,114.0224,897.926,798.156,3901.7,3468.18
aws,eu-west-2,Regno Unito,c8i,x86(Intel),Intel Xeon 6 6975P-C,128,256,7.1264,6.33458,171.0336,152.0299,1197.235,1064.209,5202.27,4624.24
aws,eu-west-2,Regno Unito,c8i,x86(Intel),Intel Xeon 6 6975P-C,192,384,10.6896,9.50187,256.5504,228.0448,1795.853,1596.314,7803.41,6936.36
aws,eu-west-2,Regno Unito,c8i,x86(Intel),Intel Xeon 6 6975P-C,384,768,21.3792,19.00373,513.1008,456.0896,3591.706,3192.628,15606.82,13872.73
aws,eu-west-2,Regno Unito,m6a,x86(AMD),AMD EPYC 7R13,2,8,0.0999,0.12295,2.3976,2.9509,16.783,20.656,72.93,89.76
aws,eu-west-2,Regno Unito,m6a,x86(AMD),AMD EPYC 7R13,4,16,0.1998,0.24591,4.7952,5.9018,33.566,41.312,145.85,179.51
aws,eu-west-2,Regno Unito,m6a,x86(AMD),AMD EPYC 7R13,8,32,0.3996,0.49182,9.5904,11.8036,67.133,82.625,291.71,359.03
aws,eu-west-2,Regno Unito,m6a,x86(AMD),AMD EPYC 7R13,16,64,0.7992,0.98363,19.1808,23.6071,134.266,165.25,583.42,718.06
aws,eu-west-2,Regno Unito,m6a,x86(AMD),AMD EPYC 7R13,32,128,1.5984,1.96726,38.3616,47.2143,268.531,330.5,1166.83,1436.1
aws,eu-west-2,Regno Unito,m6a,x86(AMD),AMD EPYC 7R13,48,192,2.3976,2.95089,57.5424,70.8214,402.797,495.75,1750.25,2154.15
aws,eu-west-2,Regno Unito,m6a,x86(AMD),AMD EPYC 7R13,64,256,3.1968,3.93452,76.7232,94.4286,537.062,660.999,2333.66,2872.2
aws,eu-west-2,Regno Unito,m6a,x86(AMD),AMD EPYC 7R13,96,384,4.7952,5.90178,115.0848,141.6428,805.594,991.5,3500.5,4308.31
aws,eu-west-2,Regno Unito,m6a,x86(AMD),AMD EPYC 7R13,128,512,6.3936,7.86905,153.4464,188.8571,1074.125,1322.0,4667.33,5744.41
aws,eu-west-2,Regno Unito,m6a,x86(AMD),AMD EPYC 7R13,192,768,9.5904,11.80357,230.1696,283.2857,1611.187,1982.999,7000.99,8616.6
aws,eu-west-2,Regno Unito,m6g,ARM,AWS Graviton2,1,4,0.0444,0.0444,1.0656,1.0656,7.459,7.459,32.41,32.41
aws,eu-west-2,Regno Unito,m6g,ARM,AWS Graviton2,2,8,0.0888,0.0888,2.1312,2.1312,14.918,14.918,64.82,64.82
aws,eu-west-2,Regno Unito,m6g,ARM,AWS Graviton2,4,16,0.1776,0.1776,4.2624,4.2624,29.837,29.837,129.65,129.65
aws,eu-west-2,Regno Unito,m6g,ARM,AWS Graviton2,8,32,0.3552,0.3552,8.5248,8.5248,59.674,59.674,259.3,259.3
aws,eu-west-2,Regno Unito,m6g,ARM,AWS Graviton2,16,64,0.7104,0.7104,17.0496,17.0496,119.347,119.347,518.59,518.59
aws,eu-west-2,Regno Unito,m6g,ARM,AWS Graviton2,32,128,1.4208,1.4208,34.0992,34.0992,238.694,238.694,1037.18,1037.18
aws,eu-west-2,Regno Unito,m6g,ARM,AWS Graviton2,48,192,2.1312,2.1312,51.1488,51.1488,358.042,358.042,1555.78,1555.78
aws,eu-west-2,Regno Unito,m6g,ARM,AWS Graviton2,64,256,2.8416,2.8416,68.1984,68.1984,477.389,477.389,2074.37,2074.37
aws,eu-west-2,Regno Unito,m6i,x86(Intel),Intel Xeon Platinum 8375C,2,8,0.111,0.15443,2.664,3.7064,18.648,25.945,81.03,112.74
aws,eu-west-2,Regno Unito,m6i,x86(Intel),Intel Xeon Platinum 8375C,4,16,0.222,0.30887,5.328,7.4129,37.296,51.89,162.06,225.47
aws,eu-west-2,Regno Unito,m6i,x86(Intel),Intel Xeon Platinum 8375C,8,32,0.444,0.61774,10.656,14.8257,74.592,103.78,324.12,450.95
aws,eu-west-2,Regno Unito,m6i,x86(Intel),Intel Xeon Platinum 8375C,16,64,0.888,1.23548,21.312,29.6515,149.184,207.56,648.24,901.9
aws,eu-west-2,Regno Unito,m6i,x86(Intel),Intel Xeon Platinum 8375C,32,128,1.776,2.47096,42.624,59.303,298.368,415.121,1296.48,1803.8
aws,eu-west-2,Regno Unito,m6i,x86(Intel),Intel Xeon Platinum 8375C,48,192,2.664,3.70643,63.936,88.9544,447.552,622.681,1944.72,2705.7
aws,eu-west-2,Regno Unito,m6i,x86(Intel),Intel Xeon Platinum 8375C,64,256,3.552,4.94191,85.248,118.6059,596.736,830.241,2592.96,3607.6
aws,eu-west-2,Regno Unito,m6i,x86(Intel),Intel Xeon Platinum 8375C,96,384,5.328,7.41287,127.872,177.9089,895.104,1245.362,3889.44,5411.39
aws,eu-west-2,Regno Unito,m6i,x86(Intel),Intel Xeon Platinum 8375C,128,512,7.104,9.88383,170.496,237.2118,1193.472,1660.483,5185.92,7215.19
aws,eu-west-2,Regno Unito,m7a,x86(AMD),AMD EPYC 9R14,1,4,0.06702,0.04062,1.6085,0.9748,11.259,6.824,48.92,29.65
aws,eu-west-2,Regno Unito,m7a,x86(AMD),AMD EPYC 9R14,2,8,0.13403,0.08123,3.2167,1.9495,22.517,13.647,97.84,59.3
aws,eu-west-2,Regno Unito,m7a,x86(AMD),AMD EPYC 9R14,4,16,0.26806,0.16246,6.4334,3.899,45.034,27.293,195.68,118.59
aws,eu-west-2,Regno Unito,m7a,x86(AMD),AMD EPYC 9R14,8,32,0.53612,0.32492,12.8669,7.7981,90.068,54.587,391.37,237.19
aws,eu-west-2,Regno Unito,m7a,x86(AMD),AMD EPYC 9R14,16,64,1.07224,0.64984,25.7338,15.5962,180.136,109.173,782.74,474.39
aws,eu-west-2,Regno Unito,m7a,x86(AMD),AMD EPYC 9R14,32,128,2.14448,1.29968,51.4675,31.1924,360.273,218.347,1565.47,948.77
aws,eu-west-2,Regno Unito,m7a,x86(AMD),AMD EPYC 9R14,48,192,3.21672,1.94953,77.2013,46.7887,540.409,327.521,2348.21,1423.16
aws,eu-west-2,Regno Unito,m7a,x86(AMD),AMD EPYC 9R14,64,256,4.28896,2.59937,102.935,62.3848,720.545,436.694,3130.94,1897.54
aws,eu-west-2,Regno Unito,m7a,x86(AMD),AMD EPYC 9R14,96,384,6.43344,3.89905,154.4026,93.5773,1080.818,655.041,4696.41,2846.31
aws,eu-west-2,Regno Unito,m7a,x86(AMD),AMD EPYC 9R14,128,512,8.57792,5.19874,205.8701,124.7698,1441.091,873.388,6261.88,3795.08
aws,eu-west-2,Regno Unito,m7a,x86(AMD),AMD EPYC 9R14,192,768,12.86688,7.79811,308.8051,187.1546,2161.636,1310.082,9392.82,5692.62
aws,eu-west-2,Regno Unito,m7g,ARM,AWS Graviton3,1,4,0.0472,0.03776,1.1328,0.9062,7.93,6.344,34.46,27.57
aws,eu-west-2,Regno Unito,m7g,ARM,AWS Graviton3,2,8,0.0944,0.07552,2.2656,1.8125,15.859,12.687,68.91,55.13
aws,eu-west-2,Regno Unito,m7g,ARM,AWS Graviton3,4,16,0.1887,0.15096,4.5288,3.623,31.702,25.362,137.75,110.2
aws,eu-west-2,Regno Unito,m7g,ARM,AWS Graviton3,8,32,0.3774,0.30192,9.0576,7.2461,63.403,50.722,275.5,220.4
aws,eu-west-2,Regno Unito,m7g,ARM,AWS Graviton3,16,64,0.7549,0.60392,18.1176,14.4941,126.823,101.458,551.08,440.86
aws,eu-west-2,Regno Unito,m7g,ARM,AWS Graviton3,32,128,1.5098,1.20784,36.2352,28.9882,253.646,202.917,1102.15,881.72
aws,eu-west-2,Regno Unito,m7g,ARM,AWS Graviton3,48,192,2.2646,1.81168,54.3504,43.4803,380.453,304.362,1653.16,1322.53
aws,eu-west-2,Regno Unito,m7g,ARM,AWS Graviton3,64,256,3.0195,2.4156,72.468,57.9744,507.276,405.821,2204.23,1763.38
aws,eu-west-2,Regno Unito,m7i,x86(Intel),Intel Xeon Platinum 8488C,2,8,0.11655,0.1332,2.7972,3.1968,19.58,22.377,85.08,97.23
aws,eu-west-2,Regno Unito,m7i,x86(Intel),Intel Xeon Platinum 8488C,4,16,0.2331,0.2664,5.5944,6.3936,39.161,44.755,170.16,194.47
aws,eu-west-2,Regno Unito,m7i,x86(Intel),Intel Xeon Platinum 8488C,8,32,0.4662,0.5328,11.1888,12.7872,78.322,89.511,340.33,388.95
aws,eu-west-2,Regno Unito,m7i,x86(Intel),Intel Xeon Platinum 8488C,16,64,0.9324,1.0656,22.3776,25.5744,156.643,179.021,680.65,777.89
aws,eu-west-2,Regno Unito,m7i,x86(Intel),Intel Xeon Platinum 8488C,32,128,1.8648,2.1312,44.7552,51.1488,313.286,358.041,1361.3,1555.77
aws,eu-west-2,Regno Unito,m7i,x86(Intel),Intel Xeon Platinum 8488C,48,192,2.7972,3.1968,67.1328,76.7232,469.93,537.063,2041.96,2333.67
aws,eu-west-2,Regno Unito,m7i,x86(Intel),Intel Xeon Platinum 8488C,64,256,3.7296,4.2624,89.5104,102.2976,626.573,716.083,2722.61,3111.55
aws,eu-west-2,Regno Unito,m7i,x86(Intel),Intel Xeon Platinum 8488C,96,384,5.5944,6.3936,134.2656,153.4464,939.859,1074.125,4083.91,4667.33
aws,eu-west-2,Regno Unito,m7i,x86(Intel),Intel Xeon Platinum 8488C,192,768,11.1888,12.7872,268.5312,306.8928,1879.718,2148.249,8167.82,9334.65
aws,eu-west-2,Regno Unito,m8g,ARM,AWS Graviton4,1,4,0.0519,0.03348,1.2456,0.8036,8.719,5.625,37.89,24.45
aws,eu-west-2,Regno Unito,m8g,ARM,AWS Graviton4,2,8,0.1038,0.06697,2.4912,1.6072,17.438,11.25,75.77,48.88
aws,eu-west-2,Regno Unito,m8g,ARM,AWS Graviton4,4,16,0.2076,0.13394,4.9824,3.2145,34.877,22.501,151.55,97.77
aws,eu-west-2,Regno Unito,m8g,ARM,AWS Graviton4,8,32,0.4152,0.26787,9.9648,6.4289,69.754,45.003,303.1,195.55
aws,eu-west-2,Regno Unito,m8g,ARM,AWS Graviton4,16,64,0.8304,0.53574,19.9296,12.8578,139.507,90.005,606.19,391.09
aws,eu-west-2,Regno Unito,m8g,ARM,AWS Graviton4,32,128,1.6608,1.07148,39.8592,25.7156,279.014,180.009,1212.38,782.18
aws,eu-west-2,Regno Unito,m8g,ARM,AWS Graviton4,48,192,2.4912,1.60723,59.7888,38.5734,418.522,270.014,1818.58,1173.28
aws,eu-west-2,Regno Unito,m8g,ARM,AWS Graviton4,64,256,3.3216,2.14297,79.7184,51.4312,558.029,360.019,2424.77,1564.37
aws,eu-west-2,Regno Unito,m8g,ARM,AWS Graviton4,96,384,4.9824,3.21445,119.5776,77.1468,837.043,540.028,3637.15,2346.55
aws,eu-west-2,Regno Unito,m8g,ARM,AWS Graviton4,192,768,9.9648,6.4289,239.1552,154.2937,1674.086,1080.055,7274.3,4693.1
aws,eu-west-2,Regno Unito,m8i,x86(Intel),Intel Xeon 6 6975P-C,2,8,0.12238,0.10878,2.9371,2.6108,20.56,18.276,89.34,79.41
aws,eu-west-2,Regno Unito,m8i,x86(Intel),Intel Xeon 6 6975P-C,4,16,0.24476,0.21756,5.8742,5.2215,41.12,36.551,178.67,158.82
aws,eu-west-2,Regno Unito,m8i,x86(Intel),Intel Xeon 6 6975P-C,8,32,0.48952,0.43513,11.7485,10.4431,82.239,73.101,357.35,317.64
aws,eu-west-2,Regno Unito,m8i,x86(Intel),Intel Xeon 6 6975P-C,16,64,0.97904,0.87026,23.497,20.8862,164.479,146.204,714.7,635.29
aws,eu-west-2,Regno Unito,m8i,x86(Intel),Intel Xeon 6 6975P-C,32,128,1.95808,1.74052,46.9939,41.7724,328.957,292.406,1429.4,1270.58
aws,eu-west-2,Regno Unito,m8i,x86(Intel),Intel Xeon 6 6975P-C,48,192,2.93712,2.61077,70.4909,62.6586,493.436,438.61,2144.1,1905.87
aws,eu-west-2,Regno Unito,m8i,x86(Intel),Intel Xeon 6 6975P-C,64,256,3.91616,3.48103,93.9878,83.5447,657.915,584.813,2858.8,2541.16
aws,eu-west-2,Regno Unito,m8i,x86(Intel),Intel Xeon 6 6975P-C,96,384,5.87424,5.22155,140.9818,125.3172,986.872,877.22,4288.2,3811.73
aws,eu-west-2,Regno Unito,m8i,x86(Intel),Intel Xeon 6 6975P-C,128,512,7.83232,6.96206,187.9757,167.0895,1315.83,1169.627,5717.59,5082.3
aws,eu-west-2,Regno Unito,m8i,x86(Intel),Intel Xeon 6 6975P-C,192,768,11.74848,10.44309,281.9635,250.6342,1973.745,1754.44,8576.39,7623.46
aws,eu-west-2,Regno Unito,m8i,x86(Intel),Intel Xeon 6 6975P-C,384,1536,23.49696,20.88619,563.927,501.2684,3947.489,3508.879,17152.78,15246.92
aws,eu-west-2,Regno Unito,r6a,x86(AMD),AMD EPYC 7R13,2,16,0.1332,0.16394,3.1968,3.9345,22.378,27.542,97.24,119.68
aws,eu-west-2,Regno Unito,r6a,x86(AMD),AMD EPYC 7R13,4,32,0.2664,0.32788,6.3936,7.869,44.755,55.083,194.47,239.35
aws,eu-west-2,Regno Unito,r6a,x86(AMD),AMD EPYC 7R13,8,64,0.5328,0.65575,12.7872,15.7381,89.51,110.166,388.94,478.7
aws,eu-west-2,Regno Unito,r6a,x86(AMD),AMD EPYC 7R13,16,128,1.0656,1.31151,25.5744,31.4762,179.021,220.334,777.89,957.4
aws,eu-west-2,Regno Unito,r6a,x86(AMD),AMD EPYC 7R13,32,256,2.1312,2.62302,51.1488,62.9524,358.042,440.667,1555.78,1914.81
aws,eu-west-2,Regno Unito,r6a,x86(AMD),AMD EPYC 7R13,48,384,3.1968,3.93452,76.7232,94.4286,537.062,660.999,2333.66,2872.2
aws,eu-west-2,Regno Unito,r6a,x86(AMD),AMD EPYC 7R13,64,512,4.2624,5.24603,102.2976,125.9047,716.083,881.333,3111.55,3829.6
aws,eu-west-2,Regno Unito,r6a,x86(AMD),AMD EPYC 7R13,96,768,6.3936,7.86905,153.4464,188.8571,1074.125,1322.0,4667.33,5744.41
aws,eu-west-2,Regno Unito,r6a,x86(AMD),AMD EPYC 7R13,128,1024,8.5248,10.49206,204.5952,251.8095,1432.166,1762.666,6223.1,7659.2
aws,eu-west-2,Regno Unito,r6a,x86(AMD),AMD EPYC 7R13,192,1536,12.7872,15.73809,306.8928,377.7142,2148.25,2644.0,9334.66,11488.81
aws,eu-west-2,Regno Unito,r6g,ARM,AWS Graviton2,1,8,0.0592,0.0592,1.4208,1.4208,9.946,9.946,43.22,43.22
aws,eu-west-2,Regno Unito,r6g,ARM,AWS Graviton2,2,16,0.1184,0.1184,2.8416,2.8416,19.891,19.891,86.43,86.43
aws,eu-west-2,Regno Unito,r6g,ARM,AWS Graviton2,4,32,0.2368,0.2368,5.6832,5.6832,39.782,39.782,172.86,172.86
aws,eu-west-2,Regno Unito,r6g,ARM,AWS Graviton2,8,64,0.4736,0.4736,11.3664,11.3664,79.565,79.565,345.73,345.73
aws,eu-west-2,Regno Unito,r6g,ARM,AWS Graviton2,16,128,0.9472,0.9472,22.7328,22.7328,159.13,159.13,691.46,691.46
aws,eu-west-2,Regno Unito,r6g,ARM,AWS Graviton2,32,256,1.8944,1.8944,45.4656,45.4656,318.259,318.259,1382.91,1382.91
aws,eu-west-2,Regno Unito,r6g,ARM,AWS Graviton2,48,384,2.8416,2.8416,68.1984,68.1984,477.389,477.389,2074.37,2074.37
aws,eu-west-2,Regno Unito,r6g,ARM,AWS Graviton2,64,512,3.7888,3.7888,90.9312,90.9312,636.518,636.518,2765.82,2765.82
aws,eu-west-2,Regno Unito,r6i,x86(Intel),Intel Xeon Platinum 8375C,2,16,0.148,0.20591,3.552,4.9419,24.864,34.593,108.04,150.32
aws,eu-west-2,Regno Unito,r6i,x86(Intel),Intel Xeon Platinum 8375C,4,32,0.296,0.41183,7.104,9.8838,49.728,69.187,216.08,300.63
aws,eu-west-2,Regno Unito,r6i,x86(Intel),Intel Xeon Platinum 8375C,8,64,0.592,0.82365,14.208,19.7677,99.456,138.374,432.16,601.27
aws,eu-west-2,Regno Unito,r6i,x86(Intel),Intel Xeon Platinum 8375C,16,128,1.184,1.6473,28.416,39.5353,198.912,276.747,864.32,1202.53
aws,eu-west-2,Regno Unito,r6i,x86(Intel),Intel Xeon Platinum 8375C,32,256,2.368,3.29461,56.832,79.0706,397.824,553.494,1728.64,2405.06
aws,eu-west-2,Regno Unito,r6i,x86(Intel),Intel Xeon Platinum 8375C,48,384,3.552,4.94191,85.248,118.6059,596.736,830.241,2592.96,3607.6
aws,eu-west-2,Regno Unito,r6i,x86(Intel),Intel Xeon Platinum 8375C,64,512,4.736,6.58922,113.664,158.1412,795.648,1106.989,3457.28,4810.13
aws,eu-west-2,Regno Unito,r6i,x86(Intel),Intel Xeon Platinum 8375C,96,768,7.104,9.88383,170.496,237.2118,1193.472,1660.483,5185.92,7215.19
aws,eu-west-2,Regno Unito,r6i,x86(Intel),Intel Xeon Platinum 8375C,128,1024,9.472,13.17843,227.328,316.2824,1591.296,2213.977,6914.56,9620.26
aws,eu-west-2,Regno Unito,r7g,ARM,AWS Graviton3,1,8,0.0629,0.05032,1.5096,1.2077,10.567,8.454,45.92,36.74
aws,eu-west-2,Regno Unito,r7g,ARM,AWS Graviton3,2,16,0.1258,0.10064,3.0192,2.4154,21.134,16.907,91.83,73.46
aws,eu-west-2,Regno Unito,r7g,ARM,AWS Graviton3,4,32,0.2516,0.20128,6.0384,4.8307,42.269,33.815,183.67,146.94
aws,eu-west-2,Regno Unito,r7g,ARM,AWS Graviton3,8,64,0.5032,0.40256,12.0768,9.6614,84.538,67.63,367.34,293.87
aws,eu-west-2,Regno Unito,r7g,ARM,AWS Graviton3,16,128,1.0064,0.80512,24.1536,19.3229,169.075,135.26,734.67,587.74
aws,eu-west-2,Regno Unito,r7g,ARM,AWS Graviton3,32,256,2.0128,1.61024,48.3072,38.6458,338.15,270.52,1469.34,1175.47
aws,eu-west-2,Regno Unito,r7g,ARM,AWS Graviton3,48,384,3.0192,2.41536,72.4608,57.9686,507.226,405.781,2204.02,1763.22
aws,eu-west-2,Regno Unito,r7g,ARM,AWS Graviton3,64,512,4.0256,3.22048,96.6144,77.2915,676.301,541.041,2938.69,2350.95
aws,eu-west-2,Regno Unito,r7i,x86(Intel),Intel Xeon Platinum 8488C,2,16,0.1554,0.1776,3.7296,4.2624,26.107,29.837,113.44,129.65
aws,eu-west-2,Regno Unito,r7i,x86(Intel),Intel Xeon Platinum 8488C,4,32,0.3108,0.3552,7.4592,8.5248,52.214,59.673,226.88,259.29
aws,eu-west-2,Regno Unito,r7i,x86(Intel),Intel Xeon Platinum 8488C,8,64,0.6216,0.7104,14.9184,17.0496,104.429,119.347,453.77,518.59
aws,eu-west-2,Regno Unito,r7i,x86(Intel),Intel Xeon Platinum 8488C,16,128,1.2432,1.4208,29.8368,34.0992,208.858,238.695,907.54,1037.19
aws,eu-west-2,Regno Unito,r7i,x86(Intel),Intel Xeon Platinum 8488C,32,256,2.4864,2.8416,59.6736,68.1984,417.715,477.389,1815.07,2074.37
aws,eu-west-2,Regno Unito,r7i,x86(Intel),Intel Xeon Platinum 8488C,48,384,3.7296,4.2624,89.5104,102.2976,626.573,716.083,2722.61,3111.55
aws,eu-west-2,Regno Unito,r7i,x86(Intel),Intel Xeon Platinum 8488C,64,512,4.9728,5.6832,119.3472,136.3968,835.43,954.777,3630.14,4148.73
aws,eu-west-2,Regno Unito,r7i,x86(Intel),Intel Xeon Platinum 8488C,96,768,7.4592,8.5248,179.0208,204.5952,1253.146,1432.167,5445.22,6223.11
aws,eu-west-2,Regno Unito,r7i,x86(Intel),Intel Xeon Platinum 8488C,192,1536,14.9184,17.0496,358.0416,409.1904,2506.291,2864.333,10890.43,12446.21
aws,eu-west-2,Regno Unito,r8g,ARM,AWS Graviton4,1,8,0.06919,0.04464,1.6606,1.0714,11.624,7.499,50.51,32.59
aws,eu-west-2,Regno Unito,r8g,ARM,AWS Graviton4,2,16,0.13838,0.08928,3.3211,2.1426,23.248,14.999,101.02,65.17
aws,eu-west-2,Regno Unito,r8g,ARM,AWS Graviton4,4,32,0.27676,0.17855,6.6422,4.2853,46.496,29.997,202.03,130.34
aws,eu-west-2,Regno Unito,r8g,ARM,AWS Graviton4,8,64,0.55352,0.35711,13.2845,8.5706,92.991,59.994,404.07,260.69
aws,eu-west-2,Regno Unito,r8g,ARM,AWS Graviton4,16,128,1.10704,0.71422,26.569,17.1413,185.983,119.989,808.14,521.38
aws,eu-west-2,Regno Unito,r8g,ARM,AWS Graviton4,32,256,2.21408,1.42844,53.1379,34.2825,371.965,239.977,1616.28,1042.76
aws,eu-west-2,Regno Unito,r8g,ARM,AWS Graviton4,48,384,3.32112,2.14266,79.7069,51.4238,557.948,359.966,2424.42,1564.14
aws,eu-west-2,Regno Unito,r8g,ARM,AWS Graviton4,64,512,4.42816,2.85688,106.2758,68.565,743.931,479.955,3232.56,2085.52
aws,eu-west-2,Regno Unito,r8g,ARM,AWS Graviton4,96,768,6.64224,4.28532,159.4138,102.8476,1115.896,719.933,4848.84,3128.28
aws,eu-west-2,Regno Unito,r8g,ARM,AWS Graviton4,192,1536,13.28448,8.57063,318.8275,205.6952,2231.793,1439.866,9697.67,6256.56
aws,eu-west-2,Regno Unito,r8i,x86(Intel),Intel Xeon 6 6985P-C,2,16,0.16317,0.14504,3.9161,3.481,27.413,24.367,119.11,105.88
aws,eu-west-2,Regno Unito,r8i,x86(Intel),Intel Xeon 6 6985P-C,4,32,0.32634,0.29008,7.8322,6.962,54.825,48.733,238.23,211.76
aws,eu-west-2,Regno Unito,r8i,x86(Intel),Intel Xeon 6 6985P-C,8,64,0.65268,0.58016,15.6643,13.9238,109.65,97.467,476.46,423.52
aws,eu-west-2,Regno Unito,r8i,x86(Intel),Intel Xeon 6 6985P-C,16,128,1.30536,1.16032,31.3286,27.8476,219.3,194.933,952.91,847.03
aws,eu-west-2,Regno Unito,r8i,x86(Intel),Intel Xeon 6 6985P-C,32,256,2.61072,2.32064,62.6573,55.6954,438.601,389.868,1905.83,1694.07
aws,eu-west-2,Regno Unito,r8i,x86(Intel),Intel Xeon 6 6985P-C,48,384,3.91608,3.48096,93.9859,83.543,657.901,584.801,2858.74,2541.1
aws,eu-west-2,Regno Unito,r8i,x86(Intel),Intel Xeon 6 6985P-C,64,512,5.22144,4.64128,125.3146,111.3908,877.202,779.735,3811.65,3388.13
aws,eu-west-2,Regno Unito,r8i,x86(Intel),Intel Xeon 6 6985P-C,96,768,7.83216,6.96192,187.9718,167.086,1315.803,1169.603,5717.48,5082.2
aws,eu-west-2,Regno Unito,r8i,x86(Intel),Intel Xeon 6 6985P-C,128,1024,10.44288,9.28256,250.6291,222.7814,1754.404,1559.47,7623.3,6776.27
aws,eu-west-2,Regno Unito,r8i,x86(Intel),Intel Xeon 6 6985P-C,192,1536,15.66432,13.92384,375.9437,334.1722,2631.606,2339.205,11434.95,10164.4
aws,eu-west-2,Regno Unito,r8i,x86(Intel),Intel Xeon 6 6985P-C,384,3072,31.32864,27.84768,751.8874,668.3444,5263.212,4678.411,22869.91,20328.81
aws,eu-west-3,Francia,c6g,ARM,AWS Graviton2,1,2,0.0405,0.0405,0.972,0.972,6.804,6.804,29.56,29.56
aws,eu-west-3,Francia,c6g,ARM,AWS Graviton2,2,4,0.081,0.081,1.944,1.944,13.608,13.608,59.13,59.13
aws,eu-west-3,Francia,c6g,ARM,AWS Graviton2,4,8,0.162,0.162,3.888,3.888,27.216,27.216,118.26,118.26
aws,eu-west-3,Francia,c6g,ARM,AWS Graviton2,8,16,0.324,0.324,7.776,7.776,54.432,54.432,236.52,236.52
aws,eu-west-3,Francia,c6g,ARM,AWS Graviton2,16,32,0.648,0.648,15.552,15.552,108.864,108.864,473.04,473.04
aws,eu-west-3,Francia,c6g,ARM,AWS Graviton2,32,64,1.296,1.296,31.104,31.104,217.728,217.728,946.08,946.08
aws,eu-west-3,Francia,c6g,ARM,AWS Graviton2,48,96,1.944,1.944,46.656,46.656,326.592,326.592,1419.12,1419.12
aws,eu-west-3,Francia,c6g,ARM,AWS Graviton2,64,128,2.592,2.592,62.208,62.208,435.456,435.456,1892.16,1892.16
aws,eu-west-3,Francia,c6i,x86(Intel),Intel Xeon Platinum 8375C,2,4,0.101,0.14052,2.424,3.3725,16.968,23.608,73.73,102.58
aws,eu-west-3,Francia,c6i,x86(Intel),Intel Xeon Platinum 8375C,4,8,0.202,0.28104,4.848,6.745,33.936,47.215,147.46,205.16
aws,eu-west-3,Francia,c6i,x86(Intel),Intel Xeon Platinum 8375C,8,16,0.404,0.56209,9.696,13.4901,67.872,94.431,294.92,410.32
aws,eu-west-3,Francia,c6i,x86(Intel),Intel Xeon Platinum 8375C,16,32,0.808,1.12417,19.392,26.9802,135.744,188.861,589.84,820.65
aws,eu-west-3,Francia,c6i,x86(Intel),Intel Xeon Platinum 8375C,32,64,1.616,2.24835,38.784,53.9603,271.488,377.722,1179.68,1641.29
aws,eu-west-3,Francia,c6i,x86(Intel),Intel Xeon Platinum 8375C,48,96,2.424,3.37252,58.176,80.9405,407.232,566.584,1769.52,2461.94
aws,eu-west-3,Francia,c6i,x86(Intel),Intel Xeon Platinum 8375C,64,128,3.232,4.4967,77.568,107.9207,542.976,755.445,2359.36,3282.59
aws,eu-west-3,Francia,c6i,x86(Intel),Intel Xeon Platinum 8375C,96,192,4.848,6.74504,116.352,161.881,814.464,1133.167,3539.04,4923.88
aws,eu-west-3,Francia,c6i,x86(Intel),Intel Xeon Platinum 8375C,128,256,6.464,8.99339,155.136,215.8414,1085.952,1510.89,4718.72,6565.18
aws,eu-west-3,Francia,c7g,ARM,AWS Graviton3,1,2,0.0429,0.03432,1.0296,0.8237,7.207,5.766,31.32,25.06
aws,eu-west-3,Francia,c7g,ARM,AWS Graviton3,2,4,0.0859,0.06872,2.0616,1.6493,14.431,11.545,62.71,50.17
aws,eu-west-3,Francia,c7g,ARM,AWS Graviton3,4,8,0.1717,0.13736,4.1208,3.2966,28.846,23.077,125.34,100.27
aws,eu-west-3,Francia,c7g,ARM,AWS Graviton3,8,16,0.3434,0.27472,8.2416,6.5933,57.691,46.153,250.68,200.54
aws,eu-west-3,Francia,c7g,ARM,AWS Graviton3,16,32,0.6869,0.54952,16.4856,13.1885,115.399,92.319,501.44,401.15
aws,eu-west-3,Francia,c7g,ARM,AWS Graviton3,32,64,1.3738,1.09904,32.9712,26.377,230.798,184.638,1002.87,802.3
aws,eu-west-3,Francia,c7g,ARM,AWS Graviton3,48,96,2.0606,1.64848,49.4544,39.5635,346.181,276.945,1504.24,1203.39
aws,eu-west-3,Francia,c7g,ARM,AWS Graviton3,64,128,2.7475,2.198,65.94,52.752,461.58,369.264,2005.68,1604.54
aws,eu-west-3,Francia,c7i,x86(Intel),Intel Xeon Platinum 8488C,2,4,0.10605,0.1212,2.5452,2.9088,17.816,20.361,77.42,88.48
aws,eu-west-3,Francia,c7i,x86(Intel),Intel Xeon Platinum 8488C,4,8,0.2121,0.2424,5.0904,5.8176,35.633,40.723,154.83,176.95
aws,eu-west-3,Francia,c7i,x86(Intel),Intel Xeon Platinum 8488C,8,16,0.4242,0.4848,10.1808,11.6352,71.266,81.447,309.67,353.91
aws,eu-west-3,Francia,c7i,x86(Intel),Intel Xeon Platinum 8488C,16,32,0.8484,0.9696,20.3616,23.2704,142.531,162.893,619.33,707.81
aws,eu-west-3,Francia,c7i,x86(Intel),Intel Xeon Platinum 8488C,32,64,1.6968,1.9392,40.7232,46.5408,285.062,325.785,1238.66,1415.61
aws,eu-west-3,Francia,c7i,x86(Intel),Intel Xeon Platinum 8488C,48,96,2.5452,2.9088,61.0848,69.8112,427.594,488.679,1858.0,2123.43
aws,eu-west-3,Francia,c7i,x86(Intel),Intel Xeon Platinum 8488C,64,128,3.3936,3.8784,81.4464,93.0816,570.125,651.571,2477.33,2831.23
aws,eu-west-3,Francia,c7i,x86(Intel),Intel Xeon Platinum 8488C,96,192,5.0904,5.8176,122.1696,139.6224,855.187,977.357,3715.99,4246.85
aws,eu-west-3,Francia,c7i,x86(Intel),Intel Xeon Platinum 8488C,192,384,10.1808,11.6352,244.3392,279.2448,1710.374,1954.713,7431.98,8493.69
aws,eu-west-3,Francia,c8g,ARM,AWS Graviton4,1,2,0.04722,0.03046,1.1333,0.7312,7.933,5.118,34.47,22.24
aws,eu-west-3,Francia,c8g,ARM,AWS Graviton4,2,4,0.09444,0.06093,2.2666,1.4623,15.866,10.236,68.94,44.48
aws,eu-west-3,Francia,c8g,ARM,AWS Graviton4,4,8,0.18888,0.12186,4.5331,2.9246,31.732,20.472,137.88,88.95
aws,eu-west-3,Francia,c8g,ARM,AWS Graviton4,8,16,0.37776,0.24372,9.0662,5.8492,63.464,40.945,275.76,177.91
aws,eu-west-3,Francia,c8g,ARM,AWS Graviton4,16,32,0.75552,0.48743,18.1325,11.6984,126.927,81.888,551.53,355.83
aws,eu-west-3,Francia,c8g,ARM,AWS Graviton4,32,64,1.51104,0.97486,36.265,23.3968,253.855,163.777,1103.06,711.65
aws,eu-west-3,Francia,c8g,ARM,AWS Graviton4,48,96,2.26656,1.4623,54.3974,35.0951,380.782,245.666,1654.59,1067.48
aws,eu-west-3,Francia,c8g,ARM,AWS Graviton4,64,128,3.02208,1.94973,72.5299,46.7935,507.709,327.554,2206.12,1423.3
aws,eu-west-3,Francia,c8g,ARM,AWS Graviton4,96,192,4.53312,2.92459,108.7949,70.1903,761.564,491.332,3309.18,2134.95
aws,eu-west-3,Francia,c8g,ARM,AWS Graviton4,192,384,9.06624,5.84919,217.5898,140.3805,1523.128,982.663,6618.36,4269.91
aws,eu-west-3,Francia,c8i,x86(Intel),Intel Xeon 6 6975P-C,2,4,0.11135,0.09898,2.6724,2.3755,18.707,16.628,81.29,72.26
aws,eu-west-3,Francia,c8i,x86(Intel),Intel Xeon 6 6975P-C,4,8,0.2227,0.19796,5.3448,4.7509,37.414,33.257,162.57,144.51
aws,eu-west-3,Francia,c8i,x86(Intel),Intel Xeon 6 6975P-C,8,16,0.4454,0.39591,10.6896,9.5019,74.827,66.513,325.14,289.01
aws,eu-west-3,Francia,c8i,x86(Intel),Intel Xeon 6 6975P-C,16,32,0.8908,0.79182,21.3792,19.0037,149.654,133.026,650.28,578.03
aws,eu-west-3,Francia,c8i,x86(Intel),Intel Xeon 6 6975P-C,32,64,1.7816,1.58364,42.7584,38.0075,299.309,266.052,1300.57,1156.06
aws,eu-west-3,Francia,c8i,x86(Intel),Intel Xeon 6 6975P-C,48,96,2.6724,2.37547,64.1376,57.0112,448.963,399.078,1950.85,1734.09
aws,eu-west-3,Francia,c8i,x86(Intel),Intel Xeon 6 6975P-C,64,128,3.5632,3.16729,85.5168,76.0149,598.618,532.105,2601.14,2312.12
aws,eu-west-3,Francia,c8i,x86(Intel),Intel Xeon 6 6975P-C,96,192,5.3448,4.75093,128.2752,114.0224,897.926,798.156,3901.7,3468.18
aws,eu-west-3,Francia,c8i,x86(Intel),Intel Xeon 6 6975P-C,128,256,7.1264,6.33458,171.0336,152.0299,1197.235,1064.209,5202.27,4624.24
aws,eu-west-3,Francia,c8i,x86(Intel),Intel Xeon 6 6975P-C,192,384,10.6896,9.50187,256.5504,228.0448,1795.853,1596.314,7803.41,6936.36
aws,eu-west-3,Francia,c8i,x86(Intel),Intel Xeon 6 6975P-C,384,768,21.3792,19.00373,513.1008,456.0896,3591.706,3192.628,15606.82,13872.73
aws,eu-west-3,Francia,m6a,x86(AMD),AMD EPYC 7R13,2,8,0.1008,0.12406,2.4192,2.9775,16.934,20.842,73.58,90.56
aws,eu-west-3,Francia,m6a,x86(AMD),AMD EPYC 7R13,4,16,0.2016,0.24812,4.8384,5.955,33.869,41.685,147.17,181.13
aws,eu-west-3,Francia,m6a,x86(AMD),AMD EPYC 7R13,8,32,0.4032,0.49625,9.6768,11.9099,67.738,83.37,294.34,362.26
aws,eu-west-3,Francia,m6a,x86(AMD),AMD EPYC 7R13,16,64,0.8064,0.99249,19.3536,23.8198,135.475,166.738,588.67,724.52
aws,eu-west-3,Francia,m6a,x86(AMD),AMD EPYC 7R13,32,128,1.6128,1.98498,38.7072,47.6396,270.95,333.477,1177.34,1449.03
aws,eu-west-3,Francia,m6a,x86(AMD),AMD EPYC 7R13,48,192,2.4192,2.97748,58.0608,71.4594,406.426,500.217,1766.02,2173.56
aws,eu-west-3,Francia,m6a,x86(AMD),AMD EPYC 7R13,64,256,3.2256,3.96997,77.4144,95.2793,541.901,666.955,2354.69,2898.08
aws,eu-west-3,Francia,m6a,x86(AMD),AMD EPYC 7R13,96,384,4.8384,5.95495,116.1216,142.9189,812.851,1000.432,3532.03,4347.11
aws,eu-west-3,Francia,m6a,x86(AMD),AMD EPYC 7R13,128,512,6.4512,7.93994,154.8288,190.5585,1083.802,1333.91,4709.38,5796.16
aws,eu-west-3,Francia,m6a,x86(AMD),AMD EPYC 7R13,192,768,9.6768,11.90991,232.2432,285.8378,1625.702,2000.864,7064.06,8694.23
aws,eu-west-3,Francia,m6g,ARM,AWS Graviton2,1,4,0.045,0.045,1.08,1.08,7.56,7.56,32.85,32.85
aws,eu-west-3,Francia,m6g,ARM,AWS Graviton2,2,8,0.09,0.09,2.16,2.16,15.12,15.12,65.7,65.7
aws,eu-west-3,Francia,m6g,ARM,AWS Graviton2,4,16,0.18,0.18,4.32,4.32,30.24,30.24,131.4,131.4
aws,eu-west-3,Francia,m6g,ARM,AWS Graviton2,8,32,0.36,0.36,8.64,8.64,60.48,60.48,262.8,262.8
aws,eu-west-3,Francia,m6g,ARM,AWS Graviton2,16,64,0.72,0.72,17.28,17.28,120.96,120.96,525.6,525.6
aws,eu-west-3,Francia,m6g,ARM,AWS Graviton2,32,128,1.44,1.44,34.56,34.56,241.92,241.92,1051.2,1051.2
aws,eu-west-3,Francia,m6g,ARM,AWS Graviton2,48,192,2.16,2.16,51.84,51.84,362.88,362.88,1576.8,1576.8
aws,eu-west-3,Francia,m6g,ARM,AWS Graviton2,64,256,2.88,2.88,69.12,69.12,483.84,483.84,2102.4,2102.4
aws,eu-west-3,Francia,m6i,x86(Intel),Intel Xeon Platinum 8375C,2,8,0.112,0.15583,2.688,3.7398,18.816,26.179,81.76,113.75
aws,eu-west-3,Francia,m6i,x86(Intel),Intel Xeon Platinum 8375C,4,16,0.224,0.31165,5.376,7.4797,37.632,52.358,163.52,227.51
aws,eu-west-3,Francia,m6i,x86(Intel),Intel Xeon Platinum 8375C,8,32,0.448,0.6233,10.752,14.9593,75.264,104.715,327.04,455.01
aws,eu-west-3,Francia,m6i,x86(Intel),Intel Xeon Platinum 8375C,16,64,0.896,1.24661,21.504,29.9186,150.528,209.43,654.08,910.02
aws,eu-west-3,Francia,m6i,x86(Intel),Intel Xeon Platinum 8375C,32,128,1.792,2.49322,43.008,59.8372,301.056,418.861,1308.16,1820.05
aws,eu-west-3,Francia,m6i,x86(Intel),Intel Xeon Platinum 8375C,48,192,2.688,3.73983,64.512,89.7558,451.584,628.291,1962.24,2730.07
aws,eu-west-3,Francia,m6i,x86(Intel),Intel Xeon Platinum 8375C,64,256,3.584,4.98643,86.016,119.6744,602.112,837.721,2616.32,3640.1
aws,eu-west-3,Francia,m6i,x86(Intel),Intel Xeon Platinum 8375C,96,384,5.376,7.47965,129.024,179.5117,903.168,1256.582,3924.48,5460.15
aws,eu-west-3,Francia,m6i,x86(Intel),Intel Xeon Platinum 8375C,128,512,7.168,9.97287,172.032,239.3489,1204.224,1675.442,5232.64,7280.19
aws,eu-west-3,Francia,m7g,ARM,AWS Graviton3,1,4,0.0476,0.03808,1.1424,0.9139,7.997,6.398,34.75,27.8
aws,eu-west-3,Francia,m7g,ARM,AWS Graviton3,2,8,0.0952,0.07616,2.2848,1.8278,15.994,12.795,69.5,55.6
aws,eu-west-3,Francia,m7g,ARM,AWS Graviton3,4,16,0.1904,0.15232,4.5696,3.6557,31.987,25.59,138.99,111.19
aws,eu-west-3,Francia,m7g,ARM,AWS Graviton3,8,32,0.3808,0.30464,9.1392,7.3114,63.974,51.179,277.98,222.38
aws,eu-west-3,Francia,m7g,ARM,AWS Graviton3,16,64,0.7616,0.60928,18.2784,14.6227,127.949,102.359,555.97,444.78
aws,eu-west-3,Francia,m7g,ARM,AWS Graviton3,32,128,1.5232,1.21856,36.5568,29.2454,255.898,204.718,1111.94,889.55
aws,eu-west-3,Francia,m7g,ARM,AWS Graviton3,48,192,2.2848,1.82784,54.8352,43.8682,383.846,307.077,1667.9,1334.32
aws,eu-west-3,Francia,m7g,ARM,AWS Graviton3,64,256,3.0464,2.43712,73.1136,58.4909,511.795,409.436,2223.87,1779.1
aws,eu-west-3,Francia,m7i,x86(Intel),Intel Xeon Platinum 8488C,2,8,0.1176,0.1344,2.8224,3.2256,19.757,22.579,85.85,98.11
aws,eu-west-3,Francia,m7i,x86(Intel),Intel Xeon Platinum 8488C,4,16,0.2352,0.2688,5.6448,6.4512,39.514,45.159,171.7,196.23
aws,eu-west-3,Francia,m7i,x86(Intel),Intel Xeon Platinum 8488C,8,32,0.4704,0.5376,11.2896,12.9024,79.027,90.317,343.39,392.45
aws,eu-west-3,Francia,m7i,x86(Intel),Intel Xeon Platinum 8488C,16,64,0.9408,1.0752,22.5792,25.8048,158.054,180.633,686.78,784.89
aws,eu-west-3,Francia,m7i,x86(Intel),Intel Xeon Platinum 8488C,32,128,1.8816,2.1504,45.1584,51.6096,316.109,361.267,1373.57,1569.79
aws,eu-west-3,Francia,m7i,x86(Intel),Intel Xeon Platinum 8488C,48,192,2.8224,3.2256,67.7376,77.4144,474.163,541.901,2060.35,2354.69
aws,eu-west-3,Francia,m7i,x86(Intel),Intel Xeon Platinum 8488C,64,256,3.7632,4.3008,90.3168,103.2192,632.218,722.535,2747.14,3139.59
aws,eu-west-3,Francia,m7i,x86(Intel),Intel Xeon Platinum 8488C,96,384,5.6448,6.4512,135.4752,154.8288,948.326,1083.801,4120.7,4709.37
aws,eu-west-3,Francia,m7i,x86(Intel),Intel Xeon Platinum 8488C,192,768,11.2896,12.9024,270.9504,309.6576,1896.653,2167.603,8241.41,9418.75
aws,eu-west-3,Francia,m8g,ARM,AWS Graviton4,1,4,0.05236,0.03378,1.2566,0.8107,8.796,5.675,38.22,24.66
aws,eu-west-3,Francia,m8g,ARM,AWS Graviton4,2,8,0.10472,0.06756,2.5133,1.6215,17.593,11.35,76.45,49.32
aws,eu-west-3,Francia,m8g,ARM,AWS Graviton4,4,16,0.20944,0.13512,5.0266,3.243,35.186,22.701,152.89,98.64
aws,eu-west-3,Francia,m8g,ARM,AWS Graviton4,8,32,0.41888,0.27025,10.0531,6.4859,70.372,45.401,305.78,197.28
aws,eu-west-3,Francia,m8g,ARM,AWS Graviton4,16,64,0.83776,0.54049,20.1062,12.9717,140.744,90.803,611.56,394.55
aws,eu-west-3,Francia,m8g,ARM,AWS Graviton4,32,128,1.67552,1.08098,40.2125,25.9435,281.487,181.605,1223.13,789.12
aws,eu-west-3,Francia,m8g,ARM,AWS Graviton4,48,192,2.51328,1.62147,60.3187,38.9153,422.231,272.407,1834.69,1183.67
aws,eu-west-3,Francia,m8g,ARM,AWS Graviton4,64,256,3.35104,2.16196,80.425,51.8871,562.975,363.21,2446.26,1578.23
aws,eu-west-3,Francia,m8g,ARM,AWS Graviton4,96,384,5.02656,3.24294,120.6374,77.8306,844.462,544.814,3669.39,2367.35
aws,eu-west-3,Francia,m8g,ARM,AWS Graviton4,192,768,10.05312,6.48588,241.2749,155.6612,1688.924,1089.628,7338.78,4734.7
aws,eu-west-3,Francia,m8i,x86(Intel),Intel Xeon 6 6975P-C,2,8,0.12348,0.10976,2.9635,2.6342,20.745,18.44,90.14,80.12
aws,eu-west-3,Francia,m8i,x86(Intel),Intel Xeon 6 6975P-C,4,16,0.24696,0.21952,5.927,5.2684,41.489,36.879,180.28,160.25
aws,eu-west-3,Francia,m8i,x86(Intel),Intel Xeon 6 6975P-C,8,32,0.49392,0.43904,11.8541,10.537,82.979,73.759,360.56,320.5
aws,eu-west-3,Francia,m8i,x86(Intel),Intel Xeon 6 6975P-C,16,64,0.98784,0.87808,23.7082,21.074,165.957,147.517,721.12,641.0
aws,eu-west-3,Francia,m8i,x86(Intel),Intel Xeon 6 6975P-C,32,128,1.97568,1.75616,47.4163,42.1478,331.914,295.035,1442.25,1282.0
aws,eu-west-3,Francia,m8i,x86(Intel),Intel Xeon 6 6975P-C,48,192,2.96352,2.63424,71.1245,63.2218,497.871,442.552,2163.37,1923.0
aws,eu-west-3,Francia,m8i,x86(Intel),Intel Xeon 6 6975P-C,64,256,3.95136,3.51232,94.8326,84.2956,663.828,590.069,2884.49,2563.99
aws,eu-west-3,Francia,m8i,x86(Intel),Intel Xeon 6 6975P-C,96,384,5.92704,5.26848,142.249,126.4436,995.743,885.105,4326.74,3845.99
aws,eu-west-3,Francia,m8i,x86(Intel),Intel Xeon 6 6975P-C,128,512,7.90272,7.02464,189.6653,168.5914,1327.657,1180.14,5768.99,5127.99
aws,eu-west-3,Francia,m8i,x86(Intel),Intel Xeon 6 6975P-C,192,768,11.85408,10.53696,284.4979,252.887,1991.485,1770.209,8653.48,7691.98
aws,eu-west-3,Francia,m8i,x86(Intel),Intel Xeon 6 6975P-C,384,1536,23.70816,21.07392,568.9958,505.774,3982.971,3540.419,17306.96,15383.96
aws,eu-west-3,Francia,r6g,ARM,AWS Graviton2,1,8,0.059,0.059,1.416,1.416,9.912,9.912,43.07,43.07
aws,eu-west-3,Francia,r6g,ARM,AWS Graviton2,2,16,0.118,0.118,2.832,2.832,19.824,19.824,86.14,86.14
aws,eu-west-3,Francia,r6g,ARM,AWS Graviton2,4,32,0.236,0.236,5.664,5.664,39.648,39.648,172.28,172.28
aws,eu-west-3,Francia,r6g,ARM,AWS Graviton2,8,64,0.472,0.472,11.328,11.328,79.296,79.296,344.56,344.56
aws,eu-west-3,Francia,r6g,ARM,AWS Graviton2,16,128,0.944,0.944,22.656,22.656,158.592,158.592,689.12,689.12
aws,eu-west-3,Francia,r6g,ARM,AWS Graviton2,32,256,1.888,1.888,45.312,45.312,317.184,317.184,1378.24,1378.24
aws,eu-west-3,Francia,r6g,ARM,AWS Graviton2,48,384,2.832,2.832,67.968,67.968,475.776,475.776,2067.36,2067.36
aws,eu-west-3,Francia,r6g,ARM,AWS Graviton2,64,512,3.776,3.776,90.624,90.624,634.368,634.368,2756.48,2756.48
aws,eu-west-3,Francia,r6i,x86(Intel),Intel Xeon Platinum 8375C,2,16,0.148,0.20591,3.552,4.9419,24.864,34.593,108.04,150.32
aws,eu-west-3,Francia,r6i,x86(Intel),Intel Xeon Platinum 8375C,4,32,0.296,0.41183,7.104,9.8838,49.728,69.187,216.08,300.63
aws,eu-west-3,Francia,r6i,x86(Intel),Intel Xeon Platinum 8375C,8,64,0.592,0.82365,14.208,19.7677,99.456,138.374,432.16,601.27
aws,eu-west-3,Francia,r6i,x86(Intel),Intel Xeon Platinum 8375C,16,128,1.184,1.6473,28.416,39.5353,198.912,276.747,864.32,1202.53
aws,eu-west-3,Francia,r6i,x86(Intel),Intel Xeon Platinum 8375C,32,256,2.368,3.29461,56.832,79.0706,397.824,553.494,1728.64,2405.06
aws,eu-west-3,Francia,r6i,x86(Intel),Intel Xeon Platinum 8375C,48,384,3.552,4.94191,85.248,118.6059,596.736,830.241,2592.96,3607.6
aws,eu-west-3,Francia,r6i,x86(Intel),Intel Xeon Platinum 8375C,64,512,4.736,6.58922,113.664,158.1412,795.648,1106.989,3457.28,4810.13
aws,eu-west-3,Francia,r6i,x86(Intel),Intel Xeon Platinum 8375C,96,768,7.104,9.88383,170.496,237.2118,1193.472,1660.483,5185.92,7215.19
aws,eu-west-3,Francia,r6i,x86(Intel),Intel Xeon Platinum 8375C,128,1024,9.472,13.17843,227.328,316.2824,1591.296,2213.977,6914.56,9620.26
aws,eu-west-3,Francia,r7g,ARM,AWS Graviton3,1,8,0.0629,0.05032,1.5096,1.2077,10.567,8.454,45.92,36.74
aws,eu-west-3,Francia,r7g,ARM,AWS Graviton3,2,16,0.1258,0.10064,3.0192,2.4154,21.134,16.907,91.83,73.46
aws,eu-west-3,Francia,r7g,ARM,AWS Graviton3,4,32,0.2516,0.20128,6.0384,4.8307,42.269,33.815,183.67,146.94
aws,eu-west-3,Francia,r7g,ARM,AWS Graviton3,8,64,0.5032,0.40256,12.0768,9.6614,84.538,67.63,367.34,293.87
aws,eu-west-3,Francia,r7g,ARM,AWS Graviton3,16,128,1.0064,0.80512,24.1536,19.3229,169.075,135.26,734.67,587.74
aws,eu-west-3,Francia,r7g,ARM,AWS Graviton3,32,256,2.0128,1.61024,48.3072,38.6458,338.15,270.52,1469.34,1175.47
aws,eu-west-3,Francia,r7g,ARM,AWS Graviton3,48,384,3.0192,2.41536,72.4608,57.9686,507.226,405.781,2204.02,1763.22
aws,eu-west-3,Francia,r7g,ARM,AWS Graviton3,64,512,4.0256,3.22048,96.6144,77.2915,676.301,541.041,2938.69,2350.95
aws,eu-west-3,Francia,r7i,x86(Intel),Intel Xeon Platinum 8488C,2,16,0.1554,0.1776,3.7296,4.2624,26.107,29.837,113.44,129.65
aws,eu-west-3,Francia,r7i,x86(Intel),Intel Xeon Platinum 8488C,4,32,0.3108,0.3552,7.4592,8.5248,52.214,59.673,226.88,259.29
aws,eu-west-3,Francia,r7i,x86(Intel),Intel Xeon Platinum 8488C,8,64,0.6216,0.7104,14.9184,17.0496,104.429,119.347,453.77,518.59
aws,eu-west-3,Francia,r7i,x86(Intel),Intel Xeon Platinum 8488C,16,128,1.2432,1.4208,29.8368,34.0992,208.858,238.695,907.54,1037.19
aws,eu-west-3,Francia,r7i,x86(Intel),Intel Xeon Platinum 8488C,32,256,2.4864,2.8416,59.6736,68.1984,417.715,477.389,1815.07,2074.37
aws,eu-west-3,Francia,r7i,x86(Intel),Intel Xeon Platinum 8488C,48,384,3.7296,4.2624,89.5104,102.2976,626.573,716.083,2722.61,3111.55
aws,eu-west-3,Francia,r7i,x86(Intel),Intel Xeon Platinum 8488C,64,512,4.9728,5.6832,119.3472,136.3968,835.43,954.777,3630.14,4148.73
aws,eu-west-3,Francia,r7i,x86(Intel),Intel Xeon Platinum 8488C,96,768,7.4592,8.5248,179.0208,204.5952,1253.146,1432.167,5445.22,6223.11
aws,eu-west-3,Francia,r7i,x86(Intel),Intel Xeon Platinum 8488C,192,1536,14.9184,17.0496,358.0416,409.1904,2506.291,2864.333,10890.43,12446.21
aws,eu-west-3,Francia,r8g,ARM,AWS Graviton4,1,8,0.06919,0.04464,1.6606,1.0714,11.624,7.499,50.51,32.59
aws,eu-west-3,Francia,r8g,ARM,AWS Graviton4,2,16,0.13838,0.08928,3.3211,2.1426,23.248,14.999,101.02,65.17
aws,eu-west-3,Francia,r8g,ARM,AWS Graviton4,4,32,0.27676,0.17855,6.6422,4.2853,46.496,29.997,202.03,130.34
aws,eu-west-3,Francia,r8g,ARM,AWS Graviton4,8,64,0.55352,0.35711,13.2845,8.5706,92.991,59.994,404.07,260.69
aws,eu-west-3,Francia,r8g,ARM,AWS Graviton4,16,128,1.10704,0.71422,26.569,17.1413,185.983,119.989,808.14,521.38
aws,eu-west-3,Francia,r8g,ARM,AWS Graviton4,32,256,2.21408,1.42844,53.1379,34.2825,371.965,239.977,1616.28,1042.76
aws,eu-west-3,Francia,r8g,ARM,AWS Graviton4,48,384,3.32112,2.14266,79.7069,51.4238,557.948,359.966,2424.42,1564.14
aws,eu-west-3,Francia,r8g,ARM,AWS Graviton4,64,512,4.42816,2.85688,106.2758,68.565,743.931,479.955,3232.56,2085.52
aws,eu-west-3,Francia,r8g,ARM,AWS Graviton4,96,768,6.64224,4.28532,159.4138,102.8476,1115.896,719.933,4848.84,3128.28
aws,eu-west-3,Francia,r8g,ARM,AWS Graviton4,192,1536,13.28448,8.57063,318.8275,205.6952,2231.793,1439.866,9697.67,6256.56
aws,eu-west-3,Francia,r8i,x86(Intel),Intel Xeon 6 6985P-C,2,16,0.16317,0.14504,3.9161,3.481,27.413,24.367,119.11,105.88
aws,eu-west-3,Francia,r8i,x86(Intel),Intel Xeon 6 6985P-C,4,32,0.32634,0.29008,7.8322,6.962,54.825,48.733,238.23,211.76
aws,eu-west-3,Francia,r8i,x86(Intel),Intel Xeon 6 6985P-C,8,64,0.65268,0.58016,15.6643,13.9238,109.65,97.467,476.46,423.52
aws,eu-west-3,Francia,r8i,x86(Intel),Intel Xeon 6 6985P-C,16,128,1.30536,1.16032,31.3286,27.8476,219.3,194.933,952.91,847.03
aws,eu-west-3,Francia,r8i,x86(Intel),Intel Xeon 6 6985P-C,32,256,2.61072,2.32064,62.6573,55.6954,438.601,389.868,1905.83,1694.07
aws,eu-west-3,Francia,r8i,x86(Intel),Intel Xeon 6 6985P-C,48,384,3.91608,3.48096,93.9859,83.543,657.901,584.801,2858.74,2541.1
aws,eu-west-3,Francia,r8i,x86(Intel),Intel Xeon 6 6985P-C,64,512,5.22144,4.64128,125.3146,111.3908,877.202,779.735,3811.65,3388.13
aws,eu-west-3,Francia,r8i,x86(Intel),Intel Xeon 6 6985P-C,96,768,7.83216,6.96192,187.9718,167.086,1315.803,1169.603,5717.48,5082.2
aws,eu-west-3,Francia,r8i,x86(Intel),Intel Xeon 6 6985P-C,128,1024,10.44288,9.28256,250.6291,222.7814,1754.404,1559.47,7623.3,6776.27
aws,eu-west-3,Francia,r8i,x86(Intel),Intel Xeon 6 6985P-C,192,1536,15.66432,13.92384,375.9437,334.1722,2631.606,2339.205,11434.95,10164.4
aws,eu-west-3,Francia,r8i,x86(Intel),Intel Xeon 6 6985P-C,384,3072,31.32864,27.84768,751.8874,668.3444,5263.212,4678.411,22869.91,20328.81
aws,eu-west-3,Francia,x8i,x86(Intel),Intel Xeon 6 6975P-C,2,32,0.27572,0.24508,6.6173,5.882,46.321,41.174,201.28,178.92
aws,eu-west-3,Francia,x8i,x86(Intel),Intel Xeon 6 6975P-C,4,64,0.55144,0.49017,13.2346,11.7641,92.642,82.348,402.55,357.82
aws,eu-west-3,Francia,x8i,x86(Intel),Intel Xeon 6 6975P-C,8,128,1.10288,0.98034,26.4691,23.5281,185.284,164.697,805.1,715.64
aws,eu-west-3,Francia,x8i,x86(Intel),Intel Xeon 6 6975P-C,16,256,2.20576,1.96068,52.9382,47.0562,370.568,329.394,1610.2,1431.29
aws,eu-west-3,Francia,x8i,x86(Intel),Intel Xeon 6 6975P-C,32,512,4.41152,3.92135,105.8765,94.1124,741.135,658.787,3220.41,2862.59
aws,eu-west-3,Francia,x8i,x86(Intel),Intel Xeon 6 6975P-C,48,768,6.61728,5.88203,158.8147,141.1686,1111.703,988.18,4830.61,4293.88
aws,eu-west-3,Francia,x8i,x86(Intel),Intel Xeon 6 6975P-C,64,1024,8.82304,7.8427,211.753,188.2249,1482.271,1317.574,6440.82,5725.17
aws,eu-west-3,Francia,x8i,x86(Intel),Intel Xeon 6 6975P-C,96,1536,13.23456,11.76405,317.6294,282.3372,2223.406,1976.361,9661.23,8587.76
aws,eu-west-3,Francia,x8i,x86(Intel),Intel Xeon 6 6975P-C,128,2048,17.64608,15.6854,423.5059,376.4497,2964.541,2635.148,12881.64,11450.35
aws,eu-west-3,Francia,x8i,x86(Intel),Intel Xeon 6 6975P-C,192,3072,26.46912,23.52811,635.2589,564.6746,4446.812,3952.722,19322.46,17175.52
aws,eu-west-3,Francia,x8i,x86(Intel),Intel Xeon 6 6975P-C,256,4096,35.29216,31.37081,847.0118,752.8994,5929.083,5270.296,25763.28,22900.69
aws,eu-west-3,Francia,x8i,x86(Intel),Intel Xeon 6 6975P-C,384,6144,57.2119,50.85502,1373.0856,1220.5205,9611.599,8543.644,41764.69,37124.17
aws,il-central-1,Israele,c6g,ARM,AWS Graviton2,1,2,0.0383,0.0383,0.9192,0.9192,6.434,6.434,27.96,27.96
aws,il-central-1,Israele,c6g,ARM,AWS Graviton2,2,4,0.0766,0.0766,1.8384,1.8384,12.869,12.869,55.92,55.92
aws,il-central-1,Israele,c6g,ARM,AWS Graviton2,4,8,0.1532,0.1532,3.6768,3.6768,25.738,25.738,111.84,111.84
aws,il-central-1,Israele,c6g,ARM,AWS Graviton2,8,16,0.3064,0.3064,7.3536,7.3536,51.475,51.475,223.67,223.67
aws,il-central-1,Israele,c6g,ARM,AWS Graviton2,16,32,0.6128,0.6128,14.7072,14.7072,102.95,102.95,447.34,447.34
aws,il-central-1,Israele,c6g,ARM,AWS Graviton2,32,64,1.2256,1.2256,29.4144,29.4144,205.901,205.901,894.69,894.69
aws,il-central-1,Israele,c6g,ARM,AWS Graviton2,48,96,1.8384,1.8384,44.1216,44.1216,308.851,308.851,1342.03,1342.03
aws,il-central-1,Israele,c6g,ARM,AWS Graviton2,64,128,2.4512,2.4512,58.8288,58.8288,411.802,411.802,1789.38,1789.38
aws,il-central-1,Israele,c6i,x86(Intel),Intel Xeon Platinum 8375C,2,4,0.09576,0.13323,2.2982,3.1975,16.088,22.383,69.9,97.25
aws,il-central-1,Israele,c6i,x86(Intel),Intel Xeon Platinum 8375C,4,8,0.19152,0.26646,4.5965,6.3951,32.175,44.765,139.81,194.52
aws,il-central-1,Israele,c6i,x86(Intel),Intel Xeon Platinum 8375C,8,16,0.38304,0.53293,9.193,12.7903,64.351,89.532,279.62,389.04
aws,il-central-1,Israele,c6i,x86(Intel),Intel Xeon Platinum 8375C,16,32,0.76608,1.06585,18.3859,25.5804,128.701,179.062,559.24,778.07
aws,il-central-1,Israele,c6i,x86(Intel),Intel Xeon Platinum 8375C,32,64,1.53216,2.1317,36.7718,51.1608,257.403,358.126,1118.48,1556.15
aws,il-central-1,Israele,c6i,x86(Intel),Intel Xeon Platinum 8375C,48,96,2.29824,3.19755,55.1578,76.7413,386.104,537.188,1677.72,2334.22
aws,il-central-1,Israele,c6i,x86(Intel),Intel Xeon Platinum 8375C,64,128,3.06432,4.2634,73.5437,102.3217,514.806,716.252,2236.95,3112.28
aws,il-central-1,Israele,c6i,x86(Intel),Intel Xeon Platinum 8375C,96,192,4.59648,6.3951,110.3155,153.4824,772.209,1074.378,3355.43,4668.42
aws,il-central-1,Israele,c6i,x86(Intel),Intel Xeon Platinum 8375C,128,256,6.12864,8.5268,147.0874,204.6433,1029.612,1432.504,4473.91,6224.57
aws,il-central-1,Israele,c7g,ARM,AWS Graviton3,1,2,0.0407,0.03256,0.9768,0.7814,6.838,5.47,29.71,23.77
aws,il-central-1,Israele,c7g,ARM,AWS Graviton3,2,4,0.0814,0.06512,1.9536,1.5629,13.675,10.94,59.42,47.54
aws,il-central-1,Israele,c7g,ARM,AWS Graviton3,4,8,0.1628,0.13024,3.9072,3.1258,27.35,21.88,118.84,95.07
aws,il-central-1,Israele,c7g,ARM,AWS Graviton3,8,16,0.3256,0.26048,7.8144,6.2515,54.701,43.761,237.69,190.15
aws,il-central-1,Israele,c7g,ARM,AWS Graviton3,16,32,0.6512,0.52096,15.6288,12.503,109.402,87.522,475.38,380.3
aws,il-central-1,Israele,c7g,ARM,AWS Graviton3,32,64,1.3024,1.04192,31.2576,25.0061,218.803,175.042,950.75,760.6
aws,il-central-1,Israele,c7g,ARM,AWS Graviton3,48,96,1.9536,1.56288,46.8864,37.5091,328.205,262.564,1426.13,1140.9
aws,il-central-1,Israele,c7g,ARM,AWS Graviton3,64,128,2.6048,2.08384,62.5152,50.0122,437.606,350.085,1901.5,1521.2
aws,il-central-1,Israele,c7i,x86(Intel),Intel Xeon Platinum 8488C,2,4,0.10055,0.11491,2.4132,2.7579,16.892,19.305,73.4,83.89
aws,il-central-1,Israele,c7i,x86(Intel),Intel Xeon Platinum 8488C,4,8,0.2011,0.22983,4.8264,5.5159,33.785,38.611,146.8,167.77
aws,il-central-1,Israele,c7i,x86(Intel),Intel Xeon Platinum 8488C,8,16,0.4022,0.45966,9.6528,11.0318,67.57,77.223,293.61,335.55
aws,il-central-1,Israele,c7i,x86(Intel),Intel Xeon Platinum 8488C,16,32,0.8044,0.91931,19.3056,22.0635,135.139,154.445,587.21,671.1
aws,il-central-1,Israele,c7i,x86(Intel),Intel Xeon Platinum 8488C,32,64,1.6088,1.83863,38.6112,44.1271,270.278,308.889,1174.42,1342.19
aws,il-central-1,Israele,c7i,x86(Intel),Intel Xeon Platinum 8488C,48,96,2.4132,2.75794,57.9168,66.1906,405.418,463.335,1761.64,2013.3
aws,il-central-1,Israele,c7i,x86(Intel),Intel Xeon Platinum 8488C,64,128,3.2176,3.67726,77.2224,88.2542,540.557,617.779,2348.85,2684.4
aws,il-central-1,Israele,c7i,x86(Intel),Intel Xeon Platinum 8488C,96,192,4.8264,5.51589,115.8336,132.3813,810.835,926.669,3523.27,4026.59
aws,il-central-1,Israele,c7i,x86(Intel),Intel Xeon Platinum 8488C,192,384,9.6528,11.03177,231.6672,264.7625,1621.67,1853.337,7046.54,8053.19
aws,il-central-1,Israele,c8g,ARM,AWS Graviton4,1,2,0.04477,0.02888,1.0745,0.6932,7.521,4.852,32.68,21.08
aws,il-central-1,Israele,c8g,ARM,AWS Graviton4,2,4,0.08954,0.05777,2.149,1.3865,15.043,9.705,65.36,42.17
aws,il-central-1,Israele,c8g,ARM,AWS Graviton4,4,8,0.17908,0.11554,4.2979,2.7728,30.085,19.41,130.73,84.34
aws,il-central-1,Israele,c8g,ARM,AWS Graviton4,8,16,0.35816,0.23107,8.5958,5.5457,60.171,38.82,261.46,168.68
aws,il-central-1,Israele,c8g,ARM,AWS Graviton4,16,32,0.71632,0.46214,17.1917,11.0914,120.342,77.64,522.91,337.36
aws,il-central-1,Israele,c8g,ARM,AWS Graviton4,32,64,1.43264,0.92428,34.3834,22.1828,240.684,155.28,1045.83,674.73
aws,il-central-1,Israele,c8g,ARM,AWS Graviton4,48,96,2.14896,1.38643,51.575,33.2742,361.025,232.919,1568.74,1012.09
aws,il-central-1,Israele,c8g,ARM,AWS Graviton4,64,128,2.86528,1.84857,68.7667,44.3656,481.367,310.559,2091.65,1349.45
aws,il-central-1,Israele,c8g,ARM,AWS Graviton4,96,192,4.29792,2.77285,103.1501,66.5485,722.051,465.839,3137.48,2024.18
aws,il-central-1,Israele,c8g,ARM,AWS Graviton4,192,384,8.59584,5.5457,206.3002,133.0969,1444.101,931.678,6274.96,4048.36
aws,il-central-1,Israele,m6g,ARM,AWS Graviton2,1,4,0.0452,0.0452,1.0848,1.0848,7.594,7.594,33.0,33.0
aws,il-central-1,Israele,m6g,ARM,AWS Graviton2,2,8,0.0903,0.0903,2.1672,2.1672,15.17,15.17,65.92,65.92
aws,il-central-1,Israele,m6g,ARM,AWS Graviton2,4,16,0.1806,0.1806,4.3344,4.3344,30.341,30.341,131.84,131.84
aws,il-central-1,Israele,m6g,ARM,AWS Graviton2,8,32,0.3612,0.3612,8.6688,8.6688,60.682,60.682,263.68,263.68
aws,il-central-1,Israele,m6g,ARM,AWS Graviton2,16,64,0.7224,0.7224,17.3376,17.3376,121.363,121.363,527.35,527.35
aws,il-central-1,Israele,m6g,ARM,AWS Graviton2,32,128,1.4448,1.4448,34.6752,34.6752,242.726,242.726,1054.7,1054.7
aws,il-central-1,Israele,m6g,ARM,AWS Graviton2,48,192,2.1672,2.1672,52.0128,52.0128,364.09,364.09,1582.06,1582.06
aws,il-central-1,Israele,m6g,ARM,AWS Graviton2,64,256,2.8896,2.8896,69.3504,69.3504,485.453,485.453,2109.41,2109.41
aws,il-central-1,Israele,m6i,x86(Intel),Intel Xeon Platinum 8375C,2,8,0.11235,0.15631,2.6964,3.7515,18.875,26.261,82.02,114.11
aws,il-central-1,Israele,m6i,x86(Intel),Intel Xeon Platinum 8375C,4,16,0.2247,0.31263,5.3928,7.503,37.75,52.522,164.03,228.22
aws,il-central-1,Israele,m6i,x86(Intel),Intel Xeon Platinum 8375C,8,32,0.4494,0.62525,10.7856,15.0061,75.499,105.042,328.06,456.43
aws,il-central-1,Israele,m6i,x86(Intel),Intel Xeon Platinum 8375C,16,64,0.8988,1.2505,21.5712,30.0121,150.998,210.084,656.12,912.86
aws,il-central-1,Israele,m6i,x86(Intel),Intel Xeon Platinum 8375C,32,128,1.7976,2.50101,43.1424,60.0242,301.997,420.17,1312.25,1825.74
aws,il-central-1,Israele,m6i,x86(Intel),Intel Xeon Platinum 8375C,48,192,2.6964,3.75151,64.7136,90.0363,452.995,630.254,1968.37,2738.6
aws,il-central-1,Israele,m6i,x86(Intel),Intel Xeon Platinum 8375C,64,256,3.5952,5.00202,86.2848,120.0484,603.994,840.339,2624.5,3651.48
aws,il-central-1,Israele,m6i,x86(Intel),Intel Xeon Platinum 8375C,96,384,5.3928,7.50303,129.4272,180.0726,905.99,1260.508,3936.74,5477.2
aws,il-central-1,Israele,m6i,x86(Intel),Intel Xeon Platinum 8375C,128,512,7.1904,10.00403,172.5696,240.0968,1207.987,1680.678,5248.99,7302.94
aws,il-central-1,Israele,m7g,ARM,AWS Graviton3,1,4,0.0478,0.03824,1.1472,0.9178,8.03,6.424,34.89,27.91
aws,il-central-1,Israele,m7g,ARM,AWS Graviton3,2,8,0.0955,0.0764,2.292,1.8336,16.044,12.835,69.72,55.78
aws,il-central-1,Israele,m7g,ARM,AWS Graviton3,4,16,0.191,0.1528,4.584,3.6672,32.088,25.67,139.43,111.54
aws,il-central-1,Israele,m7g,ARM,AWS Graviton3,8,32,0.382,0.3056,9.168,7.3344,64.176,51.341,278.86,223.09
aws,il-central-1,Israele,m7g,ARM,AWS Graviton3,16,64,0.764,0.6112,18.336,14.6688,128.352,102.682,557.72,446.18
aws,il-central-1,Israele,m7g,ARM,AWS Graviton3,32,128,1.528,1.2224,36.672,29.3376,256.704,205.363,1115.44,892.35
aws,il-central-1,Israele,m7g,ARM,AWS Graviton3,48,192,2.292,1.8336,55.008,44.0064,385.056,308.045,1673.16,1338.53
aws,il-central-1,Israele,m7g,ARM,AWS Graviton3,64,256,3.056,2.4448,73.344,58.6752,513.408,410.726,2230.88,1784.7
aws,il-central-1,Israele,m7i,x86(Intel),Intel Xeon Platinum 8488C,2,8,0.11797,0.13482,2.8313,3.2358,19.819,22.65,86.12,98.42
aws,il-central-1,Israele,m7i,x86(Intel),Intel Xeon Platinum 8488C,4,16,0.23594,0.26965,5.6626,6.4715,39.638,45.301,172.24,196.85
aws,il-central-1,Israele,m7i,x86(Intel),Intel Xeon Platinum 8488C,8,32,0.47188,0.53929,11.3251,12.943,79.276,90.601,344.47,393.68
aws,il-central-1,Israele,m7i,x86(Intel),Intel Xeon Platinum 8488C,16,64,0.94376,1.07858,22.6502,25.8859,158.552,181.202,688.94,787.36
aws,il-central-1,Israele,m7i,x86(Intel),Intel Xeon Platinum 8488C,32,128,1.88752,2.15717,45.3005,51.772,317.103,362.403,1377.89,1574.73
aws,il-central-1,Israele,m7i,x86(Intel),Intel Xeon Platinum 8488C,48,192,2.83128,3.23575,67.9507,77.6579,475.655,543.606,2066.83,2362.09
aws,il-central-1,Israele,m7i,x86(Intel),Intel Xeon Platinum 8488C,64,256,3.77504,4.31433,90.601,103.544,634.207,724.808,2755.78,3149.46
aws,il-central-1,Israele,m7i,x86(Intel),Intel Xeon Platinum 8488C,96,384,5.66256,6.4715,135.9014,155.3159,951.31,1087.211,4133.67,4724.19
aws,il-central-1,Israele,m7i,x86(Intel),Intel Xeon Platinum 8488C,192,768,11.32512,12.94299,271.8029,310.6319,1902.62,2174.423,8267.34,9448.39
aws,il-central-1,Israele,r6g,ARM,AWS Graviton2,1,8,0.0592,0.0592,1.4208,1.4208,9.946,9.946,43.22,43.22
aws,il-central-1,Israele,r6g,ARM,AWS Graviton2,2,16,0.1184,0.1184,2.8416,2.8416,19.891,19.891,86.43,86.43
aws,il-central-1,Israele,r6g,ARM,AWS Graviton2,4,32,0.2369,0.2369,5.6856,5.6856,39.799,39.799,172.94,172.94
aws,il-central-1,Israele,r6g,ARM,AWS Graviton2,8,64,0.4738,0.4738,11.3712,11.3712,79.598,79.598,345.87,345.87
aws,il-central-1,Israele,r6g,ARM,AWS Graviton2,16,128,0.9475,0.9475,22.74,22.74,159.18,159.18,691.68,691.68
aws,il-central-1,Israele,r6g,ARM,AWS Graviton2,32,256,1.895,1.895,45.48,45.48,318.36,318.36,1383.35,1383.35
aws,il-central-1,Israele,r6g,ARM,AWS Graviton2,48,384,2.8426,2.8426,68.2224,68.2224,477.557,477.557,2075.1,2075.1
aws,il-central-1,Israele,r6g,ARM,AWS Graviton2,64,512,3.7901,3.7901,90.9624,90.9624,636.737,636.737,2766.77,2766.77
aws,il-central-1,Israele,r6i,x86(Intel),Intel Xeon Platinum 8375C,2,16,0.14805,0.20598,3.5532,4.9436,24.872,34.605,108.08,150.37
aws,il-central-1,Israele,r6i,x86(Intel),Intel Xeon Platinum 8375C,4,32,0.2961,0.41197,7.1064,9.8872,49.745,69.21,216.15,300.73
aws,il-central-1,Israele,r6i,x86(Intel),Intel Xeon Platinum 8375C,8,64,0.5922,0.82393,14.2128,19.7743,99.49,138.421,432.31,601.47
aws,il-central-1,Israele,r6i,x86(Intel),Intel Xeon Platinum 8375C,16,128,1.1844,1.64786,28.4256,39.5487,198.979,276.84,864.61,1202.94
aws,il-central-1,Israele,r6i,x86(Intel),Intel Xeon Platinum 8375C,32,256,2.3688,3.29572,56.8512,79.0973,397.958,553.681,1729.22,2405.87
aws,il-central-1,Israele,r6i,x86(Intel),Intel Xeon Platinum 8375C,48,384,3.5532,4.94358,85.2768,118.646,596.938,830.522,2593.84,3608.82
aws,il-central-1,Israele,r6i,x86(Intel),Intel Xeon Platinum 8375C,64,512,4.7376,6.59144,113.7024,158.1946,795.917,1107.363,3458.45,4811.76
aws,il-central-1,Israele,r6i,x86(Intel),Intel Xeon Platinum 8375C,96,768,7.1064,9.88717,170.5536,237.292,1193.875,1661.043,5187.67,7217.63
aws,il-central-1,Israele,r6i,x86(Intel),Intel Xeon Platinum 8375C,128,1024,9.4752,13.18289,227.4048,316.3893,1591.834,2214.726,6916.9,9623.51
aws,il-central-1,Israele,r7g,ARM,AWS Graviton3,1,8,0.0629,0.05032,1.5096,1.2077,10.567,8.454,45.92,36.74
aws,il-central-1,Israele,r7g,ARM,AWS Graviton3,2,16,0.1258,0.10064,3.0192,2.4154,21.134,16.907,91.83,73.46
aws,il-central-1,Israele,r7g,ARM,AWS Graviton3,4,32,0.2517,0.20136,6.0408,4.8326,42.286,33.829,183.74,146.99
aws,il-central-1,Israele,r7g,ARM,AWS Graviton3,8,64,0.5034,0.40272,12.0816,9.6653,84.571,67.657,367.48,293.98
aws,il-central-1,Israele,r7g,ARM,AWS Graviton3,16,128,1.0067,0.80536,24.1608,19.3286,169.126,135.301,734.89,587.91
aws,il-central-1,Israele,r7g,ARM,AWS Graviton3,32,256,2.0134,1.61072,48.3216,38.6573,338.251,270.601,1469.78,1175.82
aws,il-central-1,Israele,r7g,ARM,AWS Graviton3,48,384,3.0202,2.41616,72.4848,57.9878,507.394,405.915,2204.75,1763.8
aws,il-central-1,Israele,r7g,ARM,AWS Graviton3,64,512,4.0269,3.22152,96.6456,77.3165,676.519,541.215,2939.64,2351.71
aws,me-central-1,Emirati Arabi Uniti,c6g,ARM,AWS Graviton2,1,2,0.0401,0.0401,0.9624,0.9624,6.737,6.737,29.27,29.27
aws,me-central-1,Emirati Arabi Uniti,c6g,ARM,AWS Graviton2,2,4,0.0803,0.0803,1.9272,1.9272,13.49,13.49,58.62,58.62
aws,me-central-1,Emirati Arabi Uniti,c6g,ARM,AWS Graviton2,4,8,0.1605,0.1605,3.852,3.852,26.964,26.964,117.16,117.16
aws,me-central-1,Emirati Arabi Uniti,c6g,ARM,AWS Graviton2,8,16,0.321,0.321,7.704,7.704,53.928,53.928,234.33,234.33
aws,me-central-1,Emirati Arabi Uniti,c6g,ARM,AWS Graviton2,16,32,0.6421,0.6421,15.4104,15.4104,107.873,107.873,468.73,468.73
aws,me-central-1,Emirati Arabi Uniti,c6g,ARM,AWS Graviton2,32,64,1.2842,1.2842,30.8208,30.8208,215.746,215.746,937.47,937.47
aws,me-central-1,Emirati Arabi Uniti,c6g,ARM,AWS Graviton2,48,96,1.9262,1.9262,46.2288,46.2288,323.602,323.602,1406.13,1406.13
aws,me-central-1,Emirati Arabi Uniti,c6g,ARM,AWS Graviton2,64,128,2.5683,2.5683,61.6392,61.6392,431.474,431.474,1874.86,1874.86
aws,me-central-1,Emirati Arabi Uniti,c7i,x86(Intel),Intel Xeon Platinum 8488C,2,4,0.10725,0.12257,2.574,2.9417,18.018,20.592,78.29,89.47
aws,me-central-1,Emirati Arabi Uniti,c7i,x86(Intel),Intel Xeon Platinum 8488C,4,8,0.2145,0.24514,5.148,5.8834,36.036,41.184,156.58,178.95
aws,me-central-1,Emirati Arabi Uniti,c7i,x86(Intel),Intel Xeon Platinum 8488C,8,16,0.429,0.49029,10.296,11.7669,72.072,82.368,313.17,357.91
aws,me-central-1,Emirati Arabi Uniti,c7i,x86(Intel),Intel Xeon Platinum 8488C,16,32,0.858,0.98057,20.592,23.5337,144.144,164.736,626.34,715.82
aws,me-central-1,Emirati Arabi Uniti,c7i,x86(Intel),Intel Xeon Platinum 8488C,32,64,1.716,1.96114,41.184,47.0674,288.288,329.472,1252.68,1431.63
aws,me-central-1,Emirati Arabi Uniti,c7i,x86(Intel),Intel Xeon Platinum 8488C,48,96,2.574,2.94171,61.776,70.6011,432.432,494.208,1879.02,2147.45
aws,me-central-1,Emirati Arabi Uniti,c7i,x86(Intel),Intel Xeon Platinum 8488C,64,128,3.432,3.92229,82.368,94.1349,576.576,658.944,2505.36,2863.27
aws,me-central-1,Emirati Arabi Uniti,c7i,x86(Intel),Intel Xeon Platinum 8488C,96,192,5.148,5.88343,123.552,141.2023,864.864,988.416,3758.04,4294.9
aws,me-central-1,Emirati Arabi Uniti,c7i,x86(Intel),Intel Xeon Platinum 8488C,192,384,10.296,11.76686,247.104,282.4046,1729.728,1976.832,7516.08,8589.81
aws,me-central-1,Emirati Arabi Uniti,m6g,ARM,AWS Graviton2,1,4,0.0473,0.0473,1.1352,1.1352,7.946,7.946,34.53,34.53
aws,me-central-1,Emirati Arabi Uniti,m6g,ARM,AWS Graviton2,2,8,0.0946,0.0946,2.2704,2.2704,15.893,15.893,69.06,69.06
aws,me-central-1,Emirati Arabi Uniti,m6g,ARM,AWS Graviton2,4,16,0.1892,0.1892,4.5408,4.5408,31.786,31.786,138.12,138.12
aws,me-central-1,Emirati Arabi Uniti,m6g,ARM,AWS Graviton2,8,32,0.3784,0.3784,9.0816,9.0816,63.571,63.571,276.23,276.23
aws,me-central-1,Emirati Arabi Uniti,m6g,ARM,AWS Graviton2,16,64,0.7568,0.7568,18.1632,18.1632,127.142,127.142,552.46,552.46
aws,me-central-1,Emirati Arabi Uniti,m6g,ARM,AWS Graviton2,32,128,1.5136,1.5136,36.3264,36.3264,254.285,254.285,1104.93,1104.93
aws,me-central-1,Emirati Arabi Uniti,m6g,ARM,AWS Graviton2,48,192,2.2704,2.2704,54.4896,54.4896,381.427,381.427,1657.39,1657.39
aws,me-central-1,Emirati Arabi Uniti,m6g,ARM,AWS Graviton2,64,256,3.0272,3.0272,72.6528,72.6528,508.57,508.57,2209.86,2209.86
aws,me-central-1,Emirati Arabi Uniti,m6i,x86(Intel),Intel Xeon Platinum 8375C,2,8,0.1177,0.16376,2.8248,3.9302,19.774,27.512,85.92,119.54
aws,me-central-1,Emirati Arabi Uniti,m6i,x86(Intel),Intel Xeon Platinum 8375C,4,16,0.2354,0.32751,5.6496,7.8603,39.547,55.022,171.84,239.08
aws,me-central-1,Emirati Arabi Uniti,m6i,x86(Intel),Intel Xeon Platinum 8375C,8,32,0.4708,0.65503,11.2992,15.7206,79.094,110.044,343.68,478.16
aws,me-central-1,Emirati Arabi Uniti,m6i,x86(Intel),Intel Xeon Platinum 8375C,16,64,0.9416,1.31005,22.5984,31.4413,158.189,220.089,687.37,956.34
aws,me-central-1,Emirati Arabi Uniti,m6i,x86(Intel),Intel Xeon Platinum 8375C,32,128,1.8832,2.6201,45.1968,62.8825,316.378,440.178,1374.74,1912.68
aws,me-central-1,Emirati Arabi Uniti,m6i,x86(Intel),Intel Xeon Platinum 8375C,48,192,2.8248,3.93016,67.7952,94.3238,474.566,660.266,2062.1,2869.01
aws,me-central-1,Emirati Arabi Uniti,m6i,x86(Intel),Intel Xeon Platinum 8375C,64,256,3.7664,5.24021,90.3936,125.765,632.755,880.355,2749.47,3825.35
aws,me-central-1,Emirati Arabi Uniti,m6i,x86(Intel),Intel Xeon Platinum 8375C,96,384,5.6496,7.86031,135.5904,188.6475,949.133,1320.533,4124.21,5738.03
aws,me-central-1,Emirati Arabi Uniti,m6i,x86(Intel),Intel Xeon Platinum 8375C,128,512,7.5328,10.48042,180.7872,251.53,1265.51,1760.71,5498.94,7650.7
aws,me-central-1,Emirati Arabi Uniti,m7g,ARM,AWS Graviton3,1,4,0.05,0.04,1.2,0.96,8.4,6.72,36.5,29.2
aws,me-central-1,Emirati Arabi Uniti,m7g,ARM,AWS Graviton3,2,8,0.1,0.08,2.4,1.92,16.8,13.44,73.0,58.4
aws,me-central-1,Emirati Arabi Uniti,m7g,ARM,AWS Graviton3,4,16,0.2001,0.16008,4.8024,3.8419,33.617,26.894,146.07,116.86
aws,me-central-1,Emirati Arabi Uniti,m7g,ARM,AWS Graviton3,8,32,0.4002,0.32016,9.6048,7.6838,67.234,53.787,292.15,233.72
aws,me-central-1,Emirati Arabi Uniti,m7g,ARM,AWS Graviton3,16,64,0.8004,0.64032,19.2096,15.3677,134.467,107.574,584.29,467.43
aws,me-central-1,Emirati Arabi Uniti,m7g,ARM,AWS Graviton3,32,128,1.6007,1.28056,38.4168,30.7334,268.918,215.134,1168.51,934.81
aws,me-central-1,Emirati Arabi Uniti,m7g,ARM,AWS Graviton3,48,192,2.4011,1.92088,57.6264,46.1011,403.385,322.708,1752.8,1402.24
aws,me-central-1,Emirati Arabi Uniti,m7g,ARM,AWS Graviton3,64,256,3.2014,2.56112,76.8336,61.4669,537.835,430.268,2337.02,1869.62
aws,me-central-1,Emirati Arabi Uniti,m7i,x86(Intel),Intel Xeon Platinum 8488C,2,8,0.12359,0.14125,2.9662,3.3899,20.763,23.729,90.22,103.11
aws,me-central-1,Emirati Arabi Uniti,m7i,x86(Intel),Intel Xeon Platinum 8488C,4,16,0.24718,0.28249,5.9323,6.7798,41.526,47.458,180.44,206.22
aws,me-central-1,Emirati Arabi Uniti,m7i,x86(Intel),Intel Xeon Platinum 8488C,8,32,0.49436,0.56498,11.8646,13.5595,83.052,94.917,360.88,412.43
aws,me-central-1,Emirati Arabi Uniti,m7i,x86(Intel),Intel Xeon Platinum 8488C,16,64,0.98872,1.12997,23.7293,27.1192,166.105,189.834,721.77,824.88
aws,me-central-1,Emirati Arabi Uniti,m7i,x86(Intel),Intel Xeon Platinum 8488C,32,128,1.97744,2.25993,47.4586,54.2384,332.21,379.669,1443.53,1649.75
aws,me-central-1,Emirati Arabi Uniti,m7i,x86(Intel),Intel Xeon Platinum 8488C,48,192,2.96616,3.3899,71.1878,81.3575,498.315,569.503,2165.3,2474.63
aws,me-central-1,Emirati Arabi Uniti,m7i,x86(Intel),Intel Xeon Platinum 8488C,64,256,3.95488,4.51986,94.9171,108.4767,664.42,759.337,2887.06,3299.5
aws,me-central-1,Emirati Arabi Uniti,m7i,x86(Intel),Intel Xeon Platinum 8488C,96,384,5.93232,6.77979,142.3757,162.7151,996.63,1139.006,4330.59,4949.25
aws,me-central-1,Emirati Arabi Uniti,m7i,x86(Intel),Intel Xeon Platinum 8488C,192,768,11.86464,13.55959,284.7514,325.4302,1993.26,2278.011,8661.19,9898.5
aws,me-central-1,Emirati Arabi Uniti,m8g,ARM,AWS Graviton4,1,4,0.05502,0.0355,1.3205,0.8519,9.243,5.963,40.16,25.91
aws,me-central-1,Emirati Arabi Uniti,m8g,ARM,AWS Graviton4,2,8,0.11004,0.07099,2.641,1.7039,18.487,11.927,80.33,51.83
aws,me-central-1,Emirati Arabi Uniti,m8g,ARM,AWS Graviton4,4,16,0.22008,0.14199,5.2819,3.4077,36.973,23.854,160.66,103.65
aws,me-central-1,Emirati Arabi Uniti,m8g,ARM,AWS Graviton4,8,32,0.44016,0.28397,10.5638,6.8154,73.947,47.708,321.32,207.3
aws,me-central-1,Emirati Arabi Uniti,m8g,ARM,AWS Graviton4,16,64,0.88032,0.56795,21.1277,13.6308,147.894,95.415,642.63,414.6
aws,me-central-1,Emirati Arabi Uniti,m8g,ARM,AWS Graviton4,32,128,1.76064,1.1359,42.2554,27.2615,295.788,190.831,1285.27,829.21
aws,me-central-1,Emirati Arabi Uniti,m8g,ARM,AWS Graviton4,48,192,2.64096,1.70385,63.383,40.8923,443.681,286.246,1927.9,1243.81
aws,me-central-1,Emirati Arabi Uniti,m8g,ARM,AWS Graviton4,64,256,3.52128,2.27179,84.5107,54.523,591.575,381.661,2570.53,1658.41
aws,me-central-1,Emirati Arabi Uniti,m8g,ARM,AWS Graviton4,96,384,5.28192,3.40769,126.7661,81.7846,887.363,572.492,3855.8,2487.61
aws,me-central-1,Emirati Arabi Uniti,m8g,ARM,AWS Graviton4,192,768,10.56384,6.81538,253.5322,163.5692,1774.725,1144.984,7711.6,4975.23
aws,me-central-1,Emirati Arabi Uniti,r6g,ARM,AWS Graviton2,1,8,0.062,0.062,1.488,1.488,10.416,10.416,45.26,45.26
aws,me-central-1,Emirati Arabi Uniti,r6g,ARM,AWS Graviton2,2,16,0.1241,0.1241,2.9784,2.9784,20.849,20.849,90.59,90.59
aws,me-central-1,Emirati Arabi Uniti,r6g,ARM,AWS Graviton2,4,32,0.2482,0.2482,5.9568,5.9568,41.698,41.698,181.19,181.19
aws,me-central-1,Emirati Arabi Uniti,r6g,ARM,AWS Graviton2,8,64,0.4963,0.4963,11.9112,11.9112,83.378,83.378,362.3,362.3
aws,me-central-1,Emirati Arabi Uniti,r6g,ARM,AWS Graviton2,16,128,0.9926,0.9926,23.8224,23.8224,166.757,166.757,724.6,724.6
aws,me-central-1,Emirati Arabi Uniti,r6g,ARM,AWS Graviton2,32,256,1.9853,1.9853,47.6472,47.6472,333.53,333.53,1449.27,1449.27
aws,me-central-1,Emirati Arabi Uniti,r6g,ARM,AWS Graviton2,48,384,2.9779,2.9779,71.4696,71.4696,500.287,500.287,2173.87,2173.87
aws,me-central-1,Emirati Arabi Uniti,r6g,ARM,AWS Graviton2,64,512,3.9706,3.9706,95.2944,95.2944,667.061,667.061,2898.54,2898.54
aws,me-central-1,Emirati Arabi Uniti,r6i,x86(Intel),Intel Xeon Platinum 8375C,2,16,0.1551,0.21579,3.7224,5.179,26.057,36.253,113.22,157.52
aws,me-central-1,Emirati Arabi Uniti,r6i,x86(Intel),Intel Xeon Platinum 8375C,4,32,0.3102,0.43158,7.4448,10.358,52.114,72.506,226.45,315.06
aws,me-central-1,Emirati Arabi Uniti,r6i,x86(Intel),Intel Xeon Platinum 8375C,8,64,0.6204,0.86317,14.8896,20.716,104.227,145.011,452.89,630.11
aws,me-central-1,Emirati Arabi Uniti,r6i,x86(Intel),Intel Xeon Platinum 8375C,16,128,1.2408,1.72633,29.7792,41.4319,208.454,290.023,905.78,1260.22
aws,me-central-1,Emirati Arabi Uniti,r6i,x86(Intel),Intel Xeon Platinum 8375C,32,256,2.4816,3.45266,59.5584,82.8639,416.909,580.047,1811.57,2520.45
aws,me-central-1,Emirati Arabi Uniti,r6i,x86(Intel),Intel Xeon Platinum 8375C,48,384,3.7224,5.17899,89.3376,124.2958,625.363,870.07,2717.35,3780.66
aws,me-central-1,Emirati Arabi Uniti,r6i,x86(Intel),Intel Xeon Platinum 8375C,64,512,4.9632,6.90532,119.1168,165.7277,833.818,1160.095,3623.14,5040.89
aws,me-central-1,Emirati Arabi Uniti,r6i,x86(Intel),Intel Xeon Platinum 8375C,96,768,7.4448,10.35798,178.6752,248.5916,1250.726,1740.141,5434.7,7561.32
aws,me-central-1,Emirati Arabi Uniti,r6i,x86(Intel),Intel Xeon Platinum 8375C,128,1024,9.9264,13.81064,238.2336,331.4554,1667.635,2320.188,7246.27,10081.77
aws,me-central-1,Emirati Arabi Uniti,r7g,ARM,AWS Graviton3,1,8,0.0659,0.05272,1.5816,1.2653,11.071,8.857,48.11,38.49
aws,me-central-1,Emirati Arabi Uniti,r7g,ARM,AWS Graviton3,2,16,0.1318,0.10544,3.1632,2.5306,22.142,17.714,96.21,76.97
aws,me-central-1,Emirati Arabi Uniti,r7g,ARM,AWS Graviton3,4,32,0.2637,0.21096,6.3288,5.063,44.302,35.442,192.5,154.0
aws,me-central-1,Emirati Arabi Uniti,r7g,ARM,AWS Graviton3,8,64,0.5274,0.42192,12.6576,10.1261,88.603,70.882,385.0,308.0
aws,me-central-1,Emirati Arabi Uniti,r7g,ARM,AWS Graviton3,16,128,1.0547,0.84376,25.3128,20.2502,177.19,141.752,769.93,615.94
aws,me-central-1,Emirati Arabi Uniti,r7g,ARM,AWS Graviton3,32,256,2.1094,1.68752,50.6256,40.5005,354.379,283.503,1539.86,1231.89
aws,me-central-1,Emirati Arabi Uniti,r7g,ARM,AWS Graviton3,48,384,3.1642,2.53136,75.9408,60.7526,531.586,425.269,2309.87,1847.9
aws,me-central-1,Emirati Arabi Uniti,r7g,ARM,AWS Graviton3,64,512,4.2189,3.37512,101.2536,81.0029,708.775,567.02,3079.8,2463.84
aws,me-central-1,Emirati Arabi Uniti,r8g,ARM,AWS Graviton4,1,8,0.07251,0.04678,1.7402,1.1227,12.182,7.859,52.93,34.15
aws,me-central-1,Emirati Arabi Uniti,r8g,ARM,AWS Graviton4,2,16,0.14502,0.09356,3.4805,2.2455,24.363,15.718,105.86,68.3
aws,me-central-1,Emirati Arabi Uniti,r8g,ARM,AWS Graviton4,4,32,0.29004,0.18712,6.961,4.491,48.727,31.437,211.73,136.6
aws,me-central-1,Emirati Arabi Uniti,r8g,ARM,AWS Graviton4,8,64,0.58008,0.37425,13.9219,8.9819,97.453,62.873,423.46,273.2
aws,me-central-1,Emirati Arabi Uniti,r8g,ARM,AWS Graviton4,16,128,1.16016,0.74849,27.8438,17.9637,194.907,125.746,846.92,546.4
aws,me-central-1,Emirati Arabi Uniti,r8g,ARM,AWS Graviton4,32,256,2.32032,1.49698,55.6877,35.9275,389.814,251.493,1693.83,1092.79
aws,me-central-1,Emirati Arabi Uniti,r8g,ARM,AWS Graviton4,48,384,3.48048,2.24547,83.5315,53.8913,584.721,377.239,2540.75,1639.19
aws,me-central-1,Emirati Arabi Uniti,r8g,ARM,AWS Graviton4,64,512,4.64064,2.99396,111.3754,71.8551,779.628,502.986,3387.67,2185.59
aws,me-central-1,Emirati Arabi Uniti,r8g,ARM,AWS Graviton4,96,768,6.96096,4.49094,167.063,107.7826,1169.441,754.478,5081.5,3278.39
aws,me-central-1,Emirati Arabi Uniti,r8g,ARM,AWS Graviton4,192,1536,13.92192,8.98188,334.1261,215.5652,2338.883,1508.957,10163.0,6556.77
aws,me-central-1,Emirati Arabi Uniti,r8i,x86(Intel),Intel Xeon 6 6985P-C,2,16,0.171,0.152,4.104,3.648,28.728,25.536,124.83,110.96
aws,me-central-1,Emirati Arabi Uniti,r8i,x86(Intel),Intel Xeon 6 6985P-C,4,32,0.342,0.304,8.208,7.296,57.456,51.072,249.66,221.92
aws,me-central-1,Emirati Arabi Uniti,r8i,x86(Intel),Intel Xeon 6 6985P-C,8,64,0.684,0.608,16.416,14.592,114.912,102.144,499.32,443.84
aws,me-central-1,Emirati Arabi Uniti,r8i,x86(Intel),Intel Xeon 6 6985P-C,16,128,1.368,1.216,32.832,29.184,229.824,204.288,998.64,887.68
aws,me-central-1,Emirati Arabi Uniti,r8i,x86(Intel),Intel Xeon 6 6985P-C,32,256,2.736,2.432,65.664,58.368,459.648,408.576,1997.28,1775.36
aws,me-central-1,Emirati Arabi Uniti,r8i,x86(Intel),Intel Xeon 6 6985P-C,48,384,4.104,3.648,98.496,87.552,689.472,612.864,2995.92,2663.04
aws,me-central-1,Emirati Arabi Uniti,r8i,x86(Intel),Intel Xeon 6 6985P-C,64,512,5.472,4.864,131.328,116.736,919.296,817.152,3994.56,3550.72
aws,me-central-1,Emirati Arabi Uniti,r8i,x86(Intel),Intel Xeon 6 6985P-C,96,768,8.208,7.296,196.992,175.104,1378.944,1225.728,5991.84,5326.08
aws,me-central-1,Emirati Arabi Uniti,r8i,x86(Intel),Intel Xeon 6 6985P-C,128,1024,10.944,9.728,262.656,233.472,1838.592,1634.304,7989.12,7101.44
aws,me-central-1,Emirati Arabi Uniti,r8i,x86(Intel),Intel Xeon 6 6985P-C,192,1536,16.416,14.592,393.984,350.208,2757.888,2451.456,11983.68,10652.16
aws,me-central-1,Emirati Arabi Uniti,r8i,x86(Intel),Intel Xeon 6 6985P-C,384,3072,32.832,29.184,787.968,700.416,5515.776,4902.912,23967.36,21304.32
aws,me-south-1,Bahrein,c6g,ARM,AWS Graviton2,1,2,0.0425,0.0425,1.02,1.02,7.14,7.14,31.02,31.02
aws,me-south-1,Bahrein,c6g,ARM,AWS Graviton2,2,4,0.085,0.085,2.04,2.04,14.28,14.28,62.05,62.05
aws,me-south-1,Bahrein,c6g,ARM,AWS Graviton2,4,8,0.17,0.17,4.08,4.08,28.56,28.56,124.1,124.1
aws,me-south-1,Bahrein,c6g,ARM,AWS Graviton2,8,16,0.34,0.34,8.16,8.16,57.12,57.12,248.2,248.2
aws,me-south-1,Bahrein,c6g,ARM,AWS Graviton2,16,32,0.68,0.68,16.32,16.32,114.24,114.24,496.4,496.4
aws,me-south-1,Bahrein,c6g,ARM,AWS Graviton2,32,64,1.36,1.36,32.64,32.64,228.48,228.48,992.8,992.8
aws,me-south-1,Bahrein,c6g,ARM,AWS Graviton2,48,96,2.04,2.04,48.96,48.96,342.72,342.72,1489.2,1489.2
aws,me-south-1,Bahrein,c6g,ARM,AWS Graviton2,64,128,2.72,2.72,65.28,65.28,456.96,456.96,1985.6,1985.6
aws,me-south-1,Bahrein,c6i,x86(Intel),Intel Xeon Platinum 8375C,2,4,0.1056,0.14692,2.5344,3.5261,17.741,24.683,77.09,107.26
aws,me-south-1,Bahrein,c6i,x86(Intel),Intel Xeon Platinum 8375C,4,8,0.2112,0.29384,5.0688,7.0522,35.482,49.366,154.18,214.51
aws,me-south-1,Bahrein,c6i,x86(Intel),Intel Xeon Platinum 8375C,8,16,0.4224,0.58769,10.1376,14.1045,70.963,98.731,308.35,429.01
aws,me-south-1,Bahrein,c6i,x86(Intel),Intel Xeon Platinum 8375C,16,32,0.8448,1.17537,20.2752,28.209,141.926,197.462,616.7,858.02
aws,me-south-1,Bahrein,c6i,x86(Intel),Intel Xeon Platinum 8375C,32,64,1.6896,2.35075,40.5504,56.4179,283.853,394.926,1233.41,1716.05
aws,me-south-1,Bahrein,c6i,x86(Intel),Intel Xeon Platinum 8375C,48,96,2.5344,3.52612,60.8256,84.6269,425.779,592.388,1850.11,2574.07
aws,me-south-1,Bahrein,c6i,x86(Intel),Intel Xeon Platinum 8375C,64,128,3.3792,4.7015,81.1008,112.8359,567.706,789.852,2466.82,3432.1
aws,me-south-1,Bahrein,c6i,x86(Intel),Intel Xeon Platinum 8375C,96,192,5.0688,7.05224,121.6512,169.2538,851.558,1184.776,3700.22,5148.13
aws,me-south-1,Bahrein,c6i,x86(Intel),Intel Xeon Platinum 8375C,128,256,6.7584,9.40299,162.2016,225.6718,1135.411,1579.702,4933.63,6864.18
aws,me-south-1,Bahrein,c7g,ARM,AWS Graviton3,1,2,0.0449,0.03592,1.0776,0.8621,7.543,6.034,32.78,26.22
aws,me-south-1,Bahrein,c7g,ARM,AWS Graviton3,2,4,0.0898,0.07184,2.1552,1.7242,15.086,12.069,65.55,52.44
aws,me-south-1,Bahrein,c7g,ARM,AWS Graviton3,4,8,0.1795,0.1436,4.308,3.4464,30.156,24.125,131.04,104.83
aws,me-south-1,Bahrein,c7g,ARM,AWS Graviton3,8,16,0.359,0.2872,8.616,6.8928,60.312,48.25,262.07,209.66
aws,me-south-1,Bahrein,c7g,ARM,AWS Graviton3,16,32,0.7181,0.57448,17.2344,13.7875,120.641,96.513,524.21,419.37
aws,me-south-1,Bahrein,c7g,ARM,AWS Graviton3,32,64,1.4362,1.14896,34.4688,27.575,241.282,193.026,1048.43,838.74
aws,me-south-1,Bahrein,c7g,ARM,AWS Graviton3,48,96,2.1542,1.72336,51.7008,41.3606,361.906,289.525,1572.57,1258.06
aws,me-south-1,Bahrein,c7g,ARM,AWS Graviton3,64,128,2.8723,2.29784,68.9352,55.1482,482.546,386.037,2096.78,1677.42
aws,me-south-1,Bahrein,m6g,ARM,AWS Graviton2,1,4,0.047,0.047,1.128,1.128,7.896,7.896,34.31,34.31
aws,me-south-1,Bahrein,m6g,ARM,AWS Graviton2,2,8,0.094,0.094,2.256,2.256,15.792,15.792,68.62,68.62
aws,me-south-1,Bahrein,m6g,ARM,AWS Graviton2,4,16,0.188,0.188,4.512,4.512,31.584,31.584,137.24,137.24
aws,me-south-1,Bahrein,m6g,ARM,AWS Graviton2,8,32,0.376,0.376,9.024,9.024,63.168,63.168,274.48,274.48
aws,me-south-1,Bahrein,m6g,ARM,AWS Graviton2,16,64,0.752,0.752,18.048,18.048,126.336,126.336,548.96,548.96
aws,me-south-1,Bahrein,m6g,ARM,AWS Graviton2,32,128,1.504,1.504,36.096,36.096,252.672,252.672,1097.92,1097.92
aws,me-south-1,Bahrein,m6g,ARM,AWS Graviton2,48,192,2.256,2.256,54.144,54.144,379.008,379.008,1646.88,1646.88
aws,me-south-1,Bahrein,m6g,ARM,AWS Graviton2,64,256,3.008,3.008,72.192,72.192,505.344,505.344,2195.84,2195.84
aws,me-south-1,Bahrein,m6i,x86(Intel),Intel Xeon Platinum 8375C,2,8,0.132,0.18365,3.168,4.4077,22.176,30.854,96.36,134.07
aws,me-south-1,Bahrein,m6i,x86(Intel),Intel Xeon Platinum 8375C,4,16,0.264,0.3673,6.336,8.8153,44.352,61.707,192.72,268.13
aws,me-south-1,Bahrein,m6i,x86(Intel),Intel Xeon Platinum 8375C,8,32,0.528,0.73461,12.672,17.6306,88.704,123.414,385.44,536.26
aws,me-south-1,Bahrein,m6i,x86(Intel),Intel Xeon Platinum 8375C,16,64,1.056,1.46922,25.344,35.2612,177.408,246.829,770.88,1072.53
aws,me-south-1,Bahrein,m6i,x86(Intel),Intel Xeon Platinum 8375C,32,128,2.112,2.93843,50.688,70.5224,354.816,493.657,1541.76,2145.06
aws,me-south-1,Bahrein,m6i,x86(Intel),Intel Xeon Platinum 8375C,48,192,3.168,4.40765,76.032,105.7837,532.224,740.486,2312.64,3217.59
aws,me-south-1,Bahrein,m6i,x86(Intel),Intel Xeon Platinum 8375C,64,256,4.224,5.87687,101.376,141.0449,709.632,987.314,3083.52,4290.11
aws,me-south-1,Bahrein,m6i,x86(Intel),Intel Xeon Platinum 8375C,96,384,6.336,8.8153,152.064,211.5673,1064.448,1480.971,4625.28,6435.17
aws,me-south-1,Bahrein,m6i,x86(Intel),Intel Xeon Platinum 8375C,128,512,8.448,11.75374,202.752,282.0897,1419.264,1974.628,6167.04,8580.23
aws,me-south-1,Bahrein,m7g,ARM,AWS Graviton3,1,4,0.0561,0.04488,1.3464,1.0771,9.425,7.54,40.95,32.76
aws,me-south-1,Bahrein,m7g,ARM,AWS Graviton3,2,8,0.1122,0.08976,2.6928,2.1542,18.85,15.08,81.91,65.53
aws,me-south-1,Bahrein,m7g,ARM,AWS Graviton3,4,16,0.2244,0.17952,5.3856,4.3085,37.699,30.159,163.81,131.05
aws,me-south-1,Bahrein,m7g,ARM,AWS Graviton3,8,32,0.4488,0.35904,10.7712,8.617,75.398,60.318,327.62,262.1
aws,me-south-1,Bahrein,m7g,ARM,AWS Graviton3,16,64,0.8976,0.71808,21.5424,17.2339,150.797,120.638,655.25,524.2
aws,me-south-1,Bahrein,m7g,ARM,AWS Graviton3,32,128,1.7952,1.43616,43.0848,34.4678,301.594,241.275,1310.5,1048.4
aws,me-south-1,Bahrein,m7g,ARM,AWS Graviton3,48,192,2.6928,2.15424,64.6272,51.7018,452.39,361.912,1965.74,1572.59
aws,me-south-1,Bahrein,m7g,ARM,AWS Graviton3,64,256,3.5904,2.87232,86.1696,68.9357,603.187,482.55,2620.99,2096.79
aws,me-south-1,Bahrein,m8g,ARM,AWS Graviton4,1,4,0.06171,0.03981,1.481,0.9555,10.367,6.688,45.05,29.06
aws,me-south-1,Bahrein,m8g,ARM,AWS Graviton4,2,8,0.12342,0.07963,2.9621,1.911,20.735,13.377,90.1,58.13
aws,me-south-1,Bahrein,m8g,ARM,AWS Graviton4,4,16,0.24684,0.15925,5.9242,3.8221,41.469,26.754,180.19,116.25
aws,me-south-1,Bahrein,m8g,ARM,AWS Graviton4,8,32,0.49368,0.3185,11.8483,7.6441,82.938,53.508,360.39,232.51
aws,me-south-1,Bahrein,m8g,ARM,AWS Graviton4,16,64,0.98736,0.63701,23.6966,15.2881,165.876,107.017,720.77,465.01
aws,me-south-1,Bahrein,m8g,ARM,AWS Graviton4,32,128,1.97472,1.27401,47.3933,30.5763,331.753,214.034,1441.55,930.03
aws,me-south-1,Bahrein,m8g,ARM,AWS Graviton4,48,192,2.96208,1.91102,71.0899,45.8645,497.629,321.051,2162.32,1395.05
aws,me-south-1,Bahrein,m8g,ARM,AWS Graviton4,64,256,3.94944,2.54803,94.7866,61.1526,663.506,428.068,2883.09,1860.06
aws,me-south-1,Bahrein,m8g,ARM,AWS Graviton4,96,384,5.92416,3.82204,142.1798,91.7289,995.259,642.103,4324.64,2790.09
aws,me-south-1,Bahrein,m8g,ARM,AWS Graviton4,192,768,11.84832,7.64408,284.3597,183.4579,1990.518,1284.205,8649.27,5580.17
aws,me-south-1,Bahrein,r6g,ARM,AWS Graviton2,1,8,0.062,0.062,1.488,1.488,10.416,10.416,45.26,45.26
aws,me-south-1,Bahrein,r6g,ARM,AWS Graviton2,2,16,0.1241,0.1241,2.9784,2.9784,20.849,20.849,90.59,90.59
aws,me-south-1,Bahrein,r6g,ARM,AWS Graviton2,4,32,0.2482,0.2482,5.9568,5.9568,41.698,41.698,181.19,181.19
aws,me-south-1,Bahrein,r6g,ARM,AWS Graviton2,8,64,0.4963,0.4963,11.9112,11.9112,83.378,83.378,362.3,362.3
aws,me-south-1,Bahrein,r6g,ARM,AWS Graviton2,16,128,0.9926,0.9926,23.8224,23.8224,166.757,166.757,724.6,724.6
aws,me-south-1,Bahrein,r6g,ARM,AWS Graviton2,32,256,1.9853,1.9853,47.6472,47.6472,333.53,333.53,1449.27,1449.27
aws,me-south-1,Bahrein,r6g,ARM,AWS Graviton2,48,384,2.9779,2.9779,71.4696,71.4696,500.287,500.287,2173.87,2173.87
aws,me-south-1,Bahrein,r6g,ARM,AWS Graviton2,64,512,3.9706,3.9706,95.2944,95.2944,667.061,667.061,2898.54,2898.54
aws,me-south-1,Bahrein,r6i,x86(Intel),Intel Xeon Platinum 8375C,2,16,0.1551,0.21579,3.7224,5.179,26.057,36.253,113.22,157.52
aws,me-south-1,Bahrein,r6i,x86(Intel),Intel Xeon Platinum 8375C,4,32,0.3102,0.43158,7.4448,10.358,52.114,72.506,226.45,315.06
aws,me-south-1,Bahrein,r6i,x86(Intel),Intel Xeon Platinum 8375C,8,64,0.6204,0.86317,14.8896,20.716,104.227,145.011,452.89,630.11
aws,me-south-1,Bahrein,r6i,x86(Intel),Intel Xeon Platinum 8375C,16,128,1.2408,1.72633,29.7792,41.4319,208.454,290.023,905.78,1260.22
aws,me-south-1,Bahrein,r6i,x86(Intel),Intel Xeon Platinum 8375C,32,256,2.4816,3.45266,59.5584,82.8639,416.909,580.047,1811.57,2520.45
aws,me-south-1,Bahrein,r6i,x86(Intel),Intel Xeon Platinum 8375C,48,384,3.7224,5.17899,89.3376,124.2958,625.363,870.07,2717.35,3780.66
aws,me-south-1,Bahrein,r6i,x86(Intel),Intel Xeon Platinum 8375C,64,512,4.9632,6.90532,119.1168,165.7277,833.818,1160.095,3623.14,5040.89
aws,me-south-1,Bahrein,r6i,x86(Intel),Intel Xeon Platinum 8375C,96,768,7.4448,10.35798,178.6752,248.5916,1250.726,1740.141,5434.7,7561.32
aws,me-south-1,Bahrein,r6i,x86(Intel),Intel Xeon Platinum 8375C,128,1024,9.9264,13.81064,238.2336,331.4554,1667.635,2320.188,7246.27,10081.77
aws,me-south-1,Bahrein,r7g,ARM,AWS Graviton3,1,8,0.0659,0.05272,1.5816,1.2653,11.071,8.857,48.11,38.49
aws,me-south-1,Bahrein,r7g,ARM,AWS Graviton3,2,16,0.1318,0.10544,3.1632,2.5306,22.142,17.714,96.21,76.97
aws,me-south-1,Bahrein,r7g,ARM,AWS Graviton3,4,32,0.2637,0.21096,6.3288,5.063,44.302,35.442,192.5,154.0
aws,me-south-1,Bahrein,r7g,ARM,AWS Graviton3,8,64,0.5273,0.42184,12.6552,10.1242,88.586,70.869,384.93,307.94
aws,me-south-1,Bahrein,r7g,ARM,AWS Graviton3,16,128,1.0547,0.84376,25.3128,20.2502,177.19,141.752,769.93,615.94
aws,me-south-1,Bahrein,r7g,ARM,AWS Graviton3,32,256,2.1094,1.68752,50.6256,40.5005,354.379,283.503,1539.86,1231.89
aws,me-south-1,Bahrein,r7g,ARM,AWS Graviton3,48,384,3.164,2.5312,75.936,60.7488,531.552,425.242,2309.72,1847.78
aws,me-south-1,Bahrein,r7g,ARM,AWS Graviton3,64,512,4.2187,3.37496,101.2488,80.999,708.742,566.994,3079.65,2463.72
aws,mx-central-1,Messico,c6g,ARM,AWS Graviton2,1,2,0.0357,0.0357,0.8568,0.8568,5.998,5.998,26.06,26.06
aws,mx-central-1,Messico,c6g,ARM,AWS Graviton2,2,4,0.0714,0.0714,1.7136,1.7136,11.995,11.995,52.12,52.12
aws,mx-central-1,Messico,c6g,ARM,AWS Graviton2,4,8,0.1428,0.1428,3.4272,3.4272,23.99,23.99,104.24,104.24
aws,mx-central-1,Messico,c6g,ARM,AWS Graviton2,8,16,0.2856,0.2856,6.8544,6.8544,47.981,47.981,208.49,208.49
aws,mx-central-1,Messico,c6g,ARM,AWS Graviton2,16,32,0.5712,0.5712,13.7088,13.7088,95.962,95.962,416.98,416.98
aws,mx-central-1,Messico,c6g,ARM,AWS Graviton2,32,64,1.1424,1.1424,27.4176,27.4176,191.923,191.923,833.95,833.95
aws,mx-central-1,Messico,c6g,ARM,AWS Graviton2,48,96,1.7136,1.7136,41.1264,41.1264,287.885,287.885,1250.93,1250.93
aws,mx-central-1,Messico,c6g,ARM,AWS Graviton2,64,128,2.2848,2.2848,54.8352,54.8352,383.846,383.846,1667.9,1667.9
aws,mx-central-1,Messico,c6i,x86(Intel),Intel Xeon Platinum 8375C,2,4,0.08925,0.12417,2.142,2.9802,14.994,20.861,65.15,90.64
aws,mx-central-1,Messico,c6i,x86(Intel),Intel Xeon Platinum 8375C,4,8,0.1785,0.24835,4.284,5.9603,29.988,41.722,130.3,181.29
aws,mx-central-1,Messico,c6i,x86(Intel),Intel Xeon Platinum 8375C,8,16,0.357,0.4967,8.568,11.9207,59.976,83.445,260.61,362.59
aws,mx-central-1,Messico,c6i,x86(Intel),Intel Xeon Platinum 8375C,16,32,0.714,0.99339,17.136,23.8414,119.952,166.89,521.22,725.18
aws,mx-central-1,Messico,c6i,x86(Intel),Intel Xeon Platinum 8375C,32,64,1.428,1.98678,34.272,47.6828,239.904,333.779,1042.44,1450.35
aws,mx-central-1,Messico,c6i,x86(Intel),Intel Xeon Platinum 8375C,48,96,2.142,2.98017,51.408,71.5242,359.856,500.669,1563.66,2175.53
aws,mx-central-1,Messico,c6i,x86(Intel),Intel Xeon Platinum 8375C,64,128,2.856,3.97357,68.544,95.3656,479.808,667.559,2084.88,2900.7
aws,mx-central-1,Messico,c6i,x86(Intel),Intel Xeon Platinum 8375C,96,192,4.284,5.96035,102.816,143.0483,719.712,1001.338,3127.32,4351.05
aws,mx-central-1,Messico,c6i,x86(Intel),Intel Xeon Platinum 8375C,128,256,5.712,7.94713,137.088,190.7311,959.616,1335.118,4169.76,5801.41
aws,mx-central-1,Messico,c7g,ARM,AWS Graviton3,1,2,0.0381,0.03048,0.9144,0.7315,6.401,5.121,27.81,22.25
aws,mx-central-1,Messico,c7g,ARM,AWS Graviton3,2,4,0.0761,0.06088,1.8264,1.4611,12.785,10.228,55.55,44.44
aws,mx-central-1,Messico,c7g,ARM,AWS Graviton3,4,8,0.1522,0.12176,3.6528,2.9222,25.57,20.456,111.11,88.89
aws,mx-central-1,Messico,c7g,ARM,AWS Graviton3,8,16,0.3045,0.2436,7.308,5.8464,51.156,40.925,222.28,177.82
aws,mx-central-1,Messico,c7g,ARM,AWS Graviton3,16,32,0.609,0.4872,14.616,11.6928,102.312,81.85,444.57,355.66
aws,mx-central-1,Messico,c7g,ARM,AWS Graviton3,32,64,1.2179,0.97432,29.2296,23.3837,204.607,163.686,889.07,711.26
aws,mx-central-1,Messico,c7g,ARM,AWS Graviton3,48,96,1.8269,1.46152,43.8456,35.0765,306.919,245.535,1333.64,1066.91
aws,mx-central-1,Messico,c7g,ARM,AWS Graviton3,64,128,2.4358,1.94864,58.4592,46.7674,409.214,327.371,1778.13,1422.5
aws,mx-central-1,Messico,c7i,x86(Intel),Intel Xeon Platinum 8488C,2,4,0.09371,0.1071,2.249,2.5703,15.743,17.992,68.41,78.18
aws,mx-central-1,Messico,c7i,x86(Intel),Intel Xeon Platinum 8488C,4,8,0.18742,0.21419,4.4981,5.1407,31.487,35.985,136.82,156.37
aws,mx-central-1,Messico,c7i,x86(Intel),Intel Xeon Platinum 8488C,8,16,0.37484,0.42839,8.9962,10.2814,62.973,71.969,273.63,312.72
aws,mx-central-1,Messico,c7i,x86(Intel),Intel Xeon Platinum 8488C,16,32,0.74968,0.85678,17.9923,20.5626,125.946,143.938,547.27,625.45
aws,mx-central-1,Messico,c7i,x86(Intel),Intel Xeon Platinum 8488C,32,64,1.49936,1.71355,35.9846,41.1253,251.892,287.877,1094.53,1250.89
aws,mx-central-1,Messico,c7i,x86(Intel),Intel Xeon Platinum 8488C,48,96,2.24904,2.57033,53.977,61.688,377.839,431.816,1641.8,1876.34
aws,mx-central-1,Messico,c7i,x86(Intel),Intel Xeon Platinum 8488C,64,128,2.99872,3.42711,71.9693,82.2506,503.785,575.754,2189.07,2501.79
aws,mx-central-1,Messico,c7i,x86(Intel),Intel Xeon Platinum 8488C,96,192,4.49808,5.14066,107.9539,123.3759,755.677,863.631,3283.6,3752.69
aws,mx-central-1,Messico,c7i,x86(Intel),Intel Xeon Platinum 8488C,192,384,8.99616,10.28133,215.9078,246.7518,1511.355,1727.263,6567.2,7505.37
aws,mx-central-1,Messico,m6g,ARM,AWS Graviton2,1,4,0.0404,0.0404,0.9696,0.9696,6.787,6.787,29.49,29.49
aws,mx-central-1,Messico,m6g,ARM,AWS Graviton2,2,8,0.0809,0.0809,1.9416,1.9416,13.591,13.591,59.06,59.06
aws,mx-central-1,Messico,m6g,ARM,AWS Graviton2,4,16,0.1617,0.1617,3.8808,3.8808,27.166,27.166,118.04,118.04
aws,mx-central-1,Messico,m6g,ARM,AWS Graviton2,8,32,0.3234,0.3234,7.7616,7.7616,54.331,54.331,236.08,236.08
aws,mx-central-1,Messico,m6g,ARM,AWS Graviton2,16,64,0.6469,0.6469,15.5256,15.5256,108.679,108.679,472.24,472.24
aws,mx-central-1,Messico,m6g,ARM,AWS Graviton2,32,128,1.2938,1.2938,31.0512,31.0512,217.358,217.358,944.47,944.47
aws,mx-central-1,Messico,m6g,ARM,AWS Graviton2,48,192,1.9406,1.9406,46.5744,46.5744,326.021,326.021,1416.64,1416.64
aws,mx-central-1,Messico,m6g,ARM,AWS Graviton2,64,256,2.5875,2.5875,62.1,62.1,434.7,434.7,1888.88,1888.88
aws,mx-central-1,Messico,m6i,x86(Intel),Intel Xeon Platinum 8375C,2,8,0.1008,0.14024,2.4192,3.3658,16.934,23.56,73.58,102.37
aws,mx-central-1,Messico,m6i,x86(Intel),Intel Xeon Platinum 8375C,4,16,0.2016,0.28049,4.8384,6.7317,33.869,47.122,147.17,204.76
aws,mx-central-1,Messico,m6i,x86(Intel),Intel Xeon Platinum 8375C,8,32,0.4032,0.56097,9.6768,13.4634,67.738,94.244,294.34,409.52
aws,mx-central-1,Messico,m6i,x86(Intel),Intel Xeon Platinum 8375C,16,64,0.8064,1.12195,19.3536,26.9267,135.475,188.487,588.67,819.02
aws,mx-central-1,Messico,m6i,x86(Intel),Intel Xeon Platinum 8375C,32,128,1.6128,2.2439,38.7072,53.8535,270.95,376.974,1177.34,1638.04
aws,mx-central-1,Messico,m6i,x86(Intel),Intel Xeon Platinum 8375C,48,192,2.4192,3.36584,58.0608,80.7802,406.426,565.462,1766.02,2457.07
aws,mx-central-1,Messico,m6i,x86(Intel),Intel Xeon Platinum 8375C,64,256,3.2256,4.48779,77.4144,107.707,541.901,753.949,2354.69,3276.09
aws,mx-central-1,Messico,m6i,x86(Intel),Intel Xeon Platinum 8375C,96,384,4.8384,6.73169,116.1216,161.5605,812.851,1130.923,3532.03,4914.13
aws,mx-central-1,Messico,m6i,x86(Intel),Intel Xeon Platinum 8375C,128,512,6.4512,8.97558,154.8288,215.414,1083.802,1507.898,4709.38,6552.18
aws,mx-central-1,Messico,m7g,ARM,AWS Graviton3,1,4,0.0428,0.03424,1.0272,0.8218,7.19,5.752,31.24,24.99
aws,mx-central-1,Messico,m7g,ARM,AWS Graviton3,2,8,0.0857,0.06856,2.0568,1.6454,14.398,11.518,62.56,50.05
aws,mx-central-1,Messico,m7g,ARM,AWS Graviton3,4,16,0.1714,0.13712,4.1136,3.2909,28.795,23.036,125.12,100.1
aws,mx-central-1,Messico,m7g,ARM,AWS Graviton3,8,32,0.3427,0.27416,8.2248,6.5798,57.574,46.059,250.17,200.14
aws,mx-central-1,Messico,m7g,ARM,AWS Graviton3,16,64,0.6854,0.54832,16.4496,13.1597,115.147,92.118,500.34,400.27
aws,mx-central-1,Messico,m7g,ARM,AWS Graviton3,32,128,1.3709,1.09672,32.9016,26.3213,230.311,184.249,1000.76,800.61
aws,mx-central-1,Messico,m7g,ARM,AWS Graviton3,48,192,2.0563,1.64504,49.3512,39.481,345.458,276.366,1501.1,1200.88
aws,mx-central-1,Messico,m7g,ARM,AWS Graviton3,64,256,2.7418,2.19344,65.8032,52.6426,460.622,368.498,2001.51,1601.21
aws,mx-central-1,Messico,m7i,x86(Intel),Intel Xeon Platinum 8488C,2,8,0.10584,0.12096,2.5402,2.9031,17.781,20.321,77.26,88.3
aws,mx-central-1,Messico,m7i,x86(Intel),Intel Xeon Platinum 8488C,4,16,0.21168,0.24192,5.0803,5.8061,35.562,40.642,154.53,176.61
aws,mx-central-1,Messico,m7i,x86(Intel),Intel Xeon Platinum 8488C,8,32,0.42336,0.48384,10.1606,11.6121,71.124,81.285,309.05,353.2
aws,mx-central-1,Messico,m7i,x86(Intel),Intel Xeon Platinum 8488C,16,64,0.84672,0.96768,20.3213,23.2243,142.249,162.57,618.11,706.41
aws,mx-central-1,Messico,m7i,x86(Intel),Intel Xeon Platinum 8488C,32,128,1.69344,1.93536,40.6426,46.4487,284.498,325.141,1236.21,1412.81
aws,mx-central-1,Messico,m7i,x86(Intel),Intel Xeon Platinum 8488C,48,192,2.54016,2.90304,60.9638,69.6729,426.747,487.711,1854.32,2119.22
aws,mx-central-1,Messico,m7i,x86(Intel),Intel Xeon Platinum 8488C,64,256,3.38688,3.87072,81.2851,92.8973,568.996,650.281,2472.42,2825.62
aws,mx-central-1,Messico,m7i,x86(Intel),Intel Xeon Platinum 8488C,96,384,5.08032,5.80608,121.9277,139.3459,853.494,975.422,3708.63,4238.43
aws,mx-central-1,Messico,m7i,x86(Intel),Intel Xeon Platinum 8488C,192,768,10.16064,11.61216,243.8554,278.6919,1706.988,1950.843,7417.27,8476.88
aws,mx-central-1,Messico,r6g,ARM,AWS Graviton2,1,8,0.0529,0.0529,1.2696,1.2696,8.887,8.887,38.62,38.62
aws,mx-central-1,Messico,r6g,ARM,AWS Graviton2,2,16,0.1058,0.1058,2.5392,2.5392,17.774,17.774,77.23,77.23
aws,mx-central-1,Messico,r6g,ARM,AWS Graviton2,4,32,0.2117,0.2117,5.0808,5.0808,35.566,35.566,154.54,154.54
aws,mx-central-1,Messico,r6g,ARM,AWS Graviton2,8,64,0.4234,0.4234,10.1616,10.1616,71.131,71.131,309.08,309.08
aws,mx-central-1,Messico,r6g,ARM,AWS Graviton2,16,128,0.8467,0.8467,20.3208,20.3208,142.246,142.246,618.09,618.09
aws,mx-central-1,Messico,r6g,ARM,AWS Graviton2,32,256,1.6934,1.6934,40.6416,40.6416,284.491,284.491,1236.18,1236.18
aws,mx-central-1,Messico,r6g,ARM,AWS Graviton2,48,384,2.5402,2.5402,60.9648,60.9648,426.754,426.754,1854.35,1854.35
aws,mx-central-1,Messico,r6g,ARM,AWS Graviton2,64,512,3.3869,3.3869,81.2856,81.2856,568.999,568.999,2472.44,2472.44
aws,mx-central-1,Messico,r6i,x86(Intel),Intel Xeon Platinum 8375C,2,16,0.1323,0.18407,3.1752,4.4177,22.226,30.923,96.58,134.37
aws,mx-central-1,Messico,r6i,x86(Intel),Intel Xeon Platinum 8375C,4,32,0.2646,0.36814,6.3504,8.8353,44.453,61.848,193.16,268.74
aws,mx-central-1,Messico,r6i,x86(Intel),Intel Xeon Platinum 8375C,8,64,0.5292,0.73628,12.7008,17.6707,88.906,123.695,386.32,537.49
aws,mx-central-1,Messico,r6i,x86(Intel),Intel Xeon Platinum 8375C,16,128,1.0584,1.47256,25.4016,35.3414,177.811,247.389,772.63,1074.96
aws,mx-central-1,Messico,r6i,x86(Intel),Intel Xeon Platinum 8375C,32,256,2.1168,2.94511,50.8032,70.6827,355.622,494.778,1545.26,2149.93
aws,mx-central-1,Messico,r6i,x86(Intel),Intel Xeon Platinum 8375C,48,384,3.1752,4.41767,76.2048,106.0241,533.434,742.169,2317.9,3224.9
aws,mx-central-1,Messico,r6i,x86(Intel),Intel Xeon Platinum 8375C,64,512,4.2336,5.89023,101.6064,141.3654,711.245,989.558,3090.53,4299.87
aws,mx-central-1,Messico,r6i,x86(Intel),Intel Xeon Platinum 8375C,96,768,6.3504,8.83534,152.4096,212.0481,1066.867,1484.337,4635.79,6449.79
aws,mx-central-1,Messico,r6i,x86(Intel),Intel Xeon Platinum 8375C,128,1024,8.4672,11.78045,203.2128,282.7309,1422.49,1979.117,6181.06,8599.74
aws,mx-central-1,Messico,r7g,ARM,AWS Graviton3,1,8,0.0562,0.04496,1.3488,1.079,9.442,7.554,41.03,32.82
aws,mx-central-1,Messico,r7g,ARM,AWS Graviton3,2,16,0.1125,0.09,2.7,2.16,18.9,15.12,82.12,65.7
aws,mx-central-1,Messico,r7g,ARM,AWS Graviton3,4,32,0.2249,0.17992,5.3976,4.3181,37.783,30.226,164.18,131.34
aws,mx-central-1,Messico,r7g,ARM,AWS Graviton3,8,64,0.4498,0.35984,10.7952,8.6362,75.566,60.453,328.35,262.68
aws,mx-central-1,Messico,r7g,ARM,AWS Graviton3,16,128,0.8997,0.71976,21.5928,17.2742,151.15,120.92,656.78,525.42
aws,mx-central-1,Messico,r7g,ARM,AWS Graviton3,32,256,1.7994,1.43952,43.1856,34.5485,302.299,241.839,1313.56,1050.85
aws,mx-central-1,Messico,r7g,ARM,AWS Graviton3,48,384,2.699,2.1592,64.776,51.8208,453.432,362.746,1970.27,1576.22
aws,mx-central-1,Messico,r7g,ARM,AWS Graviton3,64,512,3.5987,2.87896,86.3688,69.095,604.582,483.666,2627.05,2101.64
aws,mx-central-1,Messico,r7i,x86(Intel),Intel Xeon Platinum 8488C,2,16,0.13892,0.15877,3.3341,3.8104,23.339,26.673,101.41,115.9
aws,mx-central-1,Messico,r7i,x86(Intel),Intel Xeon Platinum 8488C,4,32,0.27784,0.31753,6.6682,7.6208,46.677,53.345,202.82,231.79
aws,mx-central-1,Messico,r7i,x86(Intel),Intel Xeon Platinum 8488C,8,64,0.55568,0.63506,13.3363,15.2415,93.354,106.69,405.65,463.6
aws,mx-central-1,Messico,r7i,x86(Intel),Intel Xeon Platinum 8488C,16,128,1.11136,1.27013,26.6726,30.483,186.708,213.381,811.29,927.19
aws,mx-central-1,Messico,r7i,x86(Intel),Intel Xeon Platinum 8488C,32,256,2.22272,2.54025,53.3453,60.9661,373.417,426.762,1622.59,1854.39
aws,mx-central-1,Messico,r7i,x86(Intel),Intel Xeon Platinum 8488C,48,384,3.33408,3.81038,80.0179,91.449,560.125,640.143,2433.88,2781.58
aws,mx-central-1,Messico,r7i,x86(Intel),Intel Xeon Platinum 8488C,64,512,4.44544,5.0805,106.6906,121.9321,746.834,853.525,3245.17,3708.77
aws,mx-central-1,Messico,r7i,x86(Intel),Intel Xeon Platinum 8488C,96,768,6.66816,7.62075,160.0358,182.8981,1120.251,1280.287,4867.76,5563.15
aws,mx-central-1,Messico,r7i,x86(Intel),Intel Xeon Platinum 8488C,192,1536,13.33632,15.24151,320.0717,365.7962,2240.502,2560.574,9735.51,11126.3
aws,mx-central-1,Messico,r8g,ARM,AWS Graviton4,1,8,0.06185,0.0399,1.4844,0.9577,10.391,6.704,45.15,29.13
aws,mx-central-1,Messico,r8g,ARM,AWS Graviton4,2,16,0.1237,0.07981,2.9688,1.9154,20.782,13.408,90.3,58.26
aws,mx-central-1,Messico,r8g,ARM,AWS Graviton4,4,32,0.2474,0.15961,5.9376,3.8307,41.563,26.815,180.6,116.52
aws,mx-central-1,Messico,r8g,ARM,AWS Graviton4,8,64,0.4948,0.31923,11.8752,7.6614,83.126,53.63,361.2,233.03
aws,mx-central-1,Messico,r8g,ARM,AWS Graviton4,16,128,0.9896,0.63845,23.7504,15.3228,166.253,107.26,722.41,466.07
aws,mx-central-1,Messico,r8g,ARM,AWS Graviton4,32,256,1.9792,1.2769,47.5008,30.6457,332.506,214.52,1444.82,932.14
aws,mx-central-1,Messico,r8g,ARM,AWS Graviton4,48,384,2.9688,1.91535,71.2512,45.9685,498.758,321.779,2167.22,1398.21
aws,mx-central-1,Messico,r8g,ARM,AWS Graviton4,64,512,3.9584,2.55381,95.0016,61.2914,665.011,429.039,2889.63,1864.28
aws,mx-central-1,Messico,r8g,ARM,AWS Graviton4,96,768,5.9376,3.83071,142.5024,91.937,997.517,643.559,4334.45,2796.42
aws,mx-central-1,Messico,r8g,ARM,AWS Graviton4,192,1536,11.8752,7.66142,285.0048,183.8741,1995.034,1287.119,8668.9,5592.84
aws,sa-east-1,Brasile,c6a,x86(AMD),AMD EPYC 7R13,2,4,0.1179,0.14511,2.8296,3.4826,19.807,24.378,86.07,105.93
aws,sa-east-1,Brasile,c6a,x86(AMD),AMD EPYC 7R13,4,8,0.2358,0.29022,5.6592,6.9652,39.614,48.756,172.13,211.85
aws,sa-east-1,Brasile,c6a,x86(AMD),AMD EPYC 7R13,8,16,0.4716,0.58043,11.3184,13.9303,79.229,97.513,344.27,423.72
aws,sa-east-1,Brasile,c6a,x86(AMD),AMD EPYC 7R13,16,32,0.9432,1.16086,22.6368,27.8607,158.458,195.025,688.54,847.43
aws,sa-east-1,Brasile,c6a,x86(AMD),AMD EPYC 7R13,32,64,1.8864,2.32172,45.2736,55.7214,316.915,390.049,1377.07,1694.86
aws,sa-east-1,Brasile,c6a,x86(AMD),AMD EPYC 7R13,48,96,2.8296,3.48258,67.9104,83.582,475.373,585.074,2065.61,2542.29
aws,sa-east-1,Brasile,c6a,x86(AMD),AMD EPYC 7R13,64,128,3.7728,4.64345,90.5472,111.4427,633.83,780.098,2754.14,3389.71
aws,sa-east-1,Brasile,c6a,x86(AMD),AMD EPYC 7R13,96,192,5.6592,6.96517,135.8208,167.1641,950.746,1170.149,4131.22,5084.58
aws,sa-east-1,Brasile,c6a,x86(AMD),AMD EPYC 7R13,128,256,7.5456,9.28689,181.0944,222.8854,1267.661,1560.198,5508.29,6779.43
aws,sa-east-1,Brasile,c6a,x86(AMD),AMD EPYC 7R13,192,384,11.3184,13.93034,271.6416,334.3281,1901.491,2340.297,8262.43,10169.14
aws,sa-east-1,Brasile,c6g,ARM,AWS Graviton2,1,2,0.0524,0.0524,1.2576,1.2576,8.803,8.803,38.25,38.25
aws,sa-east-1,Brasile,c6g,ARM,AWS Graviton2,2,4,0.1048,0.1048,2.5152,2.5152,17.606,17.606,76.5,76.5
aws,sa-east-1,Brasile,c6g,ARM,AWS Graviton2,4,8,0.2096,0.2096,5.0304,5.0304,35.213,35.213,153.01,153.01
aws,sa-east-1,Brasile,c6g,ARM,AWS Graviton2,8,16,0.4192,0.4192,10.0608,10.0608,70.426,70.426,306.02,306.02
aws,sa-east-1,Brasile,c6g,ARM,AWS Graviton2,16,32,0.8384,0.8384,20.1216,20.1216,140.851,140.851,612.03,612.03
aws,sa-east-1,Brasile,c6g,ARM,AWS Graviton2,32,64,1.6768,1.6768,40.2432,40.2432,281.702,281.702,1224.06,1224.06
aws,sa-east-1,Brasile,c6g,ARM,AWS Graviton2,48,96,2.5152,2.5152,60.3648,60.3648,422.554,422.554,1836.1,1836.1
aws,sa-east-1,Brasile,c6g,ARM,AWS Graviton2,64,128,3.3536,3.3536,80.4864,80.4864,563.405,563.405,2448.13,2448.13
aws,sa-east-1,Brasile,c6i,x86(Intel),Intel Xeon Platinum 8375C,2,4,0.131,0.18226,3.144,4.3743,22.008,30.62,95.63,133.05
aws,sa-east-1,Brasile,c6i,x86(Intel),Intel Xeon Platinum 8375C,4,8,0.262,0.36452,6.288,8.7485,44.016,61.24,191.26,266.1
aws,sa-east-1,Brasile,c6i,x86(Intel),Intel Xeon Platinum 8375C,8,16,0.524,0.72904,12.576,17.497,88.032,122.479,382.52,532.2
aws,sa-east-1,Brasile,c6i,x86(Intel),Intel Xeon Platinum 8375C,16,32,1.048,1.45809,25.152,34.9941,176.064,244.959,765.04,1064.4
aws,sa-east-1,Brasile,c6i,x86(Intel),Intel Xeon Platinum 8375C,32,64,2.096,2.91617,50.304,69.9882,352.128,489.917,1530.08,2128.81
aws,sa-east-1,Brasile,c6i,x86(Intel),Intel Xeon Platinum 8375C,48,96,3.144,4.37426,75.456,104.9823,528.192,734.876,2295.12,3193.21
aws,sa-east-1,Brasile,c6i,x86(Intel),Intel Xeon Platinum 8375C,64,128,4.192,5.83235,100.608,139.9763,704.256,979.834,3060.16,4257.61
aws,sa-east-1,Brasile,c6i,x86(Intel),Intel Xeon Platinum 8375C,96,192,6.288,8.74852,150.912,209.9645,1056.384,1469.752,4590.24,6386.42
aws,sa-east-1,Brasile,c6i,x86(Intel),Intel Xeon Platinum 8375C,128,256,8.384,11.6647,201.216,279.9527,1408.512,1959.669,6120.32,8515.23
aws,sa-east-1,Brasile,c7g,ARM,AWS Graviton3,1,2,0.0555,0.0444,1.332,1.0656,9.324,7.459,40.52,32.42
aws,sa-east-1,Brasile,c7g,ARM,AWS Graviton3,2,4,0.1111,0.08888,2.6664,2.1331,18.665,14.932,81.1,64.88
aws,sa-east-1,Brasile,c7g,ARM,AWS Graviton3,4,8,0.2222,0.17776,5.3328,4.2662,37.33,29.864,162.21,129.77
aws,sa-east-1,Brasile,c7g,ARM,AWS Graviton3,8,16,0.4443,0.35544,10.6632,8.5306,74.642,59.714,324.34,259.47
aws,sa-east-1,Brasile,c7g,ARM,AWS Graviton3,16,32,0.8886,0.71088,21.3264,17.0611,149.285,119.428,648.68,518.94
aws,sa-east-1,Brasile,c7g,ARM,AWS Graviton3,32,64,1.7773,1.42184,42.6552,34.1242,298.586,238.869,1297.43,1037.94
aws,sa-east-1,Brasile,c7g,ARM,AWS Graviton3,48,96,2.6659,2.13272,63.9816,51.1853,447.871,358.297,1946.11,1556.89
aws,sa-east-1,Brasile,c7g,ARM,AWS Graviton3,64,128,3.5546,2.84368,85.3104,68.2483,597.173,477.738,2594.86,2075.89
aws,sa-east-1,Brasile,c7i,x86(Intel),Intel Xeon Platinum 8488C,2,4,0.13755,0.1572,3.3012,3.7728,23.108,26.409,100.41,114.75
aws,sa-east-1,Brasile,c7i,x86(Intel),Intel Xeon Platinum 8488C,4,8,0.2751,0.3144,6.6024,7.5456,46.217,52.819,200.82,229.51
aws,sa-east-1,Brasile,c7i,x86(Intel),Intel Xeon Platinum 8488C,8,16,0.5502,0.6288,13.2048,15.0912,92.434,105.639,401.65,459.03
aws,sa-east-1,Brasile,c7i,x86(Intel),Intel Xeon Platinum 8488C,16,32,1.1004,1.2576,26.4096,30.1824,184.867,211.277,803.29,918.05
aws,sa-east-1,Brasile,c7i,x86(Intel),Intel Xeon Platinum 8488C,32,64,2.2008,2.5152,52.8192,60.3648,369.734,422.553,1606.58,1836.09
aws,sa-east-1,Brasile,c7i,x86(Intel),Intel Xeon Platinum 8488C,48,96,3.3012,3.7728,79.2288,90.5472,554.602,633.831,2409.88,2754.15
aws,sa-east-1,Brasile,c7i,x86(Intel),Intel Xeon Platinum 8488C,64,128,4.4016,5.0304,105.6384,120.7296,739.469,845.107,3213.17,3672.19
aws,sa-east-1,Brasile,c7i,x86(Intel),Intel Xeon Platinum 8488C,96,192,6.6024,7.5456,158.4576,181.0944,1109.203,1267.661,4819.75,5508.29
aws,sa-east-1,Brasile,c7i,x86(Intel),Intel Xeon Platinum 8488C,192,384,13.2048,15.0912,316.9152,362.1888,2218.406,2535.321,9639.5,11016.57
aws,sa-east-1,Brasile,c8g,ARM,AWS Graviton4,1,2,0.06109,0.03941,1.4662,0.9459,10.263,6.621,44.6,28.77
aws,sa-east-1,Brasile,c8g,ARM,AWS Graviton4,2,4,0.12218,0.07883,2.9323,1.8918,20.526,13.243,89.19,57.54
aws,sa-east-1,Brasile,c8g,ARM,AWS Graviton4,4,8,0.24436,0.15765,5.8646,3.7836,41.052,26.485,178.38,115.08
aws,sa-east-1,Brasile,c8g,ARM,AWS Graviton4,8,16,0.48872,0.3153,11.7293,7.5673,82.105,52.971,356.77,230.17
aws,sa-east-1,Brasile,c8g,ARM,AWS Graviton4,16,32,0.97744,0.63061,23.4586,15.1346,164.21,105.942,713.53,460.34
aws,sa-east-1,Brasile,c8g,ARM,AWS Graviton4,32,64,1.95488,1.26121,46.9171,30.2691,328.42,211.884,1427.06,920.68
aws,sa-east-1,Brasile,c8g,ARM,AWS Graviton4,48,96,2.93232,1.89182,70.3757,45.4037,492.63,317.826,2140.59,1381.03
aws,sa-east-1,Brasile,c8g,ARM,AWS Graviton4,64,128,3.90976,2.52243,93.8342,60.5382,656.84,423.768,2854.12,1841.37
aws,sa-east-1,Brasile,c8g,ARM,AWS Graviton4,96,192,5.86464,3.78364,140.7514,90.8074,985.26,635.652,4281.19,2762.06
aws,sa-east-1,Brasile,c8g,ARM,AWS Graviton4,192,384,11.72928,7.56728,281.5027,181.6146,1970.519,1271.303,8562.37,5524.11
aws,sa-east-1,Brasile,c8i,x86(Intel),Intel Xeon 6 6975P-C,2,4,0.14443,0.12838,3.4663,3.0812,24.264,21.568,105.43,93.72
aws,sa-east-1,Brasile,c8i,x86(Intel),Intel Xeon 6 6975P-C,4,8,0.28886,0.25676,6.9326,6.1623,48.528,43.136,210.87,187.44
aws,sa-east-1,Brasile,c8i,x86(Intel),Intel Xeon 6 6975P-C,8,16,0.57772,0.51353,13.8653,12.3247,97.057,86.273,421.74,374.88
aws,sa-east-1,Brasile,c8i,x86(Intel),Intel Xeon 6 6975P-C,16,32,1.15544,1.02706,27.7306,24.6494,194.114,172.546,843.47,749.75
aws,sa-east-1,Brasile,c8i,x86(Intel),Intel Xeon 6 6975P-C,32,64,2.31088,2.05412,55.4611,49.2988,388.228,345.092,1686.94,1499.5
aws,sa-east-1,Brasile,c8i,x86(Intel),Intel Xeon 6 6975P-C,48,96,3.46632,3.08117,83.1917,73.9482,582.342,517.637,2530.41,2249.25
aws,sa-east-1,Brasile,c8i,x86(Intel),Intel Xeon 6 6975P-C,64,128,4.62176,4.10823,110.9222,98.5975,776.456,690.183,3373.88,2999.0
aws,sa-east-1,Brasile,c8i,x86(Intel),Intel Xeon 6 6975P-C,96,192,6.93264,6.16235,166.3834,147.8964,1164.684,1035.275,5060.83,4498.52
aws,sa-east-1,Brasile,c8i,x86(Intel),Intel Xeon 6 6975P-C,128,256,9.24352,8.21646,221.8445,197.1951,1552.911,1380.365,6747.77,5998.02
aws,sa-east-1,Brasile,c8i,x86(Intel),Intel Xeon 6 6975P-C,192,384,13.86528,12.32469,332.7667,295.7926,2329.367,2070.548,10121.65,8997.02
aws,sa-east-1,Brasile,c8i,x86(Intel),Intel Xeon 6 6975P-C,384,768,27.73056,24.64939,665.5334,591.5852,4658.734,4141.097,20243.31,17994.05
aws,sa-east-1,Brasile,m6a,x86(AMD),AMD EPYC 7R13,2,8,0.1377,0.16948,3.3048,4.0674,23.134,28.473,100.52,123.72
aws,sa-east-1,Brasile,m6a,x86(AMD),AMD EPYC 7R13,4,16,0.2754,0.33895,6.6096,8.1349,46.267,56.944,201.04,247.43
aws,sa-east-1,Brasile,m6a,x86(AMD),AMD EPYC 7R13,8,32,0.5508,0.67791,13.2192,16.2698,92.534,113.888,402.08,494.87
aws,sa-east-1,Brasile,m6a,x86(AMD),AMD EPYC 7R13,16,64,1.1016,1.35582,26.4384,32.5396,185.069,227.777,804.17,989.75
aws,sa-east-1,Brasile,m6a,x86(AMD),AMD EPYC 7R13,32,128,2.2032,2.71163,52.8768,65.0791,370.138,455.554,1608.34,1979.5
aws,sa-east-1,Brasile,m6a,x86(AMD),AMD EPYC 7R13,48,192,3.3048,4.06745,79.3152,97.6187,555.206,683.33,2412.5,2969.23
aws,sa-east-1,Brasile,m6a,x86(AMD),AMD EPYC 7R13,64,256,4.4064,5.42326,105.7536,130.1583,740.275,911.108,3216.67,3958.98
aws,sa-east-1,Brasile,m6a,x86(AMD),AMD EPYC 7R13,96,384,6.6096,8.13489,158.6304,195.2374,1110.413,1366.662,4825.01,5938.47
aws,sa-east-1,Brasile,m6a,x86(AMD),AMD EPYC 7R13,128,512,8.8128,10.84652,211.5072,260.3166,1480.55,1822.215,6433.34,7917.96
aws,sa-east-1,Brasile,m6a,x86(AMD),AMD EPYC 7R13,192,768,13.2192,16.26978,317.2608,390.4748,2220.826,2733.324,9650.02,11876.95
aws,sa-east-1,Brasile,m6g,ARM,AWS Graviton2,1,4,0.0612,0.0612,1.4688,1.4688,10.282,10.282,44.68,44.68
aws,sa-east-1,Brasile,m6g,ARM,AWS Graviton2,2,8,0.1224,0.1224,2.9376,2.9376,20.563,20.563,89.35,89.35
aws,sa-east-1,Brasile,m6g,ARM,AWS Graviton2,4,16,0.2448,0.2448,5.8752,5.8752,41.126,41.126,178.7,178.7
aws,sa-east-1,Brasile,m6g,ARM,AWS Graviton2,8,32,0.4896,0.4896,11.7504,11.7504,82.253,82.253,357.41,357.41
aws,sa-east-1,Brasile,m6g,ARM,AWS Graviton2,16,64,0.9792,0.9792,23.5008,23.5008,164.506,164.506,714.82,714.82
aws,sa-east-1,Brasile,m6g,ARM,AWS Graviton2,32,128,1.9584,1.9584,47.0016,47.0016,329.011,329.011,1429.63,1429.63
aws,sa-east-1,Brasile,m6g,ARM,AWS Graviton2,48,192,2.9376,2.9376,70.5024,70.5024,493.517,493.517,2144.45,2144.45
aws,sa-east-1,Brasile,m6g,ARM,AWS Graviton2,64,256,3.9168,3.9168,94.0032,94.0032,658.022,658.022,2859.26,2859.26
aws,sa-east-1,Brasile,m6i,x86(Intel),Intel Xeon Platinum 8375C,2,8,0.153,0.21287,3.672,5.1089,25.704,35.762,111.69,155.39
aws,sa-east-1,Brasile,m6i,x86(Intel),Intel Xeon Platinum 8375C,4,16,0.306,0.42574,7.344,10.2177,51.408,71.524,223.38,310.79
aws,sa-east-1,Brasile,m6i,x86(Intel),Intel Xeon Platinum 8375C,8,32,0.612,0.85148,14.688,20.4355,102.816,143.048,446.76,621.58
aws,sa-east-1,Brasile,m6i,x86(Intel),Intel Xeon Platinum 8375C,16,64,1.224,1.70296,29.376,40.871,205.632,286.097,893.52,1243.16
aws,sa-east-1,Brasile,m6i,x86(Intel),Intel Xeon Platinum 8375C,32,128,2.448,3.40591,58.752,81.7419,411.264,572.193,1787.04,2486.32
aws,sa-east-1,Brasile,m6i,x86(Intel),Intel Xeon Platinum 8375C,48,192,3.672,5.10887,88.128,122.6129,616.896,858.29,2680.56,3729.47
aws,sa-east-1,Brasile,m6i,x86(Intel),Intel Xeon Platinum 8375C,64,256,4.896,6.81183,117.504,163.4838,822.528,1144.387,3574.08,4972.63
aws,sa-east-1,Brasile,m6i,x86(Intel),Intel Xeon Platinum 8375C,96,384,7.344,10.21774,176.256,245.2257,1233.792,1716.58,5361.12,7458.95
aws,sa-east-1,Brasile,m6i,x86(Intel),Intel Xeon Platinum 8375C,128,512,9.792,13.62365,235.008,326.9677,1645.056,2288.774,7148.16,9945.27
aws,sa-east-1,Brasile,m7g,ARM,AWS Graviton3,1,4,0.065,0.052,1.56,1.248,10.92,8.736,47.45,37.96
aws,sa-east-1,Brasile,m7g,ARM,AWS Graviton3,2,8,0.1301,0.10408,3.1224,2.4979,21.857,17.486,94.97,75.98
aws,sa-east-1,Brasile,m7g,ARM,AWS Graviton3,4,16,0.2601,0.20808,6.2424,4.9939,43.697,34.958,189.87,151.9
aws,sa-east-1,Brasile,m7g,ARM,AWS Graviton3,8,32,0.5202,0.41616,12.4848,9.9878,87.394,69.915,379.75,303.8
aws,sa-east-1,Brasile,m7g,ARM,AWS Graviton3,16,64,1.0404,0.83232,24.9696,19.9757,174.787,139.83,759.49,607.59
aws,sa-east-1,Brasile,m7g,ARM,AWS Graviton3,32,128,2.0808,1.66464,49.9392,39.9514,349.574,279.659,1518.98,1215.18
aws,sa-east-1,Brasile,m7g,ARM,AWS Graviton3,48,192,3.1212,2.49696,74.9088,59.927,524.362,419.49,2278.48,1822.78
aws,sa-east-1,Brasile,m7g,ARM,AWS Graviton3,64,256,4.1616,3.32928,99.8784,79.9027,699.149,559.319,3037.97,2430.38
aws,sa-east-1,Brasile,m7i,x86(Intel),Intel Xeon Platinum 8488C,2,8,0.16065,0.1836,3.8556,4.4064,26.989,30.845,117.27,134.02
aws,sa-east-1,Brasile,m7i,x86(Intel),Intel Xeon Platinum 8488C,4,16,0.3213,0.3672,7.7112,8.8128,53.978,61.689,234.55,268.06
aws,sa-east-1,Brasile,m7i,x86(Intel),Intel Xeon Platinum 8488C,8,32,0.6426,0.7344,15.4224,17.6256,107.957,123.379,469.1,536.11
aws,sa-east-1,Brasile,m7i,x86(Intel),Intel Xeon Platinum 8488C,16,64,1.2852,1.4688,30.8448,35.2512,215.914,246.759,938.2,1072.23
aws,sa-east-1,Brasile,m7i,x86(Intel),Intel Xeon Platinum 8488C,32,128,2.5704,2.9376,61.6896,70.5024,431.827,493.517,1876.39,2144.45
aws,sa-east-1,Brasile,m7i,x86(Intel),Intel Xeon Platinum 8488C,48,192,3.8556,4.4064,92.5344,105.7536,647.741,740.275,2814.59,3216.67
aws,sa-east-1,Brasile,m7i,x86(Intel),Intel Xeon Platinum 8488C,64,256,5.1408,5.8752,123.3792,141.0048,863.654,987.033,3752.78,4288.89
aws,sa-east-1,Brasile,m7i,x86(Intel),Intel Xeon Platinum 8488C,96,384,7.7112,8.8128,185.0688,211.5072,1295.482,1480.551,5629.18,6433.35
aws,sa-east-1,Brasile,m7i,x86(Intel),Intel Xeon Platinum 8488C,192,768,15.4224,17.6256,370.1376,423.0144,2590.963,2961.101,11258.35,12866.69
aws,sa-east-1,Brasile,m8g,ARM,AWS Graviton4,1,4,0.07153,0.04615,1.7167,1.1075,12.017,7.753,52.22,33.69
aws,sa-east-1,Brasile,m8g,ARM,AWS Graviton4,2,8,0.14306,0.0923,3.4334,2.2151,24.034,15.506,104.43,67.37
aws,sa-east-1,Brasile,m8g,ARM,AWS Graviton4,4,16,0.28612,0.18459,6.8669,4.4303,48.068,31.012,208.87,134.75
aws,sa-east-1,Brasile,m8g,ARM,AWS Graviton4,8,32,0.57224,0.36919,13.7338,8.8605,96.136,62.023,417.74,269.51
aws,sa-east-1,Brasile,m8g,ARM,AWS Graviton4,16,64,1.14448,0.73837,27.4675,17.721,192.273,124.047,835.47,539.01
aws,sa-east-1,Brasile,m8g,ARM,AWS Graviton4,32,128,2.28896,1.47675,54.935,35.4419,384.545,248.094,1670.94,1078.03
aws,sa-east-1,Brasile,m8g,ARM,AWS Graviton4,48,192,3.43344,2.21512,82.4026,53.163,576.818,372.141,2506.41,1617.04
aws,sa-east-1,Brasile,m8g,ARM,AWS Graviton4,64,256,4.57792,2.9535,109.8701,70.8839,769.091,496.188,3341.88,2156.05
aws,sa-east-1,Brasile,m8g,ARM,AWS Graviton4,96,384,6.86688,4.43025,164.8051,106.3259,1153.636,744.281,5012.82,3234.08
aws,sa-east-1,Brasile,m8g,ARM,AWS Graviton4,192,768,13.73376,8.86049,329.6102,212.6517,2307.272,1488.563,10025.64,6468.15
aws,sa-east-1,Brasile,m8i,x86(Intel),Intel Xeon 6 6975P-C,2,8,0.16868,0.14994,4.0483,3.5985,28.338,25.189,123.14,109.46
aws,sa-east-1,Brasile,m8i,x86(Intel),Intel Xeon 6 6975P-C,4,16,0.33736,0.29988,8.0966,7.197,56.676,50.379,246.27,218.91
aws,sa-east-1,Brasile,m8i,x86(Intel),Intel Xeon 6 6975P-C,8,32,0.67472,0.59975,16.1933,14.394,113.353,100.758,492.55,437.82
aws,sa-east-1,Brasile,m8i,x86(Intel),Intel Xeon 6 6975P-C,16,64,1.34944,1.1995,32.3866,28.7881,226.706,201.516,985.09,875.64
aws,sa-east-1,Brasile,m8i,x86(Intel),Intel Xeon 6 6975P-C,32,128,2.69888,2.399,64.7731,57.5761,453.412,403.033,1970.18,1751.27
aws,sa-east-1,Brasile,m8i,x86(Intel),Intel Xeon 6 6975P-C,48,192,4.04832,3.59851,97.1597,86.3642,680.118,604.549,2955.27,2626.91
aws,sa-east-1,Brasile,m8i,x86(Intel),Intel Xeon 6 6975P-C,64,256,5.39776,4.79801,129.5462,115.1522,906.824,806.066,3940.36,3502.54
aws,sa-east-1,Brasile,m8i,x86(Intel),Intel Xeon 6 6975P-C,96,384,8.09664,7.19701,194.3194,172.7284,1360.236,1209.099,5910.55,5253.82
aws,sa-east-1,Brasile,m8i,x86(Intel),Intel Xeon 6 6975P-C,128,512,10.79552,9.59602,259.0925,230.3044,1813.647,1612.131,7880.73,7005.09
aws,sa-east-1,Brasile,m8i,x86(Intel),Intel Xeon 6 6975P-C,192,768,16.19328,14.39403,388.6387,345.4566,2720.471,2418.196,11821.09,10507.64
aws,sa-east-1,Brasile,m8i,x86(Intel),Intel Xeon 6 6975P-C,384,1536,32.38656,28.78805,777.2774,690.9132,5440.942,4836.393,23642.19,21015.28
aws,sa-east-1,Brasile,r6g,ARM,AWS Graviton2,1,8,0.0804,0.0804,1.9296,1.9296,13.507,13.507,58.69,58.69
aws,sa-east-1,Brasile,r6g,ARM,AWS Graviton2,2,16,0.1608,0.1608,3.8592,3.8592,27.014,27.014,117.38,117.38
aws,sa-east-1,Brasile,r6g,ARM,AWS Graviton2,4,32,0.3216,0.3216,7.7184,7.7184,54.029,54.029,234.77,234.77
aws,sa-east-1,Brasile,r6g,ARM,AWS Graviton2,8,64,0.6432,0.6432,15.4368,15.4368,108.058,108.058,469.54,469.54
aws,sa-east-1,Brasile,r6g,ARM,AWS Graviton2,16,128,1.2864,1.2864,30.8736,30.8736,216.115,216.115,939.07,939.07
aws,sa-east-1,Brasile,r6g,ARM,AWS Graviton2,32,256,2.5728,2.5728,61.7472,61.7472,432.23,432.23,1878.14,1878.14
aws,sa-east-1,Brasile,r6g,ARM,AWS Graviton2,48,384,3.8592,3.8592,92.6208,92.6208,648.346,648.346,2817.22,2817.22
aws,sa-east-1,Brasile,r6g,ARM,AWS Graviton2,64,512,5.1456,5.1456,123.4944,123.4944,864.461,864.461,3756.29,3756.29
aws,sa-east-1,Brasile,r6i,x86(Intel),Intel Xeon Platinum 8375C,2,16,0.201,0.27965,4.824,6.7117,33.768,46.982,146.73,204.15
aws,sa-east-1,Brasile,r6i,x86(Intel),Intel Xeon Platinum 8375C,4,32,0.402,0.5593,9.648,13.4233,67.536,93.963,293.46,408.29
aws,sa-east-1,Brasile,r6i,x86(Intel),Intel Xeon Platinum 8375C,8,64,0.804,1.11861,19.296,26.8466,135.072,187.926,586.92,816.58
aws,sa-east-1,Brasile,r6i,x86(Intel),Intel Xeon Platinum 8375C,16,128,1.608,2.23722,38.592,53.6932,270.144,375.853,1173.84,1633.17
aws,sa-east-1,Brasile,r6i,x86(Intel),Intel Xeon Platinum 8375C,32,256,3.216,4.47443,77.184,107.3864,540.288,751.705,2347.68,3266.34
aws,sa-east-1,Brasile,r6i,x86(Intel),Intel Xeon Platinum 8375C,48,384,4.824,6.71165,115.776,161.0797,810.432,1127.558,3521.52,4899.51
aws,sa-east-1,Brasile,r6i,x86(Intel),Intel Xeon Platinum 8375C,64,512,6.432,8.94887,154.368,214.7729,1080.576,1503.41,4695.36,6532.67
aws,sa-east-1,Brasile,r6i,x86(Intel),Intel Xeon Platinum 8375C,96,768,9.648,13.4233,231.552,322.1593,1620.864,2255.115,7043.04,9799.01
aws,sa-east-1,Brasile,r6i,x86(Intel),Intel Xeon Platinum 8375C,128,1024,12.864,17.89774,308.736,429.5457,2161.152,3006.82,9390.72,13065.35
aws,sa-east-1,Brasile,r7g,ARM,AWS Graviton3,1,8,0.0852,0.06816,2.0448,1.6358,14.314,11.451,62.2,49.76
aws,sa-east-1,Brasile,r7g,ARM,AWS Graviton3,2,16,0.1704,0.13632,4.0896,3.2717,28.627,22.902,124.39,99.51
aws,sa-east-1,Brasile,r7g,ARM,AWS Graviton3,4,32,0.3409,0.27272,8.1816,6.5453,57.271,45.817,248.86,199.09
aws,sa-east-1,Brasile,r7g,ARM,AWS Graviton3,8,64,0.6818,0.54544,16.3632,13.0906,114.542,91.634,497.71,398.17
aws,sa-east-1,Brasile,r7g,ARM,AWS Graviton3,16,128,1.3635,1.0908,32.724,26.1792,229.068,183.254,995.35,796.28
aws,sa-east-1,Brasile,r7g,ARM,AWS Graviton3,32,256,2.727,2.1816,65.448,52.3584,458.136,366.509,1990.71,1592.57
aws,sa-east-1,Brasile,r7g,ARM,AWS Graviton3,48,384,4.0906,3.27248,98.1744,78.5395,687.221,549.777,2986.14,2388.91
aws,sa-east-1,Brasile,r7g,ARM,AWS Graviton3,64,512,5.4541,4.36328,130.8984,104.7187,916.289,733.031,3981.49,3185.19
aws,sa-east-1,Brasile,r7i,x86(Intel),Intel Xeon Platinum 8488C,2,16,0.21105,0.2412,5.0652,5.7888,35.456,40.521,154.07,176.08
aws,sa-east-1,Brasile,r7i,x86(Intel),Intel Xeon Platinum 8488C,4,32,0.4221,0.4824,10.1304,11.5776,70.913,81.043,308.13,352.15
aws,sa-east-1,Brasile,r7i,x86(Intel),Intel Xeon Platinum 8488C,8,64,0.8442,0.9648,20.2608,23.1552,141.826,162.087,616.27,704.31
aws,sa-east-1,Brasile,r7i,x86(Intel),Intel Xeon Platinum 8488C,16,128,1.6884,1.9296,40.5216,46.3104,283.651,324.173,1232.53,1408.61
aws,sa-east-1,Brasile,r7i,x86(Intel),Intel Xeon Platinum 8488C,32,256,3.3768,3.8592,81.0432,92.6208,567.302,648.345,2465.06,2817.21
aws,sa-east-1,Brasile,r7i,x86(Intel),Intel Xeon Platinum 8488C,48,384,5.0652,5.7888,121.5648,138.9312,850.954,972.519,3697.6,4225.83
aws,sa-east-1,Brasile,r7i,x86(Intel),Intel Xeon Platinum 8488C,64,512,6.7536,7.7184,162.0864,185.2416,1134.605,1296.691,4930.13,5634.43
aws,sa-east-1,Brasile,r7i,x86(Intel),Intel Xeon Platinum 8488C,96,768,10.1304,11.5776,243.1296,277.8624,1701.907,1945.037,7395.19,8451.65
aws,sa-east-1,Brasile,r7i,x86(Intel),Intel Xeon Platinum 8488C,192,1536,20.2608,23.1552,486.2592,555.7248,3403.814,3890.073,14790.38,16903.29
aws,sa-east-1,Brasile,r8g,ARM,AWS Graviton4,1,8,0.09374,0.06048,2.2498,1.4515,15.748,10.16,68.43,44.15
aws,sa-east-1,Brasile,r8g,ARM,AWS Graviton4,2,16,0.18748,0.12095,4.4995,2.9029,31.497,20.321,136.86,88.3
aws,sa-east-1,Brasile,r8g,ARM,AWS Graviton4,4,32,0.37496,0.24191,8.999,5.8058,62.993,40.641,273.72,176.59
aws,sa-east-1,Brasile,r8g,ARM,AWS Graviton4,8,64,0.74992,0.48382,17.9981,11.6117,125.987,81.282,547.44,353.19
aws,sa-east-1,Brasile,r8g,ARM,AWS Graviton4,16,128,1.49984,0.96764,35.9962,23.2234,251.973,162.563,1094.88,706.37
aws,sa-east-1,Brasile,r8g,ARM,AWS Graviton4,32,256,2.99968,1.93528,71.9923,46.4466,503.946,325.126,2189.77,1412.75
aws,sa-east-1,Brasile,r8g,ARM,AWS Graviton4,48,384,4.49952,2.90292,107.9885,69.67,755.919,487.69,3284.65,2119.13
aws,sa-east-1,Brasile,r8g,ARM,AWS Graviton4,64,512,5.99936,3.87055,143.9846,92.8933,1007.892,650.253,4379.53,2825.5
aws,sa-east-1,Brasile,r8g,ARM,AWS Graviton4,96,768,8.99904,5.80583,215.977,139.34,1511.839,975.38,6569.3,4238.26
aws,sa-east-1,Brasile,r8g,ARM,AWS Graviton4,192,1536,17.99808,11.61166,431.9539,278.6799,3023.677,1950.759,13138.6,8476.52
aws,sa-east-1,Brasile,r8i,x86(Intel),Intel Xeon 6 6985P-C,2,16,0.2216,0.19698,5.3184,4.7275,37.229,33.092,161.77,143.8
aws,sa-east-1,Brasile,r8i,x86(Intel),Intel Xeon 6 6985P-C,4,32,0.4432,0.39396,10.6368,9.4549,74.458,66.185,323.54,287.59
aws,sa-east-1,Brasile,r8i,x86(Intel),Intel Xeon 6 6985P-C,8,64,0.8864,0.78791,21.2736,18.9099,148.915,132.369,647.07,575.17
aws,sa-east-1,Brasile,r8i,x86(Intel),Intel Xeon 6 6985P-C,16,128,1.7728,1.57582,42.5472,37.8197,297.83,264.738,1294.14,1150.35
aws,sa-east-1,Brasile,r8i,x86(Intel),Intel Xeon 6 6985P-C,32,256,3.5456,3.15164,85.0944,75.6395,595.661,529.476,2588.29,2300.7
aws,sa-east-1,Brasile,r8i,x86(Intel),Intel Xeon 6 6985P-C,48,384,5.3184,4.72747,127.6416,113.4592,893.491,794.214,3882.43,3451.05
aws,sa-east-1,Brasile,r8i,x86(Intel),Intel Xeon 6 6985P-C,64,512,7.0912,6.30329,170.1888,151.2789,1191.322,1058.953,5176.58,4601.4
aws,sa-east-1,Brasile,r8i,x86(Intel),Intel Xeon 6 6985P-C,96,768,10.6368,9.45493,255.2832,226.9184,1786.982,1588.428,7764.86,6902.1
aws,sa-east-1,Brasile,r8i,x86(Intel),Intel Xeon 6 6985P-C,128,1024,14.1824,12.60658,340.3776,302.5579,2382.643,2117.905,10353.15,9202.8
aws,sa-east-1,Brasile,r8i,x86(Intel),Intel Xeon 6 6985P-C,192,1536,21.2736,18.90987,510.5664,453.8368,3573.965,3176.858,15529.73,13804.2
aws,sa-east-1,Brasile,r8i,x86(Intel),Intel Xeon 6 6985P-C,384,3072,42.5472,37.81973,1021.1328,907.6736,7147.93,6353.716,31059.46,27608.41
aws,us-east-1,Virginia,c6a,x86(AMD),AMD EPYC 7R13,2,4,0.0765,0.09415,1.836,2.2597,12.852,15.818,55.84,68.73
aws,us-east-1,Virginia,c6a,x86(AMD),AMD EPYC 7R13,4,8,0.153,0.18831,3.672,4.5194,25.704,31.636,111.69,137.46
aws,us-east-1,Virginia,c6a,x86(AMD),AMD EPYC 7R13,8,16,0.306,0.37662,7.344,9.0388,51.408,63.271,223.38,274.93
aws,us-east-1,Virginia,c6a,x86(AMD),AMD EPYC 7R13,16,32,0.612,0.75323,14.688,18.0775,102.816,126.543,446.76,549.86
aws,us-east-1,Virginia,c6a,x86(AMD),AMD EPYC 7R13,32,64,1.224,1.50646,29.376,36.1551,205.632,253.086,893.52,1099.72
aws,us-east-1,Virginia,c6a,x86(AMD),AMD EPYC 7R13,48,96,1.836,2.25969,44.064,54.2326,308.448,379.628,1340.28,1649.58
aws,us-east-1,Virginia,c6a,x86(AMD),AMD EPYC 7R13,64,128,2.448,3.01292,58.752,72.3102,411.264,506.171,1787.04,2199.43
aws,us-east-1,Virginia,c6a,x86(AMD),AMD EPYC 7R13,96,192,3.672,4.51938,88.128,108.4652,616.896,759.257,2680.56,3299.15
aws,us-east-1,Virginia,c6a,x86(AMD),AMD EPYC 7R13,128,256,4.896,6.02585,117.504,144.6203,822.528,1012.342,3574.08,4398.87
aws,us-east-1,Virginia,c6a,x86(AMD),AMD EPYC 7R13,192,384,7.344,9.03877,176.256,216.9305,1233.792,1518.513,5361.12,6598.3
aws,us-east-1,Virginia,c6g,ARM,AWS Graviton2,1,2,0.034,0.034,0.816,0.816,5.712,5.712,24.82,24.82
aws,us-east-1,Virginia,c6g,ARM,AWS Graviton2,2,4,0.068,0.068,1.632,1.632,11.424,11.424,49.64,49.64
aws,us-east-1,Virginia,c6g,ARM,AWS Graviton2,4,8,0.136,0.136,3.264,3.264,22.848,22.848,99.28,99.28
aws,us-east-1,Virginia,c6g,ARM,AWS Graviton2,8,16,0.272,0.272,6.528,6.528,45.696,45.696,198.56,198.56
aws,us-east-1,Virginia,c6g,ARM,AWS Graviton2,16,32,0.544,0.544,13.056,13.056,91.392,91.392,397.12,397.12
aws,us-east-1,Virginia,c6g,ARM,AWS Graviton2,32,64,1.088,1.088,26.112,26.112,182.784,182.784,794.24,794.24
aws,us-east-1,Virginia,c6g,ARM,AWS Graviton2,48,96,1.632,1.632,39.168,39.168,274.176,274.176,1191.36,1191.36
aws,us-east-1,Virginia,c6g,ARM,AWS Graviton2,64,128,2.176,2.176,52.224,52.224,365.568,365.568,1588.48,1588.48
aws,us-east-1,Virginia,c6i,x86(Intel),Intel Xeon Platinum 8375C,2,4,0.085,0.11826,2.04,2.8383,14.28,19.868,62.05,86.33
aws,us-east-1,Virginia,c6i,x86(Intel),Intel Xeon Platinum 8375C,4,8,0.17,0.23652,4.08,5.6765,28.56,39.736,124.1,172.66
aws,us-east-1,Virginia,c6i,x86(Intel),Intel Xeon Platinum 8375C,8,16,0.34,0.47304,8.16,11.353,57.12,79.471,248.2,345.32
aws,us-east-1,Virginia,c6i,x86(Intel),Intel Xeon Platinum 8375C,16,32,0.68,0.94609,16.32,22.7061,114.24,158.943,496.4,690.64
aws,us-east-1,Virginia,c6i,x86(Intel),Intel Xeon Platinum 8375C,32,64,1.36,1.89217,32.64,45.4122,228.48,317.885,992.8,1381.29
aws,us-east-1,Virginia,c6i,x86(Intel),Intel Xeon Platinum 8375C,48,96,2.04,2.83826,48.96,68.1183,342.72,476.828,1489.2,2071.93
aws,us-east-1,Virginia,c6i,x86(Intel),Intel Xeon Platinum 8375C,64,128,2.72,3.78435,65.28,90.8243,456.96,635.77,1985.6,2762.57
aws,us-east-1,Virginia,c6i,x86(Intel),Intel Xeon Platinum 8375C,96,192,4.08,5.67652,97.92,136.2365,685.44,953.656,2978.4,4143.86
aws,us-east-1,Virginia,c6i,x86(Intel),Intel Xeon Platinum 8375C,128,256,5.44,7.5687,130.56,181.6487,913.92,1271.541,3971.2,5525.15
aws,us-east-1,Virginia,c7a,x86(AMD),AMD EPYC 9R14,1,2,0.05132,0.0311,1.2317,0.7465,8.622,5.225,37.46,22.7
aws,us-east-1,Virginia,c7a,x86(AMD),AMD EPYC 9R14,2,4,0.10264,0.06221,2.4634,1.493,17.244,10.451,74.93,45.41
aws,us-east-1,Virginia,c7a,x86(AMD),AMD EPYC 9R14,4,8,0.20528,0.12441,4.9267,2.9859,34.487,20.901,149.85,90.82
aws,us-east-1,Virginia,c7a,x86(AMD),AMD EPYC 9R14,8,16,0.41056,0.24882,9.8534,5.9718,68.974,41.802,299.71,181.64
aws,us-east-1,Virginia,c7a,x86(AMD),AMD EPYC 9R14,16,32,0.82112,0.49765,19.7069,11.9436,137.948,83.605,599.42,363.28
aws,us-east-1,Virginia,c7a,x86(AMD),AMD EPYC 9R14,32,64,1.64224,0.9953,39.4138,23.8872,275.896,167.21,1198.84,726.57
aws,us-east-1,Virginia,c7a,x86(AMD),AMD EPYC 9R14,48,96,2.46336,1.49295,59.1206,35.8307,413.844,250.815,1798.25,1089.85
aws,us-east-1,Virginia,c7a,x86(AMD),AMD EPYC 9R14,64,128,3.28448,1.99059,78.8275,47.7742,551.793,334.42,2397.67,1453.13
aws,us-east-1,Virginia,c7a,x86(AMD),AMD EPYC 9R14,96,192,4.92672,2.98589,118.2413,71.6614,827.689,501.63,3596.51,2179.7
aws,us-east-1,Virginia,c7a,x86(AMD),AMD EPYC 9R14,128,256,6.56896,3.98119,157.655,95.5485,1103.585,668.839,4795.34,2906.27
aws,us-east-1,Virginia,c7a,x86(AMD),AMD EPYC 9R14,192,384,9.85344,5.97178,236.4826,143.3228,1655.378,1003.259,7193.01,4359.4
aws,us-east-1,Virginia,c7g,ARM,AWS Graviton3,1,2,0.0363,0.02904,0.8712,0.697,6.098,4.878,26.5,21.2
aws,us-east-1,Virginia,c7g,ARM,AWS Graviton3,2,4,0.0725,0.058,1.74,1.392,12.18,9.744,52.92,42.34
aws,us-east-1,Virginia,c7g,ARM,AWS Graviton3,4,8,0.145,0.116,3.48,2.784,24.36,19.488,105.85,84.68
aws,us-east-1,Virginia,c7g,ARM,AWS Graviton3,8,16,0.29,0.232,6.96,5.568,48.72,38.976,211.7,169.36
aws,us-east-1,Virginia,c7g,ARM,AWS Graviton3,16,32,0.58,0.464,13.92,11.136,97.44,77.952,423.4,338.72
aws,us-east-1,Virginia,c7g,ARM,AWS Graviton3,32,64,1.16,0.928,27.84,22.272,194.88,155.904,846.8,677.44
aws,us-east-1,Virginia,c7g,ARM,AWS Graviton3,48,96,1.74,1.392,41.76,33.408,292.32,233.856,1270.2,1016.16
aws,us-east-1,Virginia,c7g,ARM,AWS Graviton3,64,128,2.32,1.856,55.68,44.544,389.76,311.808,1693.6,1354.88
aws,us-east-1,Virginia,c7i,x86(Intel),Intel Xeon Platinum 8488C,2,4,0.08925,0.102,2.142,2.448,14.994,17.136,65.15,74.46
aws,us-east-1,Virginia,c7i,x86(Intel),Intel Xeon Platinum 8488C,4,8,0.1785,0.204,4.284,4.896,29.988,34.272,130.3,148.91
aws,us-east-1,Virginia,c7i,x86(Intel),Intel Xeon Platinum 8488C,8,16,0.357,0.408,8.568,9.792,59.976,68.544,260.61,297.84
aws,us-east-1,Virginia,c7i,x86(Intel),Intel Xeon Platinum 8488C,16,32,0.714,0.816,17.136,19.584,119.952,137.088,521.22,595.68
aws,us-east-1,Virginia,c7i,x86(Intel),Intel Xeon Platinum 8488C,32,64,1.428,1.632,34.272,39.168,239.904,274.176,1042.44,1191.36
aws,us-east-1,Virginia,c7i,x86(Intel),Intel Xeon Platinum 8488C,48,96,2.142,2.448,51.408,58.752,359.856,411.264,1563.66,1787.04
aws,us-east-1,Virginia,c7i,x86(Intel),Intel Xeon Platinum 8488C,64,128,2.856,3.264,68.544,78.336,479.808,548.352,2084.88,2382.72
aws,us-east-1,Virginia,c7i,x86(Intel),Intel Xeon Platinum 8488C,96,192,4.284,4.896,102.816,117.504,719.712,822.528,3127.32,3574.08
aws,us-east-1,Virginia,c7i,x86(Intel),Intel Xeon Platinum 8488C,192,384,8.568,9.792,205.632,235.008,1439.424,1645.056,6254.64,7148.16
aws,us-east-1,Virginia,c8a,x86(AMD),AMD EPYC 9R45,1,2,0.05389,0.02507,1.2934,0.6016,9.054,4.211,39.34,18.3
aws,us-east-1,Virginia,c8a,x86(AMD),AMD EPYC 9R45,2,4,0.10777,0.05013,2.5865,1.203,18.105,8.421,78.67,36.59
aws,us-east-1,Virginia,c8a,x86(AMD),AMD EPYC 9R45,4,8,0.21554,0.10025,5.173,2.406,36.211,16.842,157.34,73.18
aws,us-east-1,Virginia,c8a,x86(AMD),AMD EPYC 9R45,8,16,0.43108,0.2005,10.3459,4.812,72.421,33.684,314.69,146.37
aws,us-east-1,Virginia,c8a,x86(AMD),AMD EPYC 9R45,16,32,0.86216,0.401,20.6918,9.6241,144.843,67.369,629.38,292.73
aws,us-east-1,Virginia,c8a,x86(AMD),AMD EPYC 9R45,32,64,1.72432,0.80201,41.3837,19.2482,289.686,134.738,1258.75,585.47
aws,us-east-1,Virginia,c8a,x86(AMD),AMD EPYC 9R45,48,96,2.58648,1.20301,62.0755,28.8723,434.529,202.107,1888.13,878.2
aws,us-east-1,Virginia,c8a,x86(AMD),AMD EPYC 9R45,64,128,3.44864,1.60402,82.7674,38.4965,579.372,269.475,2517.51,1170.93
aws,us-east-1,Virginia,c8a,x86(AMD),AMD EPYC 9R45,96,192,5.17296,2.40603,124.151,57.7447,869.057,404.213,3776.26,1756.4
aws,us-east-1,Virginia,c8a,x86(AMD),AMD EPYC 9R45,192,384,10.34592,4.81206,248.3021,115.4893,1738.115,808.426,7552.52,3512.8
aws,us-east-1,Virginia,c8g,ARM,AWS Graviton4,1,2,0.03988,0.02573,0.9571,0.6175,6.7,4.323,29.11,18.78
aws,us-east-1,Virginia,c8g,ARM,AWS Graviton4,2,4,0.07976,0.05146,1.9142,1.235,13.4,8.645,58.22,37.56
aws,us-east-1,Virginia,c8g,ARM,AWS Graviton4,4,8,0.15952,0.10292,3.8285,2.47,26.799,17.29,116.45,75.13
aws,us-east-1,Virginia,c8g,ARM,AWS Graviton4,8,16,0.31904,0.20583,7.657,4.94,53.599,34.58,232.9,150.26
aws,us-east-1,Virginia,c8g,ARM,AWS Graviton4,16,32,0.63808,0.41166,15.3139,9.8799,107.197,69.159,465.8,300.52
aws,us-east-1,Virginia,c8g,ARM,AWS Graviton4,32,64,1.27616,0.82333,30.6278,19.7599,214.395,138.319,931.6,601.03
aws,us-east-1,Virginia,c8g,ARM,AWS Graviton4,48,96,1.91424,1.23499,45.9418,29.6399,321.592,207.479,1397.4,901.55
aws,us-east-1,Virginia,c8g,ARM,AWS Graviton4,64,128,2.55232,1.64666,61.2557,39.5198,428.79,276.639,1863.19,1202.06
aws,us-east-1,Virginia,c8g,ARM,AWS Graviton4,96,192,3.82848,2.46999,91.8835,59.2797,643.185,414.958,2794.79,1803.09
aws,us-east-1,Virginia,c8g,ARM,AWS Graviton4,192,384,7.65696,4.93997,183.767,118.5594,1286.369,829.915,5589.58,3606.18
aws,us-east-1,Virginia,c8i,x86(Intel),Intel Xeon 6 6975P-C,2,4,0.09371,0.0833,2.249,1.9991,15.743,13.994,68.41,60.81
aws,us-east-1,Virginia,c8i,x86(Intel),Intel Xeon 6 6975P-C,4,8,0.18742,0.1666,4.4981,3.9983,31.487,27.988,136.82,121.62
aws,us-east-1,Virginia,c8i,x86(Intel),Intel Xeon 6 6975P-C,8,16,0.37484,0.33319,8.9962,7.9966,62.973,55.976,273.63,243.23
aws,us-east-1,Virginia,c8i,x86(Intel),Intel Xeon 6 6975P-C,16,32,0.74968,0.66638,17.9923,15.9932,125.946,111.952,547.27,486.46
aws,us-east-1,Virginia,c8i,x86(Intel),Intel Xeon 6 6975P-C,32,64,1.49936,1.33276,35.9846,31.9863,251.892,223.904,1094.53,972.92
aws,us-east-1,Virginia,c8i,x86(Intel),Intel Xeon 6 6975P-C,48,96,2.24904,1.99915,53.977,47.9796,377.839,335.857,1641.8,1459.38
aws,us-east-1,Virginia,c8i,x86(Intel),Intel Xeon 6 6975P-C,64,128,2.99872,2.66553,71.9693,63.9727,503.785,447.809,2189.07,1945.84
aws,us-east-1,Virginia,c8i,x86(Intel),Intel Xeon 6 6975P-C,96,192,4.49808,3.99829,107.9539,95.959,755.677,671.713,3283.6,2918.76
aws,us-east-1,Virginia,c8i,x86(Intel),Intel Xeon 6 6975P-C,128,256,5.99744,5.33106,143.9386,127.9454,1007.57,895.618,4378.13,3891.67
aws,us-east-1,Virginia,c8i,x86(Intel),Intel Xeon 6 6975P-C,192,384,8.99616,7.99659,215.9078,191.918,1511.355,1343.427,6567.2,5837.51
aws,us-east-1,Virginia,c8i,x86(Intel),Intel Xeon 6 6975P-C,384,768,17.99232,15.99317,431.8157,383.8362,3022.71,2686.853,13134.39,11675.01
aws,us-east-1,Virginia,c9g,ARM,AWS Graviton5,1,2,0.04347,0.02229,1.0433,0.535,7.303,3.745,31.73,16.27
aws,us-east-1,Virginia,c9g,ARM,AWS Graviton5,2,4,0.08694,0.04458,2.0866,1.0701,14.606,7.49,63.47,32.55
aws,us-east-1,Virginia,c9g,ARM,AWS Graviton5,4,8,0.17388,0.08917,4.1731,2.1401,29.212,14.981,126.93,65.09
aws,us-east-1,Virginia,c9g,ARM,AWS Graviton5,8,16,0.34776,0.17834,8.3462,4.2801,58.424,29.961,253.86,130.18
aws,us-east-1,Virginia,c9g,ARM,AWS Graviton5,16,32,0.69552,0.35668,16.6925,8.5603,116.847,59.922,507.73,260.37
aws,us-east-1,Virginia,c9g,ARM,AWS Graviton5,32,64,1.39104,0.71335,33.385,17.1205,233.695,119.844,1015.46,520.75
aws,us-east-1,Virginia,c9g,ARM,AWS Graviton5,48,96,2.08656,1.07003,50.0774,25.6807,350.542,179.765,1523.19,781.12
aws,us-east-1,Virginia,c9g,ARM,AWS Graviton5,64,128,2.78208,1.42671,66.7699,34.241,467.389,239.687,2030.92,1041.5
aws,us-east-1,Virginia,c9g,ARM,AWS Graviton5,96,192,4.17312,2.14006,100.1549,51.3615,701.084,359.53,3046.38,1562.25
aws,us-east-1,Virginia,c9g,ARM,AWS Graviton5,192,384,8.34624,4.28012,200.3098,102.723,1402.168,719.061,6092.76,3124.49
aws,us-east-1,Virginia,m6a,x86(AMD),AMD EPYC 7R13,2,8,0.0864,0.10634,2.0736,2.5521,14.515,17.865,63.07,77.62
aws,us-east-1,Virginia,m6a,x86(AMD),AMD EPYC 7R13,4,16,0.1728,0.21268,4.1472,5.1042,29.03,35.729,126.14,155.25
aws,us-east-1,Virginia,m6a,x86(AMD),AMD EPYC 7R13,8,32,0.3456,0.42535,8.2944,10.2085,58.061,71.46,252.29,310.51
aws,us-east-1,Virginia,m6a,x86(AMD),AMD EPYC 7R13,16,64,0.6912,0.85071,16.5888,20.417,116.122,142.919,504.58,621.02
aws,us-east-1,Virginia,m6a,x86(AMD),AMD EPYC 7R13,32,128,1.3824,1.70142,33.1776,40.834,232.243,285.838,1009.15,1242.03
aws,us-east-1,Virginia,m6a,x86(AMD),AMD EPYC 7R13,48,192,2.0736,2.55212,49.7664,61.251,348.365,428.757,1513.73,1863.05
aws,us-east-1,Virginia,m6a,x86(AMD),AMD EPYC 7R13,64,256,2.7648,3.40283,66.3552,81.6679,464.486,571.675,2018.3,2484.06
aws,us-east-1,Virginia,m6a,x86(AMD),AMD EPYC 7R13,96,384,4.1472,5.10425,99.5328,122.5019,696.73,857.514,3027.46,3726.1
aws,us-east-1,Virginia,m6a,x86(AMD),AMD EPYC 7R13,128,512,5.5296,6.80566,132.7104,163.3359,928.973,1143.351,4036.61,4968.14
aws,us-east-1,Virginia,m6a,x86(AMD),AMD EPYC 7R13,192,768,8.2944,10.20849,199.0656,245.0038,1393.459,1715.026,6054.91,7452.2
aws,us-east-1,Virginia,m6g,ARM,AWS Graviton2,1,4,0.0385,0.0385,0.924,0.924,6.468,6.468,28.1,28.1
aws,us-east-1,Virginia,m6g,ARM,AWS Graviton2,2,8,0.077,0.077,1.848,1.848,12.936,12.936,56.21,56.21
aws,us-east-1,Virginia,m6g,ARM,AWS Graviton2,4,16,0.154,0.154,3.696,3.696,25.872,25.872,112.42,112.42
aws,us-east-1,Virginia,m6g,ARM,AWS Graviton2,8,32,0.308,0.308,7.392,7.392,51.744,51.744,224.84,224.84
aws,us-east-1,Virginia,m6g,ARM,AWS Graviton2,16,64,0.616,0.616,14.784,14.784,103.488,103.488,449.68,449.68
aws,us-east-1,Virginia,m6g,ARM,AWS Graviton2,32,128,1.232,1.232,29.568,29.568,206.976,206.976,899.36,899.36
aws,us-east-1,Virginia,m6g,ARM,AWS Graviton2,48,192,1.848,1.848,44.352,44.352,310.464,310.464,1349.04,1349.04
aws,us-east-1,Virginia,m6g,ARM,AWS Graviton2,64,256,2.464,2.464,59.136,59.136,413.952,413.952,1798.72,1798.72
aws,us-east-1,Virginia,m6i,x86(Intel),Intel Xeon Platinum 8375C,2,8,0.096,0.13357,2.304,3.2056,16.128,22.439,70.08,97.5
aws,us-east-1,Virginia,m6i,x86(Intel),Intel Xeon Platinum 8375C,4,16,0.192,0.26713,4.608,6.4111,32.256,44.878,140.16,195.01
aws,us-east-1,Virginia,m6i,x86(Intel),Intel Xeon Platinum 8375C,8,32,0.384,0.53426,9.216,12.8223,64.512,89.756,280.32,390.01
aws,us-east-1,Virginia,m6i,x86(Intel),Intel Xeon Platinum 8375C,16,64,0.768,1.06852,18.432,25.6445,129.024,179.512,560.64,780.02
aws,us-east-1,Virginia,m6i,x86(Intel),Intel Xeon Platinum 8375C,32,128,1.536,2.13704,36.864,51.289,258.048,359.023,1121.28,1560.04
aws,us-east-1,Virginia,m6i,x86(Intel),Intel Xeon Platinum 8375C,48,192,2.304,3.20557,55.296,76.9336,387.072,538.535,1681.92,2340.06
aws,us-east-1,Virginia,m6i,x86(Intel),Intel Xeon Platinum 8375C,64,256,3.072,4.27409,73.728,102.5781,516.096,718.047,2242.56,3120.08
aws,us-east-1,Virginia,m6i,x86(Intel),Intel Xeon Platinum 8375C,96,384,4.608,6.41113,110.592,153.8671,774.144,1077.07,3363.84,4680.13
aws,us-east-1,Virginia,m6i,x86(Intel),Intel Xeon Platinum 8375C,128,512,6.144,8.54817,147.456,205.1562,1032.192,1436.093,4485.12,6240.17
aws,us-east-1,Virginia,m7a,x86(AMD),AMD EPYC 9R14,1,4,0.05796,0.03513,1.391,0.843,9.737,5.901,42.31,25.64
aws,us-east-1,Virginia,m7a,x86(AMD),AMD EPYC 9R14,2,8,0.11592,0.07025,2.7821,1.6861,19.475,11.803,84.62,51.28
aws,us-east-1,Virginia,m7a,x86(AMD),AMD EPYC 9R14,4,16,0.23184,0.14051,5.5642,3.3722,38.949,23.605,169.24,102.57
aws,us-east-1,Virginia,m7a,x86(AMD),AMD EPYC 9R14,8,32,0.46368,0.28102,11.1283,6.7444,77.898,47.211,338.49,205.15
aws,us-east-1,Virginia,m7a,x86(AMD),AMD EPYC 9R14,16,64,0.92736,0.56204,22.2566,13.4888,155.796,94.422,676.97,410.28
aws,us-east-1,Virginia,m7a,x86(AMD),AMD EPYC 9R14,32,128,1.85472,1.12407,44.5133,26.9778,311.593,188.844,1353.95,820.58
aws,us-east-1,Virginia,m7a,x86(AMD),AMD EPYC 9R14,48,192,2.78208,1.68611,66.7699,40.4666,467.389,283.266,2030.92,1230.86
aws,us-east-1,Virginia,m7a,x86(AMD),AMD EPYC 9R14,64,256,3.70944,2.24815,89.0266,53.9555,623.186,377.688,2707.89,1641.15
aws,us-east-1,Virginia,m7a,x86(AMD),AMD EPYC 9R14,96,384,5.56416,3.37222,133.5398,80.9332,934.779,566.533,4061.84,2461.72
aws,us-east-1,Virginia,m7a,x86(AMD),AMD EPYC 9R14,128,512,7.41888,4.49629,178.0531,107.911,1246.372,755.377,5415.78,3282.29
aws,us-east-1,Virginia,m7a,x86(AMD),AMD EPYC 9R14,192,768,11.12832,6.74444,267.0797,161.8665,1869.558,1133.065,8123.67,4923.44
aws,us-east-1,Virginia,m7g,ARM,AWS Graviton3,1,4,0.0408,0.03264,0.9792,0.7834,6.854,5.483,29.78,23.82
aws,us-east-1,Virginia,m7g,ARM,AWS Graviton3,2,8,0.0816,0.06528,1.9584,1.5667,13.709,10.967,59.57,47.66
aws,us-east-1,Virginia,m7g,ARM,AWS Graviton3,4,16,0.1632,0.13056,3.9168,3.1334,27.418,21.934,119.14,95.31
aws,us-east-1,Virginia,m7g,ARM,AWS Graviton3,8,32,0.3264,0.26112,7.8336,6.2669,54.835,43.868,238.27,190.62
aws,us-east-1,Virginia,m7g,ARM,AWS Graviton3,16,64,0.6528,0.52224,15.6672,12.5338,109.67,87.736,476.54,381.23
aws,us-east-1,Virginia,m7g,ARM,AWS Graviton3,32,128,1.3056,1.04448,31.3344,25.0675,219.341,175.473,953.09,762.47
aws,us-east-1,Virginia,m7g,ARM,AWS Graviton3,48,192,1.9584,1.56672,47.0016,37.6013,329.011,263.209,1429.63,1143.7
aws,us-east-1,Virginia,m7g,ARM,AWS Graviton3,64,256,2.6112,2.08896,62.6688,50.135,438.682,350.946,1906.18,1524.94
aws,us-east-1,Virginia,m7i,x86(Intel),Intel Xeon Platinum 8488C,2,8,0.1008,0.1152,2.4192,2.7648,16.934,19.353,73.58,84.09
aws,us-east-1,Virginia,m7i,x86(Intel),Intel Xeon Platinum 8488C,4,16,0.2016,0.2304,4.8384,5.5296,33.869,38.707,147.17,168.19
aws,us-east-1,Virginia,m7i,x86(Intel),Intel Xeon Platinum 8488C,8,32,0.4032,0.4608,9.6768,11.0592,67.738,77.415,294.34,336.39
aws,us-east-1,Virginia,m7i,x86(Intel),Intel Xeon Platinum 8488C,16,64,0.8064,0.9216,19.3536,22.1184,135.475,154.829,588.67,672.77
aws,us-east-1,Virginia,m7i,x86(Intel),Intel Xeon Platinum 8488C,32,128,1.6128,1.8432,38.7072,44.2368,270.95,309.657,1177.34,1345.53
aws,us-east-1,Virginia,m7i,x86(Intel),Intel Xeon Platinum 8488C,48,192,2.4192,2.7648,58.0608,66.3552,406.426,464.487,1766.02,2018.31
aws,us-east-1,Virginia,m7i,x86(Intel),Intel Xeon Platinum 8488C,64,256,3.2256,3.6864,77.4144,88.4736,541.901,619.315,2354.69,2691.07
aws,us-east-1,Virginia,m7i,x86(Intel),Intel Xeon Platinum 8488C,96,384,4.8384,5.5296,116.1216,132.7104,812.851,928.973,3532.03,4036.61
aws,us-east-1,Virginia,m7i,x86(Intel),Intel Xeon Platinum 8488C,192,768,9.6768,11.0592,232.2432,265.4208,1625.702,1857.945,7064.06,8073.21
aws,us-east-1,Virginia,m8a,x86(AMD),AMD EPYC 9R45,1,4,0.06086,0.02831,1.4606,0.6793,10.224,4.755,44.43,20.67
aws,us-east-1,Virginia,m8a,x86(AMD),AMD EPYC 9R45,2,8,0.12172,0.05661,2.9213,1.3587,20.449,9.511,88.86,41.33
aws,us-east-1,Virginia,m8a,x86(AMD),AMD EPYC 9R45,4,16,0.24344,0.11323,5.8426,2.7175,40.898,19.022,177.71,82.66
aws,us-east-1,Virginia,m8a,x86(AMD),AMD EPYC 9R45,8,32,0.48688,0.22646,11.6851,5.4349,81.796,38.045,355.42,165.31
aws,us-east-1,Virginia,m8a,x86(AMD),AMD EPYC 9R45,16,64,0.97376,0.45291,23.3702,10.8699,163.592,76.089,710.84,330.62
aws,us-east-1,Virginia,m8a,x86(AMD),AMD EPYC 9R45,32,128,1.94752,0.90582,46.7405,21.7398,327.183,152.178,1421.69,661.25
aws,us-east-1,Virginia,m8a,x86(AMD),AMD EPYC 9R45,48,192,2.92128,1.35873,70.1107,32.6096,490.775,228.267,2132.53,991.87
aws,us-east-1,Virginia,m8a,x86(AMD),AMD EPYC 9R45,64,256,3.89504,1.81165,93.481,43.4795,654.367,304.357,2843.38,1322.5
aws,us-east-1,Virginia,m8a,x86(AMD),AMD EPYC 9R45,96,384,5.84256,2.71747,140.2214,65.2193,981.55,456.535,4265.07,1983.75
aws,us-east-1,Virginia,m8a,x86(AMD),AMD EPYC 9R45,192,768,11.68512,5.43494,280.4429,130.4386,1963.1,913.07,8530.14,3967.51
aws,us-east-1,Virginia,m8g,ARM,AWS Graviton4,1,4,0.04488,0.02895,1.0771,0.6949,7.54,4.865,32.76,21.14
aws,us-east-1,Virginia,m8g,ARM,AWS Graviton4,2,8,0.08976,0.05791,2.1542,1.3898,15.08,9.729,65.52,42.27
aws,us-east-1,Virginia,m8g,ARM,AWS Graviton4,4,16,0.17952,0.11582,4.3085,2.7797,30.159,19.457,131.05,84.55
aws,us-east-1,Virginia,m8g,ARM,AWS Graviton4,8,32,0.35904,0.23164,8.617,5.5594,60.319,38.915,262.1,169.1
aws,us-east-1,Virginia,m8g,ARM,AWS Graviton4,16,64,0.71808,0.46328,17.2339,11.1186,120.637,77.83,524.2,338.19
aws,us-east-1,Virginia,m8g,ARM,AWS Graviton4,32,128,1.43616,0.92655,34.4678,22.2373,241.275,155.661,1048.4,676.39
aws,us-east-1,Virginia,m8g,ARM,AWS Graviton4,48,192,2.15424,1.38983,51.7018,33.356,361.912,233.492,1572.6,1014.58
aws,us-east-1,Virginia,m8g,ARM,AWS Graviton4,64,256,2.87232,1.85311,68.9357,44.4746,482.55,311.323,2096.79,1352.77
aws,us-east-1,Virginia,m8g,ARM,AWS Graviton4,96,384,4.30848,2.77966,103.4035,66.7119,723.825,466.984,3145.19,2029.15
aws,us-east-1,Virginia,m8g,ARM,AWS Graviton4,192,768,8.61696,5.55933,206.807,133.4239,1447.649,933.967,6290.38,4058.31
aws,us-east-1,Virginia,m8i,x86(Intel),Intel Xeon 6 6975P-C,2,8,0.10584,0.09408,2.5402,2.258,17.781,15.805,77.26,68.68
aws,us-east-1,Virginia,m8i,x86(Intel),Intel Xeon 6 6975P-C,4,16,0.21168,0.18816,5.0803,4.5158,35.562,31.611,154.53,137.36
aws,us-east-1,Virginia,m8i,x86(Intel),Intel Xeon 6 6975P-C,8,32,0.42336,0.37632,10.1606,9.0316,71.124,63.221,309.05,274.71
aws,us-east-1,Virginia,m8i,x86(Intel),Intel Xeon 6 6975P-C,16,64,0.84672,0.75264,20.3213,18.0634,142.249,126.444,618.11,549.43
aws,us-east-1,Virginia,m8i,x86(Intel),Intel Xeon 6 6975P-C,32,128,1.69344,1.50528,40.6426,36.1268,284.498,252.887,1236.21,1098.85
aws,us-east-1,Virginia,m8i,x86(Intel),Intel Xeon 6 6975P-C,48,192,2.54016,2.25792,60.9638,54.19,426.747,379.331,1854.32,1648.28
aws,us-east-1,Virginia,m8i,x86(Intel),Intel Xeon 6 6975P-C,64,256,3.38688,3.01056,81.2851,72.2534,568.996,505.774,2472.42,2197.71
aws,us-east-1,Virginia,m8i,x86(Intel),Intel Xeon 6 6975P-C,96,384,5.08032,4.51584,121.9277,108.3802,853.494,758.661,3708.63,3296.56
aws,us-east-1,Virginia,m8i,x86(Intel),Intel Xeon 6 6975P-C,128,512,6.77376,6.02112,162.5702,144.5068,1137.992,1011.548,4944.84,4395.41
aws,us-east-1,Virginia,m8i,x86(Intel),Intel Xeon 6 6975P-C,192,768,10.16064,9.03168,243.8554,216.7604,1706.988,1517.323,7417.27,6593.13
aws,us-east-1,Virginia,m8i,x86(Intel),Intel Xeon 6 6975P-C,384,1536,20.32128,18.06336,487.7107,433.5206,3413.975,3034.644,14834.53,13186.25
aws,us-east-1,Virginia,m9g,ARM,AWS Graviton5,1,4,0.04892,0.02509,1.1741,0.6021,8.219,4.215,35.71,18.31
aws,us-east-1,Virginia,m9g,ARM,AWS Graviton5,2,8,0.09784,0.05017,2.3482,1.2042,16.437,8.429,71.42,36.63
aws,us-east-1,Virginia,m9g,ARM,AWS Graviton5,4,16,0.19568,0.10035,4.6963,2.4084,32.874,16.858,142.85,73.26
aws,us-east-1,Virginia,m9g,ARM,AWS Graviton5,8,32,0.39136,0.2007,9.3926,4.8167,65.748,33.717,285.69,146.51
aws,us-east-1,Virginia,m9g,ARM,AWS Graviton5,16,64,0.78272,0.40139,18.7853,9.6335,131.497,67.434,571.39,293.02
aws,us-east-1,Virginia,m9g,ARM,AWS Graviton5,32,128,1.56544,0.80279,37.5706,19.267,262.994,134.869,1142.77,586.04
aws,us-east-1,Virginia,m9g,ARM,AWS Graviton5,48,192,2.34816,1.20418,56.3558,28.9004,394.491,202.303,1714.16,879.06
aws,us-east-1,Virginia,m9g,ARM,AWS Graviton5,64,256,3.13088,1.60558,75.1411,38.5339,525.988,269.737,2285.54,1172.07
aws,us-east-1,Virginia,m9g,ARM,AWS Graviton5,96,384,4.69632,2.40837,112.7117,57.8009,788.982,404.606,3428.31,1758.11
aws,us-east-1,Virginia,m9g,ARM,AWS Graviton5,192,768,9.39264,4.81674,225.4234,115.6017,1577.964,809.212,6856.63,3516.22
aws,us-east-1,Virginia,r6a,x86(AMD),AMD EPYC 7R13,2,16,0.1134,0.13957,2.7216,3.3497,19.051,23.447,82.78,101.88
aws,us-east-1,Virginia,r6a,x86(AMD),AMD EPYC 7R13,4,32,0.2268,0.27914,5.4432,6.6993,38.102,46.895,165.56,203.77
aws,us-east-1,Virginia,r6a,x86(AMD),AMD EPYC 7R13,8,64,0.4536,0.55828,10.8864,13.3986,76.205,93.791,331.13,407.54
aws,us-east-1,Virginia,r6a,x86(AMD),AMD EPYC 7R13,16,128,0.9072,1.11655,21.7728,26.7973,152.41,187.582,662.26,815.09
aws,us-east-1,Virginia,r6a,x86(AMD),AMD EPYC 7R13,32,256,1.8144,2.23311,43.5456,53.5946,304.819,375.162,1324.51,1630.17
aws,us-east-1,Virginia,r6a,x86(AMD),AMD EPYC 7R13,48,384,2.7216,3.34966,65.3184,80.3919,457.229,562.743,1986.77,2445.26
aws,us-east-1,Virginia,r6a,x86(AMD),AMD EPYC 7R13,64,512,3.6288,4.46622,87.0912,107.1892,609.638,750.324,2649.02,3260.33
aws,us-east-1,Virginia,r6a,x86(AMD),AMD EPYC 7R13,96,768,5.4432,6.69932,130.6368,160.7838,914.458,1125.487,3973.54,4890.51
aws,us-east-1,Virginia,r6a,x86(AMD),AMD EPYC 7R13,128,1024,7.2576,8.93243,174.1824,214.3783,1219.277,1500.649,5298.05,6520.68
aws,us-east-1,Virginia,r6a,x86(AMD),AMD EPYC 7R13,192,1536,10.8864,13.39865,261.2736,321.5675,1828.915,2250.972,7947.07,9781.01
aws,us-east-1,Virginia,r6g,ARM,AWS Graviton2,1,8,0.0504,0.0504,1.2096,1.2096,8.467,8.467,36.79,36.79
aws,us-east-1,Virginia,r6g,ARM,AWS Graviton2,2,16,0.1008,0.1008,2.4192,2.4192,16.934,16.934,73.58,73.58
aws,us-east-1,Virginia,r6g,ARM,AWS Graviton2,4,32,0.2016,0.2016,4.8384,4.8384,33.869,33.869,147.17,147.17
aws,us-east-1,Virginia,r6g,ARM,AWS Graviton2,8,64,0.4032,0.4032,9.6768,9.6768,67.738,67.738,294.34,294.34
aws,us-east-1,Virginia,r6g,ARM,AWS Graviton2,16,128,0.8064,0.8064,19.3536,19.3536,135.475,135.475,588.67,588.67
aws,us-east-1,Virginia,r6g,ARM,AWS Graviton2,32,256,1.6128,1.6128,38.7072,38.7072,270.95,270.95,1177.34,1177.34
aws,us-east-1,Virginia,r6g,ARM,AWS Graviton2,48,384,2.4192,2.4192,58.0608,58.0608,406.426,406.426,1766.02,1766.02
aws,us-east-1,Virginia,r6g,ARM,AWS Graviton2,64,512,3.2256,3.2256,77.4144,77.4144,541.901,541.901,2354.69,2354.69
aws,us-east-1,Virginia,r6i,x86(Intel),Intel Xeon Platinum 8375C,2,16,0.126,0.1753,3.024,4.2073,21.168,29.451,91.98,127.97
aws,us-east-1,Virginia,r6i,x86(Intel),Intel Xeon Platinum 8375C,4,32,0.252,0.35061,6.048,8.4146,42.336,58.902,183.96,255.94
aws,us-east-1,Virginia,r6i,x86(Intel),Intel Xeon Platinum 8375C,8,64,0.504,0.70122,12.096,16.8292,84.672,117.805,367.92,511.89
aws,us-east-1,Virginia,r6i,x86(Intel),Intel Xeon Platinum 8375C,16,128,1.008,1.40243,24.192,33.6584,169.344,235.609,735.84,1023.78
aws,us-east-1,Virginia,r6i,x86(Intel),Intel Xeon Platinum 8375C,32,256,2.016,2.80487,48.384,67.3169,338.688,471.218,1471.68,2047.55
aws,us-east-1,Virginia,r6i,x86(Intel),Intel Xeon Platinum 8375C,48,384,3.024,4.2073,72.576,100.9753,508.032,706.827,2207.52,3071.33
aws,us-east-1,Virginia,r6i,x86(Intel),Intel Xeon Platinum 8375C,64,512,4.032,5.60974,96.768,134.6337,677.376,942.436,2943.36,4095.11
aws,us-east-1,Virginia,r6i,x86(Intel),Intel Xeon Platinum 8375C,96,768,6.048,8.41461,145.152,201.9506,1016.064,1413.654,4415.04,6142.66
aws,us-east-1,Virginia,r6i,x86(Intel),Intel Xeon Platinum 8375C,128,1024,8.064,11.21948,193.536,269.2675,1354.752,1884.872,5886.72,8190.22
aws,us-east-1,Virginia,r7a,x86(AMD),AMD EPYC 9R14,1,8,0.07608,0.04611,1.8259,1.1066,12.781,7.746,55.54,33.66
aws,us-east-1,Virginia,r7a,x86(AMD),AMD EPYC 9R14,2,16,0.15215,0.09221,3.6516,2.2131,25.561,15.492,111.07,67.32
aws,us-east-1,Virginia,r7a,x86(AMD),AMD EPYC 9R14,4,32,0.3043,0.18442,7.3032,4.4262,51.122,30.983,222.14,134.63
aws,us-east-1,Virginia,r7a,x86(AMD),AMD EPYC 9R14,8,64,0.6086,0.36885,14.6064,8.8524,102.245,61.967,444.28,269.26
aws,us-east-1,Virginia,r7a,x86(AMD),AMD EPYC 9R14,16,128,1.2172,0.7377,29.2128,17.7047,204.49,123.933,888.56,538.52
aws,us-east-1,Virginia,r7a,x86(AMD),AMD EPYC 9R14,32,256,2.4344,1.47539,58.4256,35.4095,408.979,247.866,1777.11,1077.04
aws,us-east-1,Virginia,r7a,x86(AMD),AMD EPYC 9R14,48,384,3.6516,2.21309,87.6384,53.1142,613.469,371.799,2665.67,1615.56
aws,us-east-1,Virginia,r7a,x86(AMD),AMD EPYC 9R14,64,512,4.8688,2.95079,116.8512,70.8189,817.958,495.732,3554.22,2154.07
aws,us-east-1,Virginia,r7a,x86(AMD),AMD EPYC 9R14,96,768,7.3032,4.42618,175.2768,106.2284,1226.938,743.599,5331.34,3231.12
aws,us-east-1,Virginia,r7a,x86(AMD),AMD EPYC 9R14,128,1024,9.7376,5.90158,233.7024,141.6378,1635.917,991.465,7108.45,4308.15
aws,us-east-1,Virginia,r7a,x86(AMD),AMD EPYC 9R14,192,1536,14.6064,8.85236,350.5536,212.4567,2453.875,1487.197,10662.67,6462.22
aws,us-east-1,Virginia,r7g,ARM,AWS Graviton3,1,8,0.0536,0.04288,1.2864,1.0291,9.005,7.204,39.13,31.3
aws,us-east-1,Virginia,r7g,ARM,AWS Graviton3,2,16,0.1071,0.08568,2.5704,2.0563,17.993,14.394,78.18,62.54
aws,us-east-1,Virginia,r7g,ARM,AWS Graviton3,4,32,0.2142,0.17136,5.1408,4.1126,35.986,28.789,156.37,125.1
aws,us-east-1,Virginia,r7g,ARM,AWS Graviton3,8,64,0.4284,0.34272,10.2816,8.2253,71.971,57.577,312.73,250.18
aws,us-east-1,Virginia,r7g,ARM,AWS Graviton3,16,128,0.8568,0.68544,20.5632,16.4506,143.942,115.154,625.46,500.37
aws,us-east-1,Virginia,r7g,ARM,AWS Graviton3,32,256,1.7136,1.37088,41.1264,32.9011,287.885,230.308,1250.93,1000.74
aws,us-east-1,Virginia,r7g,ARM,AWS Graviton3,48,384,2.5704,2.05632,61.6896,49.3517,431.827,345.462,1876.39,1501.11
aws,us-east-1,Virginia,r7g,ARM,AWS Graviton3,64,512,3.4272,2.74176,82.2528,65.8022,575.77,460.616,2501.86,2001.49
aws,us-east-1,Virginia,r7i,x86(Intel),Intel Xeon Platinum 8488C,2,16,0.1323,0.1512,3.1752,3.6288,22.226,25.401,96.58,110.38
aws,us-east-1,Virginia,r7i,x86(Intel),Intel Xeon Platinum 8488C,4,32,0.2646,0.3024,6.3504,7.2576,44.453,50.803,193.16,220.75
aws,us-east-1,Virginia,r7i,x86(Intel),Intel Xeon Platinum 8488C,8,64,0.5292,0.6048,12.7008,14.5152,88.906,101.607,386.32,441.51
aws,us-east-1,Virginia,r7i,x86(Intel),Intel Xeon Platinum 8488C,16,128,1.0584,1.2096,25.4016,29.0304,177.811,203.213,772.63,883.01
aws,us-east-1,Virginia,r7i,x86(Intel),Intel Xeon Platinum 8488C,32,256,2.1168,2.4192,50.8032,58.0608,355.622,406.425,1545.26,1766.01
aws,us-east-1,Virginia,r7i,x86(Intel),Intel Xeon Platinum 8488C,48,384,3.1752,3.6288,76.2048,87.0912,533.434,609.639,2317.9,2649.03
aws,us-east-1,Virginia,r7i,x86(Intel),Intel Xeon Platinum 8488C,64,512,4.2336,4.8384,101.6064,116.1216,711.245,812.851,3090.53,3532.03
aws,us-east-1,Virginia,r7i,x86(Intel),Intel Xeon Platinum 8488C,96,768,6.3504,7.2576,152.4096,174.1824,1066.867,1219.277,4635.79,5298.05
aws,us-east-1,Virginia,r7i,x86(Intel),Intel Xeon Platinum 8488C,192,1536,12.7008,14.5152,304.8192,348.3648,2133.734,2438.553,9271.58,10596.09
aws,us-east-1,Virginia,r8a,x86(AMD),AMD EPYC 9R45,1,8,0.07988,0.03715,1.9171,0.8917,13.42,6.242,58.31,27.12
aws,us-east-1,Virginia,r8a,x86(AMD),AMD EPYC 9R45,2,16,0.15976,0.07431,3.8342,1.7833,26.84,12.484,116.62,54.24
aws,us-east-1,Virginia,r8a,x86(AMD),AMD EPYC 9R45,4,32,0.31952,0.14861,7.6685,3.5667,53.679,24.967,233.25,108.49
aws,us-east-1,Virginia,r8a,x86(AMD),AMD EPYC 9R45,8,64,0.63904,0.29723,15.337,7.1335,107.359,49.934,466.5,216.98
aws,us-east-1,Virginia,r8a,x86(AMD),AMD EPYC 9R45,16,128,1.27808,0.59446,30.6739,14.2669,214.717,99.868,933.0,433.95
aws,us-east-1,Virginia,r8a,x86(AMD),AMD EPYC 9R45,32,256,2.55616,1.18891,61.3478,28.5339,429.435,199.737,1866.0,867.91
aws,us-east-1,Virginia,r8a,x86(AMD),AMD EPYC 9R45,48,384,3.83424,1.78337,92.0218,42.8008,644.152,299.606,2799.0,1301.86
aws,us-east-1,Virginia,r8a,x86(AMD),AMD EPYC 9R45,64,512,5.11232,2.37782,122.6957,57.0678,858.87,399.474,3731.99,1735.81
aws,us-east-1,Virginia,r8a,x86(AMD),AMD EPYC 9R45,96,768,7.66848,3.56673,184.0435,85.6016,1288.305,599.212,5597.99,2603.72
aws,us-east-1,Virginia,r8a,x86(AMD),AMD EPYC 9R45,192,1536,15.33696,7.13347,368.087,171.2033,2576.609,1198.423,11195.98,5207.43
aws,us-east-1,Virginia,r8g,ARM,AWS Graviton4,1,8,0.05891,0.03801,1.4138,0.9121,9.897,6.385,43.0,27.74
aws,us-east-1,Virginia,r8g,ARM,AWS Graviton4,2,16,0.11782,0.07601,2.8277,1.8243,19.794,12.77,86.01,55.49
aws,us-east-1,Virginia,r8g,ARM,AWS Graviton4,4,32,0.23564,0.15203,5.6554,3.6486,39.588,25.541,172.02,110.98
aws,us-east-1,Virginia,r8g,ARM,AWS Graviton4,8,64,0.47128,0.30405,11.3107,7.2972,79.175,51.081,344.03,221.95
aws,us-east-1,Virginia,r8g,ARM,AWS Graviton4,16,128,0.94256,0.6081,22.6214,14.5945,158.35,102.161,688.07,443.92
aws,us-east-1,Virginia,r8g,ARM,AWS Graviton4,32,256,1.88512,1.21621,45.2429,29.189,316.7,204.323,1376.14,887.83
aws,us-east-1,Virginia,r8g,ARM,AWS Graviton4,48,384,2.82768,1.82431,67.8643,43.7834,475.05,306.484,2064.21,1331.75
aws,us-east-1,Virginia,r8g,ARM,AWS Graviton4,64,512,3.77024,2.43241,90.4858,58.3779,633.4,408.645,2752.28,1775.66
aws,us-east-1,Virginia,r8g,ARM,AWS Graviton4,96,768,5.65536,3.64862,135.7286,87.5668,950.1,612.968,4128.41,2663.49
aws,us-east-1,Virginia,r8g,ARM,AWS Graviton4,192,1536,11.31072,7.29724,271.4573,175.1337,1900.201,1225.936,8256.83,5326.99
aws,us-east-1,Virginia,r8i,x86(Intel),Intel Xeon 6 6985P-C,2,16,0.13892,0.12348,3.3341,2.9636,23.339,20.746,101.41,90.14
aws,us-east-1,Virginia,r8i,x86(Intel),Intel Xeon 6 6985P-C,4,32,0.27784,0.24697,6.6682,5.9273,46.677,41.491,202.82,180.28
aws,us-east-1,Virginia,r8i,x86(Intel),Intel Xeon 6 6985P-C,8,64,0.55568,0.49394,13.3363,11.8545,93.354,82.981,405.65,360.58
aws,us-east-1,Virginia,r8i,x86(Intel),Intel Xeon 6 6985P-C,16,128,1.11136,0.98788,26.6726,23.709,186.708,165.963,811.29,721.15
aws,us-east-1,Virginia,r8i,x86(Intel),Intel Xeon 6 6985P-C,32,256,2.22272,1.97575,53.3453,47.418,373.417,331.926,1622.59,1442.3
aws,us-east-1,Virginia,r8i,x86(Intel),Intel Xeon 6 6985P-C,48,384,3.33408,2.96363,80.0179,71.127,560.125,497.889,2433.88,2163.45
aws,us-east-1,Virginia,r8i,x86(Intel),Intel Xeon 6 6985P-C,64,512,4.44544,3.9515,106.6906,94.8361,746.834,663.852,3245.17,2884.6
aws,us-east-1,Virginia,r8i,x86(Intel),Intel Xeon 6 6985P-C,96,768,6.66816,5.92725,160.0358,142.254,1120.251,995.779,4867.76,4326.9
aws,us-east-1,Virginia,r8i,x86(Intel),Intel Xeon 6 6985P-C,128,1024,8.89088,7.903,213.3811,189.6721,1493.668,1327.705,6490.34,5769.19
aws,us-east-1,Virginia,r8i,x86(Intel),Intel Xeon 6 6985P-C,192,1536,13.33632,11.85451,320.0717,284.5082,2240.502,1991.557,9735.51,8653.79
aws,us-east-1,Virginia,r8i,x86(Intel),Intel Xeon 6 6985P-C,384,3072,26.67264,23.70901,640.1434,569.0164,4481.004,3983.115,19471.03,17307.58
aws,us-east-1,Virginia,x8g,ARM,AWS Graviton4,1,16,0.0977,0.06303,2.3448,1.5128,16.414,10.59,71.32,46.01
aws,us-east-1,Virginia,x8g,ARM,AWS Graviton4,2,32,0.1954,0.12606,4.6896,3.0255,32.827,21.179,142.64,92.03
aws,us-east-1,Virginia,x8g,ARM,AWS Graviton4,4,64,0.3908,0.25213,9.3792,6.0511,65.654,42.357,285.28,184.05
aws,us-east-1,Virginia,x8g,ARM,AWS Graviton4,8,128,0.7816,0.50426,18.7584,12.1022,131.309,84.715,570.57,368.11
aws,us-east-1,Virginia,x8g,ARM,AWS Graviton4,16,256,1.5632,1.00852,37.5168,24.2044,262.618,169.431,1141.14,736.22
aws,us-east-1,Virginia,x8g,ARM,AWS Graviton4,32,512,3.1264,2.01703,75.0336,48.4088,525.235,338.861,2282.27,1472.43
aws,us-east-1,Virginia,x8g,ARM,AWS Graviton4,48,768,4.6896,3.02555,112.5504,72.6132,787.853,508.292,3423.41,2208.65
aws,us-east-1,Virginia,x8g,ARM,AWS Graviton4,64,1024,6.2528,4.03406,150.0672,96.8175,1050.47,677.723,4564.54,2944.86
aws,us-east-1,Virginia,x8g,ARM,AWS Graviton4,96,1536,9.3792,6.0511,225.1008,145.2263,1575.706,1016.585,6846.82,4417.3
aws,us-east-1,Virginia,x8g,ARM,AWS Graviton4,192,3072,18.7584,12.10219,450.2016,290.4526,3151.411,2033.168,13693.63,8834.6
aws,us-east-1,Virginia,x8i,x86(Intel),Intel Xeon 6 6975P-C,2,32,0.21883,0.19452,5.2519,4.6684,36.763,32.678,159.75,142.0
aws,us-east-1,Virginia,x8i,x86(Intel),Intel Xeon 6 6975P-C,4,64,0.43766,0.38903,10.5038,9.3367,73.527,65.357,319.49,283.99
aws,us-east-1,Virginia,x8i,x86(Intel),Intel Xeon 6 6975P-C,8,128,0.87532,0.77806,21.0077,18.6735,147.054,130.715,638.98,567.98
aws,us-east-1,Virginia,x8i,x86(Intel),Intel Xeon 6 6975P-C,16,256,1.75064,1.55612,42.0154,37.347,294.108,261.429,1277.97,1135.97
aws,us-east-1,Virginia,x8i,x86(Intel),Intel Xeon 6 6975P-C,32,512,3.50128,3.11225,84.0307,74.694,588.215,522.858,2555.93,2271.94
aws,us-east-1,Virginia,x8i,x86(Intel),Intel Xeon 6 6975P-C,48,768,5.25192,4.66837,126.0461,112.041,882.323,784.287,3833.9,3407.91
aws,us-east-1,Virginia,x8i,x86(Intel),Intel Xeon 6 6975P-C,64,1024,7.00256,6.2245,168.0614,149.3879,1176.43,1045.716,5111.87,4543.88
aws,us-east-1,Virginia,x8i,x86(Intel),Intel Xeon 6 6975P-C,96,1536,10.50384,9.33675,252.0922,224.082,1764.645,1568.573,7667.8,6815.82
aws,us-east-1,Virginia,x8i,x86(Intel),Intel Xeon 6 6975P-C,128,2048,14.00512,12.449,336.1229,298.7759,2352.86,2091.431,10223.74,9087.77
aws,us-east-1,Virginia,x8i,x86(Intel),Intel Xeon 6 6975P-C,192,3072,21.00768,18.67349,504.1843,448.1638,3529.29,3137.147,15335.61,13631.65
aws,us-east-1,Virginia,x8i,x86(Intel),Intel Xeon 6 6975P-C,256,4096,28.01024,24.89799,672.2458,597.5518,4705.72,4182.862,20447.48,18175.54
aws,us-east-1,Virginia,x8i,x86(Intel),Intel Xeon 6 6975P-C,384,6144,48.74438,43.32834,1169.8651,1039.8801,8189.056,7279.161,35583.4,31629.69
aws,us-east-2,Ohio,c6a,x86(AMD),AMD EPYC 7R13,2,4,0.0765,0.09415,1.836,2.2597,12.852,15.818,55.84,68.73
aws,us-east-2,Ohio,c6a,x86(AMD),AMD EPYC 7R13,4,8,0.153,0.18831,3.672,4.5194,25.704,31.636,111.69,137.46
aws,us-east-2,Ohio,c6a,x86(AMD),AMD EPYC 7R13,8,16,0.306,0.37662,7.344,9.0388,51.408,63.271,223.38,274.93
aws,us-east-2,Ohio,c6a,x86(AMD),AMD EPYC 7R13,16,32,0.612,0.75323,14.688,18.0775,102.816,126.543,446.76,549.86
aws,us-east-2,Ohio,c6a,x86(AMD),AMD EPYC 7R13,32,64,1.224,1.50646,29.376,36.1551,205.632,253.086,893.52,1099.72
aws,us-east-2,Ohio,c6a,x86(AMD),AMD EPYC 7R13,48,96,1.836,2.25969,44.064,54.2326,308.448,379.628,1340.28,1649.58
aws,us-east-2,Ohio,c6a,x86(AMD),AMD EPYC 7R13,64,128,2.448,3.01292,58.752,72.3102,411.264,506.171,1787.04,2199.43
aws,us-east-2,Ohio,c6a,x86(AMD),AMD EPYC 7R13,96,192,3.672,4.51938,88.128,108.4652,616.896,759.257,2680.56,3299.15
aws,us-east-2,Ohio,c6a,x86(AMD),AMD EPYC 7R13,128,256,4.896,6.02585,117.504,144.6203,822.528,1012.342,3574.08,4398.87
aws,us-east-2,Ohio,c6a,x86(AMD),AMD EPYC 7R13,192,384,7.344,9.03877,176.256,216.9305,1233.792,1518.513,5361.12,6598.3
aws,us-east-2,Ohio,c6g,ARM,AWS Graviton2,1,2,0.034,0.034,0.816,0.816,5.712,5.712,24.82,24.82
aws,us-east-2,Ohio,c6g,ARM,AWS Graviton2,2,4,0.068,0.068,1.632,1.632,11.424,11.424,49.64,49.64
aws,us-east-2,Ohio,c6g,ARM,AWS Graviton2,4,8,0.136,0.136,3.264,3.264,22.848,22.848,99.28,99.28
aws,us-east-2,Ohio,c6g,ARM,AWS Graviton2,8,16,0.272,0.272,6.528,6.528,45.696,45.696,198.56,198.56
aws,us-east-2,Ohio,c6g,ARM,AWS Graviton2,16,32,0.544,0.544,13.056,13.056,91.392,91.392,397.12,397.12
aws,us-east-2,Ohio,c6g,ARM,AWS Graviton2,32,64,1.088,1.088,26.112,26.112,182.784,182.784,794.24,794.24
aws,us-east-2,Ohio,c6g,ARM,AWS Graviton2,48,96,1.632,1.632,39.168,39.168,274.176,274.176,1191.36,1191.36
aws,us-east-2,Ohio,c6g,ARM,AWS Graviton2,64,128,2.176,2.176,52.224,52.224,365.568,365.568,1588.48,1588.48
aws,us-east-2,Ohio,c6i,x86(Intel),Intel Xeon Platinum 8375C,2,4,0.085,0.11826,2.04,2.8383,14.28,19.868,62.05,86.33
aws,us-east-2,Ohio,c6i,x86(Intel),Intel Xeon Platinum 8375C,4,8,0.17,0.23652,4.08,5.6765,28.56,39.736,124.1,172.66
aws,us-east-2,Ohio,c6i,x86(Intel),Intel Xeon Platinum 8375C,8,16,0.34,0.47304,8.16,11.353,57.12,79.471,248.2,345.32
aws,us-east-2,Ohio,c6i,x86(Intel),Intel Xeon Platinum 8375C,16,32,0.68,0.94609,16.32,22.7061,114.24,158.943,496.4,690.64
aws,us-east-2,Ohio,c6i,x86(Intel),Intel Xeon Platinum 8375C,32,64,1.36,1.89217,32.64,45.4122,228.48,317.885,992.8,1381.29
aws,us-east-2,Ohio,c6i,x86(Intel),Intel Xeon Platinum 8375C,48,96,2.04,2.83826,48.96,68.1183,342.72,476.828,1489.2,2071.93
aws,us-east-2,Ohio,c6i,x86(Intel),Intel Xeon Platinum 8375C,64,128,2.72,3.78435,65.28,90.8243,456.96,635.77,1985.6,2762.57
aws,us-east-2,Ohio,c6i,x86(Intel),Intel Xeon Platinum 8375C,96,192,4.08,5.67652,97.92,136.2365,685.44,953.656,2978.4,4143.86
aws,us-east-2,Ohio,c6i,x86(Intel),Intel Xeon Platinum 8375C,128,256,5.44,7.5687,130.56,181.6487,913.92,1271.541,3971.2,5525.15
aws,us-east-2,Ohio,c7a,x86(AMD),AMD EPYC 9R14,1,2,0.05132,0.0311,1.2317,0.7465,8.622,5.225,37.46,22.7
aws,us-east-2,Ohio,c7a,x86(AMD),AMD EPYC 9R14,2,4,0.10264,0.06221,2.4634,1.493,17.244,10.451,74.93,45.41
aws,us-east-2,Ohio,c7a,x86(AMD),AMD EPYC 9R14,4,8,0.20528,0.12441,4.9267,2.9859,34.487,20.901,149.85,90.82
aws,us-east-2,Ohio,c7a,x86(AMD),AMD EPYC 9R14,8,16,0.41056,0.24882,9.8534,5.9718,68.974,41.802,299.71,181.64
aws,us-east-2,Ohio,c7a,x86(AMD),AMD EPYC 9R14,16,32,0.82112,0.49765,19.7069,11.9436,137.948,83.605,599.42,363.28
aws,us-east-2,Ohio,c7a,x86(AMD),AMD EPYC 9R14,32,64,1.64224,0.9953,39.4138,23.8872,275.896,167.21,1198.84,726.57
aws,us-east-2,Ohio,c7a,x86(AMD),AMD EPYC 9R14,48,96,2.46336,1.49295,59.1206,35.8307,413.844,250.815,1798.25,1089.85
aws,us-east-2,Ohio,c7a,x86(AMD),AMD EPYC 9R14,64,128,3.28448,1.99059,78.8275,47.7742,551.793,334.42,2397.67,1453.13
aws,us-east-2,Ohio,c7a,x86(AMD),AMD EPYC 9R14,96,192,4.92672,2.98589,118.2413,71.6614,827.689,501.63,3596.51,2179.7
aws,us-east-2,Ohio,c7a,x86(AMD),AMD EPYC 9R14,128,256,6.56896,3.98119,157.655,95.5485,1103.585,668.839,4795.34,2906.27
aws,us-east-2,Ohio,c7a,x86(AMD),AMD EPYC 9R14,192,384,9.85344,5.97178,236.4826,143.3228,1655.378,1003.259,7193.01,4359.4
aws,us-east-2,Ohio,c7g,ARM,AWS Graviton3,1,2,0.0361,0.02888,0.8664,0.6931,6.065,4.852,26.35,21.08
aws,us-east-2,Ohio,c7g,ARM,AWS Graviton3,2,4,0.0723,0.05784,1.7352,1.3882,12.146,9.717,52.78,42.22
aws,us-east-2,Ohio,c7g,ARM,AWS Graviton3,4,8,0.1445,0.1156,3.468,2.7744,24.276,19.421,105.48,84.38
aws,us-east-2,Ohio,c7g,ARM,AWS Graviton3,8,16,0.289,0.2312,6.936,5.5488,48.552,38.842,210.97,168.78
aws,us-east-2,Ohio,c7g,ARM,AWS Graviton3,16,32,0.5781,0.46248,13.8744,11.0995,97.121,77.697,422.01,337.61
aws,us-east-2,Ohio,c7g,ARM,AWS Graviton3,32,64,1.1562,0.92496,27.7488,22.199,194.242,155.394,844.03,675.22
aws,us-east-2,Ohio,c7g,ARM,AWS Graviton3,48,96,1.7342,1.38736,41.6208,33.2966,291.346,233.077,1265.97,1012.78
aws,us-east-2,Ohio,c7g,ARM,AWS Graviton3,64,128,2.3123,1.84984,55.4952,44.3962,388.466,310.773,1687.98,1350.38
aws,us-east-2,Ohio,c7i,x86(Intel),Intel Xeon Platinum 8488C,2,4,0.08925,0.102,2.142,2.448,14.994,17.136,65.15,74.46
aws,us-east-2,Ohio,c7i,x86(Intel),Intel Xeon Platinum 8488C,4,8,0.1785,0.204,4.284,4.896,29.988,34.272,130.3,148.91
aws,us-east-2,Ohio,c7i,x86(Intel),Intel Xeon Platinum 8488C,8,16,0.357,0.408,8.568,9.792,59.976,68.544,260.61,297.84
aws,us-east-2,Ohio,c7i,x86(Intel),Intel Xeon Platinum 8488C,16,32,0.714,0.816,17.136,19.584,119.952,137.088,521.22,595.68
aws,us-east-2,Ohio,c7i,x86(Intel),Intel Xeon Platinum 8488C,32,64,1.428,1.632,34.272,39.168,239.904,274.176,1042.44,1191.36
aws,us-east-2,Ohio,c7i,x86(Intel),Intel Xeon Platinum 8488C,48,96,2.142,2.448,51.408,58.752,359.856,411.264,1563.66,1787.04
aws,us-east-2,Ohio,c7i,x86(Intel),Intel Xeon Platinum 8488C,64,128,2.856,3.264,68.544,78.336,479.808,548.352,2084.88,2382.72
aws,us-east-2,Ohio,c7i,x86(Intel),Intel Xeon Platinum 8488C,96,192,4.284,4.896,102.816,117.504,719.712,822.528,3127.32,3574.08
aws,us-east-2,Ohio,c7i,x86(Intel),Intel Xeon Platinum 8488C,192,384,8.568,9.792,205.632,235.008,1439.424,1645.056,6254.64,7148.16
aws,us-east-2,Ohio,c8a,x86(AMD),AMD EPYC 9R45,1,2,0.05389,0.02507,1.2934,0.6016,9.054,4.211,39.34,18.3
aws,us-east-2,Ohio,c8a,x86(AMD),AMD EPYC 9R45,2,4,0.10777,0.05013,2.5865,1.203,18.105,8.421,78.67,36.59
aws,us-east-2,Ohio,c8a,x86(AMD),AMD EPYC 9R45,4,8,0.21554,0.10025,5.173,2.406,36.211,16.842,157.34,73.18
aws,us-east-2,Ohio,c8a,x86(AMD),AMD EPYC 9R45,8,16,0.43108,0.2005,10.3459,4.812,72.421,33.684,314.69,146.37
aws,us-east-2,Ohio,c8a,x86(AMD),AMD EPYC 9R45,16,32,0.86216,0.401,20.6918,9.6241,144.843,67.369,629.38,292.73
aws,us-east-2,Ohio,c8a,x86(AMD),AMD EPYC 9R45,32,64,1.72432,0.80201,41.3837,19.2482,289.686,134.738,1258.75,585.47
aws,us-east-2,Ohio,c8a,x86(AMD),AMD EPYC 9R45,48,96,2.58648,1.20301,62.0755,28.8723,434.529,202.107,1888.13,878.2
aws,us-east-2,Ohio,c8a,x86(AMD),AMD EPYC 9R45,64,128,3.44864,1.60402,82.7674,38.4965,579.372,269.475,2517.51,1170.93
aws,us-east-2,Ohio,c8a,x86(AMD),AMD EPYC 9R45,96,192,5.17296,2.40603,124.151,57.7447,869.057,404.213,3776.26,1756.4
aws,us-east-2,Ohio,c8a,x86(AMD),AMD EPYC 9R45,192,384,10.34592,4.81206,248.3021,115.4893,1738.115,808.426,7552.52,3512.8
aws,us-east-2,Ohio,c8g,ARM,AWS Graviton4,1,2,0.03974,0.02564,0.9538,0.6154,6.676,4.307,29.01,18.72
aws,us-east-2,Ohio,c8g,ARM,AWS Graviton4,2,4,0.07948,0.05128,1.9075,1.2306,13.353,8.615,58.02,37.43
aws,us-east-2,Ohio,c8g,ARM,AWS Graviton4,4,8,0.15896,0.10255,3.815,2.4613,26.705,17.229,116.04,74.86
aws,us-east-2,Ohio,c8g,ARM,AWS Graviton4,8,16,0.31792,0.20511,7.6301,4.9226,53.411,34.459,232.08,149.73
aws,us-east-2,Ohio,c8g,ARM,AWS Graviton4,16,32,0.63584,0.41022,15.2602,9.8453,106.821,68.917,464.16,299.46
aws,us-east-2,Ohio,c8g,ARM,AWS Graviton4,32,64,1.27168,0.82044,30.5203,19.6905,213.642,137.834,928.33,598.92
aws,us-east-2,Ohio,c8g,ARM,AWS Graviton4,48,96,1.90752,1.23066,45.7805,29.5358,320.463,206.75,1392.49,898.38
aws,us-east-2,Ohio,c8g,ARM,AWS Graviton4,64,128,2.54336,1.64088,61.0406,39.381,427.284,275.667,1856.65,1197.84
aws,us-east-2,Ohio,c8g,ARM,AWS Graviton4,96,192,3.81504,2.46132,91.561,59.0716,640.927,413.501,2784.98,1796.76
aws,us-east-2,Ohio,c8g,ARM,AWS Graviton4,192,384,7.63008,4.92263,183.1219,118.1432,1281.853,827.002,5569.96,3593.52
aws,us-east-2,Ohio,c8i,x86(Intel),Intel Xeon 6 6975P-C,2,4,0.09371,0.0833,2.249,1.9991,15.743,13.994,68.41,60.81
aws,us-east-2,Ohio,c8i,x86(Intel),Intel Xeon 6 6975P-C,4,8,0.18742,0.1666,4.4981,3.9983,31.487,27.988,136.82,121.62
aws,us-east-2,Ohio,c8i,x86(Intel),Intel Xeon 6 6975P-C,8,16,0.37484,0.33319,8.9962,7.9966,62.973,55.976,273.63,243.23
aws,us-east-2,Ohio,c8i,x86(Intel),Intel Xeon 6 6975P-C,16,32,0.74968,0.66638,17.9923,15.9932,125.946,111.952,547.27,486.46
aws,us-east-2,Ohio,c8i,x86(Intel),Intel Xeon 6 6975P-C,32,64,1.49936,1.33276,35.9846,31.9863,251.892,223.904,1094.53,972.92
aws,us-east-2,Ohio,c8i,x86(Intel),Intel Xeon 6 6975P-C,48,96,2.24904,1.99915,53.977,47.9796,377.839,335.857,1641.8,1459.38
aws,us-east-2,Ohio,c8i,x86(Intel),Intel Xeon 6 6975P-C,64,128,2.99872,2.66553,71.9693,63.9727,503.785,447.809,2189.07,1945.84
aws,us-east-2,Ohio,c8i,x86(Intel),Intel Xeon 6 6975P-C,96,192,4.49808,3.99829,107.9539,95.959,755.677,671.713,3283.6,2918.76
aws,us-east-2,Ohio,c8i,x86(Intel),Intel Xeon 6 6975P-C,128,256,5.99744,5.33106,143.9386,127.9454,1007.57,895.618,4378.13,3891.67
aws,us-east-2,Ohio,c8i,x86(Intel),Intel Xeon 6 6975P-C,192,384,8.99616,7.99659,215.9078,191.918,1511.355,1343.427,6567.2,5837.51
aws,us-east-2,Ohio,c8i,x86(Intel),Intel Xeon 6 6975P-C,384,768,17.99232,15.99317,431.8157,383.8362,3022.71,2686.853,13134.39,11675.01
aws,us-east-2,Ohio,c9g,ARM,AWS Graviton5,1,2,0.04332,0.02222,1.0397,0.5332,7.278,3.732,31.62,16.22
aws,us-east-2,Ohio,c9g,ARM,AWS Graviton5,2,4,0.08664,0.04443,2.0794,1.0664,14.556,7.465,63.25,32.44
aws,us-east-2,Ohio,c9g,ARM,AWS Graviton5,4,8,0.17328,0.08886,4.1587,2.1327,29.111,14.929,126.49,64.87
aws,us-east-2,Ohio,c9g,ARM,AWS Graviton5,8,16,0.34656,0.17772,8.3174,4.2653,58.222,29.857,252.99,129.74
aws,us-east-2,Ohio,c9g,ARM,AWS Graviton5,16,32,0.69312,0.35545,16.6349,8.5307,116.444,59.715,505.98,259.48
aws,us-east-2,Ohio,c9g,ARM,AWS Graviton5,32,64,1.38624,0.71089,33.2698,17.0614,232.888,119.43,1011.96,518.95
aws,us-east-2,Ohio,c9g,ARM,AWS Graviton5,48,96,2.07936,1.06634,49.9046,25.5921,349.332,179.145,1517.93,778.43
aws,us-east-2,Ohio,c9g,ARM,AWS Graviton5,64,128,2.77248,1.42178,66.5395,34.1228,465.777,238.86,2023.91,1037.9
aws,us-east-2,Ohio,c9g,ARM,AWS Graviton5,96,192,4.15872,2.13268,99.8093,51.1843,698.665,358.29,3035.87,1556.86
aws,us-east-2,Ohio,c9g,ARM,AWS Graviton5,192,384,8.31744,4.26535,199.6186,102.3685,1397.33,716.579,6071.73,3113.71
aws,us-east-2,Ohio,m6a,x86(AMD),AMD EPYC 7R13,2,8,0.0864,0.10634,2.0736,2.5521,14.515,17.865,63.07,77.62
aws,us-east-2,Ohio,m6a,x86(AMD),AMD EPYC 7R13,4,16,0.1728,0.21268,4.1472,5.1042,29.03,35.729,126.14,155.25
aws,us-east-2,Ohio,m6a,x86(AMD),AMD EPYC 7R13,8,32,0.3456,0.42535,8.2944,10.2085,58.061,71.46,252.29,310.51
aws,us-east-2,Ohio,m6a,x86(AMD),AMD EPYC 7R13,16,64,0.6912,0.85071,16.5888,20.417,116.122,142.919,504.58,621.02
aws,us-east-2,Ohio,m6a,x86(AMD),AMD EPYC 7R13,32,128,1.3824,1.70142,33.1776,40.834,232.243,285.838,1009.15,1242.03
aws,us-east-2,Ohio,m6a,x86(AMD),AMD EPYC 7R13,48,192,2.0736,2.55212,49.7664,61.251,348.365,428.757,1513.73,1863.05
aws,us-east-2,Ohio,m6a,x86(AMD),AMD EPYC 7R13,64,256,2.7648,3.40283,66.3552,81.6679,464.486,571.675,2018.3,2484.06
aws,us-east-2,Ohio,m6a,x86(AMD),AMD EPYC 7R13,96,384,4.1472,5.10425,99.5328,122.5019,696.73,857.514,3027.46,3726.1
aws,us-east-2,Ohio,m6a,x86(AMD),AMD EPYC 7R13,128,512,5.5296,6.80566,132.7104,163.3359,928.973,1143.351,4036.61,4968.14
aws,us-east-2,Ohio,m6a,x86(AMD),AMD EPYC 7R13,192,768,8.2944,10.20849,199.0656,245.0038,1393.459,1715.026,6054.91,7452.2
aws,us-east-2,Ohio,m6g,ARM,AWS Graviton2,1,4,0.0385,0.0385,0.924,0.924,6.468,6.468,28.1,28.1
aws,us-east-2,Ohio,m6g,ARM,AWS Graviton2,2,8,0.077,0.077,1.848,1.848,12.936,12.936,56.21,56.21
aws,us-east-2,Ohio,m6g,ARM,AWS Graviton2,4,16,0.154,0.154,3.696,3.696,25.872,25.872,112.42,112.42
aws,us-east-2,Ohio,m6g,ARM,AWS Graviton2,8,32,0.308,0.308,7.392,7.392,51.744,51.744,224.84,224.84
aws,us-east-2,Ohio,m6g,ARM,AWS Graviton2,16,64,0.616,0.616,14.784,14.784,103.488,103.488,449.68,449.68
aws,us-east-2,Ohio,m6g,ARM,AWS Graviton2,32,128,1.232,1.232,29.568,29.568,206.976,206.976,899.36,899.36
aws,us-east-2,Ohio,m6g,ARM,AWS Graviton2,48,192,1.848,1.848,44.352,44.352,310.464,310.464,1349.04,1349.04
aws,us-east-2,Ohio,m6g,ARM,AWS Graviton2,64,256,2.464,2.464,59.136,59.136,413.952,413.952,1798.72,1798.72
aws,us-east-2,Ohio,m6i,x86(Intel),Intel Xeon Platinum 8375C,2,8,0.096,0.13357,2.304,3.2056,16.128,22.439,70.08,97.5
aws,us-east-2,Ohio,m6i,x86(Intel),Intel Xeon Platinum 8375C,4,16,0.192,0.26713,4.608,6.4111,32.256,44.878,140.16,195.01
aws,us-east-2,Ohio,m6i,x86(Intel),Intel Xeon Platinum 8375C,8,32,0.384,0.53426,9.216,12.8223,64.512,89.756,280.32,390.01
aws,us-east-2,Ohio,m6i,x86(Intel),Intel Xeon Platinum 8375C,16,64,0.768,1.06852,18.432,25.6445,129.024,179.512,560.64,780.02
aws,us-east-2,Ohio,m6i,x86(Intel),Intel Xeon Platinum 8375C,32,128,1.536,2.13704,36.864,51.289,258.048,359.023,1121.28,1560.04
aws,us-east-2,Ohio,m6i,x86(Intel),Intel Xeon Platinum 8375C,48,192,2.304,3.20557,55.296,76.9336,387.072,538.535,1681.92,2340.06
aws,us-east-2,Ohio,m6i,x86(Intel),Intel Xeon Platinum 8375C,64,256,3.072,4.27409,73.728,102.5781,516.096,718.047,2242.56,3120.08
aws,us-east-2,Ohio,m6i,x86(Intel),Intel Xeon Platinum 8375C,96,384,4.608,6.41113,110.592,153.8671,774.144,1077.07,3363.84,4680.13
aws,us-east-2,Ohio,m6i,x86(Intel),Intel Xeon Platinum 8375C,128,512,6.144,8.54817,147.456,205.1562,1032.192,1436.093,4485.12,6240.17
aws,us-east-2,Ohio,m7a,x86(AMD),AMD EPYC 9R14,1,4,0.05796,0.03513,1.391,0.843,9.737,5.901,42.31,25.64
aws,us-east-2,Ohio,m7a,x86(AMD),AMD EPYC 9R14,2,8,0.11592,0.07025,2.7821,1.6861,19.475,11.803,84.62,51.28
aws,us-east-2,Ohio,m7a,x86(AMD),AMD EPYC 9R14,4,16,0.23184,0.14051,5.5642,3.3722,38.949,23.605,169.24,102.57
aws,us-east-2,Ohio,m7a,x86(AMD),AMD EPYC 9R14,8,32,0.46368,0.28102,11.1283,6.7444,77.898,47.211,338.49,205.15
aws,us-east-2,Ohio,m7a,x86(AMD),AMD EPYC 9R14,16,64,0.92736,0.56204,22.2566,13.4888,155.796,94.422,676.97,410.28
aws,us-east-2,Ohio,m7a,x86(AMD),AMD EPYC 9R14,32,128,1.85472,1.12407,44.5133,26.9778,311.593,188.844,1353.95,820.58
aws,us-east-2,Ohio,m7a,x86(AMD),AMD EPYC 9R14,48,192,2.78208,1.68611,66.7699,40.4666,467.389,283.266,2030.92,1230.86
aws,us-east-2,Ohio,m7a,x86(AMD),AMD EPYC 9R14,64,256,3.70944,2.24815,89.0266,53.9555,623.186,377.688,2707.89,1641.15
aws,us-east-2,Ohio,m7a,x86(AMD),AMD EPYC 9R14,96,384,5.56416,3.37222,133.5398,80.9332,934.779,566.533,4061.84,2461.72
aws,us-east-2,Ohio,m7a,x86(AMD),AMD EPYC 9R14,128,512,7.41888,4.49629,178.0531,107.911,1246.372,755.377,5415.78,3282.29
aws,us-east-2,Ohio,m7a,x86(AMD),AMD EPYC 9R14,192,768,11.12832,6.74444,267.0797,161.8665,1869.558,1133.065,8123.67,4923.44
aws,us-east-2,Ohio,m7g,ARM,AWS Graviton3,1,4,0.0408,0.03264,0.9792,0.7834,6.854,5.483,29.78,23.82
aws,us-east-2,Ohio,m7g,ARM,AWS Graviton3,2,8,0.0816,0.06528,1.9584,1.5667,13.709,10.967,59.57,47.66
aws,us-east-2,Ohio,m7g,ARM,AWS Graviton3,4,16,0.1632,0.13056,3.9168,3.1334,27.418,21.934,119.14,95.31
aws,us-east-2,Ohio,m7g,ARM,AWS Graviton3,8,32,0.3264,0.26112,7.8336,6.2669,54.835,43.868,238.27,190.62
aws,us-east-2,Ohio,m7g,ARM,AWS Graviton3,16,64,0.6528,0.52224,15.6672,12.5338,109.67,87.736,476.54,381.23
aws,us-east-2,Ohio,m7g,ARM,AWS Graviton3,32,128,1.3056,1.04448,31.3344,25.0675,219.341,175.473,953.09,762.47
aws,us-east-2,Ohio,m7g,ARM,AWS Graviton3,48,192,1.9584,1.56672,47.0016,37.6013,329.011,263.209,1429.63,1143.7
aws,us-east-2,Ohio,m7g,ARM,AWS Graviton3,64,256,2.6112,2.08896,62.6688,50.135,438.682,350.946,1906.18,1524.94
aws,us-east-2,Ohio,m7i,x86(Intel),Intel Xeon Platinum 8488C,2,8,0.1008,0.1152,2.4192,2.7648,16.934,19.353,73.58,84.09
aws,us-east-2,Ohio,m7i,x86(Intel),Intel Xeon Platinum 8488C,4,16,0.2016,0.2304,4.8384,5.5296,33.869,38.707,147.17,168.19
aws,us-east-2,Ohio,m7i,x86(Intel),Intel Xeon Platinum 8488C,8,32,0.4032,0.4608,9.6768,11.0592,67.738,77.415,294.34,336.39
aws,us-east-2,Ohio,m7i,x86(Intel),Intel Xeon Platinum 8488C,16,64,0.8064,0.9216,19.3536,22.1184,135.475,154.829,588.67,672.77
aws,us-east-2,Ohio,m7i,x86(Intel),Intel Xeon Platinum 8488C,32,128,1.6128,1.8432,38.7072,44.2368,270.95,309.657,1177.34,1345.53
aws,us-east-2,Ohio,m7i,x86(Intel),Intel Xeon Platinum 8488C,48,192,2.4192,2.7648,58.0608,66.3552,406.426,464.487,1766.02,2018.31
aws,us-east-2,Ohio,m7i,x86(Intel),Intel Xeon Platinum 8488C,64,256,3.2256,3.6864,77.4144,88.4736,541.901,619.315,2354.69,2691.07
aws,us-east-2,Ohio,m7i,x86(Intel),Intel Xeon Platinum 8488C,96,384,4.8384,5.5296,116.1216,132.7104,812.851,928.973,3532.03,4036.61
aws,us-east-2,Ohio,m7i,x86(Intel),Intel Xeon Platinum 8488C,192,768,9.6768,11.0592,232.2432,265.4208,1625.702,1857.945,7064.06,8073.21
aws,us-east-2,Ohio,m8a,x86(AMD),AMD EPYC 9R45,1,4,0.06086,0.02831,1.4606,0.6793,10.224,4.755,44.43,20.67
aws,us-east-2,Ohio,m8a,x86(AMD),AMD EPYC 9R45,2,8,0.12172,0.05661,2.9213,1.3587,20.449,9.511,88.86,41.33
aws,us-east-2,Ohio,m8a,x86(AMD),AMD EPYC 9R45,4,16,0.24344,0.11323,5.8426,2.7175,40.898,19.022,177.71,82.66
aws,us-east-2,Ohio,m8a,x86(AMD),AMD EPYC 9R45,8,32,0.48688,0.22646,11.6851,5.4349,81.796,38.045,355.42,165.31
aws,us-east-2,Ohio,m8a,x86(AMD),AMD EPYC 9R45,16,64,0.97376,0.45291,23.3702,10.8699,163.592,76.089,710.84,330.62
aws,us-east-2,Ohio,m8a,x86(AMD),AMD EPYC 9R45,32,128,1.94752,0.90582,46.7405,21.7398,327.183,152.178,1421.69,661.25
aws,us-east-2,Ohio,m8a,x86(AMD),AMD EPYC 9R45,48,192,2.92128,1.35873,70.1107,32.6096,490.775,228.267,2132.53,991.87
aws,us-east-2,Ohio,m8a,x86(AMD),AMD EPYC 9R45,64,256,3.89504,1.81165,93.481,43.4795,654.367,304.357,2843.38,1322.5
aws,us-east-2,Ohio,m8a,x86(AMD),AMD EPYC 9R45,96,384,5.84256,2.71747,140.2214,65.2193,981.55,456.535,4265.07,1983.75
aws,us-east-2,Ohio,m8a,x86(AMD),AMD EPYC 9R45,192,768,11.68512,5.43494,280.4429,130.4386,1963.1,913.07,8530.14,3967.51
aws,us-east-2,Ohio,m8g,ARM,AWS Graviton4,1,4,0.04488,0.02895,1.0771,0.6949,7.54,4.865,32.76,21.14
aws,us-east-2,Ohio,m8g,ARM,AWS Graviton4,2,8,0.08976,0.05791,2.1542,1.3898,15.08,9.729,65.52,42.27
aws,us-east-2,Ohio,m8g,ARM,AWS Graviton4,4,16,0.17952,0.11582,4.3085,2.7797,30.159,19.457,131.05,84.55
aws,us-east-2,Ohio,m8g,ARM,AWS Graviton4,8,32,0.35904,0.23164,8.617,5.5594,60.319,38.915,262.1,169.1
aws,us-east-2,Ohio,m8g,ARM,AWS Graviton4,16,64,0.71808,0.46328,17.2339,11.1186,120.637,77.83,524.2,338.19
aws,us-east-2,Ohio,m8g,ARM,AWS Graviton4,32,128,1.43616,0.92655,34.4678,22.2373,241.275,155.661,1048.4,676.39
aws,us-east-2,Ohio,m8g,ARM,AWS Graviton4,48,192,2.15424,1.38983,51.7018,33.356,361.912,233.492,1572.6,1014.58
aws,us-east-2,Ohio,m8g,ARM,AWS Graviton4,64,256,2.87232,1.85311,68.9357,44.4746,482.55,311.323,2096.79,1352.77
aws,us-east-2,Ohio,m8g,ARM,AWS Graviton4,96,384,4.30848,2.77966,103.4035,66.7119,723.825,466.984,3145.19,2029.15
aws,us-east-2,Ohio,m8g,ARM,AWS Graviton4,192,768,8.61696,5.55933,206.807,133.4239,1447.649,933.967,6290.38,4058.31
aws,us-east-2,Ohio,m8i,x86(Intel),Intel Xeon 6 6975P-C,2,8,0.10584,0.09408,2.5402,2.258,17.781,15.805,77.26,68.68
aws,us-east-2,Ohio,m8i,x86(Intel),Intel Xeon 6 6975P-C,4,16,0.21168,0.18816,5.0803,4.5158,35.562,31.611,154.53,137.36
aws,us-east-2,Ohio,m8i,x86(Intel),Intel Xeon 6 6975P-C,8,32,0.42336,0.37632,10.1606,9.0316,71.124,63.221,309.05,274.71
aws,us-east-2,Ohio,m8i,x86(Intel),Intel Xeon 6 6975P-C,16,64,0.84672,0.75264,20.3213,18.0634,142.249,126.444,618.11,549.43
aws,us-east-2,Ohio,m8i,x86(Intel),Intel Xeon 6 6975P-C,32,128,1.69344,1.50528,40.6426,36.1268,284.498,252.887,1236.21,1098.85
aws,us-east-2,Ohio,m8i,x86(Intel),Intel Xeon 6 6975P-C,48,192,2.54016,2.25792,60.9638,54.19,426.747,379.331,1854.32,1648.28
aws,us-east-2,Ohio,m8i,x86(Intel),Intel Xeon 6 6975P-C,64,256,3.38688,3.01056,81.2851,72.2534,568.996,505.774,2472.42,2197.71
aws,us-east-2,Ohio,m8i,x86(Intel),Intel Xeon 6 6975P-C,96,384,5.08032,4.51584,121.9277,108.3802,853.494,758.661,3708.63,3296.56
aws,us-east-2,Ohio,m8i,x86(Intel),Intel Xeon 6 6975P-C,128,512,6.77376,6.02112,162.5702,144.5068,1137.992,1011.548,4944.84,4395.41
aws,us-east-2,Ohio,m8i,x86(Intel),Intel Xeon 6 6975P-C,192,768,10.16064,9.03168,243.8554,216.7604,1706.988,1517.323,7417.27,6593.13
aws,us-east-2,Ohio,m8i,x86(Intel),Intel Xeon 6 6975P-C,384,1536,20.32128,18.06336,487.7107,433.5206,3413.975,3034.644,14834.53,13186.25
aws,us-east-2,Ohio,m9g,ARM,AWS Graviton5,1,4,0.04892,0.02509,1.1741,0.6021,8.219,4.215,35.71,18.31
aws,us-east-2,Ohio,m9g,ARM,AWS Graviton5,2,8,0.09784,0.05017,2.3482,1.2042,16.437,8.429,71.42,36.63
aws,us-east-2,Ohio,m9g,ARM,AWS Graviton5,4,16,0.19568,0.10035,4.6963,2.4084,32.874,16.858,142.85,73.26
aws,us-east-2,Ohio,m9g,ARM,AWS Graviton5,8,32,0.39136,0.2007,9.3926,4.8167,65.748,33.717,285.69,146.51
aws,us-east-2,Ohio,m9g,ARM,AWS Graviton5,16,64,0.78272,0.40139,18.7853,9.6335,131.497,67.434,571.39,293.02
aws,us-east-2,Ohio,m9g,ARM,AWS Graviton5,32,128,1.56544,0.80279,37.5706,19.267,262.994,134.869,1142.77,586.04
aws,us-east-2,Ohio,m9g,ARM,AWS Graviton5,48,192,2.34816,1.20418,56.3558,28.9004,394.491,202.303,1714.16,879.06
aws,us-east-2,Ohio,m9g,ARM,AWS Graviton5,64,256,3.13088,1.60558,75.1411,38.5339,525.988,269.737,2285.54,1172.07
aws,us-east-2,Ohio,m9g,ARM,AWS Graviton5,96,384,4.69632,2.40837,112.7117,57.8009,788.982,404.606,3428.31,1758.11
aws,us-east-2,Ohio,m9g,ARM,AWS Graviton5,192,768,9.39264,4.81674,225.4234,115.6017,1577.964,809.212,6856.63,3516.22
aws,us-east-2,Ohio,r6a,x86(AMD),AMD EPYC 7R13,2,16,0.1134,0.13957,2.7216,3.3497,19.051,23.447,82.78,101.88
aws,us-east-2,Ohio,r6a,x86(AMD),AMD EPYC 7R13,4,32,0.2268,0.27914,5.4432,6.6993,38.102,46.895,165.56,203.77
aws,us-east-2,Ohio,r6a,x86(AMD),AMD EPYC 7R13,8,64,0.4536,0.55828,10.8864,13.3986,76.205,93.791,331.13,407.54
aws,us-east-2,Ohio,r6a,x86(AMD),AMD EPYC 7R13,16,128,0.9072,1.11655,21.7728,26.7973,152.41,187.582,662.26,815.09
aws,us-east-2,Ohio,r6a,x86(AMD),AMD EPYC 7R13,32,256,1.8144,2.23311,43.5456,53.5946,304.819,375.162,1324.51,1630.17
aws,us-east-2,Ohio,r6a,x86(AMD),AMD EPYC 7R13,48,384,2.7216,3.34966,65.3184,80.3919,457.229,562.743,1986.77,2445.26
aws,us-east-2,Ohio,r6a,x86(AMD),AMD EPYC 7R13,64,512,3.6288,4.46622,87.0912,107.1892,609.638,750.324,2649.02,3260.33
aws,us-east-2,Ohio,r6a,x86(AMD),AMD EPYC 7R13,96,768,5.4432,6.69932,130.6368,160.7838,914.458,1125.487,3973.54,4890.51
aws,us-east-2,Ohio,r6a,x86(AMD),AMD EPYC 7R13,128,1024,7.2576,8.93243,174.1824,214.3783,1219.277,1500.649,5298.05,6520.68
aws,us-east-2,Ohio,r6a,x86(AMD),AMD EPYC 7R13,192,1536,10.8864,13.39865,261.2736,321.5675,1828.915,2250.972,7947.07,9781.01
aws,us-east-2,Ohio,r6g,ARM,AWS Graviton2,1,8,0.0504,0.0504,1.2096,1.2096,8.467,8.467,36.79,36.79
aws,us-east-2,Ohio,r6g,ARM,AWS Graviton2,2,16,0.1008,0.1008,2.4192,2.4192,16.934,16.934,73.58,73.58
aws,us-east-2,Ohio,r6g,ARM,AWS Graviton2,4,32,0.2016,0.2016,4.8384,4.8384,33.869,33.869,147.17,147.17
aws,us-east-2,Ohio,r6g,ARM,AWS Graviton2,8,64,0.4032,0.4032,9.6768,9.6768,67.738,67.738,294.34,294.34
aws,us-east-2,Ohio,r6g,ARM,AWS Graviton2,16,128,0.8064,0.8064,19.3536,19.3536,135.475,135.475,588.67,588.67
aws,us-east-2,Ohio,r6g,ARM,AWS Graviton2,32,256,1.6128,1.6128,38.7072,38.7072,270.95,270.95,1177.34,1177.34
aws,us-east-2,Ohio,r6g,ARM,AWS Graviton2,48,384,2.4192,2.4192,58.0608,58.0608,406.426,406.426,1766.02,1766.02
aws,us-east-2,Ohio,r6g,ARM,AWS Graviton2,64,512,3.2256,3.2256,77.4144,77.4144,541.901,541.901,2354.69,2354.69
aws,us-east-2,Ohio,r6i,x86(Intel),Intel Xeon Platinum 8375C,2,16,0.126,0.1753,3.024,4.2073,21.168,29.451,91.98,127.97
aws,us-east-2,Ohio,r6i,x86(Intel),Intel Xeon Platinum 8375C,4,32,0.252,0.35061,6.048,8.4146,42.336,58.902,183.96,255.94
aws,us-east-2,Ohio,r6i,x86(Intel),Intel Xeon Platinum 8375C,8,64,0.504,0.70122,12.096,16.8292,84.672,117.805,367.92,511.89
aws,us-east-2,Ohio,r6i,x86(Intel),Intel Xeon Platinum 8375C,16,128,1.008,1.40243,24.192,33.6584,169.344,235.609,735.84,1023.78
aws,us-east-2,Ohio,r6i,x86(Intel),Intel Xeon Platinum 8375C,32,256,2.016,2.80487,48.384,67.3169,338.688,471.218,1471.68,2047.55
aws,us-east-2,Ohio,r6i,x86(Intel),Intel Xeon Platinum 8375C,48,384,3.024,4.2073,72.576,100.9753,508.032,706.827,2207.52,3071.33
aws,us-east-2,Ohio,r6i,x86(Intel),Intel Xeon Platinum 8375C,64,512,4.032,5.60974,96.768,134.6337,677.376,942.436,2943.36,4095.11
aws,us-east-2,Ohio,r6i,x86(Intel),Intel Xeon Platinum 8375C,96,768,6.048,8.41461,145.152,201.9506,1016.064,1413.654,4415.04,6142.66
aws,us-east-2,Ohio,r6i,x86(Intel),Intel Xeon Platinum 8375C,128,1024,8.064,11.21948,193.536,269.2675,1354.752,1884.872,5886.72,8190.22
aws,us-east-2,Ohio,r7a,x86(AMD),AMD EPYC 9R14,1,8,0.07608,0.04611,1.8259,1.1066,12.781,7.746,55.54,33.66
aws,us-east-2,Ohio,r7a,x86(AMD),AMD EPYC 9R14,2,16,0.15215,0.09221,3.6516,2.2131,25.561,15.492,111.07,67.32
aws,us-east-2,Ohio,r7a,x86(AMD),AMD EPYC 9R14,4,32,0.3043,0.18442,7.3032,4.4262,51.122,30.983,222.14,134.63
aws,us-east-2,Ohio,r7a,x86(AMD),AMD EPYC 9R14,8,64,0.6086,0.36885,14.6064,8.8524,102.245,61.967,444.28,269.26
aws,us-east-2,Ohio,r7a,x86(AMD),AMD EPYC 9R14,16,128,1.2172,0.7377,29.2128,17.7047,204.49,123.933,888.56,538.52
aws,us-east-2,Ohio,r7a,x86(AMD),AMD EPYC 9R14,32,256,2.4344,1.47539,58.4256,35.4095,408.979,247.866,1777.11,1077.04
aws,us-east-2,Ohio,r7a,x86(AMD),AMD EPYC 9R14,48,384,3.6516,2.21309,87.6384,53.1142,613.469,371.799,2665.67,1615.56
aws,us-east-2,Ohio,r7a,x86(AMD),AMD EPYC 9R14,64,512,4.8688,2.95079,116.8512,70.8189,817.958,495.732,3554.22,2154.07
aws,us-east-2,Ohio,r7a,x86(AMD),AMD EPYC 9R14,96,768,7.3032,4.42618,175.2768,106.2284,1226.938,743.599,5331.34,3231.12
aws,us-east-2,Ohio,r7a,x86(AMD),AMD EPYC 9R14,128,1024,9.7376,5.90158,233.7024,141.6378,1635.917,991.465,7108.45,4308.15
aws,us-east-2,Ohio,r7a,x86(AMD),AMD EPYC 9R14,192,1536,14.6064,8.85236,350.5536,212.4567,2453.875,1487.197,10662.67,6462.22
aws,us-east-2,Ohio,r7g,ARM,AWS Graviton3,1,8,0.0536,0.04288,1.2864,1.0291,9.005,7.204,39.13,31.3
aws,us-east-2,Ohio,r7g,ARM,AWS Graviton3,2,16,0.1071,0.08568,2.5704,2.0563,17.993,14.394,78.18,62.54
aws,us-east-2,Ohio,r7g,ARM,AWS Graviton3,4,32,0.2142,0.17136,5.1408,4.1126,35.986,28.789,156.37,125.1
aws,us-east-2,Ohio,r7g,ARM,AWS Graviton3,8,64,0.4284,0.34272,10.2816,8.2253,71.971,57.577,312.73,250.18
aws,us-east-2,Ohio,r7g,ARM,AWS Graviton3,16,128,0.8568,0.68544,20.5632,16.4506,143.942,115.154,625.46,500.37
aws,us-east-2,Ohio,r7g,ARM,AWS Graviton3,32,256,1.7136,1.37088,41.1264,32.9011,287.885,230.308,1250.93,1000.74
aws,us-east-2,Ohio,r7g,ARM,AWS Graviton3,48,384,2.5704,2.05632,61.6896,49.3517,431.827,345.462,1876.39,1501.11
aws,us-east-2,Ohio,r7g,ARM,AWS Graviton3,64,512,3.4272,2.74176,82.2528,65.8022,575.77,460.616,2501.86,2001.49
aws,us-east-2,Ohio,r7i,x86(Intel),Intel Xeon Platinum 8488C,2,16,0.1323,0.1512,3.1752,3.6288,22.226,25.401,96.58,110.38
aws,us-east-2,Ohio,r7i,x86(Intel),Intel Xeon Platinum 8488C,4,32,0.2646,0.3024,6.3504,7.2576,44.453,50.803,193.16,220.75
aws,us-east-2,Ohio,r7i,x86(Intel),Intel Xeon Platinum 8488C,8,64,0.5292,0.6048,12.7008,14.5152,88.906,101.607,386.32,441.51
aws,us-east-2,Ohio,r7i,x86(Intel),Intel Xeon Platinum 8488C,16,128,1.0584,1.2096,25.4016,29.0304,177.811,203.213,772.63,883.01
aws,us-east-2,Ohio,r7i,x86(Intel),Intel Xeon Platinum 8488C,32,256,2.1168,2.4192,50.8032,58.0608,355.622,406.425,1545.26,1766.01
aws,us-east-2,Ohio,r7i,x86(Intel),Intel Xeon Platinum 8488C,48,384,3.1752,3.6288,76.2048,87.0912,533.434,609.639,2317.9,2649.03
aws,us-east-2,Ohio,r7i,x86(Intel),Intel Xeon Platinum 8488C,64,512,4.2336,4.8384,101.6064,116.1216,711.245,812.851,3090.53,3532.03
aws,us-east-2,Ohio,r7i,x86(Intel),Intel Xeon Platinum 8488C,96,768,6.3504,7.2576,152.4096,174.1824,1066.867,1219.277,4635.79,5298.05
aws,us-east-2,Ohio,r7i,x86(Intel),Intel Xeon Platinum 8488C,192,1536,12.7008,14.5152,304.8192,348.3648,2133.734,2438.553,9271.58,10596.09
aws,us-east-2,Ohio,r8a,x86(AMD),AMD EPYC 9R45,1,8,0.07988,0.03715,1.9171,0.8917,13.42,6.242,58.31,27.12
aws,us-east-2,Ohio,r8a,x86(AMD),AMD EPYC 9R45,2,16,0.15976,0.07431,3.8342,1.7833,26.84,12.484,116.62,54.24
aws,us-east-2,Ohio,r8a,x86(AMD),AMD EPYC 9R45,4,32,0.31952,0.14861,7.6685,3.5667,53.679,24.967,233.25,108.49
aws,us-east-2,Ohio,r8a,x86(AMD),AMD EPYC 9R45,8,64,0.63904,0.29723,15.337,7.1335,107.359,49.934,466.5,216.98
aws,us-east-2,Ohio,r8a,x86(AMD),AMD EPYC 9R45,16,128,1.27808,0.59446,30.6739,14.2669,214.717,99.868,933.0,433.95
aws,us-east-2,Ohio,r8a,x86(AMD),AMD EPYC 9R45,32,256,2.55616,1.18891,61.3478,28.5339,429.435,199.737,1866.0,867.91
aws,us-east-2,Ohio,r8a,x86(AMD),AMD EPYC 9R45,48,384,3.83424,1.78337,92.0218,42.8008,644.152,299.606,2799.0,1301.86
aws,us-east-2,Ohio,r8a,x86(AMD),AMD EPYC 9R45,64,512,5.11232,2.37782,122.6957,57.0678,858.87,399.474,3731.99,1735.81
aws,us-east-2,Ohio,r8a,x86(AMD),AMD EPYC 9R45,96,768,7.66848,3.56673,184.0435,85.6016,1288.305,599.212,5597.99,2603.72
aws,us-east-2,Ohio,r8a,x86(AMD),AMD EPYC 9R45,192,1536,15.33696,7.13347,368.087,171.2033,2576.609,1198.423,11195.98,5207.43
aws,us-east-2,Ohio,r8g,ARM,AWS Graviton4,1,8,0.05891,0.03801,1.4138,0.9121,9.897,6.385,43.0,27.74
aws,us-east-2,Ohio,r8g,ARM,AWS Graviton4,2,16,0.11782,0.07601,2.8277,1.8243,19.794,12.77,86.01,55.49
aws,us-east-2,Ohio,r8g,ARM,AWS Graviton4,4,32,0.23564,0.15203,5.6554,3.6486,39.588,25.541,172.02,110.98
aws,us-east-2,Ohio,r8g,ARM,AWS Graviton4,8,64,0.47128,0.30405,11.3107,7.2972,79.175,51.081,344.03,221.95
aws,us-east-2,Ohio,r8g,ARM,AWS Graviton4,16,128,0.94256,0.6081,22.6214,14.5945,158.35,102.161,688.07,443.92
aws,us-east-2,Ohio,r8g,ARM,AWS Graviton4,32,256,1.88512,1.21621,45.2429,29.189,316.7,204.323,1376.14,887.83
aws,us-east-2,Ohio,r8g,ARM,AWS Graviton4,48,384,2.82768,1.82431,67.8643,43.7834,475.05,306.484,2064.21,1331.75
aws,us-east-2,Ohio,r8g,ARM,AWS Graviton4,64,512,3.77024,2.43241,90.4858,58.3779,633.4,408.645,2752.28,1775.66
aws,us-east-2,Ohio,r8g,ARM,AWS Graviton4,96,768,5.65536,3.64862,135.7286,87.5668,950.1,612.968,4128.41,2663.49
aws,us-east-2,Ohio,r8g,ARM,AWS Graviton4,192,1536,11.31072,7.29724,271.4573,175.1337,1900.201,1225.936,8256.83,5326.99
aws,us-east-2,Ohio,r8i,x86(Intel),Intel Xeon 6 6985P-C,2,16,0.13892,0.12348,3.3341,2.9636,23.339,20.746,101.41,90.14
aws,us-east-2,Ohio,r8i,x86(Intel),Intel Xeon 6 6985P-C,4,32,0.27784,0.24697,6.6682,5.9273,46.677,41.491,202.82,180.28
aws,us-east-2,Ohio,r8i,x86(Intel),Intel Xeon 6 6985P-C,8,64,0.55568,0.49394,13.3363,11.8545,93.354,82.981,405.65,360.58
aws,us-east-2,Ohio,r8i,x86(Intel),Intel Xeon 6 6985P-C,16,128,1.11136,0.98788,26.6726,23.709,186.708,165.963,811.29,721.15
aws,us-east-2,Ohio,r8i,x86(Intel),Intel Xeon 6 6985P-C,32,256,2.22272,1.97575,53.3453,47.418,373.417,331.926,1622.59,1442.3
aws,us-east-2,Ohio,r8i,x86(Intel),Intel Xeon 6 6985P-C,48,384,3.33408,2.96363,80.0179,71.127,560.125,497.889,2433.88,2163.45
aws,us-east-2,Ohio,r8i,x86(Intel),Intel Xeon 6 6985P-C,64,512,4.44544,3.9515,106.6906,94.8361,746.834,663.852,3245.17,2884.6
aws,us-east-2,Ohio,r8i,x86(Intel),Intel Xeon 6 6985P-C,96,768,6.66816,5.92725,160.0358,142.254,1120.251,995.779,4867.76,4326.9
aws,us-east-2,Ohio,r8i,x86(Intel),Intel Xeon 6 6985P-C,128,1024,8.89088,7.903,213.3811,189.6721,1493.668,1327.705,6490.34,5769.19
aws,us-east-2,Ohio,r8i,x86(Intel),Intel Xeon 6 6985P-C,192,1536,13.33632,11.85451,320.0717,284.5082,2240.502,1991.557,9735.51,8653.79
aws,us-east-2,Ohio,r8i,x86(Intel),Intel Xeon 6 6985P-C,384,3072,26.67264,23.70901,640.1434,569.0164,4481.004,3983.115,19471.03,17307.58
aws,us-east-2,Ohio,x8g,ARM,AWS Graviton4,1,16,0.0977,0.06303,2.3448,1.5128,16.414,10.59,71.32,46.01
aws,us-east-2,Ohio,x8g,ARM,AWS Graviton4,2,32,0.1954,0.12606,4.6896,3.0255,32.827,21.179,142.64,92.03
aws,us-east-2,Ohio,x8g,ARM,AWS Graviton4,4,64,0.3908,0.25213,9.3792,6.0511,65.654,42.357,285.28,184.05
aws,us-east-2,Ohio,x8g,ARM,AWS Graviton4,8,128,0.7816,0.50426,18.7584,12.1022,131.309,84.715,570.57,368.11
aws,us-east-2,Ohio,x8g,ARM,AWS Graviton4,16,256,1.5632,1.00852,37.5168,24.2044,262.618,169.431,1141.14,736.22
aws,us-east-2,Ohio,x8g,ARM,AWS Graviton4,32,512,3.1264,2.01703,75.0336,48.4088,525.235,338.861,2282.27,1472.43
aws,us-east-2,Ohio,x8g,ARM,AWS Graviton4,48,768,4.6896,3.02555,112.5504,72.6132,787.853,508.292,3423.41,2208.65
aws,us-east-2,Ohio,x8g,ARM,AWS Graviton4,64,1024,6.2528,4.03406,150.0672,96.8175,1050.47,677.723,4564.54,2944.86
aws,us-east-2,Ohio,x8g,ARM,AWS Graviton4,96,1536,9.3792,6.0511,225.1008,145.2263,1575.706,1016.585,6846.82,4417.3
aws,us-east-2,Ohio,x8g,ARM,AWS Graviton4,192,3072,18.7584,12.10219,450.2016,290.4526,3151.411,2033.168,13693.63,8834.6
aws,us-east-2,Ohio,x8i,x86(Intel),Intel Xeon 6 6975P-C,2,32,0.21883,0.19452,5.2519,4.6684,36.763,32.678,159.75,142.0
aws,us-east-2,Ohio,x8i,x86(Intel),Intel Xeon 6 6975P-C,4,64,0.43766,0.38903,10.5038,9.3367,73.527,65.357,319.49,283.99
aws,us-east-2,Ohio,x8i,x86(Intel),Intel Xeon 6 6975P-C,8,128,0.87532,0.77806,21.0077,18.6735,147.054,130.715,638.98,567.98
aws,us-east-2,Ohio,x8i,x86(Intel),Intel Xeon 6 6975P-C,16,256,1.75064,1.55612,42.0154,37.347,294.108,261.429,1277.97,1135.97
aws,us-east-2,Ohio,x8i,x86(Intel),Intel Xeon 6 6975P-C,32,512,3.50128,3.11225,84.0307,74.694,588.215,522.858,2555.93,2271.94
aws,us-east-2,Ohio,x8i,x86(Intel),Intel Xeon 6 6975P-C,48,768,5.25192,4.66837,126.0461,112.041,882.323,784.287,3833.9,3407.91
aws,us-east-2,Ohio,x8i,x86(Intel),Intel Xeon 6 6975P-C,64,1024,7.00256,6.2245,168.0614,149.3879,1176.43,1045.716,5111.87,4543.88
aws,us-east-2,Ohio,x8i,x86(Intel),Intel Xeon 6 6975P-C,96,1536,10.50384,9.33675,252.0922,224.082,1764.645,1568.573,7667.8,6815.82
aws,us-east-2,Ohio,x8i,x86(Intel),Intel Xeon 6 6975P-C,128,2048,14.00512,12.449,336.1229,298.7759,2352.86,2091.431,10223.74,9087.77
aws,us-east-2,Ohio,x8i,x86(Intel),Intel Xeon 6 6975P-C,192,3072,21.00768,18.67349,504.1843,448.1638,3529.29,3137.147,15335.61,13631.65
aws,us-east-2,Ohio,x8i,x86(Intel),Intel Xeon 6 6975P-C,256,4096,28.01024,24.89799,672.2458,597.5518,4705.72,4182.862,20447.48,18175.54
aws,us-east-2,Ohio,x8i,x86(Intel),Intel Xeon 6 6975P-C,384,6144,48.74438,43.32834,1169.8651,1039.8801,8189.056,7279.161,35583.4,31629.69
aws,us-west-1,California,c6a,x86(AMD),AMD EPYC 7R13,2,4,0.0954,0.11742,2.2896,2.818,16.027,19.726,69.64,85.71
aws,us-west-1,California,c6a,x86(AMD),AMD EPYC 7R13,4,8,0.1908,0.23483,4.5792,5.6359,32.054,39.451,139.28,171.42
aws,us-west-1,California,c6a,x86(AMD),AMD EPYC 7R13,8,16,0.3816,0.46966,9.1584,11.2719,64.109,78.903,278.57,342.86
aws,us-west-1,California,c6a,x86(AMD),AMD EPYC 7R13,16,32,0.7632,0.93932,18.3168,22.5438,128.218,157.807,557.14,685.71
aws,us-west-1,California,c6a,x86(AMD),AMD EPYC 7R13,32,64,1.5264,1.87865,36.6336,45.0875,256.435,315.612,1114.27,1371.41
aws,us-west-1,California,c6a,x86(AMD),AMD EPYC 7R13,48,96,2.2896,2.81797,54.9504,67.6313,384.653,473.419,1671.41,2057.12
aws,us-west-1,California,c6a,x86(AMD),AMD EPYC 7R13,64,128,3.0528,3.75729,73.2672,90.175,512.87,631.225,2228.54,2742.82
aws,us-west-1,California,c6a,x86(AMD),AMD EPYC 7R13,96,192,4.5792,5.63594,109.9008,135.2625,769.306,946.838,3342.82,4114.24
aws,us-west-1,California,c6a,x86(AMD),AMD EPYC 7R13,128,256,6.1056,7.51458,146.5344,180.35,1025.741,1262.45,4457.09,5485.65
aws,us-west-1,California,c6a,x86(AMD),AMD EPYC 7R13,192,384,9.1584,11.27188,219.8016,270.525,1538.611,1893.675,6685.63,8228.47
aws,us-west-1,California,c6g,ARM,AWS Graviton2,1,2,0.0424,0.0424,1.0176,1.0176,7.123,7.123,30.95,30.95
aws,us-west-1,California,c6g,ARM,AWS Graviton2,2,4,0.0848,0.0848,2.0352,2.0352,14.246,14.246,61.9,61.9
aws,us-west-1,California,c6g,ARM,AWS Graviton2,4,8,0.1696,0.1696,4.0704,4.0704,28.493,28.493,123.81,123.81
aws,us-west-1,California,c6g,ARM,AWS Graviton2,8,16,0.3392,0.3392,8.1408,8.1408,56.986,56.986,247.62,247.62
aws,us-west-1,California,c6g,ARM,AWS Graviton2,16,32,0.6784,0.6784,16.2816,16.2816,113.971,113.971,495.23,495.23
aws,us-west-1,California,c6g,ARM,AWS Graviton2,32,64,1.3568,1.3568,32.5632,32.5632,227.942,227.942,990.46,990.46
aws,us-west-1,California,c6g,ARM,AWS Graviton2,48,96,2.0352,2.0352,48.8448,48.8448,341.914,341.914,1485.7,1485.7
aws,us-west-1,California,c6g,ARM,AWS Graviton2,64,128,2.7136,2.7136,65.1264,65.1264,455.885,455.885,1980.93,1980.93
aws,us-west-1,California,c6i,x86(Intel),Intel Xeon Platinum 8375C,2,4,0.106,0.14748,2.544,3.5395,17.808,24.776,77.38,107.66
aws,us-west-1,California,c6i,x86(Intel),Intel Xeon Platinum 8375C,4,8,0.212,0.29496,5.088,7.079,35.616,49.553,154.76,215.32
aws,us-west-1,California,c6i,x86(Intel),Intel Xeon Platinum 8375C,8,16,0.424,0.58991,10.176,14.1579,71.232,99.105,309.52,430.64
aws,us-west-1,California,c6i,x86(Intel),Intel Xeon Platinum 8375C,16,32,0.848,1.17983,20.352,28.3158,142.464,198.211,619.04,861.27
aws,us-west-1,California,c6i,x86(Intel),Intel Xeon Platinum 8375C,32,64,1.696,2.35965,40.704,56.6317,284.928,396.422,1238.08,1722.55
aws,us-west-1,California,c6i,x86(Intel),Intel Xeon Platinum 8375C,48,96,2.544,3.53948,61.056,84.9475,427.392,594.632,1857.12,2583.82
aws,us-west-1,California,c6i,x86(Intel),Intel Xeon Platinum 8375C,64,128,3.392,4.7193,81.408,113.2633,569.856,792.843,2476.16,3445.09
aws,us-west-1,California,c6i,x86(Intel),Intel Xeon Platinum 8375C,96,192,5.088,7.07896,122.112,169.895,854.784,1189.265,3714.24,5167.64
aws,us-west-1,California,c6i,x86(Intel),Intel Xeon Platinum 8375C,128,256,6.784,9.43861,162.816,226.5266,1139.712,1585.686,4952.32,6890.18
aws,us-west-1,California,c7g,ARM,AWS Graviton3,1,2,0.0451,0.03608,1.0824,0.8659,7.577,6.062,32.92,26.34
aws,us-west-1,California,c7g,ARM,AWS Graviton3,2,4,0.0901,0.07208,2.1624,1.7299,15.137,12.11,65.77,52.62
aws,us-west-1,California,c7g,ARM,AWS Graviton3,4,8,0.1802,0.14416,4.3248,3.4598,30.274,24.219,131.55,105.24
aws,us-west-1,California,c7g,ARM,AWS Graviton3,8,16,0.3604,0.28832,8.6496,6.9197,60.547,48.438,263.09,210.47
aws,us-west-1,California,c7g,ARM,AWS Graviton3,16,32,0.7208,0.57664,17.2992,13.8394,121.094,96.875,526.18,420.94
aws,us-west-1,California,c7g,ARM,AWS Graviton3,32,64,1.4416,1.15328,34.5984,27.6787,242.189,193.751,1052.37,841.9
aws,us-west-1,California,c7g,ARM,AWS Graviton3,48,96,2.1624,1.72992,51.8976,41.5181,363.283,290.626,1578.55,1262.84
aws,us-west-1,California,c7g,ARM,AWS Graviton3,64,128,2.8832,2.30656,69.1968,55.3574,484.378,387.502,2104.74,1683.79
aws,us-west-1,California,c7i,x86(Intel),Intel Xeon Platinum 8488C,2,4,0.1113,0.1272,2.6712,3.0528,18.698,21.369,81.25,92.86
aws,us-west-1,California,c7i,x86(Intel),Intel Xeon Platinum 8488C,4,8,0.2226,0.2544,5.3424,6.1056,37.397,42.739,162.5,185.71
aws,us-west-1,California,c7i,x86(Intel),Intel Xeon Platinum 8488C,8,16,0.4452,0.5088,10.6848,12.2112,74.794,85.479,325.0,371.43
aws,us-west-1,California,c7i,x86(Intel),Intel Xeon Platinum 8488C,16,32,0.8904,1.0176,21.3696,24.4224,149.587,170.957,649.99,742.85
aws,us-west-1,California,c7i,x86(Intel),Intel Xeon Platinum 8488C,32,64,1.7808,2.0352,42.7392,48.8448,299.174,341.913,1299.98,1485.69
aws,us-west-1,California,c7i,x86(Intel),Intel Xeon Platinum 8488C,48,96,2.6712,3.0528,64.1088,73.2672,448.762,512.871,1949.98,2228.55
aws,us-west-1,California,c7i,x86(Intel),Intel Xeon Platinum 8488C,64,128,3.5616,4.0704,85.4784,97.6896,598.349,683.827,2599.97,2971.39
aws,us-west-1,California,c7i,x86(Intel),Intel Xeon Platinum 8488C,96,192,5.3424,6.1056,128.2176,146.5344,897.523,1025.741,3899.95,4457.09
aws,us-west-1,California,c7i,x86(Intel),Intel Xeon Platinum 8488C,192,384,10.6848,12.2112,256.4352,293.0688,1795.046,2051.481,7799.9,8914.17
aws,us-west-1,California,c8g,ARM,AWS Graviton4,1,2,0.04956,0.03197,1.1894,0.7674,8.326,5.372,36.18,23.34
aws,us-west-1,California,c8g,ARM,AWS Graviton4,2,4,0.09912,0.06395,2.3789,1.5348,16.652,10.743,72.36,46.68
aws,us-west-1,California,c8g,ARM,AWS Graviton4,4,8,0.19824,0.1279,4.7578,3.0695,33.304,21.486,144.72,93.37
aws,us-west-1,California,c8g,ARM,AWS Graviton4,8,16,0.39648,0.25579,9.5155,6.139,66.609,42.974,289.43,186.73
aws,us-west-1,California,c8g,ARM,AWS Graviton4,16,32,0.79296,0.51159,19.031,12.2781,133.217,85.946,578.86,373.46
aws,us-west-1,California,c8g,ARM,AWS Graviton4,32,64,1.58592,1.02317,38.0621,24.5562,266.435,171.894,1157.72,746.92
aws,us-west-1,California,c8g,ARM,AWS Graviton4,48,96,2.37888,1.53476,57.0931,36.8343,399.652,257.84,1736.58,1120.37
aws,us-west-1,California,c8g,ARM,AWS Graviton4,64,128,3.17184,2.04635,76.1242,49.1124,532.869,343.786,2315.44,1493.83
aws,us-west-1,California,c8g,ARM,AWS Graviton4,96,192,4.75776,3.06952,114.1862,73.6685,799.304,515.68,3473.16,2240.75
aws,us-west-1,California,c8g,ARM,AWS Graviton4,192,384,9.51552,6.13905,228.3725,147.3371,1598.607,1031.359,6946.33,4481.5
aws,us-west-1,California,c8i,x86(Intel),Intel Xeon 6 6975P-C,2,4,0.11686,0.10388,2.8046,2.493,19.632,17.451,85.31,75.83
aws,us-west-1,California,c8i,x86(Intel),Intel Xeon 6 6975P-C,4,8,0.23372,0.20775,5.6093,4.986,39.265,34.902,170.62,151.66
aws,us-west-1,California,c8i,x86(Intel),Intel Xeon 6 6975P-C,8,16,0.46744,0.4155,11.2186,9.9721,78.53,69.804,341.23,303.32
aws,us-west-1,California,c8i,x86(Intel),Intel Xeon 6 6975P-C,16,32,0.93488,0.831,22.4371,19.9441,157.06,139.609,682.46,606.63
aws,us-west-1,California,c8i,x86(Intel),Intel Xeon 6 6975P-C,32,64,1.86976,1.66201,44.8742,39.8882,314.12,279.218,1364.92,1213.26
aws,us-west-1,California,c8i,x86(Intel),Intel Xeon 6 6975P-C,48,96,2.80464,2.49301,67.3114,59.8324,471.18,418.827,2047.39,1819.9
aws,us-west-1,California,c8i,x86(Intel),Intel Xeon 6 6975P-C,64,128,3.73952,3.32402,89.7485,79.7764,628.239,558.435,2729.85,2426.53
aws,us-west-1,California,c8i,x86(Intel),Intel Xeon 6 6975P-C,96,192,5.60928,4.98603,134.6227,119.6646,942.359,837.652,4094.77,3639.8
aws,us-west-1,California,c8i,x86(Intel),Intel Xeon 6 6975P-C,128,256,7.47904,6.64804,179.497,159.5529,1256.479,1116.87,5459.7,4853.07
aws,us-west-1,California,c8i,x86(Intel),Intel Xeon 6 6975P-C,192,384,11.21856,9.97205,269.2454,239.3292,1884.718,1675.305,8189.55,7279.6
aws,us-west-1,California,c8i,x86(Intel),Intel Xeon 6 6975P-C,384,768,22.43712,19.94411,538.4909,478.6586,3769.436,3350.61,16379.1,14559.2
aws,us-west-1,California,m6a,x86(AMD),AMD EPYC 7R13,2,8,0.1008,0.12406,2.4192,2.9775,16.934,20.842,73.58,90.56
aws,us-west-1,California,m6a,x86(AMD),AMD EPYC 7R13,4,16,0.2016,0.24812,4.8384,5.955,33.869,41.685,147.17,181.13
aws,us-west-1,California,m6a,x86(AMD),AMD EPYC 7R13,8,32,0.4032,0.49625,9.6768,11.9099,67.738,83.37,294.34,362.26
aws,us-west-1,California,m6a,x86(AMD),AMD EPYC 7R13,16,64,0.8064,0.99249,19.3536,23.8198,135.475,166.738,588.67,724.52
aws,us-west-1,California,m6a,x86(AMD),AMD EPYC 7R13,32,128,1.6128,1.98498,38.7072,47.6396,270.95,333.477,1177.34,1449.03
aws,us-west-1,California,m6a,x86(AMD),AMD EPYC 7R13,48,192,2.4192,2.97748,58.0608,71.4594,406.426,500.217,1766.02,2173.56
aws,us-west-1,California,m6a,x86(AMD),AMD EPYC 7R13,64,256,3.2256,3.96997,77.4144,95.2793,541.901,666.955,2354.69,2898.08
aws,us-west-1,California,m6a,x86(AMD),AMD EPYC 7R13,96,384,4.8384,5.95495,116.1216,142.9189,812.851,1000.432,3532.03,4347.11
aws,us-west-1,California,m6a,x86(AMD),AMD EPYC 7R13,128,512,6.4512,7.93994,154.8288,190.5585,1083.802,1333.91,4709.38,5796.16
aws,us-west-1,California,m6a,x86(AMD),AMD EPYC 7R13,192,768,9.6768,11.90991,232.2432,285.8378,1625.702,2000.864,7064.06,8694.23
aws,us-west-1,California,m6g,ARM,AWS Graviton2,1,4,0.0448,0.0448,1.0752,1.0752,7.526,7.526,32.7,32.7
aws,us-west-1,California,m6g,ARM,AWS Graviton2,2,8,0.0896,0.0896,2.1504,2.1504,15.053,15.053,65.41,65.41
aws,us-west-1,California,m6g,ARM,AWS Graviton2,4,16,0.1792,0.1792,4.3008,4.3008,30.106,30.106,130.82,130.82
aws,us-west-1,California,m6g,ARM,AWS Graviton2,8,32,0.3584,0.3584,8.6016,8.6016,60.211,60.211,261.63,261.63
aws,us-west-1,California,m6g,ARM,AWS Graviton2,16,64,0.7168,0.7168,17.2032,17.2032,120.422,120.422,523.26,523.26
aws,us-west-1,California,m6g,ARM,AWS Graviton2,32,128,1.4336,1.4336,34.4064,34.4064,240.845,240.845,1046.53,1046.53
aws,us-west-1,California,m6g,ARM,AWS Graviton2,48,192,2.1504,2.1504,51.6096,51.6096,361.267,361.267,1569.79,1569.79
aws,us-west-1,California,m6g,ARM,AWS Graviton2,64,256,2.8672,2.8672,68.8128,68.8128,481.69,481.69,2093.06,2093.06
aws,us-west-1,California,m6i,x86(Intel),Intel Xeon Platinum 8375C,2,8,0.112,0.15583,2.688,3.7398,18.816,26.179,81.76,113.75
aws,us-west-1,California,m6i,x86(Intel),Intel Xeon Platinum 8375C,4,16,0.224,0.31165,5.376,7.4797,37.632,52.358,163.52,227.51
aws,us-west-1,California,m6i,x86(Intel),Intel Xeon Platinum 8375C,8,32,0.448,0.6233,10.752,14.9593,75.264,104.715,327.04,455.01
aws,us-west-1,California,m6i,x86(Intel),Intel Xeon Platinum 8375C,16,64,0.896,1.24661,21.504,29.9186,150.528,209.43,654.08,910.02
aws,us-west-1,California,m6i,x86(Intel),Intel Xeon Platinum 8375C,32,128,1.792,2.49322,43.008,59.8372,301.056,418.861,1308.16,1820.05
aws,us-west-1,California,m6i,x86(Intel),Intel Xeon Platinum 8375C,48,192,2.688,3.73983,64.512,89.7558,451.584,628.291,1962.24,2730.07
aws,us-west-1,California,m6i,x86(Intel),Intel Xeon Platinum 8375C,64,256,3.584,4.98643,86.016,119.6744,602.112,837.721,2616.32,3640.1
aws,us-west-1,California,m6i,x86(Intel),Intel Xeon Platinum 8375C,96,384,5.376,7.47965,129.024,179.5117,903.168,1256.582,3924.48,5460.15
aws,us-west-1,California,m6i,x86(Intel),Intel Xeon Platinum 8375C,128,512,7.168,9.97287,172.032,239.3489,1204.224,1675.442,5232.64,7280.19
aws,us-west-1,California,m7g,ARM,AWS Graviton3,1,4,0.0476,0.03808,1.1424,0.9139,7.997,6.398,34.75,27.8
aws,us-west-1,California,m7g,ARM,AWS Graviton3,2,8,0.0952,0.07616,2.2848,1.8278,15.994,12.795,69.5,55.6
aws,us-west-1,California,m7g,ARM,AWS Graviton3,4,16,0.1904,0.15232,4.5696,3.6557,31.987,25.59,138.99,111.19
aws,us-west-1,California,m7g,ARM,AWS Graviton3,8,32,0.3808,0.30464,9.1392,7.3114,63.974,51.179,277.98,222.38
aws,us-west-1,California,m7g,ARM,AWS Graviton3,16,64,0.7616,0.60928,18.2784,14.6227,127.949,102.359,555.97,444.78
aws,us-west-1,California,m7g,ARM,AWS Graviton3,32,128,1.5232,1.21856,36.5568,29.2454,255.898,204.718,1111.94,889.55
aws,us-west-1,California,m7g,ARM,AWS Graviton3,48,192,2.2848,1.82784,54.8352,43.8682,383.846,307.077,1667.9,1334.32
aws,us-west-1,California,m7g,ARM,AWS Graviton3,64,256,3.0464,2.43712,73.1136,58.4909,511.795,409.436,2223.87,1779.1
aws,us-west-1,California,m7i,x86(Intel),Intel Xeon Platinum 8488C,2,8,0.1176,0.1344,2.8224,3.2256,19.757,22.579,85.85,98.11
aws,us-west-1,California,m7i,x86(Intel),Intel Xeon Platinum 8488C,4,16,0.2352,0.2688,5.6448,6.4512,39.514,45.159,171.7,196.23
aws,us-west-1,California,m7i,x86(Intel),Intel Xeon Platinum 8488C,8,32,0.4704,0.5376,11.2896,12.9024,79.027,90.317,343.39,392.45
aws,us-west-1,California,m7i,x86(Intel),Intel Xeon Platinum 8488C,16,64,0.9408,1.0752,22.5792,25.8048,158.054,180.633,686.78,784.89
aws,us-west-1,California,m7i,x86(Intel),Intel Xeon Platinum 8488C,32,128,1.8816,2.1504,45.1584,51.6096,316.109,361.267,1373.57,1569.79
aws,us-west-1,California,m7i,x86(Intel),Intel Xeon Platinum 8488C,48,192,2.8224,3.2256,67.7376,77.4144,474.163,541.901,2060.35,2354.69
aws,us-west-1,California,m7i,x86(Intel),Intel Xeon Platinum 8488C,64,256,3.7632,4.3008,90.3168,103.2192,632.218,722.535,2747.14,3139.59
aws,us-west-1,California,m7i,x86(Intel),Intel Xeon Platinum 8488C,96,384,5.6448,6.4512,135.4752,154.8288,948.326,1083.801,4120.7,4709.37
aws,us-west-1,California,m7i,x86(Intel),Intel Xeon Platinum 8488C,192,768,11.2896,12.9024,270.9504,309.6576,1896.653,2167.603,8241.41,9418.75
aws,us-west-1,California,m8g,ARM,AWS Graviton4,1,4,0.05236,0.03378,1.2566,0.8107,8.796,5.675,38.22,24.66
aws,us-west-1,California,m8g,ARM,AWS Graviton4,2,8,0.10472,0.06756,2.5133,1.6215,17.593,11.35,76.45,49.32
aws,us-west-1,California,m8g,ARM,AWS Graviton4,4,16,0.20944,0.13512,5.0266,3.243,35.186,22.701,152.89,98.64
aws,us-west-1,California,m8g,ARM,AWS Graviton4,8,32,0.41888,0.27025,10.0531,6.4859,70.372,45.401,305.78,197.28
aws,us-west-1,California,m8g,ARM,AWS Graviton4,16,64,0.83776,0.54049,20.1062,12.9717,140.744,90.803,611.56,394.55
aws,us-west-1,California,m8g,ARM,AWS Graviton4,32,128,1.67552,1.08098,40.2125,25.9435,281.487,181.605,1223.13,789.12
aws,us-west-1,California,m8g,ARM,AWS Graviton4,48,192,2.51328,1.62147,60.3187,38.9153,422.231,272.407,1834.69,1183.67
aws,us-west-1,California,m8g,ARM,AWS Graviton4,64,256,3.35104,2.16196,80.425,51.8871,562.975,363.21,2446.26,1578.23
aws,us-west-1,California,m8g,ARM,AWS Graviton4,96,384,5.02656,3.24294,120.6374,77.8306,844.462,544.814,3669.39,2367.35
aws,us-west-1,California,m8g,ARM,AWS Graviton4,192,768,10.05312,6.48588,241.2749,155.6612,1688.924,1089.628,7338.78,4734.7
aws,us-west-1,California,m8i,x86(Intel),Intel Xeon 6 6975P-C,2,8,0.12348,0.10976,2.9635,2.6342,20.745,18.44,90.14,80.12
aws,us-west-1,California,m8i,x86(Intel),Intel Xeon 6 6975P-C,4,16,0.24696,0.21952,5.927,5.2684,41.489,36.879,180.28,160.25
aws,us-west-1,California,m8i,x86(Intel),Intel Xeon 6 6975P-C,8,32,0.49392,0.43904,11.8541,10.537,82.979,73.759,360.56,320.5
aws,us-west-1,California,m8i,x86(Intel),Intel Xeon 6 6975P-C,16,64,0.98784,0.87808,23.7082,21.074,165.957,147.517,721.12,641.0
aws,us-west-1,California,m8i,x86(Intel),Intel Xeon 6 6975P-C,32,128,1.97568,1.75616,47.4163,42.1478,331.914,295.035,1442.25,1282.0
aws,us-west-1,California,m8i,x86(Intel),Intel Xeon 6 6975P-C,48,192,2.96352,2.63424,71.1245,63.2218,497.871,442.552,2163.37,1923.0
aws,us-west-1,California,m8i,x86(Intel),Intel Xeon 6 6975P-C,64,256,3.95136,3.51232,94.8326,84.2956,663.828,590.069,2884.49,2563.99
aws,us-west-1,California,m8i,x86(Intel),Intel Xeon 6 6975P-C,96,384,5.92704,5.26848,142.249,126.4436,995.743,885.105,4326.74,3845.99
aws,us-west-1,California,m8i,x86(Intel),Intel Xeon 6 6975P-C,128,512,7.90272,7.02464,189.6653,168.5914,1327.657,1180.14,5768.99,5127.99
aws,us-west-1,California,m8i,x86(Intel),Intel Xeon 6 6975P-C,192,768,11.85408,10.53696,284.4979,252.887,1991.485,1770.209,8653.48,7691.98
aws,us-west-1,California,m8i,x86(Intel),Intel Xeon 6 6975P-C,384,1536,23.70816,21.07392,568.9958,505.774,3982.971,3540.419,17306.96,15383.96
aws,us-west-1,California,r6a,x86(AMD),AMD EPYC 7R13,2,16,0.126,0.15508,3.024,3.7218,21.168,26.053,91.98,113.21
aws,us-west-1,California,r6a,x86(AMD),AMD EPYC 7R13,4,32,0.252,0.31015,6.048,7.4437,42.336,52.106,183.96,226.41
aws,us-west-1,California,r6a,x86(AMD),AMD EPYC 7R13,8,64,0.504,0.62031,12.096,14.8874,84.672,104.212,367.92,452.82
aws,us-west-1,California,r6a,x86(AMD),AMD EPYC 7R13,16,128,1.008,1.24062,24.192,29.7748,169.344,208.423,735.84,905.65
aws,us-west-1,California,r6a,x86(AMD),AMD EPYC 7R13,32,256,2.016,2.48123,48.384,59.5495,338.688,416.847,1471.68,1811.3
aws,us-west-1,California,r6a,x86(AMD),AMD EPYC 7R13,48,384,3.024,3.72185,72.576,89.3243,508.032,625.27,2207.52,2716.95
aws,us-west-1,California,r6a,x86(AMD),AMD EPYC 7R13,64,512,4.032,4.96246,96.768,119.0991,677.376,833.694,2943.36,3622.6
aws,us-west-1,California,r6a,x86(AMD),AMD EPYC 7R13,96,768,6.048,7.44369,145.152,178.6486,1016.064,1250.54,4415.04,5433.9
aws,us-west-1,California,r6a,x86(AMD),AMD EPYC 7R13,128,1024,8.064,9.92492,193.536,238.1982,1354.752,1667.387,5886.72,7245.19
aws,us-west-1,California,r6a,x86(AMD),AMD EPYC 7R13,192,1536,12.096,14.88738,290.304,357.2972,2032.128,2501.081,8830.08,10867.79
aws,us-west-1,California,r6g,ARM,AWS Graviton2,1,8,0.056,0.056,1.344,1.344,9.408,9.408,40.88,40.88
aws,us-west-1,California,r6g,ARM,AWS Graviton2,2,16,0.112,0.112,2.688,2.688,18.816,18.816,81.76,81.76
aws,us-west-1,California,r6g,ARM,AWS Graviton2,4,32,0.224,0.224,5.376,5.376,37.632,37.632,163.52,163.52
aws,us-west-1,California,r6g,ARM,AWS Graviton2,8,64,0.448,0.448,10.752,10.752,75.264,75.264,327.04,327.04
aws,us-west-1,California,r6g,ARM,AWS Graviton2,16,128,0.896,0.896,21.504,21.504,150.528,150.528,654.08,654.08
aws,us-west-1,California,r6g,ARM,AWS Graviton2,32,256,1.792,1.792,43.008,43.008,301.056,301.056,1308.16,1308.16
aws,us-west-1,California,r6g,ARM,AWS Graviton2,48,384,2.688,2.688,64.512,64.512,451.584,451.584,1962.24,1962.24
aws,us-west-1,California,r6g,ARM,AWS Graviton2,64,512,3.584,3.584,86.016,86.016,602.112,602.112,2616.32,2616.32
aws,us-west-1,California,r6i,x86(Intel),Intel Xeon Platinum 8375C,2,16,0.14,0.19478,3.36,4.6748,23.52,32.723,102.2,142.19
aws,us-west-1,California,r6i,x86(Intel),Intel Xeon Platinum 8375C,4,32,0.28,0.38957,6.72,9.3496,47.04,65.447,204.4,284.38
aws,us-west-1,California,r6i,x86(Intel),Intel Xeon Platinum 8375C,8,64,0.56,0.77913,13.44,18.6991,94.08,130.894,408.8,568.77
aws,us-west-1,California,r6i,x86(Intel),Intel Xeon Platinum 8375C,16,128,1.12,1.55826,26.88,37.3983,188.16,261.788,817.6,1137.53
aws,us-west-1,California,r6i,x86(Intel),Intel Xeon Platinum 8375C,32,256,2.24,3.11652,53.76,74.7965,376.32,523.576,1635.2,2275.06
aws,us-west-1,California,r6i,x86(Intel),Intel Xeon Platinum 8375C,48,384,3.36,4.67478,80.64,112.1948,564.48,785.363,2452.8,3412.59
aws,us-west-1,California,r6i,x86(Intel),Intel Xeon Platinum 8375C,64,512,4.48,6.23304,107.52,149.593,752.64,1047.151,3270.4,4550.12
aws,us-west-1,California,r6i,x86(Intel),Intel Xeon Platinum 8375C,96,768,6.72,9.34957,161.28,224.3896,1128.96,1570.727,4905.6,6825.18
aws,us-west-1,California,r6i,x86(Intel),Intel Xeon Platinum 8375C,128,1024,8.96,12.46609,215.04,299.1861,1505.28,2094.303,6540.8,9100.24
aws,us-west-1,California,r7g,ARM,AWS Graviton3,1,8,0.0595,0.0476,1.428,1.1424,9.996,7.997,43.43,34.74
aws,us-west-1,California,r7g,ARM,AWS Graviton3,2,16,0.119,0.0952,2.856,2.2848,19.992,15.994,86.87,69.5
aws,us-west-1,California,r7g,ARM,AWS Graviton3,4,32,0.238,0.1904,5.712,4.5696,39.984,31.987,173.74,138.99
aws,us-west-1,California,r7g,ARM,AWS Graviton3,8,64,0.476,0.3808,11.424,9.1392,79.968,63.974,347.48,277.98
aws,us-west-1,California,r7g,ARM,AWS Graviton3,16,128,0.952,0.7616,22.848,18.2784,159.936,127.949,694.96,555.97
aws,us-west-1,California,r7g,ARM,AWS Graviton3,32,256,1.904,1.5232,45.696,36.5568,319.872,255.898,1389.92,1111.94
aws,us-west-1,California,r7g,ARM,AWS Graviton3,48,384,2.856,2.2848,68.544,54.8352,479.808,383.846,2084.88,1667.9
aws,us-west-1,California,r7g,ARM,AWS Graviton3,64,512,3.808,3.0464,91.392,73.1136,639.744,511.795,2779.84,2223.87
aws,us-west-1,California,r7i,x86(Intel),Intel Xeon Platinum 8488C,2,16,0.147,0.168,3.528,4.032,24.696,28.224,107.31,122.64
aws,us-west-1,California,r7i,x86(Intel),Intel Xeon Platinum 8488C,4,32,0.294,0.336,7.056,8.064,49.392,56.448,214.62,245.28
aws,us-west-1,California,r7i,x86(Intel),Intel Xeon Platinum 8488C,8,64,0.588,0.672,14.112,16.128,98.784,112.896,429.24,490.56
aws,us-west-1,California,r7i,x86(Intel),Intel Xeon Platinum 8488C,16,128,1.176,1.344,28.224,32.256,197.568,225.792,858.48,981.12
aws,us-west-1,California,r7i,x86(Intel),Intel Xeon Platinum 8488C,32,256,2.352,2.688,56.448,64.512,395.136,451.584,1716.96,1962.24
aws,us-west-1,California,r7i,x86(Intel),Intel Xeon Platinum 8488C,48,384,3.528,4.032,84.672,96.768,592.704,677.376,2575.44,2943.36
aws,us-west-1,California,r7i,x86(Intel),Intel Xeon Platinum 8488C,64,512,4.704,5.376,112.896,129.024,790.272,903.168,3433.92,3924.48
aws,us-west-1,California,r7i,x86(Intel),Intel Xeon Platinum 8488C,96,768,7.056,8.064,169.344,193.536,1185.408,1354.752,5150.88,5886.72
aws,us-west-1,California,r7i,x86(Intel),Intel Xeon Platinum 8488C,192,1536,14.112,16.128,338.688,387.072,2370.816,2709.504,10301.76,11773.44
aws,us-west-1,California,r8g,ARM,AWS Graviton4,1,8,0.06545,0.04223,1.5708,1.0134,10.996,7.094,47.78,30.83
aws,us-west-1,California,r8g,ARM,AWS Graviton4,2,16,0.1309,0.08445,3.1416,2.0268,21.991,14.188,95.56,61.65
aws,us-west-1,California,r8g,ARM,AWS Graviton4,4,32,0.2618,0.1689,6.2832,4.0537,43.982,28.375,191.11,123.3
aws,us-west-1,California,r8g,ARM,AWS Graviton4,8,64,0.5236,0.33781,12.5664,8.1074,87.965,56.752,382.23,246.6
aws,us-west-1,California,r8g,ARM,AWS Graviton4,16,128,1.0472,0.67561,25.1328,16.2147,175.93,113.503,764.46,493.2
aws,us-west-1,California,r8g,ARM,AWS Graviton4,32,256,2.0944,1.35123,50.2656,32.4294,351.859,227.006,1528.91,986.39
aws,us-west-1,California,r8g,ARM,AWS Graviton4,48,384,3.1416,2.02684,75.3984,48.6441,527.789,340.509,2293.37,1479.59
aws,us-west-1,California,r8g,ARM,AWS Graviton4,64,512,4.1888,2.70245,100.5312,64.8588,703.718,454.012,3057.82,1972.79
aws,us-west-1,California,r8g,ARM,AWS Graviton4,96,768,6.2832,4.05368,150.7968,97.2883,1055.578,681.018,4586.74,2959.19
aws,us-west-1,California,r8g,ARM,AWS Graviton4,192,1536,12.5664,8.10735,301.5936,194.5765,2111.155,1362.035,9173.47,5918.37
aws,us-west-1,California,r8i,x86(Intel),Intel Xeon 6 6985P-C,2,16,0.15435,0.1372,3.7044,3.2928,25.931,23.05,112.68,100.16
aws,us-west-1,California,r8i,x86(Intel),Intel Xeon 6 6985P-C,4,32,0.3087,0.2744,7.4088,6.5856,51.862,46.1,225.35,200.31
aws,us-west-1,California,r8i,x86(Intel),Intel Xeon 6 6985P-C,8,64,0.6174,0.5488,14.8176,13.1712,103.723,92.198,450.7,400.62
aws,us-west-1,California,r8i,x86(Intel),Intel Xeon 6 6985P-C,16,128,1.2348,1.0976,29.6352,26.3424,207.446,184.396,901.4,801.24
aws,us-west-1,California,r8i,x86(Intel),Intel Xeon 6 6985P-C,32,256,2.4696,2.1952,59.2704,52.6848,414.893,368.794,1802.81,1602.5
aws,us-west-1,California,r8i,x86(Intel),Intel Xeon 6 6985P-C,48,384,3.7044,3.2928,88.9056,79.0272,622.339,553.19,2704.21,2403.74
aws,us-west-1,California,r8i,x86(Intel),Intel Xeon 6 6985P-C,64,512,4.9392,4.3904,118.5408,105.3696,829.786,737.588,3605.62,3205.0
aws,us-west-1,California,r8i,x86(Intel),Intel Xeon 6 6985P-C,96,768,7.4088,6.5856,177.8112,158.0544,1244.678,1106.38,5408.42,4807.48
aws,us-west-1,California,r8i,x86(Intel),Intel Xeon 6 6985P-C,128,1024,9.8784,8.7808,237.0816,210.7392,1659.571,1475.174,7211.23,6409.98
aws,us-west-1,California,r8i,x86(Intel),Intel Xeon 6 6985P-C,192,1536,14.8176,13.1712,355.6224,316.1088,2489.357,2212.762,10816.85,9614.98
aws,us-west-1,California,r8i,x86(Intel),Intel Xeon 6 6985P-C,384,3072,29.6352,26.3424,711.2448,632.2176,4978.714,4425.524,21633.7,19229.96
aws,us-west-2,Oregon,c6a,x86(AMD),AMD EPYC 7R13,2,4,0.0765,0.09415,1.836,2.2597,12.852,15.818,55.84,68.73
aws,us-west-2,Oregon,c6a,x86(AMD),AMD EPYC 7R13,4,8,0.153,0.18831,3.672,4.5194,25.704,31.636,111.69,137.46
aws,us-west-2,Oregon,c6a,x86(AMD),AMD EPYC 7R13,8,16,0.306,0.37662,7.344,9.0388,51.408,63.271,223.38,274.93
aws,us-west-2,Oregon,c6a,x86(AMD),AMD EPYC 7R13,16,32,0.612,0.75323,14.688,18.0775,102.816,126.543,446.76,549.86
aws,us-west-2,Oregon,c6a,x86(AMD),AMD EPYC 7R13,32,64,1.224,1.50646,29.376,36.1551,205.632,253.086,893.52,1099.72
aws,us-west-2,Oregon,c6a,x86(AMD),AMD EPYC 7R13,48,96,1.836,2.25969,44.064,54.2326,308.448,379.628,1340.28,1649.58
aws,us-west-2,Oregon,c6a,x86(AMD),AMD EPYC 7R13,64,128,2.448,3.01292,58.752,72.3102,411.264,506.171,1787.04,2199.43
aws,us-west-2,Oregon,c6a,x86(AMD),AMD EPYC 7R13,96,192,3.672,4.51938,88.128,108.4652,616.896,759.257,2680.56,3299.15
aws,us-west-2,Oregon,c6a,x86(AMD),AMD EPYC 7R13,128,256,4.896,6.02585,117.504,144.6203,822.528,1012.342,3574.08,4398.87
aws,us-west-2,Oregon,c6a,x86(AMD),AMD EPYC 7R13,192,384,7.344,9.03877,176.256,216.9305,1233.792,1518.513,5361.12,6598.3
aws,us-west-2,Oregon,c6g,ARM,AWS Graviton2,1,2,0.034,0.034,0.816,0.816,5.712,5.712,24.82,24.82
aws,us-west-2,Oregon,c6g,ARM,AWS Graviton2,2,4,0.068,0.068,1.632,1.632,11.424,11.424,49.64,49.64
aws,us-west-2,Oregon,c6g,ARM,AWS Graviton2,4,8,0.136,0.136,3.264,3.264,22.848,22.848,99.28,99.28
aws,us-west-2,Oregon,c6g,ARM,AWS Graviton2,8,16,0.272,0.272,6.528,6.528,45.696,45.696,198.56,198.56
aws,us-west-2,Oregon,c6g,ARM,AWS Graviton2,16,32,0.544,0.544,13.056,13.056,91.392,91.392,397.12,397.12
aws,us-west-2,Oregon,c6g,ARM,AWS Graviton2,32,64,1.088,1.088,26.112,26.112,182.784,182.784,794.24,794.24
aws,us-west-2,Oregon,c6g,ARM,AWS Graviton2,48,96,1.632,1.632,39.168,39.168,274.176,274.176,1191.36,1191.36
aws,us-west-2,Oregon,c6g,ARM,AWS Graviton2,64,128,2.176,2.176,52.224,52.224,365.568,365.568,1588.48,1588.48
aws,us-west-2,Oregon,c6i,x86(Intel),Intel Xeon Platinum 8375C,2,4,0.085,0.11826,2.04,2.8383,14.28,19.868,62.05,86.33
aws,us-west-2,Oregon,c6i,x86(Intel),Intel Xeon Platinum 8375C,4,8,0.17,0.23652,4.08,5.6765,28.56,39.736,124.1,172.66
aws,us-west-2,Oregon,c6i,x86(Intel),Intel Xeon Platinum 8375C,8,16,0.34,0.47304,8.16,11.353,57.12,79.471,248.2,345.32
aws,us-west-2,Oregon,c6i,x86(Intel),Intel Xeon Platinum 8375C,16,32,0.68,0.94609,16.32,22.7061,114.24,158.943,496.4,690.64
aws,us-west-2,Oregon,c6i,x86(Intel),Intel Xeon Platinum 8375C,32,64,1.36,1.89217,32.64,45.4122,228.48,317.885,992.8,1381.29
aws,us-west-2,Oregon,c6i,x86(Intel),Intel Xeon Platinum 8375C,48,96,2.04,2.83826,48.96,68.1183,342.72,476.828,1489.2,2071.93
aws,us-west-2,Oregon,c6i,x86(Intel),Intel Xeon Platinum 8375C,64,128,2.72,3.78435,65.28,90.8243,456.96,635.77,1985.6,2762.57
aws,us-west-2,Oregon,c6i,x86(Intel),Intel Xeon Platinum 8375C,96,192,4.08,5.67652,97.92,136.2365,685.44,953.656,2978.4,4143.86
aws,us-west-2,Oregon,c6i,x86(Intel),Intel Xeon Platinum 8375C,128,256,5.44,7.5687,130.56,181.6487,913.92,1271.541,3971.2,5525.15
aws,us-west-2,Oregon,c7a,x86(AMD),AMD EPYC 9R14,1,2,0.05132,0.0311,1.2317,0.7465,8.622,5.225,37.46,22.7
aws,us-west-2,Oregon,c7a,x86(AMD),AMD EPYC 9R14,2,4,0.10264,0.06221,2.4634,1.493,17.244,10.451,74.93,45.41
aws,us-west-2,Oregon,c7a,x86(AMD),AMD EPYC 9R14,4,8,0.20528,0.12441,4.9267,2.9859,34.487,20.901,149.85,90.82
aws,us-west-2,Oregon,c7a,x86(AMD),AMD EPYC 9R14,8,16,0.41056,0.24882,9.8534,5.9718,68.974,41.802,299.71,181.64
aws,us-west-2,Oregon,c7a,x86(AMD),AMD EPYC 9R14,16,32,0.82112,0.49765,19.7069,11.9436,137.948,83.605,599.42,363.28
aws,us-west-2,Oregon,c7a,x86(AMD),AMD EPYC 9R14,32,64,1.64224,0.9953,39.4138,23.8872,275.896,167.21,1198.84,726.57
aws,us-west-2,Oregon,c7a,x86(AMD),AMD EPYC 9R14,48,96,2.46336,1.49295,59.1206,35.8307,413.844,250.815,1798.25,1089.85
aws,us-west-2,Oregon,c7a,x86(AMD),AMD EPYC 9R14,64,128,3.28448,1.99059,78.8275,47.7742,551.793,334.42,2397.67,1453.13
aws,us-west-2,Oregon,c7a,x86(AMD),AMD EPYC 9R14,96,192,4.92672,2.98589,118.2413,71.6614,827.689,501.63,3596.51,2179.7
aws,us-west-2,Oregon,c7a,x86(AMD),AMD EPYC 9R14,128,256,6.56896,3.98119,157.655,95.5485,1103.585,668.839,4795.34,2906.27
aws,us-west-2,Oregon,c7a,x86(AMD),AMD EPYC 9R14,192,384,9.85344,5.97178,236.4826,143.3228,1655.378,1003.259,7193.01,4359.4
aws,us-west-2,Oregon,c7g,ARM,AWS Graviton3,1,2,0.0363,0.02904,0.8712,0.697,6.098,4.878,26.5,21.2
aws,us-west-2,Oregon,c7g,ARM,AWS Graviton3,2,4,0.0725,0.058,1.74,1.392,12.18,9.744,52.92,42.34
aws,us-west-2,Oregon,c7g,ARM,AWS Graviton3,4,8,0.145,0.116,3.48,2.784,24.36,19.488,105.85,84.68
aws,us-west-2,Oregon,c7g,ARM,AWS Graviton3,8,16,0.29,0.232,6.96,5.568,48.72,38.976,211.7,169.36
aws,us-west-2,Oregon,c7g,ARM,AWS Graviton3,16,32,0.58,0.464,13.92,11.136,97.44,77.952,423.4,338.72
aws,us-west-2,Oregon,c7g,ARM,AWS Graviton3,32,64,1.16,0.928,27.84,22.272,194.88,155.904,846.8,677.44
aws,us-west-2,Oregon,c7g,ARM,AWS Graviton3,48,96,1.74,1.392,41.76,33.408,292.32,233.856,1270.2,1016.16
aws,us-west-2,Oregon,c7g,ARM,AWS Graviton3,64,128,2.32,1.856,55.68,44.544,389.76,311.808,1693.6,1354.88
aws,us-west-2,Oregon,c7i,x86(Intel),Intel Xeon Platinum 8488C,2,4,0.08925,0.102,2.142,2.448,14.994,17.136,65.15,74.46
aws,us-west-2,Oregon,c7i,x86(Intel),Intel Xeon Platinum 8488C,4,8,0.1785,0.204,4.284,4.896,29.988,34.272,130.3,148.91
aws,us-west-2,Oregon,c7i,x86(Intel),Intel Xeon Platinum 8488C,8,16,0.357,0.408,8.568,9.792,59.976,68.544,260.61,297.84
aws,us-west-2,Oregon,c7i,x86(Intel),Intel Xeon Platinum 8488C,16,32,0.714,0.816,17.136,19.584,119.952,137.088,521.22,595.68
aws,us-west-2,Oregon,c7i,x86(Intel),Intel Xeon Platinum 8488C,32,64,1.428,1.632,34.272,39.168,239.904,274.176,1042.44,1191.36
aws,us-west-2,Oregon,c7i,x86(Intel),Intel Xeon Platinum 8488C,48,96,2.142,2.448,51.408,58.752,359.856,411.264,1563.66,1787.04
aws,us-west-2,Oregon,c7i,x86(Intel),Intel Xeon Platinum 8488C,64,128,2.856,3.264,68.544,78.336,479.808,548.352,2084.88,2382.72
aws,us-west-2,Oregon,c7i,x86(Intel),Intel Xeon Platinum 8488C,96,192,4.284,4.896,102.816,117.504,719.712,822.528,3127.32,3574.08
aws,us-west-2,Oregon,c7i,x86(Intel),Intel Xeon Platinum 8488C,192,384,8.568,9.792,205.632,235.008,1439.424,1645.056,6254.64,7148.16
aws,us-west-2,Oregon,c8a,x86(AMD),AMD EPYC 9R45,1,2,0.05389,0.02507,1.2934,0.6016,9.054,4.211,39.34,18.3
aws,us-west-2,Oregon,c8a,x86(AMD),AMD EPYC 9R45,2,4,0.10777,0.05013,2.5865,1.203,18.105,8.421,78.67,36.59
aws,us-west-2,Oregon,c8a,x86(AMD),AMD EPYC 9R45,4,8,0.21554,0.10025,5.173,2.406,36.211,16.842,157.34,73.18
aws,us-west-2,Oregon,c8a,x86(AMD),AMD EPYC 9R45,8,16,0.43108,0.2005,10.3459,4.812,72.421,33.684,314.69,146.37
aws,us-west-2,Oregon,c8a,x86(AMD),AMD EPYC 9R45,16,32,0.86216,0.401,20.6918,9.6241,144.843,67.369,629.38,292.73
aws,us-west-2,Oregon,c8a,x86(AMD),AMD EPYC 9R45,32,64,1.72432,0.80201,41.3837,19.2482,289.686,134.738,1258.75,585.47
aws,us-west-2,Oregon,c8a,x86(AMD),AMD EPYC 9R45,48,96,2.58648,1.20301,62.0755,28.8723,434.529,202.107,1888.13,878.2
aws,us-west-2,Oregon,c8a,x86(AMD),AMD EPYC 9R45,64,128,3.44864,1.60402,82.7674,38.4965,579.372,269.475,2517.51,1170.93
aws,us-west-2,Oregon,c8a,x86(AMD),AMD EPYC 9R45,96,192,5.17296,2.40603,124.151,57.7447,869.057,404.213,3776.26,1756.4
aws,us-west-2,Oregon,c8a,x86(AMD),AMD EPYC 9R45,192,384,10.34592,4.81206,248.3021,115.4893,1738.115,808.426,7552.52,3512.8
aws,us-west-2,Oregon,c8g,ARM,AWS Graviton4,1,2,0.03988,0.02573,0.9571,0.6175,6.7,4.323,29.11,18.78
aws,us-west-2,Oregon,c8g,ARM,AWS Graviton4,2,4,0.07976,0.05146,1.9142,1.235,13.4,8.645,58.22,37.56
aws,us-west-2,Oregon,c8g,ARM,AWS Graviton4,4,8,0.15952,0.10292,3.8285,2.47,26.799,17.29,116.45,75.13
aws,us-west-2,Oregon,c8g,ARM,AWS Graviton4,8,16,0.31904,0.20583,7.657,4.94,53.599,34.58,232.9,150.26
aws,us-west-2,Oregon,c8g,ARM,AWS Graviton4,16,32,0.63808,0.41166,15.3139,9.8799,107.197,69.159,465.8,300.52
aws,us-west-2,Oregon,c8g,ARM,AWS Graviton4,32,64,1.27616,0.82333,30.6278,19.7599,214.395,138.319,931.6,601.03
aws,us-west-2,Oregon,c8g,ARM,AWS Graviton4,48,96,1.91424,1.23499,45.9418,29.6399,321.592,207.479,1397.4,901.55
aws,us-west-2,Oregon,c8g,ARM,AWS Graviton4,64,128,2.55232,1.64666,61.2557,39.5198,428.79,276.639,1863.19,1202.06
aws,us-west-2,Oregon,c8g,ARM,AWS Graviton4,96,192,3.82848,2.46999,91.8835,59.2797,643.185,414.958,2794.79,1803.09
aws,us-west-2,Oregon,c8g,ARM,AWS Graviton4,192,384,7.65696,4.93997,183.767,118.5594,1286.369,829.915,5589.58,3606.18
aws,us-west-2,Oregon,c8i,x86(Intel),Intel Xeon 6 6975P-C,2,4,0.09371,0.0833,2.249,1.9991,15.743,13.994,68.41,60.81
aws,us-west-2,Oregon,c8i,x86(Intel),Intel Xeon 6 6975P-C,4,8,0.18742,0.1666,4.4981,3.9983,31.487,27.988,136.82,121.62
aws,us-west-2,Oregon,c8i,x86(Intel),Intel Xeon 6 6975P-C,8,16,0.37484,0.33319,8.9962,7.9966,62.973,55.976,273.63,243.23
aws,us-west-2,Oregon,c8i,x86(Intel),Intel Xeon 6 6975P-C,16,32,0.74968,0.66638,17.9923,15.9932,125.946,111.952,547.27,486.46
aws,us-west-2,Oregon,c8i,x86(Intel),Intel Xeon 6 6975P-C,32,64,1.49936,1.33276,35.9846,31.9863,251.892,223.904,1094.53,972.92
aws,us-west-2,Oregon,c8i,x86(Intel),Intel Xeon 6 6975P-C,48,96,2.24904,1.99915,53.977,47.9796,377.839,335.857,1641.8,1459.38
aws,us-west-2,Oregon,c8i,x86(Intel),Intel Xeon 6 6975P-C,64,128,2.99872,2.66553,71.9693,63.9727,503.785,447.809,2189.07,1945.84
aws,us-west-2,Oregon,c8i,x86(Intel),Intel Xeon 6 6975P-C,96,192,4.49808,3.99829,107.9539,95.959,755.677,671.713,3283.6,2918.76
aws,us-west-2,Oregon,c8i,x86(Intel),Intel Xeon 6 6975P-C,128,256,5.99744,5.33106,143.9386,127.9454,1007.57,895.618,4378.13,3891.67
aws,us-west-2,Oregon,c8i,x86(Intel),Intel Xeon 6 6975P-C,192,384,8.99616,7.99659,215.9078,191.918,1511.355,1343.427,6567.2,5837.51
aws,us-west-2,Oregon,c8i,x86(Intel),Intel Xeon 6 6975P-C,384,768,17.99232,15.99317,431.8157,383.8362,3022.71,2686.853,13134.39,11675.01
aws,us-west-2,Oregon,c9g,ARM,AWS Graviton5,1,2,0.04347,0.02229,1.0433,0.535,7.303,3.745,31.73,16.27
aws,us-west-2,Oregon,c9g,ARM,AWS Graviton5,2,4,0.08694,0.04458,2.0866,1.0701,14.606,7.49,63.47,32.55
aws,us-west-2,Oregon,c9g,ARM,AWS Graviton5,4,8,0.17388,0.08917,4.1731,2.1401,29.212,14.981,126.93,65.09
aws,us-west-2,Oregon,c9g,ARM,AWS Graviton5,8,16,0.34776,0.17834,8.3462,4.2801,58.424,29.961,253.86,130.18
aws,us-west-2,Oregon,c9g,ARM,AWS Graviton5,16,32,0.69552,0.35668,16.6925,8.5603,116.847,59.922,507.73,260.37
aws,us-west-2,Oregon,c9g,ARM,AWS Graviton5,32,64,1.39104,0.71335,33.385,17.1205,233.695,119.844,1015.46,520.75
aws,us-west-2,Oregon,c9g,ARM,AWS Graviton5,48,96,2.08656,1.07003,50.0774,25.6807,350.542,179.765,1523.19,781.12
aws,us-west-2,Oregon,c9g,ARM,AWS Graviton5,64,128,2.78208,1.42671,66.7699,34.241,467.389,239.687,2030.92,1041.5
aws,us-west-2,Oregon,c9g,ARM,AWS Graviton5,96,192,4.17312,2.14006,100.1549,51.3615,701.084,359.53,3046.38,1562.25
aws,us-west-2,Oregon,c9g,ARM,AWS Graviton5,192,384,8.34624,4.28012,200.3098,102.723,1402.168,719.061,6092.76,3124.49
aws,us-west-2,Oregon,m6a,x86(AMD),AMD EPYC 7R13,2,8,0.0864,0.10634,2.0736,2.5521,14.515,17.865,63.07,77.62
aws,us-west-2,Oregon,m6a,x86(AMD),AMD EPYC 7R13,4,16,0.1728,0.21268,4.1472,5.1042,29.03,35.729,126.14,155.25
aws,us-west-2,Oregon,m6a,x86(AMD),AMD EPYC 7R13,8,32,0.3456,0.42535,8.2944,10.2085,58.061,71.46,252.29,310.51
aws,us-west-2,Oregon,m6a,x86(AMD),AMD EPYC 7R13,16,64,0.6912,0.85071,16.5888,20.417,116.122,142.919,504.58,621.02
aws,us-west-2,Oregon,m6a,x86(AMD),AMD EPYC 7R13,32,128,1.3824,1.70142,33.1776,40.834,232.243,285.838,1009.15,1242.03
aws,us-west-2,Oregon,m6a,x86(AMD),AMD EPYC 7R13,48,192,2.0736,2.55212,49.7664,61.251,348.365,428.757,1513.73,1863.05
aws,us-west-2,Oregon,m6a,x86(AMD),AMD EPYC 7R13,64,256,2.7648,3.40283,66.3552,81.6679,464.486,571.675,2018.3,2484.06
aws,us-west-2,Oregon,m6a,x86(AMD),AMD EPYC 7R13,96,384,4.1472,5.10425,99.5328,122.5019,696.73,857.514,3027.46,3726.1
aws,us-west-2,Oregon,m6a,x86(AMD),AMD EPYC 7R13,128,512,5.5296,6.80566,132.7104,163.3359,928.973,1143.351,4036.61,4968.14
aws,us-west-2,Oregon,m6a,x86(AMD),AMD EPYC 7R13,192,768,8.2944,10.20849,199.0656,245.0038,1393.459,1715.026,6054.91,7452.2
aws,us-west-2,Oregon,m6g,ARM,AWS Graviton2,1,4,0.0385,0.0385,0.924,0.924,6.468,6.468,28.1,28.1
aws,us-west-2,Oregon,m6g,ARM,AWS Graviton2,2,8,0.077,0.077,1.848,1.848,12.936,12.936,56.21,56.21
aws,us-west-2,Oregon,m6g,ARM,AWS Graviton2,4,16,0.154,0.154,3.696,3.696,25.872,25.872,112.42,112.42
aws,us-west-2,Oregon,m6g,ARM,AWS Graviton2,8,32,0.308,0.308,7.392,7.392,51.744,51.744,224.84,224.84
aws,us-west-2,Oregon,m6g,ARM,AWS Graviton2,16,64,0.616,0.616,14.784,14.784,103.488,103.488,449.68,449.68
aws,us-west-2,Oregon,m6g,ARM,AWS Graviton2,32,128,1.232,1.232,29.568,29.568,206.976,206.976,899.36,899.36
aws,us-west-2,Oregon,m6g,ARM,AWS Graviton2,48,192,1.848,1.848,44.352,44.352,310.464,310.464,1349.04,1349.04
aws,us-west-2,Oregon,m6g,ARM,AWS Graviton2,64,256,2.464,2.464,59.136,59.136,413.952,413.952,1798.72,1798.72
aws,us-west-2,Oregon,m6i,x86(Intel),Intel Xeon Platinum 8375C,2,8,0.096,0.13357,2.304,3.2056,16.128,22.439,70.08,97.5
aws,us-west-2,Oregon,m6i,x86(Intel),Intel Xeon Platinum 8375C,4,16,0.192,0.26713,4.608,6.4111,32.256,44.878,140.16,195.01
aws,us-west-2,Oregon,m6i,x86(Intel),Intel Xeon Platinum 8375C,8,32,0.384,0.53426,9.216,12.8223,64.512,89.756,280.32,390.01
aws,us-west-2,Oregon,m6i,x86(Intel),Intel Xeon Platinum 8375C,16,64,0.768,1.06852,18.432,25.6445,129.024,179.512,560.64,780.02
aws,us-west-2,Oregon,m6i,x86(Intel),Intel Xeon Platinum 8375C,32,128,1.536,2.13704,36.864,51.289,258.048,359.023,1121.28,1560.04
aws,us-west-2,Oregon,m6i,x86(Intel),Intel Xeon Platinum 8375C,48,192,2.304,3.20557,55.296,76.9336,387.072,538.535,1681.92,2340.06
aws,us-west-2,Oregon,m6i,x86(Intel),Intel Xeon Platinum 8375C,64,256,3.072,4.27409,73.728,102.5781,516.096,718.047,2242.56,3120.08
aws,us-west-2,Oregon,m6i,x86(Intel),Intel Xeon Platinum 8375C,96,384,4.608,6.41113,110.592,153.8671,774.144,1077.07,3363.84,4680.13
aws,us-west-2,Oregon,m6i,x86(Intel),Intel Xeon Platinum 8375C,128,512,6.144,8.54817,147.456,205.1562,1032.192,1436.093,4485.12,6240.17
aws,us-west-2,Oregon,m7a,x86(AMD),AMD EPYC 9R14,1,4,0.05796,0.03513,1.391,0.843,9.737,5.901,42.31,25.64
aws,us-west-2,Oregon,m7a,x86(AMD),AMD EPYC 9R14,2,8,0.11592,0.07025,2.7821,1.6861,19.475,11.803,84.62,51.28
aws,us-west-2,Oregon,m7a,x86(AMD),AMD EPYC 9R14,4,16,0.23184,0.14051,5.5642,3.3722,38.949,23.605,169.24,102.57
aws,us-west-2,Oregon,m7a,x86(AMD),AMD EPYC 9R14,8,32,0.46368,0.28102,11.1283,6.7444,77.898,47.211,338.49,205.15
aws,us-west-2,Oregon,m7a,x86(AMD),AMD EPYC 9R14,16,64,0.92736,0.56204,22.2566,13.4888,155.796,94.422,676.97,410.28
aws,us-west-2,Oregon,m7a,x86(AMD),AMD EPYC 9R14,32,128,1.85472,1.12407,44.5133,26.9778,311.593,188.844,1353.95,820.58
aws,us-west-2,Oregon,m7a,x86(AMD),AMD EPYC 9R14,48,192,2.78208,1.68611,66.7699,40.4666,467.389,283.266,2030.92,1230.86
aws,us-west-2,Oregon,m7a,x86(AMD),AMD EPYC 9R14,64,256,3.70944,2.24815,89.0266,53.9555,623.186,377.688,2707.89,1641.15
aws,us-west-2,Oregon,m7a,x86(AMD),AMD EPYC 9R14,96,384,5.56416,3.37222,133.5398,80.9332,934.779,566.533,4061.84,2461.72
aws,us-west-2,Oregon,m7a,x86(AMD),AMD EPYC 9R14,128,512,7.41888,4.49629,178.0531,107.911,1246.372,755.377,5415.78,3282.29
aws,us-west-2,Oregon,m7a,x86(AMD),AMD EPYC 9R14,192,768,11.12832,6.74444,267.0797,161.8665,1869.558,1133.065,8123.67,4923.44
aws,us-west-2,Oregon,m7g,ARM,AWS Graviton3,1,4,0.0408,0.03264,0.9792,0.7834,6.854,5.483,29.78,23.82
aws,us-west-2,Oregon,m7g,ARM,AWS Graviton3,2,8,0.0816,0.06528,1.9584,1.5667,13.709,10.967,59.57,47.66
aws,us-west-2,Oregon,m7g,ARM,AWS Graviton3,4,16,0.1632,0.13056,3.9168,3.1334,27.418,21.934,119.14,95.31
aws,us-west-2,Oregon,m7g,ARM,AWS Graviton3,8,32,0.3264,0.26112,7.8336,6.2669,54.835,43.868,238.27,190.62
aws,us-west-2,Oregon,m7g,ARM,AWS Graviton3,16,64,0.6528,0.52224,15.6672,12.5338,109.67,87.736,476.54,381.23
aws,us-west-2,Oregon,m7g,ARM,AWS Graviton3,32,128,1.3056,1.04448,31.3344,25.0675,219.341,175.473,953.09,762.47
aws,us-west-2,Oregon,m7g,ARM,AWS Graviton3,48,192,1.9584,1.56672,47.0016,37.6013,329.011,263.209,1429.63,1143.7
aws,us-west-2,Oregon,m7g,ARM,AWS Graviton3,64,256,2.6112,2.08896,62.6688,50.135,438.682,350.946,1906.18,1524.94
aws,us-west-2,Oregon,m7i,x86(Intel),Intel Xeon Platinum 8488C,2,8,0.1008,0.1152,2.4192,2.7648,16.934,19.353,73.58,84.09
aws,us-west-2,Oregon,m7i,x86(Intel),Intel Xeon Platinum 8488C,4,16,0.2016,0.2304,4.8384,5.5296,33.869,38.707,147.17,168.19
aws,us-west-2,Oregon,m7i,x86(Intel),Intel Xeon Platinum 8488C,8,32,0.4032,0.4608,9.6768,11.0592,67.738,77.415,294.34,336.39
aws,us-west-2,Oregon,m7i,x86(Intel),Intel Xeon Platinum 8488C,16,64,0.8064,0.9216,19.3536,22.1184,135.475,154.829,588.67,672.77
aws,us-west-2,Oregon,m7i,x86(Intel),Intel Xeon Platinum 8488C,32,128,1.6128,1.8432,38.7072,44.2368,270.95,309.657,1177.34,1345.53
aws,us-west-2,Oregon,m7i,x86(Intel),Intel Xeon Platinum 8488C,48,192,2.4192,2.7648,58.0608,66.3552,406.426,464.487,1766.02,2018.31
aws,us-west-2,Oregon,m7i,x86(Intel),Intel Xeon Platinum 8488C,64,256,3.2256,3.6864,77.4144,88.4736,541.901,619.315,2354.69,2691.07
aws,us-west-2,Oregon,m7i,x86(Intel),Intel Xeon Platinum 8488C,96,384,4.8384,5.5296,116.1216,132.7104,812.851,928.973,3532.03,4036.61
aws,us-west-2,Oregon,m7i,x86(Intel),Intel Xeon Platinum 8488C,192,768,9.6768,11.0592,232.2432,265.4208,1625.702,1857.945,7064.06,8073.21
aws,us-west-2,Oregon,m8a,x86(AMD),AMD EPYC 9R45,1,4,0.06086,0.02831,1.4606,0.6793,10.224,4.755,44.43,20.67
aws,us-west-2,Oregon,m8a,x86(AMD),AMD EPYC 9R45,2,8,0.12172,0.05661,2.9213,1.3587,20.449,9.511,88.86,41.33
aws,us-west-2,Oregon,m8a,x86(AMD),AMD EPYC 9R45,4,16,0.24344,0.11323,5.8426,2.7175,40.898,19.022,177.71,82.66
aws,us-west-2,Oregon,m8a,x86(AMD),AMD EPYC 9R45,8,32,0.48688,0.22646,11.6851,5.4349,81.796,38.045,355.42,165.31
aws,us-west-2,Oregon,m8a,x86(AMD),AMD EPYC 9R45,16,64,0.97376,0.45291,23.3702,10.8699,163.592,76.089,710.84,330.62
aws,us-west-2,Oregon,m8a,x86(AMD),AMD EPYC 9R45,32,128,1.94752,0.90582,46.7405,21.7398,327.183,152.178,1421.69,661.25
aws,us-west-2,Oregon,m8a,x86(AMD),AMD EPYC 9R45,48,192,2.92128,1.35873,70.1107,32.6096,490.775,228.267,2132.53,991.87
aws,us-west-2,Oregon,m8a,x86(AMD),AMD EPYC 9R45,64,256,3.89504,1.81165,93.481,43.4795,654.367,304.357,2843.38,1322.5
aws,us-west-2,Oregon,m8a,x86(AMD),AMD EPYC 9R45,96,384,5.84256,2.71747,140.2214,65.2193,981.55,456.535,4265.07,1983.75
aws,us-west-2,Oregon,m8a,x86(AMD),AMD EPYC 9R45,192,768,11.68512,5.43494,280.4429,130.4386,1963.1,913.07,8530.14,3967.51
aws,us-west-2,Oregon,m8g,ARM,AWS Graviton4,1,4,0.04488,0.02895,1.0771,0.6949,7.54,4.865,32.76,21.14
aws,us-west-2,Oregon,m8g,ARM,AWS Graviton4,2,8,0.08976,0.05791,2.1542,1.3898,15.08,9.729,65.52,42.27
aws,us-west-2,Oregon,m8g,ARM,AWS Graviton4,4,16,0.17952,0.11582,4.3085,2.7797,30.159,19.457,131.05,84.55
aws,us-west-2,Oregon,m8g,ARM,AWS Graviton4,8,32,0.35904,0.23164,8.617,5.5594,60.319,38.915,262.1,169.1
aws,us-west-2,Oregon,m8g,ARM,AWS Graviton4,16,64,0.71808,0.46328,17.2339,11.1186,120.637,77.83,524.2,338.19
aws,us-west-2,Oregon,m8g,ARM,AWS Graviton4,32,128,1.43616,0.92655,34.4678,22.2373,241.275,155.661,1048.4,676.39
aws,us-west-2,Oregon,m8g,ARM,AWS Graviton4,48,192,2.15424,1.38983,51.7018,33.356,361.912,233.492,1572.6,1014.58
aws,us-west-2,Oregon,m8g,ARM,AWS Graviton4,64,256,2.87232,1.85311,68.9357,44.4746,482.55,311.323,2096.79,1352.77
aws,us-west-2,Oregon,m8g,ARM,AWS Graviton4,96,384,4.30848,2.77966,103.4035,66.7119,723.825,466.984,3145.19,2029.15
aws,us-west-2,Oregon,m8g,ARM,AWS Graviton4,192,768,8.61696,5.55933,206.807,133.4239,1447.649,933.967,6290.38,4058.31
aws,us-west-2,Oregon,m8i,x86(Intel),Intel Xeon 6 6975P-C,2,8,0.10584,0.09408,2.5402,2.258,17.781,15.805,77.26,68.68
aws,us-west-2,Oregon,m8i,x86(Intel),Intel Xeon 6 6975P-C,4,16,0.21168,0.18816,5.0803,4.5158,35.562,31.611,154.53,137.36
aws,us-west-2,Oregon,m8i,x86(Intel),Intel Xeon 6 6975P-C,8,32,0.42336,0.37632,10.1606,9.0316,71.124,63.221,309.05,274.71
aws,us-west-2,Oregon,m8i,x86(Intel),Intel Xeon 6 6975P-C,16,64,0.84672,0.75264,20.3213,18.0634,142.249,126.444,618.11,549.43
aws,us-west-2,Oregon,m8i,x86(Intel),Intel Xeon 6 6975P-C,32,128,1.69344,1.50528,40.6426,36.1268,284.498,252.887,1236.21,1098.85
aws,us-west-2,Oregon,m8i,x86(Intel),Intel Xeon 6 6975P-C,48,192,2.54016,2.25792,60.9638,54.19,426.747,379.331,1854.32,1648.28
aws,us-west-2,Oregon,m8i,x86(Intel),Intel Xeon 6 6975P-C,64,256,3.38688,3.01056,81.2851,72.2534,568.996,505.774,2472.42,2197.71
aws,us-west-2,Oregon,m8i,x86(Intel),Intel Xeon 6 6975P-C,96,384,5.08032,4.51584,121.9277,108.3802,853.494,758.661,3708.63,3296.56
aws,us-west-2,Oregon,m8i,x86(Intel),Intel Xeon 6 6975P-C,128,512,6.77376,6.02112,162.5702,144.5068,1137.992,1011.548,4944.84,4395.41
aws,us-west-2,Oregon,m8i,x86(Intel),Intel Xeon 6 6975P-C,192,768,10.16064,9.03168,243.8554,216.7604,1706.988,1517.323,7417.27,6593.13
aws,us-west-2,Oregon,m8i,x86(Intel),Intel Xeon 6 6975P-C,384,1536,20.32128,18.06336,487.7107,433.5206,3413.975,3034.644,14834.53,13186.25
aws,us-west-2,Oregon,m9g,ARM,AWS Graviton5,1,4,0.04892,0.02509,1.1741,0.6021,8.219,4.215,35.71,18.31
aws,us-west-2,Oregon,m9g,ARM,AWS Graviton5,2,8,0.09784,0.05017,2.3482,1.2042,16.437,8.429,71.42,36.63
aws,us-west-2,Oregon,m9g,ARM,AWS Graviton5,4,16,0.19568,0.10035,4.6963,2.4084,32.874,16.858,142.85,73.26
aws,us-west-2,Oregon,m9g,ARM,AWS Graviton5,8,32,0.39136,0.2007,9.3926,4.8167,65.748,33.717,285.69,146.51
aws,us-west-2,Oregon,m9g,ARM,AWS Graviton5,16,64,0.78272,0.40139,18.7853,9.6335,131.497,67.434,571.39,293.02
aws,us-west-2,Oregon,m9g,ARM,AWS Graviton5,32,128,1.56544,0.80279,37.5706,19.267,262.994,134.869,1142.77,586.04
aws,us-west-2,Oregon,m9g,ARM,AWS Graviton5,48,192,2.34816,1.20418,56.3558,28.9004,394.491,202.303,1714.16,879.06
aws,us-west-2,Oregon,m9g,ARM,AWS Graviton5,64,256,3.13088,1.60558,75.1411,38.5339,525.988,269.737,2285.54,1172.07
aws,us-west-2,Oregon,m9g,ARM,AWS Graviton5,96,384,4.69632,2.40837,112.7117,57.8009,788.982,404.606,3428.31,1758.11
aws,us-west-2,Oregon,m9g,ARM,AWS Graviton5,192,768,9.39264,4.81674,225.4234,115.6017,1577.964,809.212,6856.63,3516.22
aws,us-west-2,Oregon,r6a,x86(AMD),AMD EPYC 7R13,2,16,0.1134,0.13957,2.7216,3.3497,19.051,23.447,82.78,101.88
aws,us-west-2,Oregon,r6a,x86(AMD),AMD EPYC 7R13,4,32,0.2268,0.27914,5.4432,6.6993,38.102,46.895,165.56,203.77
aws,us-west-2,Oregon,r6a,x86(AMD),AMD EPYC 7R13,8,64,0.4536,0.55828,10.8864,13.3986,76.205,93.791,331.13,407.54
aws,us-west-2,Oregon,r6a,x86(AMD),AMD EPYC 7R13,16,128,0.9072,1.11655,21.7728,26.7973,152.41,187.582,662.26,815.09
aws,us-west-2,Oregon,r6a,x86(AMD),AMD EPYC 7R13,32,256,1.8144,2.23311,43.5456,53.5946,304.819,375.162,1324.51,1630.17
aws,us-west-2,Oregon,r6a,x86(AMD),AMD EPYC 7R13,48,384,2.7216,3.34966,65.3184,80.3919,457.229,562.743,1986.77,2445.26
aws,us-west-2,Oregon,r6a,x86(AMD),AMD EPYC 7R13,64,512,3.6288,4.46622,87.0912,107.1892,609.638,750.324,2649.02,3260.33
aws,us-west-2,Oregon,r6a,x86(AMD),AMD EPYC 7R13,96,768,5.4432,6.69932,130.6368,160.7838,914.458,1125.487,3973.54,4890.51
aws,us-west-2,Oregon,r6a,x86(AMD),AMD EPYC 7R13,128,1024,7.2576,8.93243,174.1824,214.3783,1219.277,1500.649,5298.05,6520.68
aws,us-west-2,Oregon,r6a,x86(AMD),AMD EPYC 7R13,192,1536,10.8864,13.39865,261.2736,321.5675,1828.915,2250.972,7947.07,9781.01
aws,us-west-2,Oregon,r6g,ARM,AWS Graviton2,1,8,0.0504,0.0504,1.2096,1.2096,8.467,8.467,36.79,36.79
aws,us-west-2,Oregon,r6g,ARM,AWS Graviton2,2,16,0.1008,0.1008,2.4192,2.4192,16.934,16.934,73.58,73.58
aws,us-west-2,Oregon,r6g,ARM,AWS Graviton2,4,32,0.2016,0.2016,4.8384,4.8384,33.869,33.869,147.17,147.17
aws,us-west-2,Oregon,r6g,ARM,AWS Graviton2,8,64,0.4032,0.4032,9.6768,9.6768,67.738,67.738,294.34,294.34
aws,us-west-2,Oregon,r6g,ARM,AWS Graviton2,16,128,0.8064,0.8064,19.3536,19.3536,135.475,135.475,588.67,588.67
aws,us-west-2,Oregon,r6g,ARM,AWS Graviton2,32,256,1.6128,1.6128,38.7072,38.7072,270.95,270.95,1177.34,1177.34
aws,us-west-2,Oregon,r6g,ARM,AWS Graviton2,48,384,2.4192,2.4192,58.0608,58.0608,406.426,406.426,1766.02,1766.02
aws,us-west-2,Oregon,r6g,ARM,AWS Graviton2,64,512,3.2256,3.2256,77.4144,77.4144,541.901,541.901,2354.69,2354.69
aws,us-west-2,Oregon,r6i,x86(Intel),Intel Xeon Platinum 8375C,2,16,0.126,0.1753,3.024,4.2073,21.168,29.451,91.98,127.97
aws,us-west-2,Oregon,r6i,x86(Intel),Intel Xeon Platinum 8375C,4,32,0.252,0.35061,6.048,8.4146,42.336,58.902,183.96,255.94
aws,us-west-2,Oregon,r6i,x86(Intel),Intel Xeon Platinum 8375C,8,64,0.504,0.70122,12.096,16.8292,84.672,117.805,367.92,511.89
aws,us-west-2,Oregon,r6i,x86(Intel),Intel Xeon Platinum 8375C,16,128,1.008,1.40243,24.192,33.6584,169.344,235.609,735.84,1023.78
aws,us-west-2,Oregon,r6i,x86(Intel),Intel Xeon Platinum 8375C,32,256,2.016,2.80487,48.384,67.3169,338.688,471.218,1471.68,2047.55
aws,us-west-2,Oregon,r6i,x86(Intel),Intel Xeon Platinum 8375C,48,384,3.024,4.2073,72.576,100.9753,508.032,706.827,2207.52,3071.33
aws,us-west-2,Oregon,r6i,x86(Intel),Intel Xeon Platinum 8375C,64,512,4.032,5.60974,96.768,134.6337,677.376,942.436,2943.36,4095.11
aws,us-west-2,Oregon,r6i,x86(Intel),Intel Xeon Platinum 8375C,96,768,6.048,8.41461,145.152,201.9506,1016.064,1413.654,4415.04,6142.66
aws,us-west-2,Oregon,r6i,x86(Intel),Intel Xeon Platinum 8375C,128,1024,8.064,11.21948,193.536,269.2675,1354.752,1884.872,5886.72,8190.22
aws,us-west-2,Oregon,r7a,x86(AMD),AMD EPYC 9R14,1,8,0.07608,0.04611,1.8259,1.1066,12.781,7.746,55.54,33.66
aws,us-west-2,Oregon,r7a,x86(AMD),AMD EPYC 9R14,2,16,0.15215,0.09221,3.6516,2.2131,25.561,15.492,111.07,67.32
aws,us-west-2,Oregon,r7a,x86(AMD),AMD EPYC 9R14,4,32,0.3043,0.18442,7.3032,4.4262,51.122,30.983,222.14,134.63
aws,us-west-2,Oregon,r7a,x86(AMD),AMD EPYC 9R14,8,64,0.6086,0.36885,14.6064,8.8524,102.245,61.967,444.28,269.26
aws,us-west-2,Oregon,r7a,x86(AMD),AMD EPYC 9R14,16,128,1.2172,0.7377,29.2128,17.7047,204.49,123.933,888.56,538.52
aws,us-west-2,Oregon,r7a,x86(AMD),AMD EPYC 9R14,32,256,2.4344,1.47539,58.4256,35.4095,408.979,247.866,1777.11,1077.04
aws,us-west-2,Oregon,r7a,x86(AMD),AMD EPYC 9R14,48,384,3.6516,2.21309,87.6384,53.1142,613.469,371.799,2665.67,1615.56
aws,us-west-2,Oregon,r7a,x86(AMD),AMD EPYC 9R14,64,512,4.8688,2.95079,116.8512,70.8189,817.958,495.732,3554.22,2154.07
aws,us-west-2,Oregon,r7a,x86(AMD),AMD EPYC 9R14,96,768,7.3032,4.42618,175.2768,106.2284,1226.938,743.599,5331.34,3231.12
aws,us-west-2,Oregon,r7a,x86(AMD),AMD EPYC 9R14,128,1024,9.7376,5.90158,233.7024,141.6378,1635.917,991.465,7108.45,4308.15
aws,us-west-2,Oregon,r7a,x86(AMD),AMD EPYC 9R14,192,1536,14.6064,8.85236,350.5536,212.4567,2453.875,1487.197,10662.67,6462.22
aws,us-west-2,Oregon,r7g,ARM,AWS Graviton3,1,8,0.0536,0.04288,1.2864,1.0291,9.005,7.204,39.13,31.3
aws,us-west-2,Oregon,r7g,ARM,AWS Graviton3,2,16,0.1071,0.08568,2.5704,2.0563,17.993,14.394,78.18,62.54
aws,us-west-2,Oregon,r7g,ARM,AWS Graviton3,4,32,0.2142,0.17136,5.1408,4.1126,35.986,28.789,156.37,125.1
aws,us-west-2,Oregon,r7g,ARM,AWS Graviton3,8,64,0.4284,0.34272,10.2816,8.2253,71.971,57.577,312.73,250.18
aws,us-west-2,Oregon,r7g,ARM,AWS Graviton3,16,128,0.8568,0.68544,20.5632,16.4506,143.942,115.154,625.46,500.37
aws,us-west-2,Oregon,r7g,ARM,AWS Graviton3,32,256,1.7136,1.37088,41.1264,32.9011,287.885,230.308,1250.93,1000.74
aws,us-west-2,Oregon,r7g,ARM,AWS Graviton3,48,384,2.5704,2.05632,61.6896,49.3517,431.827,345.462,1876.39,1501.11
aws,us-west-2,Oregon,r7g,ARM,AWS Graviton3,64,512,3.4272,2.74176,82.2528,65.8022,575.77,460.616,2501.86,2001.49
aws,us-west-2,Oregon,r7i,x86(Intel),Intel Xeon Platinum 8488C,2,16,0.1323,0.1512,3.1752,3.6288,22.226,25.401,96.58,110.38
aws,us-west-2,Oregon,r7i,x86(Intel),Intel Xeon Platinum 8488C,4,32,0.2646,0.3024,6.3504,7.2576,44.453,50.803,193.16,220.75
aws,us-west-2,Oregon,r7i,x86(Intel),Intel Xeon Platinum 8488C,8,64,0.5292,0.6048,12.7008,14.5152,88.906,101.607,386.32,441.51
aws,us-west-2,Oregon,r7i,x86(Intel),Intel Xeon Platinum 8488C,16,128,1.0584,1.2096,25.4016,29.0304,177.811,203.213,772.63,883.01
aws,us-west-2,Oregon,r7i,x86(Intel),Intel Xeon Platinum 8488C,32,256,2.1168,2.4192,50.8032,58.0608,355.622,406.425,1545.26,1766.01
aws,us-west-2,Oregon,r7i,x86(Intel),Intel Xeon Platinum 8488C,48,384,3.1752,3.6288,76.2048,87.0912,533.434,609.639,2317.9,2649.03
aws,us-west-2,Oregon,r7i,x86(Intel),Intel Xeon Platinum 8488C,64,512,4.2336,4.8384,101.6064,116.1216,711.245,812.851,3090.53,3532.03
aws,us-west-2,Oregon,r7i,x86(Intel),Intel Xeon Platinum 8488C,96,768,6.3504,7.2576,152.4096,174.1824,1066.867,1219.277,4635.79,5298.05
aws,us-west-2,Oregon,r7i,x86(Intel),Intel Xeon Platinum 8488C,192,1536,12.7008,14.5152,304.8192,348.3648,2133.734,2438.553,9271.58,10596.09
aws,us-west-2,Oregon,r8a,x86(AMD),AMD EPYC 9R45,1,8,0.07988,0.03715,1.9171,0.8917,13.42,6.242,58.31,27.12
aws,us-west-2,Oregon,r8a,x86(AMD),AMD EPYC 9R45,2,16,0.15976,0.07431,3.8342,1.7833,26.84,12.484,116.62,54.24
aws,us-west-2,Oregon,r8a,x86(AMD),AMD EPYC 9R45,4,32,0.31952,0.14861,7.6685,3.5667,53.679,24.967,233.25,108.49
aws,us-west-2,Oregon,r8a,x86(AMD),AMD EPYC 9R45,8,64,0.63904,0.29723,15.337,7.1335,107.359,49.934,466.5,216.98
aws,us-west-2,Oregon,r8a,x86(AMD),AMD EPYC 9R45,16,128,1.27808,0.59446,30.6739,14.2669,214.717,99.868,933.0,433.95
aws,us-west-2,Oregon,r8a,x86(AMD),AMD EPYC 9R45,32,256,2.55616,1.18891,61.3478,28.5339,429.435,199.737,1866.0,867.91
aws,us-west-2,Oregon,r8a,x86(AMD),AMD EPYC 9R45,48,384,3.83424,1.78337,92.0218,42.8008,644.152,299.606,2799.0,1301.86
aws,us-west-2,Oregon,r8a,x86(AMD),AMD EPYC 9R45,64,512,5.11232,2.37782,122.6957,57.0678,858.87,399.474,3731.99,1735.81
aws,us-west-2,Oregon,r8a,x86(AMD),AMD EPYC 9R45,96,768,7.66848,3.56673,184.0435,85.6016,1288.305,599.212,5597.99,2603.72
aws,us-west-2,Oregon,r8a,x86(AMD),AMD EPYC 9R45,192,1536,15.33696,7.13347,368.087,171.2033,2576.609,1198.423,11195.98,5207.43
aws,us-west-2,Oregon,r8g,ARM,AWS Graviton4,1,8,0.05891,0.03801,1.4138,0.9121,9.897,6.385,43.0,27.74
aws,us-west-2,Oregon,r8g,ARM,AWS Graviton4,2,16,0.11782,0.07601,2.8277,1.8243,19.794,12.77,86.01,55.49
aws,us-west-2,Oregon,r8g,ARM,AWS Graviton4,4,32,0.23564,0.15203,5.6554,3.6486,39.588,25.541,172.02,110.98
aws,us-west-2,Oregon,r8g,ARM,AWS Graviton4,8,64,0.47128,0.30405,11.3107,7.2972,79.175,51.081,344.03,221.95
aws,us-west-2,Oregon,r8g,ARM,AWS Graviton4,16,128,0.94256,0.6081,22.6214,14.5945,158.35,102.161,688.07,443.92
aws,us-west-2,Oregon,r8g,ARM,AWS Graviton4,32,256,1.88512,1.21621,45.2429,29.189,316.7,204.323,1376.14,887.83
aws,us-west-2,Oregon,r8g,ARM,AWS Graviton4,48,384,2.82768,1.82431,67.8643,43.7834,475.05,306.484,2064.21,1331.75
aws,us-west-2,Oregon,r8g,ARM,AWS Graviton4,64,512,3.77024,2.43241,90.4858,58.3779,633.4,408.645,2752.28,1775.66
aws,us-west-2,Oregon,r8g,ARM,AWS Graviton4,96,768,5.65536,3.64862,135.7286,87.5668,950.1,612.968,4128.41,2663.49
aws,us-west-2,Oregon,r8g,ARM,AWS Graviton4,192,1536,11.31072,7.29724,271.4573,175.1337,1900.201,1225.936,8256.83,5326.99
aws,us-west-2,Oregon,r8i,x86(Intel),Intel Xeon 6 6985P-C,2,16,0.13892,0.12348,3.3341,2.9636,23.339,20.746,101.41,90.14
aws,us-west-2,Oregon,r8i,x86(Intel),Intel Xeon 6 6985P-C,4,32,0.27784,0.24697,6.6682,5.9273,46.677,41.491,202.82,180.28
aws,us-west-2,Oregon,r8i,x86(Intel),Intel Xeon 6 6985P-C,8,64,0.55568,0.49394,13.3363,11.8545,93.354,82.981,405.65,360.58
aws,us-west-2,Oregon,r8i,x86(Intel),Intel Xeon 6 6985P-C,16,128,1.11136,0.98788,26.6726,23.709,186.708,165.963,811.29,721.15
aws,us-west-2,Oregon,r8i,x86(Intel),Intel Xeon 6 6985P-C,32,256,2.22272,1.97575,53.3453,47.418,373.417,331.926,1622.59,1442.3
aws,us-west-2,Oregon,r8i,x86(Intel),Intel Xeon 6 6985P-C,48,384,3.33408,2.96363,80.0179,71.127,560.125,497.889,2433.88,2163.45
aws,us-west-2,Oregon,r8i,x86(Intel),Intel Xeon 6 6985P-C,64,512,4.44544,3.9515,106.6906,94.8361,746.834,663.852,3245.17,2884.6
aws,us-west-2,Oregon,r8i,x86(Intel),Intel Xeon 6 6985P-C,96,768,6.66816,5.92725,160.0358,142.254,1120.251,995.779,4867.76,4326.9
aws,us-west-2,Oregon,r8i,x86(Intel),Intel Xeon 6 6985P-C,128,1024,8.89088,7.903,213.3811,189.6721,1493.668,1327.705,6490.34,5769.19
aws,us-west-2,Oregon,r8i,x86(Intel),Intel Xeon 6 6985P-C,192,1536,13.33632,11.85451,320.0717,284.5082,2240.502,1991.557,9735.51,8653.79
aws,us-west-2,Oregon,r8i,x86(Intel),Intel Xeon 6 6985P-C,384,3072,26.67264,23.70901,640.1434,569.0164,4481.004,3983.115,19471.03,17307.58
aws,us-west-2,Oregon,x8g,ARM,AWS Graviton4,1,16,0.0977,0.06303,2.3448,1.5128,16.414,10.59,71.32,46.01
aws,us-west-2,Oregon,x8g,ARM,AWS Graviton4,2,32,0.1954,0.12606,4.6896,3.0255,32.827,21.179,142.64,92.03
aws,us-west-2,Oregon,x8g,ARM,AWS Graviton4,4,64,0.3908,0.25213,9.3792,6.0511,65.654,42.357,285.28,184.05
aws,us-west-2,Oregon,x8g,ARM,AWS Graviton4,8,128,0.7816,0.50426,18.7584,12.1022,131.309,84.715,570.57,368.11
aws,us-west-2,Oregon,x8g,ARM,AWS Graviton4,16,256,1.5632,1.00852,37.5168,24.2044,262.618,169.431,1141.14,736.22
aws,us-west-2,Oregon,x8g,ARM,AWS Graviton4,32,512,3.1264,2.01703,75.0336,48.4088,525.235,338.861,2282.27,1472.43
aws,us-west-2,Oregon,x8g,ARM,AWS Graviton4,48,768,4.6896,3.02555,112.5504,72.6132,787.853,508.292,3423.41,2208.65
aws,us-west-2,Oregon,x8g,ARM,AWS Graviton4,64,1024,6.2528,4.03406,150.0672,96.8175,1050.47,677.723,4564.54,2944.86
aws,us-west-2,Oregon,x8g,ARM,AWS Graviton4,96,1536,9.3792,6.0511,225.1008,145.2263,1575.706,1016.585,6846.82,4417.3
aws,us-west-2,Oregon,x8g,ARM,AWS Graviton4,192,3072,18.7584,12.10219,450.2016,290.4526,3151.411,2033.168,13693.63,8834.6
aws,us-west-2,Oregon,x8i,x86(Intel),Intel Xeon 6 6975P-C,2,32,0.21883,0.19452,5.2519,4.6684,36.763,32.678,159.75,142.0
aws,us-west-2,Oregon,x8i,x86(Intel),Intel Xeon 6 6975P-C,4,64,0.43766,0.38903,10.5038,9.3367,73.527,65.357,319.49,283.99
aws,us-west-2,Oregon,x8i,x86(Intel),Intel Xeon 6 6975P-C,8,128,0.87532,0.77806,21.0077,18.6735,147.054,130.715,638.98,567.98
aws,us-west-2,Oregon,x8i,x86(Intel),Intel Xeon 6 6975P-C,16,256,1.75064,1.55612,42.0154,37.347,294.108,261.429,1277.97,1135.97
aws,us-west-2,Oregon,x8i,x86(Intel),Intel Xeon 6 6975P-C,32,512,3.50128,3.11225,84.0307,74.694,588.215,522.858,2555.93,2271.94
aws,us-west-2,Oregon,x8i,x86(Intel),Intel Xeon 6 6975P-C,48,768,5.25192,4.66837,126.0461,112.041,882.323,784.287,3833.9,3407.91
aws,us-west-2,Oregon,x8i,x86(Intel),Intel Xeon 6 6975P-C,64,1024,7.00256,6.2245,168.0614,149.3879,1176.43,1045.716,5111.87,4543.88
aws,us-west-2,Oregon,x8i,x86(Intel),Intel Xeon 6 6975P-C,96,1536,10.50384,9.33675,252.0922,224.082,1764.645,1568.573,7667.8,6815.82
aws,us-west-2,Oregon,x8i,x86(Intel),Intel Xeon 6 6975P-C,128,2048,14.00512,12.449,336.1229,298.7759,2352.86,2091.431,10223.74,9087.77
aws,us-west-2,Oregon,x8i,x86(Intel),Intel Xeon 6 6975P-C,192,3072,21.00768,18.67349,504.1843,448.1638,3529.29,3137.147,15335.61,13631.65
aws,us-west-2,Oregon,x8i,x86(Intel),Intel Xeon 6 6975P-C,256,4096,28.01024,24.89799,672.2458,597.5518,4705.72,4182.862,20447.48,18175.54
aws,us-west-2,Oregon,x8i,x86(Intel),Intel Xeon 6 6975P-C,384,6144,48.74438,43.32834,1169.8651,1039.8801,8189.056,7279.161,35583.4,31629.69
