region,shape,processor,vCPU,ram(GB),price($/h)
af-south-1,c6g,AWS Graviton2 Processor,1,2.0,0.0456
af-south-1,c6g,AWS Graviton2 Processor,2,4.0,0.0912
af-south-1,c6g,AWS Graviton2 Processor,4,8.0,0.1824
af-south-1,c6g,AWS Graviton2 Processor,8,16.0,0.3648
af-south-1,c6g,AWS Graviton2 Processor,16,32.0,0.7296
af-south-1,c6g,AWS Graviton2 Processor,32,64.0,1.4592
af-south-1,c6g,AWS Graviton2 Processor,48,96.0,2.1888
af-south-1,c6g,AWS Graviton2 Processor,64,128.0,2.9184
af-south-1,c6i,Intel Xeon Platinum 8375C,2,4.0,0.114
af-south-1,c6i,Intel Xeon Platinum 8375C,4,8.0,0.228
af-south-1,c6i,Intel Xeon Platinum 8375C,8,16.0,0.456
af-south-1,c6i,Intel Xeon Platinum 8375C,16,32.0,0.912
af-south-1,c6i,Intel Xeon Platinum 8375C,32,64.0,1.824
af-south-1,c6i,Intel Xeon Platinum 8375C,48,96.0,2.736
af-south-1,c6i,Intel Xeon Platinum 8375C,64,128.0,3.648
af-south-1,c6i,Intel Xeon Platinum 8375C,96,192.0,5.472
af-south-1,c6i,Intel Xeon Platinum 8375C,128,256.0,7.296
af-south-1,c7g,AWS Graviton3 Processor,1,2.0,0.0485
af-south-1,c7g,AWS Graviton3 Processor,2,4.0,0.0969
af-south-1,c7g,AWS Graviton3 Processor,4,8.0,0.1938
af-south-1,c7g,AWS Graviton3 Processor,8,16.0,0.3876
af-south-1,c7g,AWS Graviton3 Processor,16,32.0,0.7752
af-south-1,c7g,AWS Graviton3 Processor,32,64.0,1.5504
af-south-1,c7g,AWS Graviton3 Processor,48,96.0,2.3256
af-south-1,c7g,AWS Graviton3 Processor,64,128.0,3.1008
af-south-1,c7i,Intel Xeon Platinum 8488C,2,4.0,0.1197
af-south-1,c7i,Intel Xeon Platinum 8488C,4,8.0,0.2394
af-south-1,c7i,Intel Xeon Platinum 8488C,8,16.0,0.4788
af-south-1,c7i,Intel Xeon Platinum 8488C,16,32.0,0.9576
af-south-1,c7i,Intel Xeon Platinum 8488C,32,64.0,1.9152
af-south-1,c7i,Intel Xeon Platinum 8488C,48,96.0,2.8728
af-south-1,c7i,Intel Xeon Platinum 8488C,64,128.0,3.8304
af-south-1,c7i,Intel Xeon Platinum 8488C,96,192.0,5.7456
af-south-1,c7i,Intel Xeon Platinum 8488C,192,384.0,11.4912
af-south-1,c8g,AWS Graviton4 Processor,1,2.0,0.0533
af-south-1,c8g,AWS Graviton4 Processor,2,4.0,0.1066
af-south-1,c8g,AWS Graviton4 Processor,4,8.0,0.2132
af-south-1,c8g,AWS Graviton4 Processor,8,16.0,0.4264
af-south-1,c8g,AWS Graviton4 Processor,16,32.0,0.8528
af-south-1,c8g,AWS Graviton4 Processor,32,64.0,1.7056
af-south-1,c8g,AWS Graviton4 Processor,48,96.0,2.5584
af-south-1,c8g,AWS Graviton4 Processor,64,128.0,3.4112
af-south-1,c8g,AWS Graviton4 Processor,96,192.0,5.1168
af-south-1,c8g,AWS Graviton4 Processor,192,384.0,10.2336
af-south-1,c8i,Intel Xeon 6 6975P-C,2,4.0,0.12569
af-south-1,c8i,Intel Xeon 6 6975P-C,4,8.0,0.25138
af-south-1,c8i,Intel Xeon 6 6975P-C,8,16.0,0.50276
af-south-1,c8i,Intel Xeon 6 6975P-C,16,32.0,1.00552
af-south-1,c8i,Intel Xeon 6 6975P-C,32,64.0,2.01104
af-south-1,c8i,Intel Xeon 6 6975P-C,48,96.0,3.01656
af-south-1,c8i,Intel Xeon 6 6975P-C,64,128.0,4.02208
af-south-1,c8i,Intel Xeon 6 6975P-C,96,192.0,6.03312
af-south-1,c8i,Intel Xeon 6 6975P-C,128,256.0,8.04416
af-south-1,c8i,Intel Xeon 6 6975P-C,192,384.0,12.06624
af-south-1,c8i,Intel Xeon 6 6975P-C,384,768.0,24.13248
af-south-1,m6g,AWS Graviton2 Processor,1,4.0,0.0508
af-south-1,m6g,AWS Graviton2 Processor,2,8.0,0.1016
af-south-1,m6g,AWS Graviton2 Processor,4,16.0,0.2032
af-south-1,m6g,AWS Graviton2 Processor,8,32.0,0.4064
af-south-1,m6g,AWS Graviton2 Processor,16,64.0,0.8128
af-south-1,m6g,AWS Graviton2 Processor,32,128.0,1.6256
af-south-1,m6g,AWS Graviton2 Processor,48,192.0,2.4384
af-south-1,m6g,AWS Graviton2 Processor,64,256.0,3.2512
af-south-1,m6i,Intel Xeon Platinum 8375C,2,8.0,0.127
af-south-1,m6i,Intel Xeon Platinum 8375C,4,16.0,0.254
af-south-1,m6i,Intel Xeon Platinum 8375C,8,32.0,0.508
af-south-1,m6i,Intel Xeon Platinum 8375C,16,64.0,1.016
af-south-1,m6i,Intel Xeon Platinum 8375C,32,128.0,2.032
af-south-1,m6i,Intel Xeon Platinum 8375C,48,192.0,3.048
af-south-1,m6i,Intel Xeon Platinum 8375C,64,256.0,4.064
af-south-1,m6i,Intel Xeon Platinum 8375C,96,384.0,6.096
af-south-1,m6i,Intel Xeon Platinum 8375C,128,512.0,8.128
af-south-1,m7g,AWS Graviton3 Processor,1,4.0,0.054
af-south-1,m7g,AWS Graviton3 Processor,2,8.0,0.108
af-south-1,m7g,AWS Graviton3 Processor,4,16.0,0.2159
af-south-1,m7g,AWS Graviton3 Processor,8,32.0,0.4318
af-south-1,m7g,AWS Graviton3 Processor,16,64.0,0.8637
af-south-1,m7g,AWS Graviton3 Processor,32,128.0,1.7274
af-south-1,m7g,AWS Graviton3 Processor,48,192.0,2.591
af-south-1,m7g,AWS Graviton3 Processor,64,256.0,3.4547
af-south-1,m7i,Intel Xeon Platinum 8488C,2,8.0,0.13335
af-south-1,m7i,Intel Xeon Platinum 8488C,4,16.0,0.2667
af-south-1,m7i,Intel Xeon Platinum 8488C,8,32.0,0.5334
af-south-1,m7i,Intel Xeon Platinum 8488C,16,64.0,1.0668
af-south-1,m7i,Intel Xeon Platinum 8488C,32,128.0,2.1336
af-south-1,m7i,Intel Xeon Platinum 8488C,48,192.0,3.2004
af-south-1,m7i,Intel Xeon Platinum 8488C,64,256.0,4.2672
af-south-1,m7i,Intel Xeon Platinum 8488C,96,384.0,6.4008
af-south-1,m7i,Intel Xeon Platinum 8488C,192,768.0,12.8016
af-south-1,m8g,AWS Graviton4 Processor,1,4.0,0.05938
af-south-1,m8g,AWS Graviton4 Processor,2,8.0,0.11876
af-south-1,m8g,AWS Graviton4 Processor,4,16.0,0.23752
af-south-1,m8g,AWS Graviton4 Processor,8,32.0,0.47504
af-south-1,m8g,AWS Graviton4 Processor,16,64.0,0.95008
af-south-1,m8g,AWS Graviton4 Processor,32,128.0,1.90016
af-south-1,m8g,AWS Graviton4 Processor,48,192.0,2.85024
af-south-1,m8g,AWS Graviton4 Processor,64,256.0,3.80032
af-south-1,m8g,AWS Graviton4 Processor,96,384.0,5.70048
af-south-1,m8g,AWS Graviton4 Processor,192,768.0,11.40096
af-south-1,m8i,Intel Xeon 6 6975P-C,2,8.0,0.14002
af-south-1,m8i,Intel Xeon 6 6975P-C,4,16.0,0.28004
af-south-1,m8i,Intel Xeon 6 6975P-C,8,32.0,0.56008
af-south-1,m8i,Intel Xeon 6 6975P-C,16,64.0,1.12016
af-south-1,m8i,Intel Xeon 6 6975P-C,32,128.0,2.24032
af-south-1,m8i,Intel Xeon 6 6975P-C,48,192.0,3.36048
af-south-1,m8i,Intel Xeon 6 6975P-C,64,256.0,4.48064
af-south-1,m8i,Intel Xeon 6 6975P-C,96,384.0,6.72096
af-south-1,m8i,Intel Xeon 6 6975P-C,128,512.0,8.96128
af-south-1,m8i,Intel Xeon 6 6975P-C,192,768.0,13.44192
af-south-1,m8i,Intel Xeon 6 6975P-C,384,1536.0,26.88384
af-south-1,r6g,AWS Graviton2 Processor,1,8.0,0.0672
af-south-1,r6g,AWS Graviton2 Processor,2,16.0,0.1344
af-south-1,r6g,AWS Graviton2 Processor,4,32.0,0.2688
af-south-1,r6g,AWS Graviton2 Processor,8,64.0,0.5376
af-south-1,r6g,AWS Graviton2 Processor,16,128.0,1.0752
af-south-1,r6g,AWS Graviton2 Processor,32,256.0,2.1504
af-south-1,r6g,AWS Graviton2 Processor,48,384.0,3.2256
af-south-1,r6g,AWS Graviton2 Processor,64,512.0,4.3008
af-south-1,r6i,Intel Xeon Platinum 8375C,2,16.0,0.168
af-south-1,r6i,Intel Xeon Platinum 8375C,4,32.0,0.336
af-south-1,r6i,Intel Xeon Platinum 8375C,8,64.0,0.672
af-south-1,r6i,Intel Xeon Platinum 8375C,16,128.0,1.344
af-south-1,r6i,Intel Xeon Platinum 8375C,32,256.0,2.688
af-south-1,r6i,Intel Xeon Platinum 8375C,48,384.0,4.032
af-south-1,r6i,Intel Xeon Platinum 8375C,64,512.0,5.376
af-south-1,r6i,Intel Xeon Platinum 8375C,96,768.0,8.064
af-south-1,r6i,Intel Xeon Platinum 8375C,128,1024.0,10.752
af-south-1,r7g,AWS Graviton3 Processor,1,8.0,0.0714
af-south-1,r7g,AWS Graviton3 Processor,2,16.0,0.1428
af-south-1,r7g,AWS Graviton3 Processor,4,32.0,0.2856
af-south-1,r7g,AWS Graviton3 Processor,8,64.0,0.5712
af-south-1,r7g,AWS Graviton3 Processor,16,128.0,1.1424
af-south-1,r7g,AWS Graviton3 Processor,32,256.0,2.2848
af-south-1,r7g,AWS Graviton3 Processor,48,384.0,3.4272
af-south-1,r7g,AWS Graviton3 Processor,64,512.0,4.5696
af-south-1,r8g,AWS Graviton4 Processor,1,8.0,0.07854
af-south-1,r8g,AWS Graviton4 Processor,2,16.0,0.15708
af-south-1,r8g,AWS Graviton4 Processor,4,32.0,0.31416
af-south-1,r8g,AWS Graviton4 Processor,8,64.0,0.62832
af-south-1,r8g,AWS Graviton4 Processor,16,128.0,1.25664
af-south-1,r8g,AWS Graviton4 Processor,32,256.0,2.51328
af-south-1,r8g,AWS Graviton4 Processor,48,384.0,3.76992
af-south-1,r8g,AWS Graviton4 Processor,64,512.0,5.02656
af-south-1,r8g,AWS Graviton4 Processor,96,768.0,7.53984
af-south-1,r8g,AWS Graviton4 Processor,192,1536.0,15.07968
af-south-1,r8i,Intel Xeon 6 6985P-C,2,16.0,0.18522
af-south-1,r8i,Intel Xeon 6 6985P-C,4,32.0,0.37044
af-south-1,r8i,Intel Xeon 6 6985P-C,8,64.0,0.74088
af-south-1,r8i,Intel Xeon 6 6985P-C,16,128.0,1.48176
af-south-1,r8i,Intel Xeon 6 6985P-C,32,256.0,2.96352
af-south-1,r8i,Intel Xeon 6 6985P-C,48,384.0,4.44528
af-south-1,r8i,Intel Xeon 6 6985P-C,64,512.0,5.92704
af-south-1,r8i,Intel Xeon 6 6985P-C,96,768.0,8.89056
af-south-1,r8i,Intel Xeon 6 6985P-C,128,1024.0,11.85408
af-south-1,r8i,Intel Xeon 6 6985P-C,192,1536.0,17.78112
af-south-1,r8i,Intel Xeon 6 6985P-C,384,3072.0,35.56224
ap-east-1,c6a,AMD EPYC 7R13 Processor,2,4.0,0.0972
ap-east-1,c6a,AMD EPYC 7R13 Processor,4,8.0,0.1944
ap-east-1,c6a,AMD EPYC 7R13 Processor,8,16.0,0.3888
ap-east-1,c6a,AMD EPYC 7R13 Processor,16,32.0,0.7776
ap-east-1,c6a,AMD EPYC 7R13 Processor,32,64.0,1.5552
ap-east-1,c6a,AMD EPYC 7R13 Processor,48,96.0,2.3328
ap-east-1,c6a,AMD EPYC 7R13 Processor,64,128.0,3.1104
ap-east-1,c6a,AMD EPYC 7R13 Processor,96,192.0,4.6656
ap-east-1,c6a,AMD EPYC 7R13 Processor,128,256.0,6.2208
ap-east-1,c6a,AMD EPYC 7R13 Processor,192,384.0,9.3312
ap-east-1,c6g,AWS Graviton2 Processor,1,2.0,0.043
ap-east-1,c6g,AWS Graviton2 Processor,2,4.0,0.086
ap-east-1,c6g,AWS Graviton2 Processor,4,8.0,0.172
ap-east-1,c6g,AWS Graviton2 Processor,8,16.0,0.344
ap-east-1,c6g,AWS Graviton2 Processor,16,32.0,0.688
ap-east-1,c6g,AWS Graviton2 Processor,32,64.0,1.376
ap-east-1,c6g,AWS Graviton2 Processor,48,96.0,2.064
ap-east-1,c6g,AWS Graviton2 Processor,64,128.0,2.752
ap-east-1,c6i,Intel Xeon Platinum 8375C,2,4.0,0.108
ap-east-1,c6i,Intel Xeon Platinum 8375C,4,8.0,0.216
ap-east-1,c6i,Intel Xeon Platinum 8375C,8,16.0,0.432
ap-east-1,c6i,Intel Xeon Platinum 8375C,16,32.0,0.864
ap-east-1,c6i,Intel Xeon Platinum 8375C,32,64.0,1.728
ap-east-1,c6i,Intel Xeon Platinum 8375C,48,96.0,2.592
ap-east-1,c6i,Intel Xeon Platinum 8375C,64,128.0,3.456
ap-east-1,c6i,Intel Xeon Platinum 8375C,96,192.0,5.184
ap-east-1,c6i,Intel Xeon Platinum 8375C,128,256.0,6.912
ap-east-1,c7g,AWS Graviton3 Processor,1,2.0,0.0455
ap-east-1,c7g,AWS Graviton3 Processor,2,4.0,0.091
ap-east-1,c7g,AWS Graviton3 Processor,4,8.0,0.182
ap-east-1,c7g,AWS Graviton3 Processor,8,16.0,0.364
ap-east-1,c7g,AWS Graviton3 Processor,16,32.0,0.728
ap-east-1,c7g,AWS Graviton3 Processor,32,64.0,1.456
ap-east-1,c7g,AWS Graviton3 Processor,48,96.0,2.184
ap-east-1,c7g,AWS Graviton3 Processor,64,128.0,2.912
ap-east-1,c7i,Intel Xeon Platinum 8488C,2,4.0,0.1134
ap-east-1,c7i,Intel Xeon Platinum 8488C,4,8.0,0.2268
ap-east-1,c7i,Intel Xeon Platinum 8488C,8,16.0,0.4536
ap-east-1,c7i,Intel Xeon Platinum 8488C,16,32.0,0.9072
ap-east-1,c7i,Intel Xeon Platinum 8488C,32,64.0,1.8144
ap-east-1,c7i,Intel Xeon Platinum 8488C,48,96.0,2.7216
ap-east-1,c7i,Intel Xeon Platinum 8488C,64,128.0,3.6288
ap-east-1,c7i,Intel Xeon Platinum 8488C,96,192.0,5.4432
ap-east-1,c7i,Intel Xeon Platinum 8488C,192,384.0,10.8864
ap-east-1,c8g,AWS Graviton4 Processor,1,2.0,0.05005
ap-east-1,c8g,AWS Graviton4 Processor,2,4.0,0.1001
ap-east-1,c8g,AWS Graviton4 Processor,4,8.0,0.2002
ap-east-1,c8g,AWS Graviton4 Processor,8,16.0,0.4004
ap-east-1,c8g,AWS Graviton4 Processor,16,32.0,0.8008
ap-east-1,c8g,AWS Graviton4 Processor,32,64.0,1.6016
ap-east-1,c8g,AWS Graviton4 Processor,48,96.0,2.4024
ap-east-1,c8g,AWS Graviton4 Processor,64,128.0,3.2032
ap-east-1,c8g,AWS Graviton4 Processor,96,192.0,4.8048
ap-east-1,c8g,AWS Graviton4 Processor,192,384.0,9.6096
ap-east-1,m6g,AWS Graviton2 Processor,1,4.0,0.053
ap-east-1,m6g,AWS Graviton2 Processor,2,8.0,0.106
ap-east-1,m6g,AWS Graviton2 Processor,4,16.0,0.212
ap-east-1,m6g,AWS Graviton2 Processor,8,32.0,0.424
ap-east-1,m6g,AWS Graviton2 Processor,16,64.0,0.848
ap-east-1,m6g,AWS Graviton2 Processor,32,128.0,1.696
ap-east-1,m6g,AWS Graviton2 Processor,48,192.0,2.544
ap-east-1,m6g,AWS Graviton2 Processor,64,256.0,3.392
ap-east-1,m6i,Intel Xeon Platinum 8375C,2,8.0,0.132
ap-east-1,m6i,Intel Xeon Platinum 8375C,4,16.0,0.264
ap-east-1,m6i,Intel Xeon Platinum 8375C,8,32.0,0.528
ap-east-1,m6i,Intel Xeon Platinum 8375C,16,64.0,1.056
ap-east-1,m6i,Intel Xeon Platinum 8375C,32,128.0,2.112
ap-east-1,m6i,Intel Xeon Platinum 8375C,48,192.0,3.168
ap-east-1,m6i,Intel Xeon Platinum 8375C,64,256.0,4.224
ap-east-1,m6i,Intel Xeon Platinum 8375C,96,384.0,6.336
ap-east-1,m6i,Intel Xeon Platinum 8375C,128,512.0,8.448
ap-east-1,m7g,AWS Graviton3 Processor,1,4.0,0.0561
ap-east-1,m7g,AWS Graviton3 Processor,2,8.0,0.1122
ap-east-1,m7g,AWS Graviton3 Processor,4,16.0,0.2244
ap-east-1,m7g,AWS Graviton3 Processor,8,32.0,0.4488
ap-east-1,m7g,AWS Graviton3 Processor,16,64.0,0.8976
ap-east-1,m7g,AWS Graviton3 Processor,32,128.0,1.7952
ap-east-1,m7g,AWS Graviton3 Processor,48,192.0,2.6928
ap-east-1,m7g,AWS Graviton3 Processor,64,256.0,3.5904
ap-east-1,m7i,Intel Xeon Platinum 8488C,2,8.0,0.1386
ap-east-1,m7i,Intel Xeon Platinum 8488C,4,16.0,0.2772
ap-east-1,m7i,Intel Xeon Platinum 8488C,8,32.0,0.5544
ap-east-1,m7i,Intel Xeon Platinum 8488C,16,64.0,1.1088
ap-east-1,m7i,Intel Xeon Platinum 8488C,32,128.0,2.2176
ap-east-1,m7i,Intel Xeon Platinum 8488C,48,192.0,3.3264
ap-east-1,m7i,Intel Xeon Platinum 8488C,64,256.0,4.4352
ap-east-1,m7i,Intel Xeon Platinum 8488C,96,384.0,6.6528
ap-east-1,m7i,Intel Xeon Platinum 8488C,192,768.0,13.3056
ap-east-1,m8g,AWS Graviton4 Processor,1,4.0,0.06171
ap-east-1,m8g,AWS Graviton4 Processor,2,8.0,0.12342
ap-east-1,m8g,AWS Graviton4 Processor,4,16.0,0.24684
ap-east-1,m8g,AWS Graviton4 Processor,8,32.0,0.49368
ap-east-1,m8g,AWS Graviton4 Processor,16,64.0,0.98736
ap-east-1,m8g,AWS Graviton4 Processor,32,128.0,1.97472
ap-east-1,m8g,AWS Graviton4 Processor,48,192.0,2.96208
ap-east-1,m8g,AWS Graviton4 Processor,64,256.0,3.94944
ap-east-1,m8g,AWS Graviton4 Processor,96,384.0,5.92416
ap-east-1,m8g,AWS Graviton4 Processor,192,768.0,11.84832
ap-east-1,r6g,AWS Graviton2 Processor,1,8.0,0.067
ap-east-1,r6g,AWS Graviton2 Processor,2,16.0,0.134
ap-east-1,r6g,AWS Graviton2 Processor,4,32.0,0.268
ap-east-1,r6g,AWS Graviton2 Processor,8,64.0,0.536
ap-east-1,r6g,AWS Graviton2 Processor,16,128.0,1.072
ap-east-1,r6g,AWS Graviton2 Processor,32,256.0,2.144
ap-east-1,r6g,AWS Graviton2 Processor,48,384.0,3.216
ap-east-1,r6g,AWS Graviton2 Processor,64,512.0,4.288
ap-east-1,r6i,Intel Xeon Platinum 8375C,2,16.0,0.167
ap-east-1,r6i,Intel Xeon Platinum 8375C,4,32.0,0.334
ap-east-1,r6i,Intel Xeon Platinum 8375C,8,64.0,0.668
ap-east-1,r6i,Intel Xeon Platinum 8375C,16,128.0,1.336
ap-east-1,r6i,Intel Xeon Platinum 8375C,32,256.0,2.672
ap-east-1,r6i,Intel Xeon Platinum 8375C,48,384.0,4.008
ap-east-1,r6i,Intel Xeon Platinum 8375C,64,512.0,5.344
ap-east-1,r6i,Intel Xeon Platinum 8375C,96,768.0,8.016
ap-east-1,r6i,Intel Xeon Platinum 8375C,128,1024.0,10.688
ap-east-1,r7g,AWS Graviton3 Processor,1,8.0,0.071
ap-east-1,r7g,AWS Graviton3 Processor,2,16.0,0.142
ap-east-1,r7g,AWS Graviton3 Processor,4,32.0,0.284
ap-east-1,r7g,AWS Graviton3 Processor,8,64.0,0.568
ap-east-1,r7g,AWS Graviton3 Processor,16,128.0,1.136
ap-east-1,r7g,AWS Graviton3 Processor,32,256.0,2.272
ap-east-1,r7g,AWS Graviton3 Processor,48,384.0,3.408
ap-east-1,r7g,AWS Graviton3 Processor,64,512.0,4.544
ap-east-1,r8g,AWS Graviton4 Processor,1,8.0,0.0781
ap-east-1,r8g,AWS Graviton4 Processor,2,16.0,0.1562
ap-east-1,r8g,AWS Graviton4 Processor,4,32.0,0.3124
ap-east-1,r8g,AWS Graviton4 Processor,8,64.0,0.6248
ap-east-1,r8g,AWS Graviton4 Processor,16,128.0,1.2496
ap-east-1,r8g,AWS Graviton4 Processor,32,256.0,2.4992
ap-east-1,r8g,AWS Graviton4 Processor,48,384.0,3.7488
ap-east-1,r8g,AWS Graviton4 Processor,64,512.0,4.9984
ap-east-1,r8g,AWS Graviton4 Processor,96,768.0,7.4976
ap-east-1,r8g,AWS Graviton4 Processor,192,1536.0,14.9952
ap-east-2,c6g,AWS Graviton2 Processor,1,2.0,0.0385
ap-east-2,c6g,AWS Graviton2 Processor,2,4.0,0.077
ap-east-2,c6g,AWS Graviton2 Processor,4,8.0,0.1541
ap-east-2,c6g,AWS Graviton2 Processor,8,16.0,0.3082
ap-east-2,c6g,AWS Graviton2 Processor,16,32.0,0.6163
ap-east-2,c6g,AWS Graviton2 Processor,32,64.0,1.2326
ap-east-2,c6g,AWS Graviton2 Processor,48,96.0,1.849
ap-east-2,c6g,AWS Graviton2 Processor,64,128.0,2.4653
ap-east-2,c6i,Intel Xeon Platinum 8375C,2,4.0,0.0963
ap-east-2,c6i,Intel Xeon Platinum 8375C,4,8.0,0.1926
ap-east-2,c6i,Intel Xeon Platinum 8375C,8,16.0,0.3852
ap-east-2,c6i,Intel Xeon Platinum 8375C,16,32.0,0.7704
ap-east-2,c6i,Intel Xeon Platinum 8375C,32,64.0,1.5408
ap-east-2,c6i,Intel Xeon Platinum 8375C,48,96.0,2.3112
ap-east-2,c6i,Intel Xeon Platinum 8375C,64,128.0,3.0816
ap-east-2,c7g,AWS Graviton3 Processor,1,2.0,0.0409
ap-east-2,c7g,AWS Graviton3 Processor,2,4.0,0.0819
ap-east-2,c7g,AWS Graviton3 Processor,4,8.0,0.1637
ap-east-2,c7g,AWS Graviton3 Processor,8,16.0,0.3274
ap-east-2,c7g,AWS Graviton3 Processor,16,32.0,0.6549
ap-east-2,c7g,AWS Graviton3 Processor,32,64.0,1.3098
ap-east-2,c7g,AWS Graviton3 Processor,48,96.0,1.9646
ap-east-2,c7g,AWS Graviton3 Processor,64,128.0,2.6195
ap-east-2,c7i,Intel Xeon Platinum 8488C,2,4.0,0.10112
ap-east-2,c7i,Intel Xeon Platinum 8488C,4,8.0,0.20224
ap-east-2,c7i,Intel Xeon Platinum 8488C,8,16.0,0.40448
ap-east-2,c7i,Intel Xeon Platinum 8488C,16,32.0,0.80896
ap-east-2,c7i,Intel Xeon Platinum 8488C,32,64.0,1.61792
ap-east-2,c7i,Intel Xeon Platinum 8488C,48,96.0,2.42688
ap-east-2,c7i,Intel Xeon Platinum 8488C,64,128.0,3.23584
ap-east-2,c7i,Intel Xeon Platinum 8488C,96,192.0,4.85376
ap-east-2,c7i,Intel Xeon Platinum 8488C,192,384.0,9.70752
ap-east-2,m6g,AWS Graviton2 Processor,1,4.0,0.0446
ap-east-2,m6g,AWS Graviton2 Processor,2,8.0,0.0891
ap-east-2,m6g,AWS Graviton2 Processor,4,16.0,0.1782
ap-east-2,m6g,AWS Graviton2 Processor,8,32.0,0.3564
ap-east-2,m6g,AWS Graviton2 Processor,16,64.0,0.7128
ap-east-2,m6g,AWS Graviton2 Processor,32,128.0,1.4256
ap-east-2,m6g,AWS Graviton2 Processor,48,192.0,2.1384
ap-east-2,m6g,AWS Graviton2 Processor,64,256.0,2.8512
ap-east-2,m6i,Intel Xeon Platinum 8375C,2,8.0,0.1116
ap-east-2,m6i,Intel Xeon Platinum 8375C,4,16.0,0.2232
ap-east-2,m6i,Intel Xeon Platinum 8375C,8,32.0,0.4464
ap-east-2,m6i,Intel Xeon Platinum 8375C,16,64.0,0.8928
ap-east-2,m6i,Intel Xeon Platinum 8375C,32,128.0,1.7856
ap-east-2,m6i,Intel Xeon Platinum 8375C,48,192.0,2.6784
ap-east-2,m6i,Intel Xeon Platinum 8375C,64,256.0,3.5712
ap-east-2,m7g,AWS Graviton3 Processor,1,4.0,0.0474
ap-east-2,m7g,AWS Graviton3 Processor,2,8.0,0.0949
ap-east-2,m7g,AWS Graviton3 Processor,4,16.0,0.1897
ap-east-2,m7g,AWS Graviton3 Processor,8,32.0,0.3794
ap-east-2,m7g,AWS Graviton3 Processor,16,64.0,0.7589
ap-east-2,m7g,AWS Graviton3 Processor,32,128.0,1.5178
ap-east-2,m7g,AWS Graviton3 Processor,48,192.0,2.2766
ap-east-2,m7g,AWS Graviton3 Processor,64,256.0,3.0355
ap-east-2,m7i,Intel Xeon Platinum 8488C,2,8.0,0.11718
ap-east-2,m7i,Intel Xeon Platinum 8488C,4,16.0,0.23436
ap-east-2,m7i,Intel Xeon Platinum 8488C,8,32.0,0.46872
ap-east-2,m7i,Intel Xeon Platinum 8488C,16,64.0,0.93744
ap-east-2,m7i,Intel Xeon Platinum 8488C,32,128.0,1.87488
ap-east-2,m7i,Intel Xeon Platinum 8488C,48,192.0,2.81232
ap-east-2,m7i,Intel Xeon Platinum 8488C,64,256.0,3.74976
ap-east-2,m7i,Intel Xeon Platinum 8488C,96,384.0,5.62464
ap-east-2,m7i,Intel Xeon Platinum 8488C,192,768.0,11.24928
ap-east-2,r6g,AWS Graviton2 Processor,1,8.0,0.0547
ap-east-2,r6g,AWS Graviton2 Processor,2,16.0,0.1094
ap-east-2,r6g,AWS Graviton2 Processor,4,32.0,0.2189
ap-east-2,r6g,AWS Graviton2 Processor,8,64.0,0.4378
ap-east-2,r6g,AWS Graviton2 Processor,16,128.0,0.8755
ap-east-2,r6g,AWS Graviton2 Processor,32,256.0,1.751
ap-east-2,r6g,AWS Graviton2 Processor,48,384.0,2.6266
ap-east-2,r6g,AWS Graviton2 Processor,64,512.0,3.5021
ap-east-2,r6i,Intel Xeon Platinum 8375C,2,16.0,0.1368
ap-east-2,r6i,Intel Xeon Platinum 8375C,4,32.0,0.2736
ap-east-2,r6i,Intel Xeon Platinum 8375C,8,64.0,0.5472
ap-east-2,r6i,Intel Xeon Platinum 8375C,16,128.0,1.0944
ap-east-2,r6i,Intel Xeon Platinum 8375C,32,256.0,2.1888
ap-east-2,r6i,Intel Xeon Platinum 8375C,48,384.0,3.2832
ap-east-2,r6i,Intel Xeon Platinum 8375C,64,512.0,4.3776
ap-east-2,r7g,AWS Graviton3 Processor,1,8.0,0.0581
ap-east-2,r7g,AWS Graviton3 Processor,2,16.0,0.1163
ap-east-2,r7g,AWS Graviton3 Processor,4,32.0,0.2326
ap-east-2,r7g,AWS Graviton3 Processor,8,64.0,0.4651
ap-east-2,r7g,AWS Graviton3 Processor,16,128.0,0.9302
ap-east-2,r7g,AWS Graviton3 Processor,32,256.0,1.8605
ap-east-2,r7g,AWS Graviton3 Processor,48,384.0,2.7907
ap-east-2,r7g,AWS Graviton3 Processor,64,512.0,3.721
ap-east-2,r7i,Intel Xeon Platinum 8488C,2,16.0,0.14364
ap-east-2,r7i,Intel Xeon Platinum 8488C,4,32.0,0.28728
ap-east-2,r7i,Intel Xeon Platinum 8488C,8,64.0,0.57456
ap-east-2,r7i,Intel Xeon Platinum 8488C,16,128.0,1.14912
ap-east-2,r7i,Intel Xeon Platinum 8488C,32,256.0,2.29824
ap-east-2,r7i,Intel Xeon Platinum 8488C,48,384.0,3.44736
ap-east-2,r7i,Intel Xeon Platinum 8488C,64,512.0,4.59648
ap-east-2,r7i,Intel Xeon Platinum 8488C,96,768.0,6.89472
ap-east-2,r7i,Intel Xeon Platinum 8488C,192,1536.0,13.78944
ap-northeast-1,c6a,AMD EPYC 7R13 Processor,2,4.0,0.0963
ap-northeast-1,c6a,AMD EPYC 7R13 Processor,4,8.0,0.1926
ap-northeast-1,c6a,AMD EPYC 7R13 Processor,8,16.0,0.3852
ap-northeast-1,c6a,AMD EPYC 7R13 Processor,16,32.0,0.7704
ap-northeast-1,c6a,AMD EPYC 7R13 Processor,32,64.0,1.5408
ap-northeast-1,c6a,AMD EPYC 7R13 Processor,48,96.0,2.3112
ap-northeast-1,c6a,AMD EPYC 7R13 Processor,64,128.0,3.0816
ap-northeast-1,c6a,AMD EPYC 7R13 Processor,96,192.0,4.6224
ap-northeast-1,c6a,AMD EPYC 7R13 Processor,128,256.0,6.1632
ap-northeast-1,c6a,AMD EPYC 7R13 Processor,192,384.0,9.2448
ap-northeast-1,c6g,AWS Graviton2 Processor,1,2.0,0.0428
ap-northeast-1,c6g,AWS Graviton2 Processor,2,4.0,0.0856
ap-northeast-1,c6g,AWS Graviton2 Processor,4,8.0,0.1712
ap-northeast-1,c6g,AWS Graviton2 Processor,8,16.0,0.3424
ap-northeast-1,c6g,AWS Graviton2 Processor,16,32.0,0.6848
ap-northeast-1,c6g,AWS Graviton2 Processor,32,64.0,1.3696
ap-northeast-1,c6g,AWS Graviton2 Processor,48,96.0,2.0544
ap-northeast-1,c6g,AWS Graviton2 Processor,64,128.0,2.7392
ap-northeast-1,c6i,Intel Xeon Platinum 8375C,2,4.0,0.107
ap-northeast-1,c6i,Intel Xeon Platinum 8375C,4,8.0,0.214
ap-northeast-1,c6i,Intel Xeon Platinum 8375C,8,16.0,0.428
ap-northeast-1,c6i,Intel Xeon Platinum 8375C,16,32.0,0.856
ap-northeast-1,c6i,Intel Xeon Platinum 8375C,32,64.0,1.712
ap-northeast-1,c6i,Intel Xeon Platinum 8375C,48,96.0,2.568
ap-northeast-1,c6i,Intel Xeon Platinum 8375C,64,128.0,3.424
ap-northeast-1,c6i,Intel Xeon Platinum 8375C,96,192.0,5.136
ap-northeast-1,c6i,Intel Xeon Platinum 8375C,128,256.0,6.848
ap-northeast-1,c7a,AMD EPYC 9R14 Processor,1,2.0,0.0646
ap-northeast-1,c7a,AMD EPYC 9R14 Processor,2,4.0,0.1292
ap-northeast-1,c7a,AMD EPYC 9R14 Processor,4,8.0,0.2584
ap-northeast-1,c7a,AMD EPYC 9R14 Processor,8,16.0,0.5168
ap-northeast-1,c7a,AMD EPYC 9R14 Processor,16,32.0,1.0336
ap-northeast-1,c7a,AMD EPYC 9R14 Processor,32,64.0,2.0672
ap-northeast-1,c7a,AMD EPYC 9R14 Processor,48,96.0,3.1008
ap-northeast-1,c7a,AMD EPYC 9R14 Processor,64,128.0,4.1344
ap-northeast-1,c7a,AMD EPYC 9R14 Processor,96,192.0,6.2016
ap-northeast-1,c7a,AMD EPYC 9R14 Processor,128,256.0,8.2688
ap-northeast-1,c7a,AMD EPYC 9R14 Processor,192,384.0,12.4032
ap-northeast-1,c7g,AWS Graviton3 Processor,1,2.0,0.0455
ap-northeast-1,c7g,AWS Graviton3 Processor,2,4.0,0.091
ap-northeast-1,c7g,AWS Graviton3 Processor,4,8.0,0.1819
ap-northeast-1,c7g,AWS Graviton3 Processor,8,16.0,0.3638
ap-northeast-1,c7g,AWS Graviton3 Processor,16,32.0,0.7277
ap-northeast-1,c7g,AWS Graviton3 Processor,32,64.0,1.4554
ap-northeast-1,c7g,AWS Graviton3 Processor,48,96.0,2.183
ap-northeast-1,c7g,AWS Graviton3 Processor,64,128.0,2.9107
ap-northeast-1,c7i,Intel Xeon Platinum 8488C,2,4.0,0.11235
ap-northeast-1,c7i,Intel Xeon Platinum 8488C,4,8.0,0.2247
ap-northeast-1,c7i,Intel Xeon Platinum 8488C,8,16.0,0.4494
ap-northeast-1,c7i,Intel Xeon Platinum 8488C,16,32.0,0.8988
ap-northeast-1,c7i,Intel Xeon Platinum 8488C,32,64.0,1.7976
ap-northeast-1,c7i,Intel Xeon Platinum 8488C,48,96.0,2.6964
ap-northeast-1,c7i,Intel Xeon Platinum 8488C,64,128.0,3.5952
ap-northeast-1,c7i,Intel Xeon Platinum 8488C,96,192.0,5.3928
ap-northeast-1,c7i,Intel Xeon Platinum 8488C,192,384.0,10.7856
ap-northeast-1,c8a,AMD EPYC 9R45 Processor,1,2.0,0.06783
ap-northeast-1,c8a,AMD EPYC 9R45 Processor,2,4.0,0.13566
ap-northeast-1,c8a,AMD EPYC 9R45 Processor,4,8.0,0.27132
ap-northeast-1,c8a,AMD EPYC 9R45 Processor,8,16.0,0.54264
ap-northeast-1,c8a,AMD EPYC 9R45 Processor,16,32.0,1.08528
ap-northeast-1,c8a,AMD EPYC 9R45 Processor,32,64.0,2.17056
ap-northeast-1,c8a,AMD EPYC 9R45 Processor,48,96.0,3.25584
ap-northeast-1,c8a,AMD EPYC 9R45 Processor,64,128.0,4.34112
ap-northeast-1,c8a,AMD EPYC 9R45 Processor,96,192.0,6.51168
ap-northeast-1,c8a,AMD EPYC 9R45 Processor,192,384.0,13.02336
ap-northeast-1,c8g,AWS Graviton4 Processor,1,2.0,0.05003
ap-northeast-1,c8g,AWS Graviton4 Processor,2,4.0,0.10006
ap-northeast-1,c8g,AWS Graviton4 Processor,4,8.0,0.20012
ap-northeast-1,c8g,AWS Graviton4 Processor,8,16.0,0.40024
ap-northeast-1,c8g,AWS Graviton4 Processor,16,32.0,0.80048
ap-northeast-1,c8g,AWS Graviton4 Processor,32,64.0,1.60096
ap-northeast-1,c8g,AWS Graviton4 Processor,48,96.0,2.40144
ap-northeast-1,c8g,AWS Graviton4 Processor,64,128.0,3.20192
ap-northeast-1,c8g,AWS Graviton4 Processor,96,192.0,4.80288
ap-northeast-1,c8g,AWS Graviton4 Processor,192,384.0,9.60576
ap-northeast-1,c8i,Intel Xeon 6 6975P-C,2,4.0,0.11797
ap-northeast-1,c8i,Intel Xeon 6 6975P-C,4,8.0,0.23594
ap-northeast-1,c8i,Intel Xeon 6 6975P-C,8,16.0,0.47188
ap-northeast-1,c8i,Intel Xeon 6 6975P-C,16,32.0,0.94376
ap-northeast-1,c8i,Intel Xeon 6 6975P-C,32,64.0,1.88752
ap-northeast-1,c8i,Intel Xeon 6 6975P-C,48,96.0,2.83128
ap-northeast-1,c8i,Intel Xeon 6 6975P-C,64,128.0,3.77504
ap-northeast-1,c8i,Intel Xeon 6 6975P-C,96,192.0,5.66256
ap-northeast-1,c8i,Intel Xeon 6 6975P-C,128,256.0,7.55008
ap-northeast-1,c8i,Intel Xeon 6 6975P-C,192,384.0,11.32512
ap-northeast-1,c8i,Intel Xeon 6 6975P-C,384,768.0,22.65024
ap-northeast-1,m6a,AMD EPYC 7R13 Processor,2,8.0,0.1116
ap-northeast-1,m6a,AMD EPYC 7R13 Processor,4,16.0,0.2232
ap-northeast-1,m6a,AMD EPYC 7R13 Processor,8,32.0,0.4464
ap-northeast-1,m6a,AMD EPYC 7R13 Processor,16,64.0,0.8928
ap-northeast-1,m6a,AMD EPYC 7R13 Processor,32,128.0,1.7856
ap-northeast-1,m6a,AMD EPYC 7R13 Processor,48,192.0,2.6784
ap-northeast-1,m6a,AMD EPYC 7R13 Processor,64,256.0,3.5712
ap-northeast-1,m6a,AMD EPYC 7R13 Processor,96,384.0,5.3568
ap-northeast-1,m6a,AMD EPYC 7R13 Processor,128,512.0,7.1424
ap-northeast-1,m6a,AMD EPYC 7R13 Processor,192,768.0,10.7136
ap-northeast-1,m6g,AWS Graviton2 Processor,1,4.0,0.0495
ap-northeast-1,m6g,AWS Graviton2 Processor,2,8.0,0.099
ap-northeast-1,m6g,AWS Graviton2 Processor,4,16.0,0.198
ap-northeast-1,m6g,AWS Graviton2 Processor,8,32.0,0.396
ap-northeast-1,m6g,AWS Graviton2 Processor,16,64.0,0.792
ap-northeast-1,m6g,AWS Graviton2 Processor,32,128.0,1.584
ap-northeast-1,m6g,AWS Graviton2 Processor,48,192.0,2.376
ap-northeast-1,m6g,AWS Graviton2 Processor,64,256.0,3.168
ap-northeast-1,m6i,Intel Xeon Platinum 8375C,2,8.0,0.124
ap-northeast-1,m6i,Intel Xeon Platinum 8375C,4,16.0,0.248
ap-northeast-1,m6i,Intel Xeon Platinum 8375C,8,32.0,0.496
ap-northeast-1,m6i,Intel Xeon Platinum 8375C,16,64.0,0.992
ap-northeast-1,m6i,Intel Xeon Platinum 8375C,32,128.0,1.984
ap-northeast-1,m6i,Intel Xeon Platinum 8375C,48,192.0,2.976
ap-northeast-1,m6i,Intel Xeon Platinum 8375C,64,256.0,3.968
ap-northeast-1,m6i,Intel Xeon Platinum 8375C,96,384.0,5.952
ap-northeast-1,m6i,Intel Xeon Platinum 8375C,128,512.0,7.936
ap-northeast-1,m7a,AMD EPYC 9R14 Processor,1,4.0,0.07487
ap-northeast-1,m7a,AMD EPYC 9R14 Processor,2,8.0,0.14973
ap-northeast-1,m7a,AMD EPYC 9R14 Processor,4,16.0,0.29946
ap-northeast-1,m7a,AMD EPYC 9R14 Processor,8,32.0,0.59892
ap-northeast-1,m7a,AMD EPYC 9R14 Processor,16,64.0,1.19784
ap-northeast-1,m7a,AMD EPYC 9R14 Processor,32,128.0,2.39568
ap-northeast-1,m7a,AMD EPYC 9R14 Processor,48,192.0,3.59352
ap-northeast-1,m7a,AMD EPYC 9R14 Processor,64,256.0,4.79136
ap-northeast-1,m7a,AMD EPYC 9R14 Processor,96,384.0,7.18704
ap-northeast-1,m7a,AMD EPYC 9R14 Processor,128,512.0,9.58272
ap-northeast-1,m7a,AMD EPYC 9R14 Processor,192,768.0,14.37408
ap-northeast-1,m7g,AWS Graviton3 Processor,1,4.0,0.0527
ap-northeast-1,m7g,AWS Graviton3 Processor,2,8.0,0.1054
ap-northeast-1,m7g,AWS Graviton3 Processor,4,16.0,0.2108
ap-northeast-1,m7g,AWS Graviton3 Processor,8,32.0,0.4216
ap-northeast-1,m7g,AWS Graviton3 Processor,16,64.0,0.8432
ap-northeast-1,m7g,AWS Graviton3 Processor,32,128.0,1.6864
ap-northeast-1,m7g,AWS Graviton3 Processor,48,192.0,2.5296
ap-northeast-1,m7g,AWS Graviton3 Processor,64,256.0,3.3728
ap-northeast-1,m7i,Intel Xeon Platinum 8488C,2,8.0,0.1302
ap-northeast-1,m7i,Intel Xeon Platinum 8488C,4,16.0,0.2604
ap-northeast-1,m7i,Intel Xeon Platinum 8488C,8,32.0,0.5208
ap-northeast-1,m7i,Intel Xeon Platinum 8488C,16,64.0,1.0416
ap-northeast-1,m7i,Intel Xeon Platinum 8488C,32,128.0,2.0832
ap-northeast-1,m7i,Intel Xeon Platinum 8488C,48,192.0,3.1248
ap-northeast-1,m7i,Intel Xeon Platinum 8488C,64,256.0,4.1664
ap-northeast-1,m7i,Intel Xeon Platinum 8488C,96,384.0,6.2496
ap-northeast-1,m7i,Intel Xeon Platinum 8488C,192,768.0,12.4992
ap-northeast-1,m8a,AMD EPYC 9R45 Processor,1,4.0,0.07861
ap-northeast-1,m8a,AMD EPYC 9R45 Processor,2,8.0,0.15722
ap-northeast-1,m8a,AMD EPYC 9R45 Processor,4,16.0,0.31444
ap-northeast-1,m8a,AMD EPYC 9R45 Processor,8,32.0,0.62888
ap-northeast-1,m8a,AMD EPYC 9R45 Processor,16,64.0,1.25776
ap-northeast-1,m8a,AMD EPYC 9R45 Processor,32,128.0,2.51552
ap-northeast-1,m8a,AMD EPYC 9R45 Processor,48,192.0,3.77328
ap-northeast-1,m8a,AMD EPYC 9R45 Processor,64,256.0,5.03104
ap-northeast-1,m8a,AMD EPYC 9R45 Processor,96,384.0,7.54656
ap-northeast-1,m8a,AMD EPYC 9R45 Processor,192,768.0,15.09312
ap-northeast-1,m8g,AWS Graviton4 Processor,1,4.0,0.05797
ap-northeast-1,m8g,AWS Graviton4 Processor,2,8.0,0.11594
ap-northeast-1,m8g,AWS Graviton4 Processor,4,16.0,0.23188
ap-northeast-1,m8g,AWS Graviton4 Processor,8,32.0,0.46376
ap-northeast-1,m8g,AWS Graviton4 Processor,16,64.0,0.92752
ap-northeast-1,m8g,AWS Graviton4 Processor,32,128.0,1.85504
ap-northeast-1,m8g,AWS Graviton4 Processor,48,192.0,2.78256
ap-northeast-1,m8g,AWS Graviton4 Processor,64,256.0,3.71008
ap-northeast-1,m8g,AWS Graviton4 Processor,96,384.0,5.56512
ap-northeast-1,m8g,AWS Graviton4 Processor,192,768.0,11.13024
ap-northeast-1,m8i,Intel Xeon 6 6975P-C,2,8.0,0.13671
ap-northeast-1,m8i,Intel Xeon 6 6975P-C,4,16.0,0.27342
ap-northeast-1,m8i,Intel Xeon 6 6975P-C,8,32.0,0.54684
ap-northeast-1,m8i,Intel Xeon 6 6975P-C,16,64.0,1.09368
ap-northeast-1,m8i,Intel Xeon 6 6975P-C,32,128.0,2.18736
ap-northeast-1,m8i,Intel Xeon 6 6975P-C,48,192.0,3.28104
ap-northeast-1,m8i,Intel Xeon 6 6975P-C,64,256.0,4.37472
ap-northeast-1,m8i,Intel Xeon 6 6975P-C,96,384.0,6.56208
ap-northeast-1,m8i,Intel Xeon 6 6975P-C,128,512.0,8.74944
ap-northeast-1,m8i,Intel Xeon 6 6975P-C,192,768.0,13.12416
ap-northeast-1,m8i,Intel Xeon 6 6975P-C,384,1536.0,26.24832
ap-northeast-1,r6a,AMD EPYC 7R13 Processor,2,16.0,0.1368
ap-northeast-1,r6a,AMD EPYC 7R13 Processor,4,32.0,0.2736
ap-northeast-1,r6a,AMD EPYC 7R13 Processor,8,64.0,0.5472
ap-northeast-1,r6a,AMD EPYC 7R13 Processor,16,128.0,1.0944
ap-northeast-1,r6a,AMD EPYC 7R13 Processor,32,256.0,2.1888
ap-northeast-1,r6a,AMD EPYC 7R13 Processor,48,384.0,3.2832
ap-northeast-1,r6a,AMD EPYC 7R13 Processor,64,512.0,4.3776
ap-northeast-1,r6a,AMD EPYC 7R13 Processor,96,768.0,6.5664
ap-northeast-1,r6a,AMD EPYC 7R13 Processor,128,1024.0,8.7552
ap-northeast-1,r6a,AMD EPYC 7R13 Processor,192,1536.0,13.1328
ap-northeast-1,r6g,AWS Graviton2 Processor,1,8.0,0.0608
ap-northeast-1,r6g,AWS Graviton2 Processor,2,16.0,0.1216
ap-northeast-1,r6g,AWS Graviton2 Processor,4,32.0,0.2432
ap-northeast-1,r6g,AWS Graviton2 Processor,8,64.0,0.4864
ap-northeast-1,r6g,AWS Graviton2 Processor,16,128.0,0.9728
ap-northeast-1,r6g,AWS Graviton2 Processor,32,256.0,1.9456
ap-northeast-1,r6g,AWS Graviton2 Processor,48,384.0,2.9184
ap-northeast-1,r6g,AWS Graviton2 Processor,64,512.0,3.8912
ap-northeast-1,r6i,Intel Xeon Platinum 8375C,2,16.0,0.152
ap-northeast-1,r6i,Intel Xeon Platinum 8375C,4,32.0,0.304
ap-northeast-1,r6i,Intel Xeon Platinum 8375C,8,64.0,0.608
ap-northeast-1,r6i,Intel Xeon Platinum 8375C,16,128.0,1.216
ap-northeast-1,r6i,Intel Xeon Platinum 8375C,32,256.0,2.432
ap-northeast-1,r6i,Intel Xeon Platinum 8375C,48,384.0,3.648
ap-northeast-1,r6i,Intel Xeon Platinum 8375C,64,512.0,4.864
ap-northeast-1,r6i,Intel Xeon Platinum 8375C,96,768.0,7.296
ap-northeast-1,r6i,Intel Xeon Platinum 8375C,128,1024.0,9.728
ap-northeast-1,r7a,AMD EPYC 9R14 Processor,1,8.0,0.09177
ap-northeast-1,r7a,AMD EPYC 9R14 Processor,2,16.0,0.18354
ap-northeast-1,r7a,AMD EPYC 9R14 Processor,4,32.0,0.36708
ap-northeast-1,r7a,AMD EPYC 9R14 Processor,8,64.0,0.73416
ap-northeast-1,r7a,AMD EPYC 9R14 Processor,16,128.0,1.46832
ap-northeast-1,r7a,AMD EPYC 9R14 Processor,32,256.0,2.93664
ap-northeast-1,r7a,AMD EPYC 9R14 Processor,48,384.0,4.40496
ap-northeast-1,r7a,AMD EPYC 9R14 Processor,64,512.0,5.87328
ap-northeast-1,r7a,AMD EPYC 9R14 Processor,96,768.0,8.80992
ap-northeast-1,r7a,AMD EPYC 9R14 Processor,128,1024.0,11.74656
ap-northeast-1,r7a,AMD EPYC 9R14 Processor,192,1536.0,17.61984
ap-northeast-1,r7g,AWS Graviton3 Processor,1,8.0,0.0646
ap-northeast-1,r7g,AWS Graviton3 Processor,2,16.0,0.1292
ap-northeast-1,r7g,AWS Graviton3 Processor,4,32.0,0.2584
ap-northeast-1,r7g,AWS Graviton3 Processor,8,64.0,0.5168
ap-northeast-1,r7g,AWS Graviton3 Processor,16,128.0,1.0336
ap-northeast-1,r7g,AWS Graviton3 Processor,32,256.0,2.0672
ap-northeast-1,r7g,AWS Graviton3 Processor,48,384.0,3.1008
ap-northeast-1,r7g,AWS Graviton3 Processor,64,512.0,4.1344
ap-northeast-1,r7i,Intel Xeon Platinum 8488C,2,16.0,0.1596
ap-northeast-1,r7i,Intel Xeon Platinum 8488C,4,32.0,0.3192
ap-northeast-1,r7i,Intel Xeon Platinum 8488C,8,64.0,0.6384
ap-northeast-1,r7i,Intel Xeon Platinum 8488C,16,128.0,1.2768
ap-northeast-1,r7i,Intel Xeon Platinum 8488C,32,256.0,2.5536
ap-northeast-1,r7i,Intel Xeon Platinum 8488C,48,384.0,3.8304
ap-northeast-1,r7i,Intel Xeon Platinum 8488C,64,512.0,5.1072
ap-northeast-1,r7i,Intel Xeon Platinum 8488C,96,768.0,7.6608
ap-northeast-1,r7i,Intel Xeon Platinum 8488C,192,1536.0,15.3216
ap-northeast-1,r8a,AMD EPYC 9R45 Processor,1,8.0,0.09636
ap-northeast-1,r8a,AMD EPYC 9R45 Processor,2,16.0,0.19272
ap-northeast-1,r8a,AMD EPYC 9R45 Processor,4,32.0,0.38544
ap-northeast-1,r8a,AMD EPYC 9R45 Processor,8,64.0,0.77088
ap-northeast-1,r8a,AMD EPYC 9R45 Processor,16,128.0,1.54176
ap-northeast-1,r8a,AMD EPYC 9R45 Processor,32,256.0,3.08352
ap-northeast-1,r8a,AMD EPYC 9R45 Processor,48,384.0,4.62528
ap-northeast-1,r8a,AMD EPYC 9R45 Processor,64,512.0,6.16704
ap-northeast-1,r8a,AMD EPYC 9R45 Processor,96,768.0,9.25056
ap-northeast-1,r8a,AMD EPYC 9R45 Processor,192,1536.0,18.50112
ap-northeast-1,r8g,AWS Graviton4 Processor,1,8.0,0.07106
ap-northeast-1,r8g,AWS Graviton4 Processor,2,16.0,0.14212
ap-northeast-1,r8g,AWS Graviton4 Processor,4,32.0,0.28424
ap-northeast-1,r8g,AWS Graviton4 Processor,8,64.0,0.56848
ap-northeast-1,r8g,AWS Graviton4 Processor,16,128.0,1.13696
ap-northeast-1,r8g,AWS Graviton4 Processor,32,256.0,2.27392
ap-northeast-1,r8g,AWS Graviton4 Processor,48,384.0,3.41088
ap-northeast-1,r8g,AWS Graviton4 Processor,64,512.0,4.54784
ap-northeast-1,r8g,AWS Graviton4 Processor,96,768.0,6.82176
ap-northeast-1,r8g,AWS Graviton4 Processor,192,1536.0,13.64352
ap-northeast-1,r8i,Intel Xeon 6 6985P-C,2,16.0,0.16758
ap-northeast-1,r8i,Intel Xeon 6 6985P-C,4,32.0,0.33516
ap-northeast-1,r8i,Intel Xeon 6 6985P-C,8,64.0,0.67032
ap-northeast-1,r8i,Intel Xeon 6 6985P-C,16,128.0,1.34064
ap-northeast-1,r8i,Intel Xeon 6 6985P-C,32,256.0,2.68128
ap-northeast-1,r8i,Intel Xeon 6 6985P-C,48,384.0,4.02192
ap-northeast-1,r8i,Intel Xeon 6 6985P-C,64,512.0,5.36256
ap-northeast-1,r8i,Intel Xeon 6 6985P-C,96,768.0,8.04384
ap-northeast-1,r8i,Intel Xeon 6 6985P-C,128,1024.0,10.72512
ap-northeast-1,r8i,Intel Xeon 6 6985P-C,192,1536.0,16.08768
ap-northeast-1,r8i,Intel Xeon 6 6985P-C,384,3072.0,32.17536
ap-northeast-1,x8i,Intel Xeon 6 6975P-C,2,32.0,0.31731
ap-northeast-1,x8i,Intel Xeon 6 6975P-C,4,64.0,0.63462
ap-northeast-1,x8i,Intel Xeon 6 6975P-C,8,128.0,1.26924
ap-northeast-1,x8i,Intel Xeon 6 6975P-C,16,256.0,2.53848
ap-northeast-1,x8i,Intel Xeon 6 6975P-C,32,512.0,5.07696
ap-northeast-1,x8i,Intel Xeon 6 6975P-C,48,768.0,7.61544
ap-northeast-1,x8i,Intel Xeon 6 6975P-C,64,1024.0,10.15392
ap-northeast-1,x8i,Intel Xeon 6 6975P-C,96,1536.0,15.23088
ap-northeast-1,x8i,Intel Xeon 6 6975P-C,128,2048.0,20.30784
ap-northeast-1,x8i,Intel Xeon 6 6975P-C,192,3072.0,30.46176
ap-northeast-1,x8i,Intel Xeon 6 6975P-C,256,4096.0,40.61568
ap-northeast-1,x8i,Intel Xeon 6 6975P-C,384,6144.0,58.70235
ap-northeast-2,c6g,AWS Graviton2 Processor,1,2.0,0.0385
ap-northeast-2,c6g,AWS Graviton2 Processor,2,4.0,0.077
ap-northeast-2,c6g,AWS Graviton2 Processor,4,8.0,0.154
ap-northeast-2,c6g,AWS Graviton2 Processor,8,16.0,0.308
ap-northeast-2,c6g,AWS Graviton2 Processor,16,32.0,0.616
ap-northeast-2,c6g,AWS Graviton2 Processor,32,64.0,1.232
ap-northeast-2,c6g,AWS Graviton2 Processor,48,96.0,1.848
ap-northeast-2,c6g,AWS Graviton2 Processor,64,128.0,2.464
ap-northeast-2,c6i,Intel Xeon Platinum 8375C,2,4.0,0.096
ap-northeast-2,c6i,Intel Xeon Platinum 8375C,4,8.0,0.192
ap-northeast-2,c6i,Intel Xeon Platinum 8375C,8,16.0,0.384
ap-northeast-2,c6i,Intel Xeon Platinum 8375C,16,32.0,0.768
ap-northeast-2,c6i,Intel Xeon Platinum 8375C,32,64.0,1.536
ap-northeast-2,c6i,Intel Xeon Platinum 8375C,48,96.0,2.304
ap-northeast-2,c6i,Intel Xeon Platinum 8375C,64,128.0,3.072
ap-northeast-2,c6i,Intel Xeon Platinum 8375C,96,192.0,4.608
ap-northeast-2,c6i,Intel Xeon Platinum 8375C,128,256.0,6.144
ap-northeast-2,c7g,AWS Graviton3 Processor,1,2.0,0.0408
ap-northeast-2,c7g,AWS Graviton3 Processor,2,4.0,0.0816
ap-northeast-2,c7g,AWS Graviton3 Processor,4,8.0,0.1632
ap-northeast-2,c7g,AWS Graviton3 Processor,8,16.0,0.3264
ap-northeast-2,c7g,AWS Graviton3 Processor,16,32.0,0.6528
ap-northeast-2,c7g,AWS Graviton3 Processor,32,64.0,1.3056
ap-northeast-2,c7g,AWS Graviton3 Processor,48,96.0,1.9584
ap-northeast-2,c7g,AWS Graviton3 Processor,64,128.0,2.6112
ap-northeast-2,c7i,Intel Xeon Platinum 8488C,2,4.0,0.1008
ap-northeast-2,c7i,Intel Xeon Platinum 8488C,4,8.0,0.2016
ap-northeast-2,c7i,Intel Xeon Platinum 8488C,8,16.0,0.4032
ap-northeast-2,c7i,Intel Xeon Platinum 8488C,16,32.0,0.8064
ap-northeast-2,c7i,Intel Xeon Platinum 8488C,32,64.0,1.6128
ap-northeast-2,c7i,Intel Xeon Platinum 8488C,48,96.0,2.4192
ap-northeast-2,c7i,Intel Xeon Platinum 8488C,64,128.0,3.2256
ap-northeast-2,c7i,Intel Xeon Platinum 8488C,96,192.0,4.8384
ap-northeast-2,c7i,Intel Xeon Platinum 8488C,192,384.0,9.6768
ap-northeast-2,c8g,AWS Graviton4 Processor,1,2.0,0.04488
ap-northeast-2,c8g,AWS Graviton4 Processor,2,4.0,0.08976
ap-northeast-2,c8g,AWS Graviton4 Processor,4,8.0,0.17952
ap-northeast-2,c8g,AWS Graviton4 Processor,8,16.0,0.35904
ap-northeast-2,c8g,AWS Graviton4 Processor,16,32.0,0.71808
ap-northeast-2,c8g,AWS Graviton4 Processor,32,64.0,1.43616
ap-northeast-2,c8g,AWS Graviton4 Processor,48,96.0,2.15424
ap-northeast-2,c8g,AWS Graviton4 Processor,64,128.0,2.87232
ap-northeast-2,c8g,AWS Graviton4 Processor,96,192.0,4.30848
ap-northeast-2,c8g,AWS Graviton4 Processor,192,384.0,8.61696
ap-northeast-2,c8i,Intel Xeon 6 6975P-C,2,4.0,0.10584
ap-northeast-2,c8i,Intel Xeon 6 6975P-C,4,8.0,0.21168
ap-northeast-2,c8i,Intel Xeon 6 6975P-C,8,16.0,0.42336
ap-northeast-2,c8i,Intel Xeon 6 6975P-C,16,32.0,0.84672
ap-northeast-2,c8i,Intel Xeon 6 6975P-C,32,64.0,1.69344
ap-northeast-2,c8i,Intel Xeon 6 6975P-C,48,96.0,2.54016
ap-northeast-2,c8i,Intel Xeon 6 6975P-C,64,128.0,3.38688
ap-northeast-2,c8i,Intel Xeon 6 6975P-C,96,192.0,5.08032
ap-northeast-2,c8i,Intel Xeon 6 6975P-C,128,256.0,6.77376
ap-northeast-2,c8i,Intel Xeon 6 6975P-C,192,384.0,10.16064
ap-northeast-2,c8i,Intel Xeon 6 6975P-C,384,768.0,20.32128
ap-northeast-2,m6g,AWS Graviton2 Processor,1,4.0,0.047
ap-northeast-2,m6g,AWS Graviton2 Processor,2,8.0,0.094
ap-northeast-2,m6g,AWS Graviton2 Processor,4,16.0,0.188
ap-northeast-2,m6g,AWS Graviton2 Processor,8,32.0,0.376
ap-northeast-2,m6g,AWS Graviton2 Processor,16,64.0,0.752
ap-northeast-2,m6g,AWS Graviton2 Processor,32,128.0,1.504
ap-northeast-2,m6g,AWS Graviton2 Processor,48,192.0,2.256
ap-northeast-2,m6g,AWS Graviton2 Processor,64,256.0,3.008
ap-northeast-2,m6i,Intel Xeon Platinum 8375C,2,8.0,0.118
ap-northeast-2,m6i,Intel Xeon Platinum 8375C,4,16.0,0.236
ap-northeast-2,m6i,Intel Xeon Platinum 8375C,8,32.0,0.472
ap-northeast-2,m6i,Intel Xeon Platinum 8375C,16,64.0,0.944
ap-northeast-2,m6i,Intel Xeon Platinum 8375C,32,128.0,1.888
ap-northeast-2,m6i,Intel Xeon Platinum 8375C,48,192.0,2.832
ap-northeast-2,m6i,Intel Xeon Platinum 8375C,64,256.0,3.776
ap-northeast-2,m6i,Intel Xeon Platinum 8375C,96,384.0,5.664
ap-northeast-2,m6i,Intel Xeon Platinum 8375C,128,512.0,7.552
ap-northeast-2,m7g,AWS Graviton3 Processor,1,4.0,0.0502
ap-northeast-2,m7g,AWS Graviton3 Processor,2,8.0,0.1003
ap-northeast-2,m7g,AWS Graviton3 Processor,4,16.0,0.2006
ap-northeast-2,m7g,AWS Graviton3 Processor,8,32.0,0.4012
ap-northeast-2,m7g,AWS Graviton3 Processor,16,64.0,0.8024
ap-northeast-2,m7g,AWS Graviton3 Processor,32,128.0,1.6048
ap-northeast-2,m7g,AWS Graviton3 Processor,48,192.0,2.4072
ap-northeast-2,m7g,AWS Graviton3 Processor,64,256.0,3.2096
ap-northeast-2,m7i,Intel Xeon Platinum 8488C,2,8.0,0.1239
ap-northeast-2,m7i,Intel Xeon Platinum 8488C,4,16.0,0.2478
ap-northeast-2,m7i,Intel Xeon Platinum 8488C,8,32.0,0.4956
ap-northeast-2,m7i,Intel Xeon Platinum 8488C,16,64.0,0.9912
ap-northeast-2,m7i,Intel Xeon Platinum 8488C,32,128.0,1.9824
ap-northeast-2,m7i,Intel Xeon Platinum 8488C,48,192.0,2.9736
ap-northeast-2,m7i,Intel Xeon Platinum 8488C,64,256.0,3.9648
ap-northeast-2,m7i,Intel Xeon Platinum 8488C,96,384.0,5.9472
ap-northeast-2,m7i,Intel Xeon Platinum 8488C,192,768.0,11.8944
ap-northeast-2,m8g,AWS Graviton4 Processor,1,4.0,0.05517
ap-northeast-2,m8g,AWS Graviton4 Processor,2,8.0,0.11034
ap-northeast-2,m8g,AWS Graviton4 Processor,4,16.0,0.22068
ap-northeast-2,m8g,AWS Graviton4 Processor,8,32.0,0.44136
ap-northeast-2,m8g,AWS Graviton4 Processor,16,64.0,0.88272
ap-northeast-2,m8g,AWS Graviton4 Processor,32,128.0,1.76544
ap-northeast-2,m8g,AWS Graviton4 Processor,48,192.0,2.64816
ap-northeast-2,m8g,AWS Graviton4 Processor,64,256.0,3.53088
ap-northeast-2,m8g,AWS Graviton4 Processor,96,384.0,5.29632
ap-northeast-2,m8g,AWS Graviton4 Processor,192,768.0,10.59264
ap-northeast-2,m8i,Intel Xeon 6 6975P-C,2,8.0,0.13009
ap-northeast-2,m8i,Intel Xeon 6 6975P-C,4,16.0,0.26018
ap-northeast-2,m8i,Intel Xeon 6 6975P-C,8,32.0,0.52036
ap-northeast-2,m8i,Intel Xeon 6 6975P-C,16,64.0,1.04072
ap-northeast-2,m8i,Intel Xeon 6 6975P-C,32,128.0,2.08144
ap-northeast-2,m8i,Intel Xeon 6 6975P-C,48,192.0,3.12216
ap-northeast-2,m8i,Intel Xeon 6 6975P-C,64,256.0,4.16288
ap-northeast-2,m8i,Intel Xeon 6 6975P-C,96,384.0,6.24432
ap-northeast-2,m8i,Intel Xeon 6 6975P-C,128,512.0,8.32576
ap-northeast-2,m8i,Intel Xeon 6 6975P-C,192,768.0,12.48864
ap-northeast-2,m8i,Intel Xeon 6 6975P-C,384,1536.0,24.97728
ap-northeast-2,r6g,AWS Graviton2 Processor,1,8.0,0.061
ap-northeast-2,r6g,AWS Graviton2 Processor,2,16.0,0.122
ap-northeast-2,r6g,AWS Graviton2 Processor,4,32.0,0.244
ap-northeast-2,r6g,AWS Graviton2 Processor,8,64.0,0.488
ap-northeast-2,r6g,AWS Graviton2 Processor,16,128.0,0.976
ap-northeast-2,r6g,AWS Graviton2 Processor,32,256.0,1.952
ap-northeast-2,r6g,AWS Graviton2 Processor,48,384.0,2.928
ap-northeast-2,r6g,AWS Graviton2 Processor,64,512.0,3.904
ap-northeast-2,r6i,Intel Xeon Platinum 8375C,2,16.0,0.152
ap-northeast-2,r6i,Intel Xeon Platinum 8375C,4,32.0,0.304
ap-northeast-2,r6i,Intel Xeon Platinum 8375C,8,64.0,0.608
ap-northeast-2,r6i,Intel Xeon Platinum 8375C,16,128.0,1.216
ap-northeast-2,r6i,Intel Xeon Platinum 8375C,32,256.0,2.432
ap-northeast-2,r6i,Intel Xeon Platinum 8375C,48,384.0,3.648
ap-northeast-2,r6i,Intel Xeon Platinum 8375C,64,512.0,4.864
ap-northeast-2,r6i,Intel Xeon Platinum 8375C,96,768.0,7.296
ap-northeast-2,r6i,Intel Xeon Platinum 8375C,128,1024.0,9.728
ap-northeast-2,r7g,AWS Graviton3 Processor,1,8.0,0.0646
ap-northeast-2,r7g,AWS Graviton3 Processor,2,16.0,0.1292
ap-northeast-2,r7g,AWS Graviton3 Processor,4,32.0,0.2584
ap-northeast-2,r7g,AWS Graviton3 Processor,8,64.0,0.5168
ap-northeast-2,r7g,AWS Graviton3 Processor,16,128.0,1.0336
ap-northeast-2,r7g,AWS Graviton3 Processor,32,256.0,2.0672
ap-northeast-2,r7g,AWS Graviton3 Processor,48,384.0,3.1008
ap-northeast-2,r7g,AWS Graviton3 Processor,64,512.0,4.1344
ap-northeast-2,r7i,Intel Xeon Platinum 8488C,2,16.0,0.1596
ap-northeast-2,r7i,Intel Xeon Platinum 8488C,4,32.0,0.3192
ap-northeast-2,r7i,Intel Xeon Platinum 8488C,8,64.0,0.6384
ap-northeast-2,r7i,Intel Xeon Platinum 8488C,16,128.0,1.2768
ap-northeast-2,r7i,Intel Xeon Platinum 8488C,32,256.0,2.5536
ap-northeast-2,r7i,Intel Xeon Platinum 8488C,48,384.0,3.8304
ap-northeast-2,r7i,Intel Xeon Platinum 8488C,64,512.0,5.1072
ap-northeast-2,r7i,Intel Xeon Platinum 8488C,96,768.0,7.6608
ap-northeast-2,r7i,Intel Xeon Platinum 8488C,192,1536.0,15.3216
ap-northeast-2,r8g,AWS Graviton4 Processor,1,8.0,0.07106
ap-northeast-2,r8g,AWS Graviton4 Processor,2,16.0,0.14212
ap-northeast-2,r8g,AWS Graviton4 Processor,4,32.0,0.28424
ap-northeast-2,r8g,AWS Graviton4 Processor,8,64.0,0.56848
ap-northeast-2,r8g,AWS Graviton4 Processor,16,128.0,1.13696
ap-northeast-2,r8g,AWS Graviton4 Processor,32,256.0,2.27392
ap-northeast-2,r8g,AWS Graviton4 Processor,48,384.0,3.41088
ap-northeast-2,r8g,AWS Graviton4 Processor,64,512.0,4.54784
ap-northeast-2,r8g,AWS Graviton4 Processor,96,768.0,6.82176
ap-northeast-2,r8g,AWS Graviton4 Processor,192,1536.0,13.64352
ap-northeast-2,r8i,Intel Xeon 6 6985P-C,2,16.0,0.16758
ap-northeast-2,r8i,Intel Xeon 6 6985P-C,4,32.0,0.33516
ap-northeast-2,r8i,Intel Xeon 6 6985P-C,8,64.0,0.67032
ap-northeast-2,r8i,Intel Xeon 6 6985P-C,16,128.0,1.34064
ap-northeast-2,r8i,Intel Xeon 6 6985P-C,32,256.0,2.68128
ap-northeast-2,r8i,Intel Xeon 6 6985P-C,48,384.0,4.02192
ap-northeast-2,r8i,Intel Xeon 6 6985P-C,64,512.0,5.36256
ap-northeast-2,r8i,Intel Xeon 6 6985P-C,96,768.0,8.04384
ap-northeast-2,r8i,Intel Xeon 6 6985P-C,128,1024.0,10.72512
ap-northeast-2,r8i,Intel Xeon 6 6985P-C,192,1536.0,16.08768
ap-northeast-2,r8i,Intel Xeon 6 6985P-C,384,3072.0,32.17536
ap-northeast-2,x8i,Intel Xeon 6 6975P-C,2,32.0,0.31731
ap-northeast-2,x8i,Intel Xeon 6 6975P-C,4,64.0,0.63462
ap-northeast-2,x8i,Intel Xeon 6 6975P-C,8,128.0,1.26924
ap-northeast-2,x8i,Intel Xeon 6 6975P-C,16,256.0,2.53848
ap-northeast-2,x8i,Intel Xeon 6 6975P-C,32,512.0,5.07696
ap-northeast-2,x8i,Intel Xeon 6 6975P-C,48,768.0,7.61544
ap-northeast-2,x8i,Intel Xeon 6 6975P-C,64,1024.0,10.15392
ap-northeast-2,x8i,Intel Xeon 6 6975P-C,96,1536.0,15.23088
ap-northeast-2,x8i,Intel Xeon 6 6975P-C,128,2048.0,20.30784
ap-northeast-2,x8i,Intel Xeon 6 6975P-C,192,3072.0,30.46176
ap-northeast-2,x8i,Intel Xeon 6 6975P-C,256,4096.0,40.61568
ap-northeast-2,x8i,Intel Xeon 6 6975P-C,384,6144.0,58.70235
ap-northeast-3,c6g,AWS Graviton2 Processor,1,2.0,0.043
ap-northeast-3,c6g,AWS Graviton2 Processor,2,4.0,0.086
ap-northeast-3,c6g,AWS Graviton2 Processor,4,8.0,0.172
ap-northeast-3,c6g,AWS Graviton2 Processor,8,16.0,0.344
ap-northeast-3,c6g,AWS Graviton2 Processor,16,32.0,0.688
ap-northeast-3,c6g,AWS Graviton2 Processor,32,64.0,1.376
ap-northeast-3,c6g,AWS Graviton2 Processor,48,96.0,2.064
ap-northeast-3,c6g,AWS Graviton2 Processor,64,128.0,2.752
ap-northeast-3,c6i,Intel Xeon Platinum 8375C,2,4.0,0.107
ap-northeast-3,c6i,Intel Xeon Platinum 8375C,4,8.0,0.214
ap-northeast-3,c6i,Intel Xeon Platinum 8375C,8,16.0,0.428
ap-northeast-3,c6i,Intel Xeon Platinum 8375C,16,32.0,0.856
ap-northeast-3,c6i,Intel Xeon Platinum 8375C,32,64.0,1.712
ap-northeast-3,c6i,Intel Xeon Platinum 8375C,48,96.0,2.568
ap-northeast-3,c6i,Intel Xeon Platinum 8375C,64,128.0,3.424
ap-northeast-3,c6i,Intel Xeon Platinum 8375C,96,192.0,5.136
ap-northeast-3,c6i,Intel Xeon Platinum 8375C,128,256.0,6.848
ap-northeast-3,c7g,AWS Graviton3 Processor,1,2.0,0.0455
ap-northeast-3,c7g,AWS Graviton3 Processor,2,4.0,0.091
ap-northeast-3,c7g,AWS Graviton3 Processor,4,8.0,0.1819
ap-northeast-3,c7g,AWS Graviton3 Processor,8,16.0,0.3638
ap-northeast-3,c7g,AWS Graviton3 Processor,16,32.0,0.7276
ap-northeast-3,c7g,AWS Graviton3 Processor,32,64.0,1.4552
ap-northeast-3,c7g,AWS Graviton3 Processor,48,96.0,2.1828
ap-northeast-3,c7g,AWS Graviton3 Processor,64,128.0,2.9104
ap-northeast-3,c7i,Intel Xeon Platinum 8488C,2,4.0,0.11235
ap-northeast-3,c7i,Intel Xeon Platinum 8488C,4,8.0,0.2247
ap-northeast-3,c7i,Intel Xeon Platinum 8488C,8,16.0,0.4494
ap-northeast-3,c7i,Intel Xeon Platinum 8488C,16,32.0,0.8988
ap-northeast-3,c7i,Intel Xeon Platinum 8488C,32,64.0,1.7976
ap-northeast-3,c7i,Intel Xeon Platinum 8488C,48,96.0,2.6964
ap-northeast-3,c7i,Intel Xeon Platinum 8488C,64,128.0,3.5952
ap-northeast-3,c7i,Intel Xeon Platinum 8488C,96,192.0,5.3928
ap-northeast-3,c7i,Intel Xeon Platinum 8488C,192,384.0,10.7856
ap-northeast-3,c8g,AWS Graviton4 Processor,1,2.0,0.05002
ap-northeast-3,c8g,AWS Graviton4 Processor,2,4.0,0.10004
ap-northeast-3,c8g,AWS Graviton4 Processor,4,8.0,0.20008
ap-northeast-3,c8g,AWS Graviton4 Processor,8,16.0,0.40016
ap-northeast-3,c8g,AWS Graviton4 Processor,16,32.0,0.80032
ap-northeast-3,c8g,AWS Graviton4 Processor,32,64.0,1.60064
ap-northeast-3,c8g,AWS Graviton4 Processor,48,96.0,2.40096
ap-northeast-3,c8g,AWS Graviton4 Processor,64,128.0,3.20128
ap-northeast-3,c8g,AWS Graviton4 Processor,96,192.0,4.80192
ap-northeast-3,c8g,AWS Graviton4 Processor,192,384.0,9.60384
ap-northeast-3,m6g,AWS Graviton2 Processor,1,4.0,0.0496
ap-northeast-3,m6g,AWS Graviton2 Processor,2,8.0,0.0992
ap-northeast-3,m6g,AWS Graviton2 Processor,4,16.0,0.1984
ap-northeast-3,m6g,AWS Graviton2 Processor,8,32.0,0.3968
ap-northeast-3,m6g,AWS Graviton2 Processor,16,64.0,0.7936
ap-northeast-3,m6g,AWS Graviton2 Processor,32,128.0,1.5872
ap-northeast-3,m6g,AWS Graviton2 Processor,48,192.0,2.3808
ap-northeast-3,m6g,AWS Graviton2 Processor,64,256.0,3.1744
ap-northeast-3,m6i,Intel Xeon Platinum 8375C,2,8.0,0.124
ap-northeast-3,m6i,Intel Xeon Platinum 8375C,4,16.0,0.248
ap-northeast-3,m6i,Intel Xeon Platinum 8375C,8,32.0,0.496
ap-northeast-3,m6i,Intel Xeon Platinum 8375C,16,64.0,0.992
ap-northeast-3,m6i,Intel Xeon Platinum 8375C,32,128.0,1.984
ap-northeast-3,m6i,Intel Xeon Platinum 8375C,48,192.0,2.976
ap-northeast-3,m6i,Intel Xeon Platinum 8375C,64,256.0,3.968
ap-northeast-3,m6i,Intel Xeon Platinum 8375C,96,384.0,5.952
ap-northeast-3,m6i,Intel Xeon Platinum 8375C,128,512.0,7.936
ap-northeast-3,m7g,AWS Graviton3 Processor,1,4.0,0.0527
ap-northeast-3,m7g,AWS Graviton3 Processor,2,8.0,0.1054
ap-northeast-3,m7g,AWS Graviton3 Processor,4,16.0,0.2108
ap-northeast-3,m7g,AWS Graviton3 Processor,8,32.0,0.4216
ap-northeast-3,m7g,AWS Graviton3 Processor,16,64.0,0.8432
ap-northeast-3,m7g,AWS Graviton3 Processor,32,128.0,1.6864
ap-northeast-3,m7g,AWS Graviton3 Processor,48,192.0,2.5296
ap-northeast-3,m7g,AWS Graviton3 Processor,64,256.0,3.3728
ap-northeast-3,m7i,Intel Xeon Platinum 8488C,2,8.0,0.1302
ap-northeast-3,m7i,Intel Xeon Platinum 8488C,4,16.0,0.2604
ap-northeast-3,m7i,Intel Xeon Platinum 8488C,8,32.0,0.5208
ap-northeast-3,m7i,Intel Xeon Platinum 8488C,16,64.0,1.0416
ap-northeast-3,m7i,Intel Xeon Platinum 8488C,32,128.0,2.0832
ap-northeast-3,m7i,Intel Xeon Platinum 8488C,48,192.0,3.1248
ap-northeast-3,m7i,Intel Xeon Platinum 8488C,64,256.0,4.1664
ap-northeast-3,m7i,Intel Xeon Platinum 8488C,96,384.0,6.2496
ap-northeast-3,m7i,Intel Xeon Platinum 8488C,192,768.0,12.4992
ap-northeast-3,m8g,AWS Graviton4 Processor,1,4.0,0.05797
ap-northeast-3,m8g,AWS Graviton4 Processor,2,8.0,0.11594
ap-northeast-3,m8g,AWS Graviton4 Processor,4,16.0,0.23188
ap-northeast-3,m8g,AWS Graviton4 Processor,8,32.0,0.46376
ap-northeast-3,m8g,AWS Graviton4 Processor,16,64.0,0.92752
ap-northeast-3,m8g,AWS Graviton4 Processor,32,128.0,1.85504
ap-northeast-3,m8g,AWS Graviton4 Processor,48,192.0,2.78256
ap-northeast-3,m8g,AWS Graviton4 Processor,64,256.0,3.71008
ap-northeast-3,m8g,AWS Graviton4 Processor,96,384.0,5.56512
ap-northeast-3,m8g,AWS Graviton4 Processor,192,768.0,11.13024
ap-northeast-3,r6g,AWS Graviton2 Processor,1,8.0,0.0608
ap-northeast-3,r6g,AWS Graviton2 Processor,2,16.0,0.1216
ap-northeast-3,r6g,AWS Graviton2 Processor,4,32.0,0.2432
ap-northeast-3,r6g,AWS Graviton2 Processor,8,64.0,0.4864
ap-northeast-3,r6g,AWS Graviton2 Processor,16,128.0,0.9728
ap-northeast-3,r6g,AWS Graviton2 Processor,32,256.0,1.9456
ap-northeast-3,r6g,AWS Graviton2 Processor,48,384.0,2.9184
ap-northeast-3,r6g,AWS Graviton2 Processor,64,512.0,3.8912
ap-northeast-3,r6i,Intel Xeon Platinum 8375C,2,16.0,0.152
ap-northeast-3,r6i,Intel Xeon Platinum 8375C,4,32.0,0.304
ap-northeast-3,r6i,Intel Xeon Platinum 8375C,8,64.0,0.608
ap-northeast-3,r6i,Intel Xeon Platinum 8375C,16,128.0,1.216
ap-northeast-3,r6i,Intel Xeon Platinum 8375C,32,256.0,2.432
ap-northeast-3,r6i,Intel Xeon Platinum 8375C,48,384.0,3.648
ap-northeast-3,r6i,Intel Xeon Platinum 8375C,64,512.0,4.864
ap-northeast-3,r6i,Intel Xeon Platinum 8375C,96,768.0,7.296
ap-northeast-3,r6i,Intel Xeon Platinum 8375C,128,1024.0,9.728
ap-northeast-3,r7g,AWS Graviton3 Processor,1,8.0,0.0646
ap-northeast-3,r7g,AWS Graviton3 Processor,2,16.0,0.1292
ap-northeast-3,r7g,AWS Graviton3 Processor,4,32.0,0.2584
ap-northeast-3,r7g,AWS Graviton3 Processor,8,64.0,0.5168
ap-northeast-3,r7g,AWS Graviton3 Processor,16,128.0,1.0336
ap-northeast-3,r7g,AWS Graviton3 Processor,32,256.0,2.0672
ap-northeast-3,r7g,AWS Graviton3 Processor,48,384.0,3.1008
ap-northeast-3,r7g,AWS Graviton3 Processor,64,512.0,4.1344
ap-northeast-3,r7i,Intel Xeon Platinum 8488C,2,16.0,0.1596
ap-northeast-3,r7i,Intel Xeon Platinum 8488C,4,32.0,0.3192
ap-northeast-3,r7i,Intel Xeon Platinum 8488C,8,64.0,0.6384
ap-northeast-3,r7i,Intel Xeon Platinum 8488C,16,128.0,1.2768
ap-northeast-3,r7i,Intel Xeon Platinum 8488C,32,256.0,2.5536
ap-northeast-3,r7i,Intel Xeon Platinum 8488C,48,384.0,3.8304
ap-northeast-3,r7i,Intel Xeon Platinum 8488C,64,512.0,5.1072
ap-northeast-3,r7i,Intel Xeon Platinum 8488C,96,768.0,7.6608
ap-northeast-3,r7i,Intel Xeon Platinum 8488C,192,1536.0,15.3216
ap-northeast-3,r8g,AWS Graviton4 Processor,1,8.0,0.07106
ap-northeast-3,r8g,AWS Graviton4 Processor,2,16.0,0.14212
ap-northeast-3,r8g,AWS Graviton4 Processor,4,32.0,0.28424
ap-northeast-3,r8g,AWS Graviton4 Processor,8,64.0,0.56848
ap-northeast-3,r8g,AWS Graviton4 Processor,16,128.0,1.13696
ap-northeast-3,r8g,AWS Graviton4 Processor,32,256.0,2.27392
ap-northeast-3,r8g,AWS Graviton4 Processor,48,384.0,3.41088
ap-northeast-3,r8g,AWS Graviton4 Processor,64,512.0,4.54784
ap-northeast-3,r8g,AWS Graviton4 Processor,96,768.0,6.82176
ap-northeast-3,r8g,AWS Graviton4 Processor,192,1536.0,13.64352
ap-south-1,c6a,AMD EPYC 7R13 Processor,2,4.0,0.04675
ap-south-1,c6a,AMD EPYC 7R13 Processor,4,8.0,0.0935
ap-south-1,c6a,AMD EPYC 7R13 Processor,8,16.0,0.187
ap-south-1,c6a,AMD EPYC 7R13 Processor,16,32.0,0.374
ap-south-1,c6a,AMD EPYC 7R13 Processor,32,64.0,0.748
ap-south-1,c6a,AMD EPYC 7R13 Processor,48,96.0,1.122
ap-south-1,c6a,AMD EPYC 7R13 Processor,64,128.0,1.496
ap-south-1,c6a,AMD EPYC 7R13 Processor,96,192.0,2.244
ap-south-1,c6a,AMD EPYC 7R13 Processor,128,256.0,2.992
ap-south-1,c6a,AMD EPYC 7R13 Processor,192,384.0,4.488
ap-south-1,c6g,AWS Graviton2 Processor,1,2.0,0.0213
ap-south-1,c6g,AWS Graviton2 Processor,2,4.0,0.0426
ap-south-1,c6g,AWS Graviton2 Processor,4,8.0,0.0852
ap-south-1,c6g,AWS Graviton2 Processor,8,16.0,0.1704
ap-south-1,c6g,AWS Graviton2 Processor,16,32.0,0.3408
ap-south-1,c6g,AWS Graviton2 Processor,32,64.0,0.6816
ap-south-1,c6g,AWS Graviton2 Processor,48,96.0,1.0224
ap-south-1,c6g,AWS Graviton2 Processor,64,128.0,1.3632
ap-south-1,c6i,Intel Xeon Platinum 8375C,2,4.0,0.085
ap-south-1,c6i,Intel Xeon Platinum 8375C,4,8.0,0.17
ap-south-1,c6i,Intel Xeon Platinum 8375C,8,16.0,0.34
ap-south-1,c6i,Intel Xeon Platinum 8375C,16,32.0,0.68
ap-south-1,c6i,Intel Xeon Platinum 8375C,32,64.0,1.36
ap-south-1,c6i,Intel Xeon Platinum 8375C,48,96.0,2.04
ap-south-1,c6i,Intel Xeon Platinum 8375C,64,128.0,2.72
ap-south-1,c6i,Intel Xeon Platinum 8375C,96,192.0,4.08
ap-south-1,c6i,Intel Xeon Platinum 8375C,128,256.0,5.44
ap-south-1,c7g,AWS Graviton3 Processor,1,2.0,0.0245
ap-south-1,c7g,AWS Graviton3 Processor,2,4.0,0.0491
ap-south-1,c7g,AWS Graviton3 Processor,4,8.0,0.0982
ap-south-1,c7g,AWS Graviton3 Processor,8,16.0,0.1963
ap-south-1,c7g,AWS Graviton3 Processor,16,32.0,0.3926
ap-south-1,c7g,AWS Graviton3 Processor,32,64.0,0.7853
ap-south-1,c7g,AWS Graviton3 Processor,48,96.0,1.1779
ap-south-1,c7g,AWS Graviton3 Processor,64,128.0,1.5706
ap-south-1,c7i,Intel Xeon Platinum 8488C,2,4.0,0.08925
ap-south-1,c7i,Intel Xeon Platinum 8488C,4,8.0,0.1785
ap-south-1,c7i,Intel Xeon Platinum 8488C,8,16.0,0.357
ap-south-1,c7i,Intel Xeon Platinum 8488C,16,32.0,0.714
ap-south-1,c7i,Intel Xeon Platinum 8488C,32,64.0,1.428
ap-south-1,c7i,Intel Xeon Platinum 8488C,48,96.0,2.142
ap-south-1,c7i,Intel Xeon Platinum 8488C,64,128.0,2.856
ap-south-1,c7i,Intel Xeon Platinum 8488C,96,192.0,4.284
ap-south-1,c7i,Intel Xeon Platinum 8488C,192,384.0,8.568
ap-south-1,c8g,AWS Graviton4 Processor,1,2.0,0.02699
ap-south-1,c8g,AWS Graviton4 Processor,2,4.0,0.05398
ap-south-1,c8g,AWS Graviton4 Processor,4,8.0,0.10796
ap-south-1,c8g,AWS Graviton4 Processor,8,16.0,0.21592
ap-south-1,c8g,AWS Graviton4 Processor,16,32.0,0.43184
ap-south-1,c8g,AWS Graviton4 Processor,32,64.0,0.86368
ap-south-1,c8g,AWS Graviton4 Processor,48,96.0,1.29552
ap-south-1,c8g,AWS Graviton4 Processor,64,128.0,1.72736
ap-south-1,c8g,AWS Graviton4 Processor,96,192.0,2.59104
ap-south-1,c8g,AWS Graviton4 Processor,192,384.0,5.18208
ap-south-1,c8i,Intel Xeon 6 6975P-C,2,4.0,0.09371
ap-south-1,c8i,Intel Xeon 6 6975P-C,4,8.0,0.18742
ap-south-1,c8i,Intel Xeon 6 6975P-C,8,16.0,0.37484
ap-south-1,c8i,Intel Xeon 6 6975P-C,16,32.0,0.74968
ap-south-1,c8i,Intel Xeon 6 6975P-C,32,64.0,1.49936
ap-south-1,c8i,Intel Xeon 6 6975P-C,48,96.0,2.24904
ap-south-1,c8i,Intel Xeon 6 6975P-C,64,128.0,2.99872
ap-south-1,c8i,Intel Xeon 6 6975P-C,96,192.0,4.49808
ap-south-1,c8i,Intel Xeon 6 6975P-C,128,256.0,5.99744
ap-south-1,c8i,Intel Xeon 6 6975P-C,192,384.0,8.99616
ap-south-1,c8i,Intel Xeon 6 6975P-C,384,768.0,17.99232
ap-south-1,m6a,AMD EPYC 7R13 Processor,2,8.0,0.05555
ap-south-1,m6a,AMD EPYC 7R13 Processor,4,16.0,0.1111
ap-south-1,m6a,AMD EPYC 7R13 Processor,8,32.0,0.2222
ap-south-1,m6a,AMD EPYC 7R13 Processor,16,64.0,0.4444
ap-south-1,m6a,AMD EPYC 7R13 Processor,32,128.0,0.8888
ap-south-1,m6a,AMD EPYC 7R13 Processor,48,192.0,1.3332
ap-south-1,m6a,AMD EPYC 7R13 Processor,64,256.0,1.7776
ap-south-1,m6a,AMD EPYC 7R13 Processor,96,384.0,2.6664
ap-south-1,m6a,AMD EPYC 7R13 Processor,128,512.0,3.5552
ap-south-1,m6a,AMD EPYC 7R13 Processor,192,768.0,5.3328
ap-south-1,m6g,AWS Graviton2 Processor,1,4.0,0.0253
ap-south-1,m6g,AWS Graviton2 Processor,2,8.0,0.0506
ap-south-1,m6g,AWS Graviton2 Processor,4,16.0,0.1012
ap-south-1,m6g,AWS Graviton2 Processor,8,32.0,0.2024
ap-south-1,m6g,AWS Graviton2 Processor,16,64.0,0.4048
ap-south-1,m6g,AWS Graviton2 Processor,32,128.0,0.8096
ap-south-1,m6g,AWS Graviton2 Processor,48,192.0,1.2144
ap-south-1,m6g,AWS Graviton2 Processor,64,256.0,1.6192
ap-south-1,m6i,Intel Xeon Platinum 8375C,2,8.0,0.101
ap-south-1,m6i,Intel Xeon Platinum 8375C,4,16.0,0.202
ap-south-1,m6i,Intel Xeon Platinum 8375C,8,32.0,0.404
ap-south-1,m6i,Intel Xeon Platinum 8375C,16,64.0,0.808
ap-south-1,m6i,Intel Xeon Platinum 8375C,32,128.0,1.616
ap-south-1,m6i,Intel Xeon Platinum 8375C,48,192.0,2.424
ap-south-1,m6i,Intel Xeon Platinum 8375C,64,256.0,3.232
ap-south-1,m6i,Intel Xeon Platinum 8375C,96,384.0,4.848
ap-south-1,m6i,Intel Xeon Platinum 8375C,128,512.0,6.464
ap-south-1,m7g,AWS Graviton3 Processor,1,4.0,0.0292
ap-south-1,m7g,AWS Graviton3 Processor,2,8.0,0.0583
ap-south-1,m7g,AWS Graviton3 Processor,4,16.0,0.1166
ap-south-1,m7g,AWS Graviton3 Processor,8,32.0,0.2333
ap-south-1,m7g,AWS Graviton3 Processor,16,64.0,0.4666
ap-south-1,m7g,AWS Graviton3 Processor,32,128.0,0.9331
ap-south-1,m7g,AWS Graviton3 Processor,48,192.0,1.3997
ap-south-1,m7g,AWS Graviton3 Processor,64,256.0,1.8662
ap-south-1,m7i,Intel Xeon Platinum 8488C,2,8.0,0.10605
ap-south-1,m7i,Intel Xeon Platinum 8488C,4,16.0,0.2121
ap-south-1,m7i,Intel Xeon Platinum 8488C,8,32.0,0.4242
ap-south-1,m7i,Intel Xeon Platinum 8488C,16,64.0,0.8484
ap-south-1,m7i,Intel Xeon Platinum 8488C,32,128.0,1.6968
ap-south-1,m7i,Intel Xeon Platinum 8488C,48,192.0,2.5452
ap-south-1,m7i,Intel Xeon Platinum 8488C,64,256.0,3.3936
ap-south-1,m7i,Intel Xeon Platinum 8488C,96,384.0,5.0904
ap-south-1,m7i,Intel Xeon Platinum 8488C,192,768.0,10.1808
ap-south-1,m8a,AMD EPYC 9R45 Processor,1,4.0,0.06403
ap-south-1,m8a,AMD EPYC 9R45 Processor,2,8.0,0.12806
ap-south-1,m8a,AMD EPYC 9R45 Processor,4,16.0,0.25612
ap-south-1,m8a,AMD EPYC 9R45 Processor,8,32.0,0.51224
ap-south-1,m8a,AMD EPYC 9R45 Processor,16,64.0,1.02448
ap-south-1,m8a,AMD EPYC 9R45 Processor,32,128.0,2.04896
ap-south-1,m8a,AMD EPYC 9R45 Processor,48,192.0,3.07344
ap-south-1,m8a,AMD EPYC 9R45 Processor,64,256.0,4.09792
ap-south-1,m8a,AMD EPYC 9R45 Processor,96,384.0,6.14688
ap-south-1,m8a,AMD EPYC 9R45 Processor,192,768.0,12.29376
ap-south-1,m8g,AWS Graviton4 Processor,1,4.0,0.03208
ap-south-1,m8g,AWS Graviton4 Processor,2,8.0,0.06416
ap-south-1,m8g,AWS Graviton4 Processor,4,16.0,0.12832
ap-south-1,m8g,AWS Graviton4 Processor,8,32.0,0.25664
ap-south-1,m8g,AWS Graviton4 Processor,16,64.0,0.51328
ap-south-1,m8g,AWS Graviton4 Processor,32,128.0,1.02656
ap-south-1,m8g,AWS Graviton4 Processor,48,192.0,1.53984
ap-south-1,m8g,AWS Graviton4 Processor,64,256.0,2.05312
ap-south-1,m8g,AWS Graviton4 Processor,96,384.0,3.07968
ap-south-1,m8g,AWS Graviton4 Processor,192,768.0,6.15936
ap-south-1,m8i,Intel Xeon 6 6975P-C,2,8.0,0.11135
ap-south-1,m8i,Intel Xeon 6 6975P-C,4,16.0,0.2227
ap-south-1,m8i,Intel Xeon 6 6975P-C,8,32.0,0.4454
ap-south-1,m8i,Intel Xeon 6 6975P-C,16,64.0,0.8908
ap-south-1,m8i,Intel Xeon 6 6975P-C,32,128.0,1.7816
ap-south-1,m8i,Intel Xeon 6 6975P-C,48,192.0,2.6724
ap-south-1,m8i,Intel Xeon 6 6975P-C,64,256.0,3.5632
ap-south-1,m8i,Intel Xeon 6 6975P-C,96,384.0,5.3448
ap-south-1,m8i,Intel Xeon 6 6975P-C,128,512.0,7.1264
ap-south-1,m8i,Intel Xeon 6 6975P-C,192,768.0,10.6896
ap-south-1,m8i,Intel Xeon 6 6975P-C,384,1536.0,21.3792
ap-south-1,r6a,AMD EPYC 7R13 Processor,2,16.0,0.0715
ap-south-1,r6a,AMD EPYC 7R13 Processor,4,32.0,0.143
ap-south-1,r6a,AMD EPYC 7R13 Processor,8,64.0,0.286
ap-south-1,r6a,AMD EPYC 7R13 Processor,16,128.0,0.572
ap-south-1,r6a,AMD EPYC 7R13 Processor,32,256.0,1.144
ap-south-1,r6a,AMD EPYC 7R13 Processor,48,384.0,1.716
ap-south-1,r6a,AMD EPYC 7R13 Processor,64,512.0,2.288
ap-south-1,r6a,AMD EPYC 7R13 Processor,96,768.0,3.432
ap-south-1,r6a,AMD EPYC 7R13 Processor,128,1024.0,4.576
ap-south-1,r6a,AMD EPYC 7R13 Processor,192,1536.0,6.864
ap-south-1,r6g,AWS Graviton2 Processor,1,8.0,0.0325
ap-south-1,r6g,AWS Graviton2 Processor,2,16.0,0.065
ap-south-1,r6g,AWS Graviton2 Processor,4,32.0,0.13
ap-south-1,r6g,AWS Graviton2 Processor,8,64.0,0.26
ap-south-1,r6g,AWS Graviton2 Processor,16,128.0,0.52
ap-south-1,r6g,AWS Graviton2 Processor,32,256.0,1.04
ap-south-1,r6g,AWS Graviton2 Processor,48,384.0,1.56
ap-south-1,r6g,AWS Graviton2 Processor,64,512.0,2.08
ap-south-1,r6i,Intel Xeon Platinum 8375C,2,16.0,0.13
ap-south-1,r6i,Intel Xeon Platinum 8375C,4,32.0,0.26
ap-south-1,r6i,Intel Xeon Platinum 8375C,8,64.0,0.52
ap-south-1,r6i,Intel Xeon Platinum 8375C,16,128.0,1.04
ap-south-1,r6i,Intel Xeon Platinum 8375C,32,256.0,2.08
ap-south-1,r6i,Intel Xeon Platinum 8375C,48,384.0,3.12
ap-south-1,r6i,Intel Xeon Platinum 8375C,64,512.0,4.16
ap-south-1,r6i,Intel Xeon Platinum 8375C,96,768.0,6.24
ap-south-1,r6i,Intel Xeon Platinum 8375C,128,1024.0,8.32
ap-south-1,r7g,AWS Graviton3 Processor,1,8.0,0.0375
ap-south-1,r7g,AWS Graviton3 Processor,2,16.0,0.0751
ap-south-1,r7g,AWS Graviton3 Processor,4,32.0,0.1502
ap-south-1,r7g,AWS Graviton3 Processor,8,64.0,0.3003
ap-south-1,r7g,AWS Graviton3 Processor,16,128.0,0.6006
ap-south-1,r7g,AWS Graviton3 Processor,32,256.0,1.2013
ap-south-1,r7g,AWS Graviton3 Processor,48,384.0,1.8019
ap-south-1,r7g,AWS Graviton3 Processor,64,512.0,2.4026
ap-south-1,r7i,Intel Xeon Platinum 8488C,2,16.0,0.1365
ap-south-1,r7i,Intel Xeon Platinum 8488C,4,32.0,0.273
ap-south-1,r7i,Intel Xeon Platinum 8488C,8,64.0,0.546
ap-south-1,r7i,Intel Xeon Platinum 8488C,16,128.0,1.092
ap-south-1,r7i,Intel Xeon Platinum 8488C,32,256.0,2.184
ap-south-1,r7i,Intel Xeon Platinum 8488C,48,384.0,3.276
ap-south-1,r7i,Intel Xeon Platinum 8488C,64,512.0,4.368
ap-south-1,r7i,Intel Xeon Platinum 8488C,96,768.0,6.552
ap-south-1,r7i,Intel Xeon Platinum 8488C,192,1536.0,13.104
ap-south-1,r8g,AWS Graviton4 Processor,1,8.0,0.04129
ap-south-1,r8g,AWS Graviton4 Processor,2,16.0,0.08258
ap-south-1,r8g,AWS Graviton4 Processor,4,32.0,0.16516
ap-south-1,r8g,AWS Graviton4 Processor,8,64.0,0.33032
ap-south-1,r8g,AWS Graviton4 Processor,16,128.0,0.66064
ap-south-1,r8g,AWS Graviton4 Processor,32,256.0,1.32128
ap-south-1,r8g,AWS Graviton4 Processor,48,384.0,1.98192
ap-south-1,r8g,AWS Graviton4 Processor,64,512.0,2.64256
ap-south-1,r8g,AWS Graviton4 Processor,96,768.0,3.96384
ap-south-1,r8g,AWS Graviton4 Processor,192,1536.0,7.92768
ap-south-1,r8i,Intel Xeon 6 6985P-C,2,16.0,0.14333
ap-south-1,r8i,Intel Xeon 6 6985P-C,4,32.0,0.28666
ap-south-1,r8i,Intel Xeon 6 6985P-C,8,64.0,0.57332
ap-south-1,r8i,Intel Xeon 6 6985P-C,16,128.0,1.14664
ap-south-1,r8i,Intel Xeon 6 6985P-C,32,256.0,2.29328
ap-south-1,r8i,Intel Xeon 6 6985P-C,48,384.0,3.43992
ap-south-1,r8i,Intel Xeon 6 6985P-C,64,512.0,4.58656
ap-south-1,r8i,Intel Xeon 6 6985P-C,96,768.0,6.87984
ap-south-1,r8i,Intel Xeon 6 6985P-C,128,1024.0,9.17312
ap-south-1,r8i,Intel Xeon 6 6985P-C,192,1536.0,13.75968
ap-south-1,r8i,Intel Xeon 6 6985P-C,384,3072.0,27.51936
ap-south-1,x8i,Intel Xeon 6 6975P-C,2,32.0,0.22578
ap-south-1,x8i,Intel Xeon 6 6975P-C,4,64.0,0.45156
ap-south-1,x8i,Intel Xeon 6 6975P-C,8,128.0,0.90312
ap-south-1,x8i,Intel Xeon 6 6975P-C,16,256.0,1.80624
ap-south-1,x8i,Intel Xeon 6 6975P-C,32,512.0,3.61248
ap-south-1,x8i,Intel Xeon 6 6975P-C,48,768.0,5.41872
ap-south-1,x8i,Intel Xeon 6 6975P-C,64,1024.0,7.22496
ap-south-1,x8i,Intel Xeon 6 6975P-C,96,1536.0,10.83744
ap-south-1,x8i,Intel Xeon 6 6975P-C,128,2048.0,14.44992
ap-south-1,x8i,Intel Xeon 6 6975P-C,192,3072.0,21.67488
ap-south-1,x8i,Intel Xeon 6 6975P-C,256,4096.0,28.89984
ap-south-1,x8i,Intel Xeon 6 6975P-C,384,6144.0,50.23605
ap-south-2,c6a,AMD EPYC 7R13 Processor,2,4.0,0.04675
ap-south-2,c6a,AMD EPYC 7R13 Processor,4,8.0,0.0935
ap-south-2,c6a,AMD EPYC 7R13 Processor,8,16.0,0.187
ap-south-2,c6a,AMD EPYC 7R13 Processor,16,32.0,0.374
ap-south-2,c6a,AMD EPYC 7R13 Processor,32,64.0,0.748
ap-south-2,c6a,AMD EPYC 7R13 Processor,48,96.0,1.122
ap-south-2,c6a,AMD EPYC 7R13 Processor,64,128.0,1.496
ap-south-2,c6a,AMD EPYC 7R13 Processor,96,192.0,2.244
ap-south-2,c6a,AMD EPYC 7R13 Processor,128,256.0,2.992
ap-south-2,c6a,AMD EPYC 7R13 Processor,192,384.0,4.488
ap-south-2,c6g,AWS Graviton2 Processor,1,2.0,0.0213
ap-south-2,c6g,AWS Graviton2 Processor,2,4.0,0.0426
ap-south-2,c6g,AWS Graviton2 Processor,4,8.0,0.0852
ap-south-2,c6g,AWS Graviton2 Processor,8,16.0,0.1704
ap-south-2,c6g,AWS Graviton2 Processor,16,32.0,0.3408
ap-south-2,c6g,AWS Graviton2 Processor,32,64.0,0.6816
ap-south-2,c6g,AWS Graviton2 Processor,48,96.0,1.0224
ap-south-2,c6g,AWS Graviton2 Processor,64,128.0,1.3632
ap-south-2,c6i,Intel Xeon Platinum 8375C,2,4.0,0.085
ap-south-2,c6i,Intel Xeon Platinum 8375C,4,8.0,0.17
ap-south-2,c6i,Intel Xeon Platinum 8375C,8,16.0,0.34
ap-south-2,c6i,Intel Xeon Platinum 8375C,16,32.0,0.68
ap-south-2,c6i,Intel Xeon Platinum 8375C,32,64.0,1.36
ap-south-2,c6i,Intel Xeon Platinum 8375C,48,96.0,2.04
ap-south-2,c6i,Intel Xeon Platinum 8375C,64,128.0,2.72
ap-south-2,c6i,Intel Xeon Platinum 8375C,96,192.0,4.08
ap-south-2,c6i,Intel Xeon Platinum 8375C,128,256.0,5.44
ap-south-2,c7g,AWS Graviton3 Processor,1,2.0,0.0245
ap-south-2,c7g,AWS Graviton3 Processor,2,4.0,0.0491
ap-south-2,c7g,AWS Graviton3 Processor,4,8.0,0.0982
ap-south-2,c7g,AWS Graviton3 Processor,8,16.0,0.1963
ap-south-2,c7g,AWS Graviton3 Processor,16,32.0,0.3926
ap-south-2,c7g,AWS Graviton3 Processor,32,64.0,0.7853
ap-south-2,c7g,AWS Graviton3 Processor,48,96.0,1.1779
ap-south-2,c7g,AWS Graviton3 Processor,64,128.0,1.5706
ap-south-2,c7i,Intel Xeon Platinum 8488C,2,4.0,0.08925
ap-south-2,c7i,Intel Xeon Platinum 8488C,4,8.0,0.1785
ap-south-2,c7i,Intel Xeon Platinum 8488C,8,16.0,0.357
ap-south-2,c7i,Intel Xeon Platinum 8488C,16,32.0,0.714
ap-south-2,c7i,Intel Xeon Platinum 8488C,32,64.0,1.428
ap-south-2,c7i,Intel Xeon Platinum 8488C,48,96.0,2.142
ap-south-2,c7i,Intel Xeon Platinum 8488C,64,128.0,2.856
ap-south-2,c7i,Intel Xeon Platinum 8488C,96,192.0,4.284
ap-south-2,c7i,Intel Xeon Platinum 8488C,192,384.0,8.568
ap-south-2,c8g,AWS Graviton4 Processor,1,2.0,0.02699
ap-south-2,c8g,AWS Graviton4 Processor,2,4.0,0.05398
ap-south-2,c8g,AWS Graviton4 Processor,4,8.0,0.10796
ap-south-2,c8g,AWS Graviton4 Processor,8,16.0,0.21592
ap-south-2,c8g,AWS Graviton4 Processor,16,32.0,0.43184
ap-south-2,c8g,AWS Graviton4 Processor,32,64.0,0.86368
ap-south-2,c8g,AWS Graviton4 Processor,48,96.0,1.29552
ap-south-2,c8g,AWS Graviton4 Processor,64,128.0,1.72736
ap-south-2,c8g,AWS Graviton4 Processor,96,192.0,2.59104
ap-south-2,c8g,AWS Graviton4 Processor,192,384.0,5.18208
ap-south-2,c8i,Intel Xeon 6 6975P-C,2,4.0,0.09371
ap-south-2,c8i,Intel Xeon 6 6975P-C,4,8.0,0.18742
ap-south-2,c8i,Intel Xeon 6 6975P-C,8,16.0,0.37484
ap-south-2,c8i,Intel Xeon 6 6975P-C,16,32.0,0.74968
ap-south-2,c8i,Intel Xeon 6 6975P-C,32,64.0,1.49936
ap-south-2,c8i,Intel Xeon 6 6975P-C,48,96.0,2.24904
ap-south-2,c8i,Intel Xeon 6 6975P-C,64,128.0,2.99872
ap-south-2,c8i,Intel Xeon 6 6975P-C,96,192.0,4.49808
ap-south-2,c8i,Intel Xeon 6 6975P-C,128,256.0,5.99744
ap-south-2,c8i,Intel Xeon 6 6975P-C,192,384.0,8.99616
ap-south-2,c8i,Intel Xeon 6 6975P-C,384,768.0,17.99232
ap-south-2,m6a,AMD EPYC 7R13 Processor,2,8.0,0.05555
ap-south-2,m6a,AMD EPYC 7R13 Processor,4,16.0,0.1111
ap-south-2,m6a,AMD EPYC 7R13 Processor,8,32.0,0.2222
ap-south-2,m6a,AMD EPYC 7R13 Processor,16,64.0,0.4444
ap-south-2,m6a,AMD EPYC 7R13 Processor,32,128.0,0.8888
ap-south-2,m6a,AMD EPYC 7R13 Processor,48,192.0,1.3332
ap-south-2,m6a,AMD EPYC 7R13 Processor,64,256.0,1.7776
ap-south-2,m6a,AMD EPYC 7R13 Processor,96,384.0,2.6664
ap-south-2,m6a,AMD EPYC 7R13 Processor,128,512.0,3.5552
ap-south-2,m6a,AMD EPYC 7R13 Processor,192,768.0,5.3328
ap-south-2,m6g,AWS Graviton2 Processor,1,4.0,0.0253
ap-south-2,m6g,AWS Graviton2 Processor,2,8.0,0.0506
ap-south-2,m6g,AWS Graviton2 Processor,4,16.0,0.1012
ap-south-2,m6g,AWS Graviton2 Processor,8,32.0,0.2024
ap-south-2,m6g,AWS Graviton2 Processor,16,64.0,0.4048
ap-south-2,m6g,AWS Graviton2 Processor,32,128.0,0.8096
ap-south-2,m6g,AWS Graviton2 Processor,48,192.0,1.2144
ap-south-2,m6g,AWS Graviton2 Processor,64,256.0,1.6192
ap-south-2,m6i,Intel Xeon Platinum 8375C,2,8.0,0.101
ap-south-2,m6i,Intel Xeon Platinum 8375C,4,16.0,0.202
ap-south-2,m6i,Intel Xeon Platinum 8375C,8,32.0,0.404
ap-south-2,m6i,Intel Xeon Platinum 8375C,16,64.0,0.808
ap-south-2,m6i,Intel Xeon Platinum 8375C,32,128.0,1.616
ap-south-2,m6i,Intel Xeon Platinum 8375C,48,192.0,2.424
ap-south-2,m6i,Intel Xeon Platinum 8375C,64,256.0,3.232
ap-south-2,m6i,Intel Xeon Platinum 8375C,96,384.0,4.848
ap-south-2,m6i,Intel Xeon Platinum 8375C,128,512.0,6.464
ap-south-2,m7g,AWS Graviton3 Processor,1,4.0,0.0292
ap-south-2,m7g,AWS Graviton3 Processor,2,8.0,0.0583
ap-south-2,m7g,AWS Graviton3 Processor,4,16.0,0.1166
ap-south-2,m7g,AWS Graviton3 Processor,8,32.0,0.2333
ap-south-2,m7g,AWS Graviton3 Processor,16,64.0,0.4666
ap-south-2,m7g,AWS Graviton3 Processor,32,128.0,0.9331
ap-south-2,m7g,AWS Graviton3 Processor,48,192.0,1.3997
ap-south-2,m7g,AWS Graviton3 Processor,64,256.0,1.8662
ap-south-2,m7i,Intel Xeon Platinum 8488C,2,8.0,0.10605
ap-south-2,m7i,Intel Xeon Platinum 8488C,4,16.0,0.2121
ap-south-2,m7i,Intel Xeon Platinum 8488C,8,32.0,0.4242
ap-south-2,m7i,Intel Xeon Platinum 8488C,16,64.0,0.8484
ap-south-2,m7i,Intel Xeon Platinum 8488C,32,128.0,1.6968
ap-south-2,m7i,Intel Xeon Platinum 8488C,48,192.0,2.5452
ap-south-2,m7i,Intel Xeon Platinum 8488C,64,256.0,3.3936
ap-south-2,m7i,Intel Xeon Platinum 8488C,96,384.0,5.0904
ap-south-2,m7i,Intel Xeon Platinum 8488C,192,768.0,10.1808
ap-south-2,m8g,AWS Graviton4 Processor,1,4.0,0.03208
ap-south-2,m8g,AWS Graviton4 Processor,2,8.0,0.06416
ap-south-2,m8g,AWS Graviton4 Processor,4,16.0,0.12832
ap-south-2,m8g,AWS Graviton4 Processor,8,32.0,0.25664
ap-south-2,m8g,AWS Graviton4 Processor,16,64.0,0.51328
ap-south-2,m8g,AWS Graviton4 Processor,32,128.0,1.02656
ap-south-2,m8g,AWS Graviton4 Processor,48,192.0,1.53984
ap-south-2,m8g,AWS Graviton4 Processor,64,256.0,2.05312
ap-south-2,m8g,AWS Graviton4 Processor,96,384.0,3.07968
ap-south-2,m8g,AWS Graviton4 Processor,192,768.0,6.15936
ap-south-2,m8i,Intel Xeon 6 6975P-C,2,8.0,0.11135
ap-south-2,m8i,Intel Xeon 6 6975P-C,4,16.0,0.2227
ap-south-2,m8i,Intel Xeon 6 6975P-C,8,32.0,0.4454
ap-south-2,m8i,Intel Xeon 6 6975P-C,16,64.0,0.8908
ap-south-2,m8i,Intel Xeon 6 6975P-C,32,128.0,1.7816
ap-south-2,m8i,Intel Xeon 6 6975P-C,48,192.0,2.6724
ap-south-2,m8i,Intel Xeon 6 6975P-C,64,256.0,3.5632
ap-south-2,m8i,Intel Xeon 6 6975P-C,96,384.0,5.3448
ap-south-2,m8i,Intel Xeon 6 6975P-C,128,512.0,7.1264
ap-south-2,m8i,Intel Xeon 6 6975P-C,192,768.0,10.6896
ap-south-2,m8i,Intel Xeon 6 6975P-C,384,1536.0,21.3792
ap-south-2,r6a,AMD EPYC 7R13 Processor,2,16.0,0.0715
ap-south-2,r6a,AMD EPYC 7R13 Processor,4,32.0,0.143
ap-south-2,r6a,AMD EPYC 7R13 Processor,8,64.0,0.286
ap-south-2,r6a,AMD EPYC 7R13 Processor,16,128.0,0.572
ap-south-2,r6a,AMD EPYC 7R13 Processor,32,256.0,1.144
ap-south-2,r6a,AMD EPYC 7R13 Processor,48,384.0,1.716
ap-south-2,r6a,AMD EPYC 7R13 Processor,64,512.0,2.288
ap-south-2,r6a,AMD EPYC 7R13 Processor,96,768.0,3.432
ap-south-2,r6a,AMD EPYC 7R13 Processor,128,1024.0,4.576
ap-south-2,r6a,AMD EPYC 7R13 Processor,192,1536.0,6.864
ap-south-2,r6g,AWS Graviton2 Processor,1,8.0,0.0325
ap-south-2,r6g,AWS Graviton2 Processor,2,16.0,0.065
ap-south-2,r6g,AWS Graviton2 Processor,4,32.0,0.13
ap-south-2,r6g,AWS Graviton2 Processor,8,64.0,0.26
ap-south-2,r6g,AWS Graviton2 Processor,16,128.0,0.52
ap-south-2,r6g,AWS Graviton2 Processor,32,256.0,1.04
ap-south-2,r6g,AWS Graviton2 Processor,48,384.0,1.56
ap-south-2,r6g,AWS Graviton2 Processor,64,512.0,2.08
ap-south-2,r6i,Intel Xeon Platinum 8375C,2,16.0,0.13
ap-south-2,r6i,Intel Xeon Platinum 8375C,4,32.0,0.26
ap-south-2,r6i,Intel Xeon Platinum 8375C,8,64.0,0.52
ap-south-2,r6i,Intel Xeon Platinum 8375C,16,128.0,1.04
ap-south-2,r6i,Intel Xeon Platinum 8375C,32,256.0,2.08
ap-south-2,r6i,Intel Xeon Platinum 8375C,48,384.0,3.12
ap-south-2,r6i,Intel Xeon Platinum 8375C,64,512.0,4.16
ap-south-2,r6i,Intel Xeon Platinum 8375C,96,768.0,6.24
ap-south-2,r6i,Intel Xeon Platinum 8375C,128,1024.0,8.32
ap-south-2,r7a,AMD EPYC 9R14 Processor,1,8.0,0.07849
ap-south-2,r7a,AMD EPYC 9R14 Processor,2,16.0,0.15698
ap-south-2,r7a,AMD EPYC 9R14 Processor,4,32.0,0.31396
ap-south-2,r7a,AMD EPYC 9R14 Processor,8,64.0,0.62792
ap-south-2,r7a,AMD EPYC 9R14 Processor,16,128.0,1.25584
ap-south-2,r7a,AMD EPYC 9R14 Processor,32,256.0,2.51168
ap-south-2,r7a,AMD EPYC 9R14 Processor,48,384.0,3.76752
ap-south-2,r7a,AMD EPYC 9R14 Processor,64,512.0,5.02336
ap-south-2,r7a,AMD EPYC 9R14 Processor,96,768.0,7.53504
ap-south-2,r7a,AMD EPYC 9R14 Processor,128,1024.0,10.04672
ap-south-2,r7a,AMD EPYC 9R14 Processor,192,1536.0,15.07008
ap-south-2,r7g,AWS Graviton3 Processor,1,8.0,0.0375
ap-south-2,r7g,AWS Graviton3 Processor,2,16.0,0.0751
ap-south-2,r7g,AWS Graviton3 Processor,4,32.0,0.1502
ap-south-2,r7g,AWS Graviton3 Processor,8,64.0,0.3003
ap-south-2,r7g,AWS Graviton3 Processor,16,128.0,0.6006
ap-south-2,r7g,AWS Graviton3 Processor,32,256.0,1.2013
ap-south-2,r7g,AWS Graviton3 Processor,48,384.0,1.8019
ap-south-2,r7g,AWS Graviton3 Processor,64,512.0,2.4026
ap-south-2,r7i,Intel Xeon Platinum 8488C,2,16.0,0.1365
ap-south-2,r7i,Intel Xeon Platinum 8488C,4,32.0,0.273
ap-south-2,r7i,Intel Xeon Platinum 8488C,8,64.0,0.546
ap-south-2,r7i,Intel Xeon Platinum 8488C,16,128.0,1.092
ap-south-2,r7i,Intel Xeon Platinum 8488C,32,256.0,2.184
ap-south-2,r7i,Intel Xeon Platinum 8488C,48,384.0,3.276
ap-south-2,r7i,Intel Xeon Platinum 8488C,64,512.0,4.368
ap-south-2,r7i,Intel Xeon Platinum 8488C,96,768.0,6.552
ap-south-2,r7i,Intel Xeon Platinum 8488C,192,1536.0,13.104
ap-south-2,r8g,AWS Graviton4 Processor,1,8.0,0.04129
ap-south-2,r8g,AWS Graviton4 Processor,2,16.0,0.08258
ap-south-2,r8g,AWS Graviton4 Processor,4,32.0,0.16516
ap-south-2,r8g,AWS Graviton4 Processor,8,64.0,0.33032
ap-south-2,r8g,AWS Graviton4 Processor,16,128.0,0.66064
ap-south-2,r8g,AWS Graviton4 Processor,32,256.0,1.32128
ap-south-2,r8g,AWS Graviton4 Processor,48,384.0,1.98192
ap-south-2,r8g,AWS Graviton4 Processor,64,512.0,2.64256
ap-south-2,r8g,AWS Graviton4 Processor,96,768.0,3.96384
ap-south-2,r8g,AWS Graviton4 Processor,192,1536.0,7.92768
ap-south-2,r8i,Intel Xeon 6 6985P-C,2,16.0,0.14333
ap-south-2,r8i,Intel Xeon 6 6985P-C,4,32.0,0.28666
ap-south-2,r8i,Intel Xeon 6 6985P-C,8,64.0,0.57332
ap-south-2,r8i,Intel Xeon 6 6985P-C,16,128.0,1.14664
ap-south-2,r8i,Intel Xeon 6 6985P-C,32,256.0,2.29328
ap-south-2,r8i,Intel Xeon 6 6985P-C,48,384.0,3.43992
ap-south-2,r8i,Intel Xeon 6 6985P-C,64,512.0,4.58656
ap-south-2,r8i,Intel Xeon 6 6985P-C,96,768.0,6.87984
ap-south-2,r8i,Intel Xeon 6 6985P-C,128,1024.0,9.17312
ap-south-2,r8i,Intel Xeon 6 6985P-C,192,1536.0,13.75968
ap-south-2,r8i,Intel Xeon 6 6985P-C,384,3072.0,27.51936
ap-southeast-1,c6a,AMD EPYC 7R13 Processor,2,4.0,0.0882
ap-southeast-1,c6a,AMD EPYC 7R13 Processor,4,8.0,0.1764
ap-southeast-1,c6a,AMD EPYC 7R13 Processor,8,16.0,0.3528
ap-southeast-1,c6a,AMD EPYC 7R13 Processor,16,32.0,0.7056
ap-southeast-1,c6a,AMD EPYC 7R13 Processor,32,64.0,1.4112
ap-southeast-1,c6a,AMD EPYC 7R13 Processor,48,96.0,2.1168
ap-southeast-1,c6a,AMD EPYC 7R13 Processor,64,128.0,2.8224
ap-southeast-1,c6a,AMD EPYC 7R13 Processor,96,192.0,4.2336
ap-southeast-1,c6a,AMD EPYC 7R13 Processor,128,256.0,5.6448
ap-southeast-1,c6a,AMD EPYC 7R13 Processor,192,384.0,8.4672
ap-southeast-1,c6g,AWS Graviton2 Processor,1,2.0,0.0392
ap-southeast-1,c6g,AWS Graviton2 Processor,2,4.0,0.0784
ap-southeast-1,c6g,AWS Graviton2 Processor,4,8.0,0.1568
ap-southeast-1,c6g,AWS Graviton2 Processor,8,16.0,0.3136
ap-southeast-1,c6g,AWS Graviton2 Processor,16,32.0,0.6272
ap-southeast-1,c6g,AWS Graviton2 Processor,32,64.0,1.2544
ap-southeast-1,c6g,AWS Graviton2 Processor,48,96.0,1.8816
ap-southeast-1,c6g,AWS Graviton2 Processor,64,128.0,2.5088
ap-southeast-1,c6i,Intel Xeon Platinum 8375C,2,4.0,0.098
ap-southeast-1,c6i,Intel Xeon Platinum 8375C,4,8.0,0.196
ap-southeast-1,c6i,Intel Xeon Platinum 8375C,8,16.0,0.392
ap-southeast-1,c6i,Intel Xeon Platinum 8375C,16,32.0,0.784
ap-southeast-1,c6i,Intel Xeon Platinum 8375C,32,64.0,1.568
ap-southeast-1,c6i,Intel Xeon Platinum 8375C,48,96.0,2.352
ap-southeast-1,c6i,Intel Xeon Platinum 8375C,64,128.0,3.136
ap-southeast-1,c6i,Intel Xeon Platinum 8375C,96,192.0,4.704
ap-southeast-1,c6i,Intel Xeon Platinum 8375C,128,256.0,6.272
ap-southeast-1,c7a,AMD EPYC 9R14 Processor,1,2.0,0.05917
ap-southeast-1,c7a,AMD EPYC 9R14 Processor,2,4.0,0.11834
ap-southeast-1,c7a,AMD EPYC 9R14 Processor,4,8.0,0.23668
ap-southeast-1,c7a,AMD EPYC 9R14 Processor,8,16.0,0.47336
ap-southeast-1,c7a,AMD EPYC 9R14 Processor,16,32.0,0.94672
ap-southeast-1,c7a,AMD EPYC 9R14 Processor,32,64.0,1.89344
ap-southeast-1,c7a,AMD EPYC 9R14 Processor,48,96.0,2.84016
ap-southeast-1,c7a,AMD EPYC 9R14 Processor,64,128.0,3.78688
ap-southeast-1,c7a,AMD EPYC 9R14 Processor,96,192.0,5.68032
ap-southeast-1,c7a,AMD EPYC 9R14 Processor,128,256.0,7.57376
ap-southeast-1,c7a,AMD EPYC 9R14 Processor,192,384.0,11.36064
ap-southeast-1,c7g,AWS Graviton3 Processor,1,2.0,0.0417
ap-southeast-1,c7g,AWS Graviton3 Processor,2,4.0,0.0833
ap-southeast-1,c7g,AWS Graviton3 Processor,4,8.0,0.1666
ap-southeast-1,c7g,AWS Graviton3 Processor,8,16.0,0.3332
ap-southeast-1,c7g,AWS Graviton3 Processor,16,32.0,0.6664
ap-southeast-1,c7g,AWS Graviton3 Processor,32,64.0,1.3328
ap-southeast-1,c7g,AWS Graviton3 Processor,48,96.0,1.9992
ap-southeast-1,c7g,AWS Graviton3 Processor,64,128.0,2.6656
ap-southeast-1,c7i,Intel Xeon Platinum 8488C,2,4.0,0.1029
ap-southeast-1,c7i,Intel Xeon Platinum 8488C,4,8.0,0.2058
ap-southeast-1,c7i,Intel Xeon Platinum 8488C,8,16.0,0.4116
ap-southeast-1,c7i,Intel Xeon Platinum 8488C,16,32.0,0.8232
ap-southeast-1,c7i,Intel Xeon Platinum 8488C,32,64.0,1.6464
ap-southeast-1,c7i,Intel Xeon Platinum 8488C,48,96.0,2.4696
ap-southeast-1,c7i,Intel Xeon Platinum 8488C,64,128.0,3.2928
ap-southeast-1,c7i,Intel Xeon Platinum 8488C,96,192.0,4.9392
ap-southeast-1,c7i,Intel Xeon Platinum 8488C,192,384.0,9.8784
ap-southeast-1,c8g,AWS Graviton4 Processor,1,2.0,0.04582
ap-southeast-1,c8g,AWS Graviton4 Processor,2,4.0,0.09164
ap-southeast-1,c8g,AWS Graviton4 Processor,4,8.0,0.18328
ap-southeast-1,c8g,AWS Graviton4 Processor,8,16.0,0.36656
ap-southeast-1,c8g,AWS Graviton4 Processor,16,32.0,0.73312
ap-southeast-1,c8g,AWS Graviton4 Processor,32,64.0,1.46624
ap-southeast-1,c8g,AWS Graviton4 Processor,48,96.0,2.19936
ap-southeast-1,c8g,AWS Graviton4 Processor,64,128.0,2.93248
ap-southeast-1,c8g,AWS Graviton4 Processor,96,192.0,4.39872
ap-southeast-1,c8g,AWS Graviton4 Processor,192,384.0,8.79744
ap-southeast-1,c8i,Intel Xeon 6 6975P-C,2,4.0,0.10805
ap-southeast-1,c8i,Intel Xeon 6 6975P-C,4,8.0,0.2161
ap-southeast-1,c8i,Intel Xeon 6 6975P-C,8,16.0,0.4322
ap-southeast-1,c8i,Intel Xeon 6 6975P-C,16,32.0,0.8644
ap-southeast-1,c8i,Intel Xeon 6 6975P-C,32,64.0,1.7288
ap-southeast-1,c8i,Intel Xeon 6 6975P-C,48,96.0,2.5932
ap-southeast-1,c8i,Intel Xeon 6 6975P-C,64,128.0,3.4576
ap-southeast-1,c8i,Intel Xeon 6 6975P-C,96,192.0,5.1864
ap-southeast-1,c8i,Intel Xeon 6 6975P-C,128,256.0,6.9152
ap-southeast-1,c8i,Intel Xeon 6 6975P-C,192,384.0,10.3728
ap-southeast-1,c8i,Intel Xeon 6 6975P-C,384,768.0,20.7456
ap-southeast-1,m6a,AMD EPYC 7R13 Processor,2,8.0,0.108
ap-southeast-1,m6a,AMD EPYC 7R13 Processor,4,16.0,0.216
ap-southeast-1,m6a,AMD EPYC 7R13 Processor,8,32.0,0.432
ap-southeast-1,m6a,AMD EPYC 7R13 Processor,16,64.0,0.864
ap-southeast-1,m6a,AMD EPYC 7R13 Processor,32,128.0,1.728
ap-southeast-1,m6a,AMD EPYC 7R13 Processor,48,192.0,2.592
ap-southeast-1,m6a,AMD EPYC 7R13 Processor,64,256.0,3.456
ap-southeast-1,m6a,AMD EPYC 7R13 Processor,96,384.0,5.184
ap-southeast-1,m6a,AMD EPYC 7R13 Processor,128,512.0,6.912
ap-southeast-1,m6a,AMD EPYC 7R13 Processor,192,768.0,10.368
ap-southeast-1,m6g,AWS Graviton2 Processor,1,4.0,0.048
ap-southeast-1,m6g,AWS Graviton2 Processor,2,8.0,0.096
ap-southeast-1,m6g,AWS Graviton2 Processor,4,16.0,0.192
ap-southeast-1,m6g,AWS Graviton2 Processor,8,32.0,0.384
ap-southeast-1,m6g,AWS Graviton2 Processor,16,64.0,0.768
ap-southeast-1,m6g,AWS Graviton2 Processor,32,128.0,1.536
ap-southeast-1,m6g,AWS Graviton2 Processor,48,192.0,2.304
ap-southeast-1,m6g,AWS Graviton2 Processor,64,256.0,3.072
ap-southeast-1,m6i,Intel Xeon Platinum 8375C,2,8.0,0.12
ap-southeast-1,m6i,Intel Xeon Platinum 8375C,4,16.0,0.24
ap-southeast-1,m6i,Intel Xeon Platinum 8375C,8,32.0,0.48
ap-southeast-1,m6i,Intel Xeon Platinum 8375C,16,64.0,0.96
ap-southeast-1,m6i,Intel Xeon Platinum 8375C,32,128.0,1.92
ap-southeast-1,m6i,Intel Xeon Platinum 8375C,48,192.0,2.88
ap-southeast-1,m6i,Intel Xeon Platinum 8375C,64,256.0,3.84
ap-southeast-1,m6i,Intel Xeon Platinum 8375C,96,384.0,5.76
ap-southeast-1,m6i,Intel Xeon Platinum 8375C,128,512.0,7.68
ap-southeast-1,m7g,AWS Graviton3 Processor,1,4.0,0.051
ap-southeast-1,m7g,AWS Graviton3 Processor,2,8.0,0.102
ap-southeast-1,m7g,AWS Graviton3 Processor,4,16.0,0.204
ap-southeast-1,m7g,AWS Graviton3 Processor,8,32.0,0.408
ap-southeast-1,m7g,AWS Graviton3 Processor,16,64.0,0.816
ap-southeast-1,m7g,AWS Graviton3 Processor,32,128.0,1.632
ap-southeast-1,m7g,AWS Graviton3 Processor,48,192.0,2.448
ap-southeast-1,m7g,AWS Graviton3 Processor,64,256.0,3.264
ap-southeast-1,m7i,Intel Xeon Platinum 8488C,2,8.0,0.126
ap-southeast-1,m7i,Intel Xeon Platinum 8488C,4,16.0,0.252
ap-southeast-1,m7i,Intel Xeon Platinum 8488C,8,32.0,0.504
ap-southeast-1,m7i,Intel Xeon Platinum 8488C,16,64.0,1.008
ap-southeast-1,m7i,Intel Xeon Platinum 8488C,32,128.0,2.016
ap-southeast-1,m7i,Intel Xeon Platinum 8488C,48,192.0,3.024
ap-southeast-1,m7i,Intel Xeon Platinum 8488C,64,256.0,4.032
ap-southeast-1,m7i,Intel Xeon Platinum 8488C,96,384.0,6.048
ap-southeast-1,m7i,Intel Xeon Platinum 8488C,192,768.0,12.096
ap-southeast-1,m8g,AWS Graviton4 Processor,1,4.0,0.0561
ap-southeast-1,m8g,AWS Graviton4 Processor,2,8.0,0.1122
ap-southeast-1,m8g,AWS Graviton4 Processor,4,16.0,0.2244
ap-southeast-1,m8g,AWS Graviton4 Processor,8,32.0,0.4488
ap-southeast-1,m8g,AWS Graviton4 Processor,16,64.0,0.8976
ap-southeast-1,m8g,AWS Graviton4 Processor,32,128.0,1.7952
ap-southeast-1,m8g,AWS Graviton4 Processor,48,192.0,2.6928
ap-southeast-1,m8g,AWS Graviton4 Processor,64,256.0,3.5904
ap-southeast-1,m8g,AWS Graviton4 Processor,96,384.0,5.3856
ap-southeast-1,m8g,AWS Graviton4 Processor,192,768.0,10.7712
ap-southeast-1,m8i,Intel Xeon 6 6975P-C,2,8.0,0.1323
ap-southeast-1,m8i,Intel Xeon 6 6975P-C,4,16.0,0.2646
ap-southeast-1,m8i,Intel Xeon 6 6975P-C,8,32.0,0.5292
ap-southeast-1,m8i,Intel Xeon 6 6975P-C,16,64.0,1.0584
ap-southeast-1,m8i,Intel Xeon 6 6975P-C,32,128.0,2.1168
ap-southeast-1,m8i,Intel Xeon 6 6975P-C,48,192.0,3.1752
ap-southeast-1,m8i,Intel Xeon 6 6975P-C,64,256.0,4.2336
ap-southeast-1,m8i,Intel Xeon 6 6975P-C,96,384.0,6.3504
ap-southeast-1,m8i,Intel Xeon 6 6975P-C,128,512.0,8.4672
ap-southeast-1,m8i,Intel Xeon 6 6975P-C,192,768.0,12.7008
ap-southeast-1,m8i,Intel Xeon 6 6975P-C,384,1536.0,25.4016
ap-southeast-1,r6a,AMD EPYC 7R13 Processor,2,16.0,0.1368
ap-southeast-1,r6a,AMD EPYC 7R13 Processor,4,32.0,0.2736
ap-southeast-1,r6a,AMD EPYC 7R13 Processor,8,64.0,0.5472
ap-southeast-1,r6a,AMD EPYC 7R13 Processor,16,128.0,1.0944
ap-southeast-1,r6a,AMD EPYC 7R13 Processor,32,256.0,2.1888
ap-southeast-1,r6a,AMD EPYC 7R13 Processor,48,384.0,3.2832
ap-southeast-1,r6a,AMD EPYC 7R13 Processor,64,512.0,4.3776
ap-southeast-1,r6a,AMD EPYC 7R13 Processor,96,768.0,6.5664
ap-southeast-1,r6a,AMD EPYC 7R13 Processor,128,1024.0,8.7552
ap-southeast-1,r6a,AMD EPYC 7R13 Processor,192,1536.0,13.1328
ap-southeast-1,r6g,AWS Graviton2 Processor,1,8.0,0.0608
ap-southeast-1,r6g,AWS Graviton2 Processor,2,16.0,0.1216
ap-southeast-1,r6g,AWS Graviton2 Processor,4,32.0,0.2432
ap-southeast-1,r6g,AWS Graviton2 Processor,8,64.0,0.4864
ap-southeast-1,r6g,AWS Graviton2 Processor,16,128.0,0.9728
ap-southeast-1,r6g,AWS Graviton2 Processor,32,256.0,1.9456
ap-southeast-1,r6g,AWS Graviton2 Processor,48,384.0,2.9184
ap-southeast-1,r6g,AWS Graviton2 Processor,64,512.0,3.8912
ap-southeast-1,r6i,Intel Xeon Platinum 8375C,2,16.0,0.152
ap-southeast-1,r6i,Intel Xeon Platinum 8375C,4,32.0,0.304
ap-southeast-1,r6i,Intel Xeon Platinum 8375C,8,64.0,0.608
ap-southeast-1,r6i,Intel Xeon Platinum 8375C,16,128.0,1.216
ap-southeast-1,r6i,Intel Xeon Platinum 8375C,32,256.0,2.432
ap-southeast-1,r6i,Intel Xeon Platinum 8375C,48,384.0,3.648
ap-southeast-1,r6i,Intel Xeon Platinum 8375C,64,512.0,4.864
ap-southeast-1,r6i,Intel Xeon Platinum 8375C,96,768.0,7.296
ap-southeast-1,r6i,Intel Xeon Platinum 8375C,128,1024.0,9.728
ap-southeast-1,r7g,AWS Graviton3 Processor,1,8.0,0.0646
ap-southeast-1,r7g,AWS Graviton3 Processor,2,16.0,0.1292
ap-southeast-1,r7g,AWS Graviton3 Processor,4,32.0,0.2584
ap-southeast-1,r7g,AWS Graviton3 Processor,8,64.0,0.5168
ap-southeast-1,r7g,AWS Graviton3 Processor,16,128.0,1.0336
ap-southeast-1,r7g,AWS Graviton3 Processor,32,256.0,2.0672
ap-southeast-1,r7g,AWS Graviton3 Processor,48,384.0,3.1008
ap-southeast-1,r7g,AWS Graviton3 Processor,64,512.0,4.1344
ap-southeast-1,r7i,Intel Xeon Platinum 8488C,2,16.0,0.1596
ap-southeast-1,r7i,Intel Xeon Platinum 8488C,4,32.0,0.3192
ap-southeast-1,r7i,Intel Xeon Platinum 8488C,8,64.0,0.6384
ap-southeast-1,r7i,Intel Xeon Platinum 8488C,16,128.0,1.2768
ap-southeast-1,r7i,Intel Xeon Platinum 8488C,32,256.0,2.5536
ap-southeast-1,r7i,Intel Xeon Platinum 8488C,48,384.0,3.8304
ap-southeast-1,r7i,Intel Xeon Platinum 8488C,64,512.0,5.1072
ap-southeast-1,r7i,Intel Xeon Platinum 8488C,96,768.0,7.6608
ap-southeast-1,r7i,Intel Xeon Platinum 8488C,192,1536.0,15.3216
ap-southeast-1,r8g,AWS Graviton4 Processor,1,8.0,0.07106
ap-southeast-1,r8g,AWS Graviton4 Processor,2,16.0,0.14212
ap-southeast-1,r8g,AWS Graviton4 Processor,4,32.0,0.28424
ap-southeast-1,r8g,AWS Graviton4 Processor,8,64.0,0.56848
ap-southeast-1,r8g,AWS Graviton4 Processor,16,128.0,1.13696
ap-southeast-1,r8g,AWS Graviton4 Processor,32,256.0,2.27392
ap-southeast-1,r8g,AWS Graviton4 Processor,48,384.0,3.41088
ap-southeast-1,r8g,AWS Graviton4 Processor,64,512.0,4.54784
ap-southeast-1,r8g,AWS Graviton4 Processor,96,768.0,6.82176
ap-southeast-1,r8g,AWS Graviton4 Processor,192,1536.0,13.64352
ap-southeast-1,r8i,Intel Xeon 6 6985P-C,2,16.0,0.16758
ap-southeast-1,r8i,Intel Xeon 6 6985P-C,4,32.0,0.33516
ap-southeast-1,r8i,Intel Xeon 6 6985P-C,8,64.0,0.67032
ap-southeast-1,r8i,Intel Xeon 6 6985P-C,16,128.0,1.34064
ap-southeast-1,r8i,Intel Xeon 6 6985P-C,32,256.0,2.68128
ap-southeast-1,r8i,Intel Xeon 6 6985P-C,48,384.0,4.02192
ap-southeast-1,r8i,Intel Xeon 6 6985P-C,64,512.0,5.36256
ap-southeast-1,r8i,Intel Xeon 6 6985P-C,96,768.0,8.04384
ap-southeast-1,r8i,Intel Xeon 6 6985P-C,128,1024.0,10.72512
ap-southeast-1,r8i,Intel Xeon 6 6985P-C,192,1536.0,16.08768
ap-southeast-1,r8i,Intel Xeon 6 6985P-C,384,3072.0,32.17536
ap-southeast-1,x8i,Intel Xeon 6 6975P-C,2,32.0,0.31731
ap-southeast-1,x8i,Intel Xeon 6 6975P-C,4,64.0,0.63462
ap-southeast-1,x8i,Intel Xeon 6 6975P-C,8,128.0,1.26924
ap-southeast-1,x8i,Intel Xeon 6 6975P-C,16,256.0,2.53848
ap-southeast-1,x8i,Intel Xeon 6 6975P-C,32,512.0,5.07696
ap-southeast-1,x8i,Intel Xeon 6 6975P-C,48,768.0,7.61544
ap-southeast-1,x8i,Intel Xeon 6 6975P-C,64,1024.0,10.15392
ap-southeast-1,x8i,Intel Xeon 6 6975P-C,96,1536.0,15.23088
ap-southeast-1,x8i,Intel Xeon 6 6975P-C,128,2048.0,20.30784
ap-southeast-1,x8i,Intel Xeon 6 6975P-C,192,3072.0,30.46176
ap-southeast-1,x8i,Intel Xeon 6 6975P-C,256,4096.0,40.61568
ap-southeast-1,x8i,Intel Xeon 6 6975P-C,384,6144.0,58.70235
ap-southeast-2,c6a,AMD EPYC 7R13 Processor,2,4.0,0.0999
ap-southeast-2,c6a,AMD EPYC 7R13 Processor,4,8.0,0.1998
ap-southeast-2,c6a,AMD EPYC 7R13 Processor,8,16.0,0.3996
ap-southeast-2,c6a,AMD EPYC 7R13 Processor,16,32.0,0.7992
ap-southeast-2,c6a,AMD EPYC 7R13 Processor,32,64.0,1.5984
ap-southeast-2,c6a,AMD EPYC 7R13 Processor,48,96.0,2.3976
ap-southeast-2,c6a,AMD EPYC 7R13 Processor,64,128.0,3.1968
ap-southeast-2,c6a,AMD EPYC 7R13 Processor,96,192.0,4.7952
ap-southeast-2,c6a,AMD EPYC 7R13 Processor,128,256.0,6.3936
ap-southeast-2,c6a,AMD EPYC 7R13 Processor,192,384.0,9.5904
ap-southeast-2,c6g,AWS Graviton2 Processor,1,2.0,0.0444
ap-southeast-2,c6g,AWS Graviton2 Processor,2,4.0,0.0888
ap-southeast-2,c6g,AWS Graviton2 Processor,4,8.0,0.1776
ap-southeast-2,c6g,AWS Graviton2 Processor,8,16.0,0.3552
ap-southeast-2,c6g,AWS Graviton2 Processor,16,32.0,0.7104
ap-southeast-2,c6g,AWS Graviton2 Processor,32,64.0,1.4208
ap-southeast-2,c6g,AWS Graviton2 Processor,48,96.0,2.1312
ap-southeast-2,c6g,AWS Graviton2 Processor,64,128.0,2.8416
ap-southeast-2,c6i,Intel Xeon Platinum 8375C,2,4.0,0.111
ap-southeast-2,c6i,Intel Xeon Platinum 8375C,4,8.0,0.222
ap-southeast-2,c6i,Intel Xeon Platinum 8375C,8,16.0,0.444
ap-southeast-2,c6i,Intel Xeon Platinum 8375C,16,32.0,0.888
ap-southeast-2,c6i,Intel Xeon Platinum 8375C,32,64.0,1.776
ap-southeast-2,c6i,Intel Xeon Platinum 8375C,48,96.0,2.664
ap-southeast-2,c6i,Intel Xeon Platinum 8375C,64,128.0,3.552
ap-southeast-2,c6i,Intel Xeon Platinum 8375C,96,192.0,5.328
ap-southeast-2,c6i,Intel Xeon Platinum 8375C,128,256.0,7.104
ap-southeast-2,c7g,AWS Graviton3 Processor,1,2.0,0.0472
ap-southeast-2,c7g,AWS Graviton3 Processor,2,4.0,0.0944
ap-southeast-2,c7g,AWS Graviton3 Processor,4,8.0,0.1887
ap-southeast-2,c7g,AWS Graviton3 Processor,8,16.0,0.3774
ap-southeast-2,c7g,AWS Graviton3 Processor,16,32.0,0.7549
ap-southeast-2,c7g,AWS Graviton3 Processor,32,64.0,1.5098
ap-southeast-2,c7g,AWS Graviton3 Processor,48,96.0,2.2646
ap-southeast-2,c7g,AWS Graviton3 Processor,64,128.0,3.0195
ap-southeast-2,c7i,Intel Xeon Platinum 8488C,2,4.0,0.11655
ap-southeast-2,c7i,Intel Xeon Platinum 8488C,4,8.0,0.2331
ap-southeast-2,c7i,Intel Xeon Platinum 8488C,8,16.0,0.4662
ap-southeast-2,c7i,Intel Xeon Platinum 8488C,16,32.0,0.9324
ap-southeast-2,c7i,Intel Xeon Platinum 8488C,32,64.0,1.8648
ap-southeast-2,c7i,Intel Xeon Platinum 8488C,48,96.0,2.7972
ap-southeast-2,c7i,Intel Xeon Platinum 8488C,64,128.0,3.7296
ap-southeast-2,c7i,Intel Xeon Platinum 8488C,96,192.0,5.5944
ap-southeast-2,c7i,Intel Xeon Platinum 8488C,192,384.0,11.1888
ap-southeast-2,c8g,AWS Graviton4 Processor,1,2.0,0.0519
ap-southeast-2,c8g,AWS Graviton4 Processor,2,4.0,0.1038
ap-southeast-2,c8g,AWS Graviton4 Processor,4,8.0,0.2076
ap-southeast-2,c8g,AWS Graviton4 Processor,8,16.0,0.4152
ap-southeast-2,c8g,AWS Graviton4 Processor,16,32.0,0.8304
ap-southeast-2,c8g,AWS Graviton4 Processor,32,64.0,1.6608
ap-southeast-2,c8g,AWS Graviton4 Processor,48,96.0,2.4912
ap-southeast-2,c8g,AWS Graviton4 Processor,64,128.0,3.3216
ap-southeast-2,c8g,AWS Graviton4 Processor,96,192.0,4.9824
ap-southeast-2,c8g,AWS Graviton4 Processor,192,384.0,9.9648
ap-southeast-2,c8i,Intel Xeon 6 6975P-C,2,4.0,0.12238
ap-southeast-2,c8i,Intel Xeon 6 6975P-C,4,8.0,0.24476
ap-southeast-2,c8i,Intel Xeon 6 6975P-C,8,16.0,0.48952
ap-southeast-2,c8i,Intel Xeon 6 6975P-C,16,32.0,0.97904
ap-southeast-2,c8i,Intel Xeon 6 6975P-C,32,64.0,1.95808
ap-southeast-2,c8i,Intel Xeon 6 6975P-C,48,96.0,2.93712
ap-southeast-2,c8i,Intel Xeon 6 6975P-C,64,128.0,3.91616
ap-southeast-2,c8i,Intel Xeon 6 6975P-C,96,192.0,5.87424
ap-southeast-2,c8i,Intel Xeon 6 6975P-C,128,256.0,7.83232
ap-southeast-2,c8i,Intel Xeon 6 6975P-C,192,384.0,11.74848
ap-southeast-2,c8i,Intel Xeon 6 6975P-C,384,768.0,23.49696
ap-southeast-2,m6a,AMD EPYC 7R13 Processor,2,8.0,0.108
ap-southeast-2,m6a,AMD EPYC 7R13 Processor,4,16.0,0.216
ap-southeast-2,m6a,AMD EPYC 7R13 Processor,8,32.0,0.432
ap-southeast-2,m6a,AMD EPYC 7R13 Processor,16,64.0,0.864
ap-southeast-2,m6a,AMD EPYC 7R13 Processor,32,128.0,1.728
ap-southeast-2,m6a,AMD EPYC 7R13 Processor,48,192.0,2.592
ap-southeast-2,m6a,AMD EPYC 7R13 Processor,64,256.0,3.456
ap-southeast-2,m6a,AMD EPYC 7R13 Processor,96,384.0,5.184
ap-southeast-2,m6a,AMD EPYC 7R13 Processor,128,512.0,6.912
ap-southeast-2,m6a,AMD EPYC 7R13 Processor,192,768.0,10.368
ap-southeast-2,m6g,AWS Graviton2 Processor,1,4.0,0.048
ap-southeast-2,m6g,AWS Graviton2 Processor,2,8.0,0.096
ap-southeast-2,m6g,AWS Graviton2 Processor,4,16.0,0.192
ap-southeast-2,m6g,AWS Graviton2 Processor,8,32.0,0.384
ap-southeast-2,m6g,AWS Graviton2 Processor,16,64.0,0.768
ap-southeast-2,m6g,AWS Graviton2 Processor,32,128.0,1.536
ap-southeast-2,m6g,AWS Graviton2 Processor,48,192.0,2.304
ap-southeast-2,m6g,AWS Graviton2 Processor,64,256.0,3.072
ap-southeast-2,m6i,Intel Xeon Platinum 8375C,2,8.0,0.12
ap-southeast-2,m6i,Intel Xeon Platinum 8375C,4,16.0,0.24
ap-southeast-2,m6i,Intel Xeon Platinum 8375C,8,32.0,0.48
ap-southeast-2,m6i,Intel Xeon Platinum 8375C,16,64.0,0.96
ap-southeast-2,m6i,Intel Xeon Platinum 8375C,32,128.0,1.92
ap-southeast-2,m6i,Intel Xeon Platinum 8375C,48,192.0,2.88
ap-southeast-2,m6i,Intel Xeon Platinum 8375C,64,256.0,3.84
ap-southeast-2,m6i,Intel Xeon Platinum 8375C,96,384.0,5.76
ap-southeast-2,m6i,Intel Xeon Platinum 8375C,128,512.0,7.68
ap-southeast-2,m7a,AMD EPYC 9R14 Processor,1,4.0,0.07245
ap-southeast-2,m7a,AMD EPYC 9R14 Processor,2,8.0,0.1449
ap-southeast-2,m7a,AMD EPYC 9R14 Processor,4,16.0,0.2898
ap-southeast-2,m7a,AMD EPYC 9R14 Processor,8,32.0,0.5796
ap-southeast-2,m7a,AMD EPYC 9R14 Processor,16,64.0,1.1592
ap-southeast-2,m7a,AMD EPYC 9R14 Processor,32,128.0,2.3184
ap-southeast-2,m7a,AMD EPYC 9R14 Processor,48,192.0,3.4776
ap-southeast-2,m7a,AMD EPYC 9R14 Processor,64,256.0,4.6368
ap-southeast-2,m7a,AMD EPYC 9R14 Processor,96,384.0,6.9552
ap-southeast-2,m7a,AMD EPYC 9R14 Processor,128,512.0,9.2736
ap-southeast-2,m7a,AMD EPYC 9R14 Processor,192,768.0,13.9104
ap-southeast-2,m7g,AWS Graviton3 Processor,1,4.0,0.051
ap-southeast-2,m7g,AWS Graviton3 Processor,2,8.0,0.102
ap-southeast-2,m7g,AWS Graviton3 Processor,4,16.0,0.204
ap-southeast-2,m7g,AWS Graviton3 Processor,8,32.0,0.408
ap-southeast-2,m7g,AWS Graviton3 Processor,16,64.0,0.816
ap-southeast-2,m7g,AWS Graviton3 Processor,32,128.0,1.632
ap-southeast-2,m7g,AWS Graviton3 Processor,48,192.0,2.448
ap-southeast-2,m7g,AWS Graviton3 Processor,64,256.0,3.264
ap-southeast-2,m7i,Intel Xeon Platinum 8488C,2,8.0,0.126
ap-southeast-2,m7i,Intel Xeon Platinum 8488C,4,16.0,0.252
ap-southeast-2,m7i,Intel Xeon Platinum 8488C,8,32.0,0.504
ap-southeast-2,m7i,Intel Xeon Platinum 8488C,16,64.0,1.008
ap-southeast-2,m7i,Intel Xeon Platinum 8488C,32,128.0,2.016
ap-southeast-2,m7i,Intel Xeon Platinum 8488C,48,192.0,3.024
ap-southeast-2,m7i,Intel Xeon Platinum 8488C,64,256.0,4.032
ap-southeast-2,m7i,Intel Xeon Platinum 8488C,96,384.0,6.048
ap-southeast-2,m7i,Intel Xeon Platinum 8488C,192,768.0,12.096
ap-southeast-2,m8g,AWS Graviton4 Processor,1,4.0,0.0561
ap-southeast-2,m8g,AWS Graviton4 Processor,2,8.0,0.1122
ap-southeast-2,m8g,AWS Graviton4 Processor,4,16.0,0.2244
ap-southeast-2,m8g,AWS Graviton4 Processor,8,32.0,0.4488
ap-southeast-2,m8g,AWS Graviton4 Processor,16,64.0,0.8976
ap-southeast-2,m8g,AWS Graviton4 Processor,32,128.0,1.7952
ap-southeast-2,m8g,AWS Graviton4 Processor,48,192.0,2.6928
ap-southeast-2,m8g,AWS Graviton4 Processor,64,256.0,3.5904
ap-southeast-2,m8g,AWS Graviton4 Processor,96,384.0,5.3856
ap-southeast-2,m8g,AWS Graviton4 Processor,192,768.0,10.7712
ap-southeast-2,m8i,Intel Xeon 6 6975P-C,2,8.0,0.1323
ap-southeast-2,m8i,Intel Xeon 6 6975P-C,4,16.0,0.2646
ap-southeast-2,m8i,Intel Xeon 6 6975P-C,8,32.0,0.5292
ap-southeast-2,m8i,Intel Xeon 6 6975P-C,16,64.0,1.0584
ap-southeast-2,m8i,Intel Xeon 6 6975P-C,32,128.0,2.1168
ap-southeast-2,m8i,Intel Xeon 6 6975P-C,48,192.0,3.1752
ap-southeast-2,m8i,Intel Xeon 6 6975P-C,64,256.0,4.2336
ap-southeast-2,m8i,Intel Xeon 6 6975P-C,96,384.0,6.3504
ap-southeast-2,m8i,Intel Xeon 6 6975P-C,128,512.0,8.4672
ap-southeast-2,m8i,Intel Xeon 6 6975P-C,192,768.0,12.7008
ap-southeast-2,m8i,Intel Xeon 6 6975P-C,384,1536.0,25.4016
ap-southeast-2,r6a,AMD EPYC 7R13 Processor,2,16.0,0.1359
ap-southeast-2,r6a,AMD EPYC 7R13 Processor,4,32.0,0.2718
ap-southeast-2,r6a,AMD EPYC 7R13 Processor,8,64.0,0.5436
ap-southeast-2,r6a,AMD EPYC 7R13 Processor,16,128.0,1.0872
ap-southeast-2,r6a,AMD EPYC 7R13 Processor,32,256.0,2.1744
ap-southeast-2,r6a,AMD EPYC 7R13 Processor,48,384.0,3.2616
ap-southeast-2,r6a,AMD EPYC 7R13 Processor,64,512.0,4.3488
ap-southeast-2,r6a,AMD EPYC 7R13 Processor,96,768.0,6.5232
ap-southeast-2,r6a,AMD EPYC 7R13 Processor,128,1024.0,8.6976
ap-southeast-2,r6a,AMD EPYC 7R13 Processor,192,1536.0,13.0464
ap-southeast-2,r6g,AWS Graviton2 Processor,1,8.0,0.0604
ap-southeast-2,r6g,AWS Graviton2 Processor,2,16.0,0.1208
ap-southeast-2,r6g,AWS Graviton2 Processor,4,32.0,0.2416
ap-southeast-2,r6g,AWS Graviton2 Processor,8,64.0,0.4832
ap-southeast-2,r6g,AWS Graviton2 Processor,16,128.0,0.9664
ap-southeast-2,r6g,AWS Graviton2 Processor,32,256.0,1.9328
ap-southeast-2,r6g,AWS Graviton2 Processor,48,384.0,2.8992
ap-southeast-2,r6g,AWS Graviton2 Processor,64,512.0,3.8656
ap-southeast-2,r6i,Intel Xeon Platinum 8375C,2,16.0,0.151
ap-southeast-2,r6i,Intel Xeon Platinum 8375C,4,32.0,0.302
ap-southeast-2,r6i,Intel Xeon Platinum 8375C,8,64.0,0.604
ap-southeast-2,r6i,Intel Xeon Platinum 8375C,16,128.0,1.208
ap-southeast-2,r6i,Intel Xeon Platinum 8375C,32,256.0,2.416
ap-southeast-2,r6i,Intel Xeon Platinum 8375C,48,384.0,3.624
ap-southeast-2,r6i,Intel Xeon Platinum 8375C,64,512.0,4.832
ap-southeast-2,r6i,Intel Xeon Platinum 8375C,96,768.0,7.248
ap-southeast-2,r6i,Intel Xeon Platinum 8375C,128,1024.0,9.664
ap-southeast-2,r7g,AWS Graviton3 Processor,1,8.0,0.0642
ap-southeast-2,r7g,AWS Graviton3 Processor,2,16.0,0.1284
ap-southeast-2,r7g,AWS Graviton3 Processor,4,32.0,0.2567
ap-southeast-2,r7g,AWS Graviton3 Processor,8,64.0,0.5134
ap-southeast-2,r7g,AWS Graviton3 Processor,16,128.0,1.0269
ap-southeast-2,r7g,AWS Graviton3 Processor,32,256.0,2.0538
ap-southeast-2,r7g,AWS Graviton3 Processor,48,384.0,3.0806
ap-southeast-2,r7g,AWS Graviton3 Processor,64,512.0,4.1075
ap-southeast-2,r7i,Intel Xeon Platinum 8488C,2,16.0,0.15855
ap-southeast-2,r7i,Intel Xeon Platinum 8488C,4,32.0,0.3171
ap-southeast-2,r7i,Intel Xeon Platinum 8488C,8,64.0,0.6342
ap-southeast-2,r7i,Intel Xeon Platinum 8488C,16,128.0,1.2684
ap-southeast-2,r7i,Intel Xeon Platinum 8488C,32,256.0,2.5368
ap-southeast-2,r7i,Intel Xeon Platinum 8488C,48,384.0,3.8052
ap-southeast-2,r7i,Intel Xeon Platinum 8488C,64,512.0,5.0736
ap-southeast-2,r7i,Intel Xeon Platinum 8488C,96,768.0,7.6104
ap-southeast-2,r7i,Intel Xeon Platinum 8488C,192,1536.0,15.2208
ap-southeast-2,r8g,AWS Graviton4 Processor,1,8.0,0.0706
ap-southeast-2,r8g,AWS Graviton4 Processor,2,16.0,0.1412
ap-southeast-2,r8g,AWS Graviton4 Processor,4,32.0,0.2824
ap-southeast-2,r8g,AWS Graviton4 Processor,8,64.0,0.5648
ap-southeast-2,r8g,AWS Graviton4 Processor,16,128.0,1.1296
ap-southeast-2,r8g,AWS Graviton4 Processor,32,256.0,2.2592
ap-southeast-2,r8g,AWS Graviton4 Processor,48,384.0,3.3888
ap-southeast-2,r8g,AWS Graviton4 Processor,64,512.0,4.5184
ap-southeast-2,r8g,AWS Graviton4 Processor,96,768.0,6.7776
ap-southeast-2,r8g,AWS Graviton4 Processor,192,1536.0,13.5552
ap-southeast-2,r8i,Intel Xeon 6 6985P-C,2,16.0,0.16648
ap-southeast-2,r8i,Intel Xeon 6 6985P-C,4,32.0,0.33296
ap-southeast-2,r8i,Intel Xeon 6 6985P-C,8,64.0,0.66592
ap-southeast-2,r8i,Intel Xeon 6 6985P-C,16,128.0,1.33184
ap-southeast-2,r8i,Intel Xeon 6 6985P-C,32,256.0,2.66368
ap-southeast-2,r8i,Intel Xeon 6 6985P-C,48,384.0,3.99552
ap-southeast-2,r8i,Intel Xeon 6 6985P-C,64,512.0,5.32736
ap-southeast-2,r8i,Intel Xeon 6 6985P-C,96,768.0,7.99104
ap-southeast-2,r8i,Intel Xeon 6 6985P-C,128,1024.0,10.65472
ap-southeast-2,r8i,Intel Xeon 6 6985P-C,192,1536.0,15.98208
ap-southeast-2,r8i,Intel Xeon 6 6985P-C,384,3072.0,31.96416
ap-southeast-2,x8g,AWS Graviton4 Processor,1,16.0,0.11724
ap-southeast-2,x8g,AWS Graviton4 Processor,2,32.0,0.23448
ap-southeast-2,x8g,AWS Graviton4 Processor,4,64.0,0.46896
ap-southeast-2,x8g,AWS Graviton4 Processor,8,128.0,0.93792
ap-southeast-2,x8g,AWS Graviton4 Processor,16,256.0,1.87584
ap-southeast-2,x8g,AWS Graviton4 Processor,32,512.0,3.75168
ap-southeast-2,x8g,AWS Graviton4 Processor,48,768.0,5.62752
ap-southeast-2,x8g,AWS Graviton4 Processor,64,1024.0,7.50336
ap-southeast-2,x8g,AWS Graviton4 Processor,96,1536.0,11.25504
ap-southeast-2,x8g,AWS Graviton4 Processor,192,3072.0,22.51008
ap-southeast-2,x8i,Intel Xeon 6 6975P-C,2,32.0,0.31731
ap-southeast-2,x8i,Intel Xeon 6 6975P-C,4,64.0,0.63462
ap-southeast-2,x8i,Intel Xeon 6 6975P-C,8,128.0,1.26924
ap-southeast-2,x8i,Intel Xeon 6 6975P-C,16,256.0,2.53848
ap-southeast-2,x8i,Intel Xeon 6 6975P-C,32,512.0,5.07696
ap-southeast-2,x8i,Intel Xeon 6 6975P-C,48,768.0,7.61544
ap-southeast-2,x8i,Intel Xeon 6 6975P-C,64,1024.0,10.15392
ap-southeast-2,x8i,Intel Xeon 6 6975P-C,96,1536.0,15.23088
ap-southeast-2,x8i,Intel Xeon 6 6975P-C,128,2048.0,20.30784
ap-southeast-2,x8i,Intel Xeon 6 6975P-C,192,3072.0,30.46176
ap-southeast-2,x8i,Intel Xeon 6 6975P-C,256,4096.0,40.61568
ap-southeast-2,x8i,Intel Xeon 6 6975P-C,384,6144.0,58.38504
ap-southeast-3,c6g,AWS Graviton2 Processor,1,2.0,0.0392
ap-southeast-3,c6g,AWS Graviton2 Processor,2,4.0,0.0784
ap-southeast-3,c6g,AWS Graviton2 Processor,4,8.0,0.1568
ap-southeast-3,c6g,AWS Graviton2 Processor,8,16.0,0.3136
ap-southeast-3,c6g,AWS Graviton2 Processor,16,32.0,0.6272
ap-southeast-3,c6g,AWS Graviton2 Processor,32,64.0,1.2544
ap-southeast-3,c6g,AWS Graviton2 Processor,48,96.0,1.8816
ap-southeast-3,c6g,AWS Graviton2 Processor,64,128.0,2.5088
ap-southeast-3,c7g,AWS Graviton3 Processor,1,2.0,0.0417
ap-southeast-3,c7g,AWS Graviton3 Processor,2,4.0,0.0833
ap-southeast-3,c7g,AWS Graviton3 Processor,4,8.0,0.1666
ap-southeast-3,c7g,AWS Graviton3 Processor,8,16.0,0.3332
ap-southeast-3,c7g,AWS Graviton3 Processor,16,32.0,0.6664
ap-southeast-3,c7g,AWS Graviton3 Processor,32,64.0,1.3328
ap-southeast-3,c7g,AWS Graviton3 Processor,48,96.0,1.9992
ap-southeast-3,c7g,AWS Graviton3 Processor,64,128.0,2.6656
ap-southeast-3,c7i,Intel Xeon Platinum 8488C,2,4.0,0.1029
ap-southeast-3,c7i,Intel Xeon Platinum 8488C,4,8.0,0.2058
ap-southeast-3,c7i,Intel Xeon Platinum 8488C,8,16.0,0.4116
ap-southeast-3,c7i,Intel Xeon Platinum 8488C,16,32.0,0.8232
ap-southeast-3,c7i,Intel Xeon Platinum 8488C,32,64.0,1.6464
ap-southeast-3,c7i,Intel Xeon Platinum 8488C,48,96.0,2.4696
ap-southeast-3,c7i,Intel Xeon Platinum 8488C,64,128.0,3.2928
ap-southeast-3,c7i,Intel Xeon Platinum 8488C,96,192.0,4.9392
ap-southeast-3,c7i,Intel Xeon Platinum 8488C,192,384.0,9.8784
ap-southeast-3,c8g,AWS Graviton4 Processor,1,2.0,0.04582
ap-southeast-3,c8g,AWS Graviton4 Processor,2,4.0,0.09163
ap-southeast-3,c8g,AWS Graviton4 Processor,4,8.0,0.18326
ap-southeast-3,c8g,AWS Graviton4 Processor,8,16.0,0.36652
ap-southeast-3,c8g,AWS Graviton4 Processor,16,32.0,0.73304
ap-southeast-3,c8g,AWS Graviton4 Processor,32,64.0,1.46608
ap-southeast-3,c8g,AWS Graviton4 Processor,48,96.0,2.19912
ap-southeast-3,c8g,AWS Graviton4 Processor,64,128.0,2.93216
ap-southeast-3,c8g,AWS Graviton4 Processor,96,192.0,4.39824
ap-southeast-3,c8g,AWS Graviton4 Processor,192,384.0,8.79648
ap-southeast-3,m6g,AWS Graviton2 Processor,1,4.0,0.048
ap-southeast-3,m6g,AWS Graviton2 Processor,2,8.0,0.096
ap-southeast-3,m6g,AWS Graviton2 Processor,4,16.0,0.192
ap-southeast-3,m6g,AWS Graviton2 Processor,8,32.0,0.384
ap-southeast-3,m6g,AWS Graviton2 Processor,16,64.0,0.768
ap-southeast-3,m6g,AWS Graviton2 Processor,32,128.0,1.536
ap-southeast-3,m6g,AWS Graviton2 Processor,48,192.0,2.304
ap-southeast-3,m6g,AWS Graviton2 Processor,64,256.0,3.072
ap-southeast-3,m6i,Intel Xeon Platinum 8375C,2,8.0,0.12
ap-southeast-3,m6i,Intel Xeon Platinum 8375C,4,16.0,0.24
ap-southeast-3,m6i,Intel Xeon Platinum 8375C,8,32.0,0.48
ap-southeast-3,m6i,Intel Xeon Platinum 8375C,16,64.0,0.96
ap-southeast-3,m6i,Intel Xeon Platinum 8375C,32,128.0,1.92
ap-southeast-3,m6i,Intel Xeon Platinum 8375C,48,192.0,2.88
ap-southeast-3,m6i,Intel Xeon Platinum 8375C,64,256.0,3.84
ap-southeast-3,m6i,Intel Xeon Platinum 8375C,96,384.0,5.76
ap-southeast-3,m6i,Intel Xeon Platinum 8375C,128,512.0,7.68
ap-southeast-3,m7g,AWS Graviton3 Processor,1,4.0,0.051
ap-southeast-3,m7g,AWS Graviton3 Processor,2,8.0,0.102
ap-southeast-3,m7g,AWS Graviton3 Processor,4,16.0,0.204
ap-southeast-3,m7g,AWS Graviton3 Processor,8,32.0,0.408
ap-southeast-3,m7g,AWS Graviton3 Processor,16,64.0,0.816
ap-southeast-3,m7g,AWS Graviton3 Processor,32,128.0,1.632
ap-southeast-3,m7g,AWS Graviton3 Processor,48,192.0,2.448
ap-southeast-3,m7g,AWS Graviton3 Processor,64,256.0,3.264
ap-southeast-3,m7i,Intel Xeon Platinum 8488C,2,8.0,0.126
ap-southeast-3,m7i,Intel Xeon Platinum 8488C,4,16.0,0.252
ap-southeast-3,m7i,Intel Xeon Platinum 8488C,8,32.0,0.504
ap-southeast-3,m7i,Intel Xeon Platinum 8488C,16,64.0,1.008
ap-southeast-3,m7i,Intel Xeon Platinum 8488C,32,128.0,2.016
ap-southeast-3,m7i,Intel Xeon Platinum 8488C,48,192.0,3.024
ap-southeast-3,m7i,Intel Xeon Platinum 8488C,64,256.0,4.032
ap-southeast-3,m7i,Intel Xeon Platinum 8488C,96,384.0,6.048
ap-southeast-3,m7i,Intel Xeon Platinum 8488C,192,768.0,12.096
ap-southeast-3,m8g,AWS Graviton4 Processor,1,4.0,0.0561
ap-southeast-3,m8g,AWS Graviton4 Processor,2,8.0,0.1122
ap-southeast-3,m8g,AWS Graviton4 Processor,4,16.0,0.2244
ap-southeast-3,m8g,AWS Graviton4 Processor,8,32.0,0.4488
ap-southeast-3,m8g,AWS Graviton4 Processor,16,64.0,0.8976
ap-southeast-3,m8g,AWS Graviton4 Processor,32,128.0,1.7952
ap-southeast-3,m8g,AWS Graviton4 Processor,48,192.0,2.6928
ap-southeast-3,m8g,AWS Graviton4 Processor,64,256.0,3.5904
ap-southeast-3,m8g,AWS Graviton4 Processor,96,384.0,5.3856
ap-southeast-3,m8g,AWS Graviton4 Processor,192,768.0,10.7712
ap-southeast-3,r6g,AWS Graviton2 Processor,1,8.0,0.0608
ap-southeast-3,r6g,AWS Graviton2 Processor,2,16.0,0.1216
ap-southeast-3,r6g,AWS Graviton2 Processor,4,32.0,0.2432
ap-southeast-3,r6g,AWS Graviton2 Processor,8,64.0,0.4864
ap-southeast-3,r6g,AWS Graviton2 Processor,16,128.0,0.9728
ap-southeast-3,r6g,AWS Graviton2 Processor,32,256.0,1.9456
ap-southeast-3,r6g,AWS Graviton2 Processor,48,384.0,2.9184
ap-southeast-3,r6g,AWS Graviton2 Processor,64,512.0,3.8912
ap-southeast-3,r7g,AWS Graviton3 Processor,1,8.0,0.0646
ap-southeast-3,r7g,AWS Graviton3 Processor,2,16.0,0.1292
ap-southeast-3,r7g,AWS Graviton3 Processor,4,32.0,0.2584
ap-southeast-3,r7g,AWS Graviton3 Processor,8,64.0,0.5168
ap-southeast-3,r7g,AWS Graviton3 Processor,16,128.0,1.0336
ap-southeast-3,r7g,AWS Graviton3 Processor,32,256.0,2.0672
ap-southeast-3,r7g,AWS Graviton3 Processor,48,384.0,3.1008
ap-southeast-3,r7g,AWS Graviton3 Processor,64,512.0,4.1344
ap-southeast-3,r7i,Intel Xeon Platinum 8488C,2,16.0,0.1596
ap-southeast-3,r7i,Intel Xeon Platinum 8488C,4,32.0,0.3192
ap-southeast-3,r7i,Intel Xeon Platinum 8488C,8,64.0,0.6384
ap-southeast-3,r7i,Intel Xeon Platinum 8488C,16,128.0,1.2768
ap-southeast-3,r7i,Intel Xeon Platinum 8488C,32,256.0,2.5536
ap-southeast-3,r7i,Intel Xeon Platinum 8488C,48,384.0,3.8304
ap-southeast-3,r7i,Intel Xeon Platinum 8488C,64,512.0,5.1072
ap-southeast-3,r7i,Intel Xeon Platinum 8488C,96,768.0,7.6608
ap-southeast-3,r7i,Intel Xeon Platinum 8488C,192,1536.0,15.3216
ap-southeast-3,r8g,AWS Graviton4 Processor,1,8.0,0.07106
ap-southeast-3,r8g,AWS Graviton4 Processor,2,16.0,0.14212
ap-southeast-3,r8g,AWS Graviton4 Processor,4,32.0,0.28424
ap-southeast-3,r8g,AWS Graviton4 Processor,8,64.0,0.56848
ap-southeast-3,r8g,AWS Graviton4 Processor,16,128.0,1.13696
ap-southeast-3,r8g,AWS Graviton4 Processor,32,256.0,2.27392
ap-southeast-3,r8g,AWS Graviton4 Processor,48,384.0,3.41088
ap-southeast-3,r8g,AWS Graviton4 Processor,64,512.0,4.54784
ap-southeast-3,r8g,AWS Graviton4 Processor,96,768.0,6.82176
ap-southeast-3,r8g,AWS Graviton4 Processor,192,1536.0,13.64352
ap-southeast-4,c6g,AWS Graviton2 Processor,1,2.0,0.0444
ap-southeast-4,c6g,AWS Graviton2 Processor,2,4.0,0.0888
ap-southeast-4,c6g,AWS Graviton2 Processor,4,8.0,0.1776
ap-southeast-4,c6g,AWS Graviton2 Processor,8,16.0,0.3552
ap-southeast-4,c6g,AWS Graviton2 Processor,16,32.0,0.7104
ap-southeast-4,c6g,AWS Graviton2 Processor,32,64.0,1.4208
ap-southeast-4,c6g,AWS Graviton2 Processor,48,96.0,2.1312
ap-southeast-4,c6g,AWS Graviton2 Processor,64,128.0,2.8416
ap-southeast-4,c7i,Intel Xeon Platinum 8488C,2,4.0,0.11655
ap-southeast-4,c7i,Intel Xeon Platinum 8488C,4,8.0,0.2331
ap-southeast-4,c7i,Intel Xeon Platinum 8488C,8,16.0,0.4662
ap-southeast-4,c7i,Intel Xeon Platinum 8488C,16,32.0,0.9324
ap-southeast-4,c7i,Intel Xeon Platinum 8488C,32,64.0,1.8648
ap-southeast-4,c7i,Intel Xeon Platinum 8488C,48,96.0,2.7972
ap-southeast-4,c7i,Intel Xeon Platinum 8488C,64,128.0,3.7296
ap-southeast-4,c7i,Intel Xeon Platinum 8488C,96,192.0,5.5944
ap-southeast-4,c7i,Intel Xeon Platinum 8488C,192,384.0,11.1888
ap-southeast-4,c8g,AWS Graviton4 Processor,1,2.0,0.05189
ap-southeast-4,c8g,AWS Graviton4 Processor,2,4.0,0.10378
ap-southeast-4,c8g,AWS Graviton4 Processor,4,8.0,0.20756
ap-southeast-4,c8g,AWS Graviton4 Processor,8,16.0,0.41512
ap-southeast-4,c8g,AWS Graviton4 Processor,16,32.0,0.83024
ap-southeast-4,c8g,AWS Graviton4 Processor,32,64.0,1.66048
ap-southeast-4,c8g,AWS Graviton4 Processor,48,96.0,2.49072
ap-southeast-4,c8g,AWS Graviton4 Processor,64,128.0,3.32096
ap-southeast-4,c8g,AWS Graviton4 Processor,96,192.0,4.98144
ap-southeast-4,c8g,AWS Graviton4 Processor,192,384.0,9.96288
ap-southeast-4,m6g,AWS Graviton2 Processor,1,4.0,0.048
ap-southeast-4,m6g,AWS Graviton2 Processor,2,8.0,0.096
ap-southeast-4,m6g,AWS Graviton2 Processor,4,16.0,0.192
ap-southeast-4,m6g,AWS Graviton2 Processor,8,32.0,0.384
ap-southeast-4,m6g,AWS Graviton2 Processor,16,64.0,0.768
ap-southeast-4,m6g,AWS Graviton2 Processor,32,128.0,1.536
ap-southeast-4,m6g,AWS Graviton2 Processor,48,192.0,2.304
ap-southeast-4,m6g,AWS Graviton2 Processor,64,256.0,3.072
ap-southeast-4,m7g,AWS Graviton3 Processor,1,4.0,0.051
ap-southeast-4,m7g,AWS Graviton3 Processor,2,8.0,0.102
ap-southeast-4,m7g,AWS Graviton3 Processor,4,16.0,0.204
ap-southeast-4,m7g,AWS Graviton3 Processor,8,32.0,0.408
ap-southeast-4,m7g,AWS Graviton3 Processor,16,64.0,0.816
ap-southeast-4,m7g,AWS Graviton3 Processor,32,128.0,1.632
ap-southeast-4,m7g,AWS Graviton3 Processor,48,192.0,2.448
ap-southeast-4,m7g,AWS Graviton3 Processor,64,256.0,3.264
ap-southeast-4,m7i,Intel Xeon Platinum 8488C,2,8.0,0.126
ap-southeast-4,m7i,Intel Xeon Platinum 8488C,4,16.0,0.252
ap-southeast-4,m7i,Intel Xeon Platinum 8488C,8,32.0,0.504
ap-southeast-4,m7i,Intel Xeon Platinum 8488C,16,64.0,1.008
ap-southeast-4,m7i,Intel Xeon Platinum 8488C,32,128.0,2.016
ap-southeast-4,m7i,Intel Xeon Platinum 8488C,48,192.0,3.024
ap-southeast-4,m7i,Intel Xeon Platinum 8488C,64,256.0,4.032
ap-southeast-4,m7i,Intel Xeon Platinum 8488C,96,384.0,6.048
ap-southeast-4,m7i,Intel Xeon Platinum 8488C,192,768.0,12.096
ap-southeast-4,m8g,AWS Graviton4 Processor,1,4.0,0.0561
ap-southeast-4,m8g,AWS Graviton4 Processor,2,8.0,0.1122
ap-southeast-4,m8g,AWS Graviton4 Processor,4,16.0,0.2244
ap-southeast-4,m8g,AWS Graviton4 Processor,8,32.0,0.4488
ap-southeast-4,m8g,AWS Graviton4 Processor,16,64.0,0.8976
ap-southeast-4,m8g,AWS Graviton4 Processor,32,128.0,1.7952
ap-southeast-4,m8g,AWS Graviton4 Processor,48,192.0,2.6928
ap-southeast-4,m8g,AWS Graviton4 Processor,64,256.0,3.5904
ap-southeast-4,m8g,AWS Graviton4 Processor,96,384.0,5.3856
ap-southeast-4,m8g,AWS Graviton4 Processor,192,768.0,10.7712
ap-southeast-4,r6g,AWS Graviton2 Processor,1,8.0,0.0604
ap-southeast-4,r6g,AWS Graviton2 Processor,2,16.0,0.1208
ap-southeast-4,r6g,AWS Graviton2 Processor,4,32.0,0.2416
ap-southeast-4,r6g,AWS Graviton2 Processor,8,64.0,0.4832
ap-southeast-4,r6g,AWS Graviton2 Processor,16,128.0,0.9664
ap-southeast-4,r6g,AWS Graviton2 Processor,32,256.0,1.9328
ap-southeast-4,r6g,AWS Graviton2 Processor,48,384.0,2.8992
ap-southeast-4,r6g,AWS Graviton2 Processor,64,512.0,3.8656
ap-southeast-4,r7g,AWS Graviton3 Processor,1,8.0,0.0642
ap-southeast-4,r7g,AWS Graviton3 Processor,2,16.0,0.1284
ap-southeast-4,r7g,AWS Graviton3 Processor,4,32.0,0.2567
ap-southeast-4,r7g,AWS Graviton3 Processor,8,64.0,0.5134
ap-southeast-4,r7g,AWS Graviton3 Processor,16,128.0,1.0269
ap-southeast-4,r7g,AWS Graviton3 Processor,32,256.0,2.0538
ap-southeast-4,r7g,AWS Graviton3 Processor,48,384.0,3.0806
ap-southeast-4,r7g,AWS Graviton3 Processor,64,512.0,4.1075
ap-southeast-4,r7i,Intel Xeon Platinum 8488C,2,16.0,0.15855
ap-southeast-4,r7i,Intel Xeon Platinum 8488C,4,32.0,0.3171
ap-southeast-4,r7i,Intel Xeon Platinum 8488C,8,64.0,0.6342
ap-southeast-4,r7i,Intel Xeon Platinum 8488C,16,128.0,1.2684
ap-southeast-4,r7i,Intel Xeon Platinum 8488C,32,256.0,2.5368
ap-southeast-4,r7i,Intel Xeon Platinum 8488C,48,384.0,3.8052
ap-southeast-4,r7i,Intel Xeon Platinum 8488C,64,512.0,5.0736
ap-southeast-4,r7i,Intel Xeon Platinum 8488C,96,768.0,7.6104
ap-southeast-4,r7i,Intel Xeon Platinum 8488C,192,1536.0,15.2208
ap-southeast-4,r8g,AWS Graviton4 Processor,1,8.0,0.0706
ap-southeast-4,r8g,AWS Graviton4 Processor,2,16.0,0.1412
ap-southeast-4,r8g,AWS Graviton4 Processor,4,32.0,0.2824
ap-southeast-4,r8g,AWS Graviton4 Processor,8,64.0,0.5648
ap-southeast-4,r8g,AWS Graviton4 Processor,16,128.0,1.1296
ap-southeast-4,r8g,AWS Graviton4 Processor,32,256.0,2.2592
ap-southeast-4,r8g,AWS Graviton4 Processor,48,384.0,3.3888
ap-southeast-4,r8g,AWS Graviton4 Processor,64,512.0,4.5184
ap-southeast-4,r8g,AWS Graviton4 Processor,96,768.0,6.7776
ap-southeast-4,r8g,AWS Graviton4 Processor,192,1536.0,13.5552
ap-southeast-5,c6g,AWS Graviton2 Processor,1,2.0,0.0333
ap-southeast-5,c6g,AWS Graviton2 Processor,2,4.0,0.0666
ap-southeast-5,c6g,AWS Graviton2 Processor,4,8.0,0.1333
ap-southeast-5,c6g,AWS Graviton2 Processor,8,16.0,0.2666
ap-southeast-5,c6g,AWS Graviton2 Processor,16,32.0,0.5331
ap-southeast-5,c6g,AWS Graviton2 Processor,32,64.0,1.0662
ap-southeast-5,c6g,AWS Graviton2 Processor,48,96.0,1.5994
ap-southeast-5,c6g,AWS Graviton2 Processor,64,128.0,2.1325
ap-southeast-5,c6i,Intel Xeon Platinum 8375C,2,4.0,0.0833
ap-southeast-5,c6i,Intel Xeon Platinum 8375C,4,8.0,0.1666
ap-southeast-5,c6i,Intel Xeon Platinum 8375C,8,16.0,0.3332
ap-southeast-5,c6i,Intel Xeon Platinum 8375C,16,32.0,0.6664
ap-southeast-5,c6i,Intel Xeon Platinum 8375C,32,64.0,1.3328
ap-southeast-5,c6i,Intel Xeon Platinum 8375C,48,96.0,1.9992
ap-southeast-5,c6i,Intel Xeon Platinum 8375C,64,128.0,2.6656
ap-southeast-5,c6i,Intel Xeon Platinum 8375C,96,192.0,3.9984
ap-southeast-5,c6i,Intel Xeon Platinum 8375C,128,256.0,5.3312
ap-southeast-5,c7g,AWS Graviton3 Processor,1,2.0,0.0354
ap-southeast-5,c7g,AWS Graviton3 Processor,2,4.0,0.0708
ap-southeast-5,c7g,AWS Graviton3 Processor,4,8.0,0.1416
ap-southeast-5,c7g,AWS Graviton3 Processor,8,16.0,0.2832
ap-southeast-5,c7g,AWS Graviton3 Processor,16,32.0,0.5664
ap-southeast-5,c7g,AWS Graviton3 Processor,32,64.0,1.1328
ap-southeast-5,c7g,AWS Graviton3 Processor,48,96.0,1.6992
ap-southeast-5,c7g,AWS Graviton3 Processor,64,128.0,2.2656
ap-southeast-5,c7i,Intel Xeon Platinum 8488C,2,4.0,0.08747
ap-southeast-5,c7i,Intel Xeon Platinum 8488C,4,8.0,0.17494
ap-southeast-5,c7i,Intel Xeon Platinum 8488C,8,16.0,0.34988
ap-southeast-5,c7i,Intel Xeon Platinum 8488C,16,32.0,0.69976
ap-southeast-5,c7i,Intel Xeon Platinum 8488C,32,64.0,1.39952
ap-southeast-5,c7i,Intel Xeon Platinum 8488C,48,96.0,2.09928
ap-southeast-5,c7i,Intel Xeon Platinum 8488C,64,128.0,2.79904
ap-southeast-5,c7i,Intel Xeon Platinum 8488C,96,192.0,4.19856
ap-southeast-5,c7i,Intel Xeon Platinum 8488C,192,384.0,8.39712
ap-southeast-5,c8g,AWS Graviton4 Processor,1,2.0,0.03894
ap-southeast-5,c8g,AWS Graviton4 Processor,2,4.0,0.07788
ap-southeast-5,c8g,AWS Graviton4 Processor,4,8.0,0.15576
ap-southeast-5,c8g,AWS Graviton4 Processor,8,16.0,0.31152
ap-southeast-5,c8g,AWS Graviton4 Processor,16,32.0,0.62304
ap-southeast-5,c8g,AWS Graviton4 Processor,32,64.0,1.24608
ap-southeast-5,c8g,AWS Graviton4 Processor,48,96.0,1.86912
ap-southeast-5,c8g,AWS Graviton4 Processor,64,128.0,2.49216
ap-southeast-5,c8g,AWS Graviton4 Processor,96,192.0,3.73824
ap-southeast-5,c8g,AWS Graviton4 Processor,192,384.0,7.47648
ap-southeast-5,c8i,Intel Xeon 6 6975P-C,2,4.0,0.09184
ap-southeast-5,c8i,Intel Xeon 6 6975P-C,4,8.0,0.18368
ap-southeast-5,c8i,Intel Xeon 6 6975P-C,8,16.0,0.36736
ap-southeast-5,c8i,Intel Xeon 6 6975P-C,16,32.0,0.73472
ap-southeast-5,c8i,Intel Xeon 6 6975P-C,32,64.0,1.46944
ap-southeast-5,c8i,Intel Xeon 6 6975P-C,48,96.0,2.20416
ap-southeast-5,c8i,Intel Xeon 6 6975P-C,64,128.0,2.93888
ap-southeast-5,c8i,Intel Xeon 6 6975P-C,96,192.0,4.40832
ap-southeast-5,c8i,Intel Xeon 6 6975P-C,128,256.0,5.87776
ap-southeast-5,c8i,Intel Xeon 6 6975P-C,192,384.0,8.81664
ap-southeast-5,c8i,Intel Xeon 6 6975P-C,384,768.0,17.63328
ap-southeast-5,m6g,AWS Graviton2 Processor,1,4.0,0.0408
ap-southeast-5,m6g,AWS Graviton2 Processor,2,8.0,0.0816
ap-southeast-5,m6g,AWS Graviton2 Processor,4,16.0,0.1632
ap-southeast-5,m6g,AWS Graviton2 Processor,8,32.0,0.3264
ap-southeast-5,m6g,AWS Graviton2 Processor,16,64.0,0.6528
ap-southeast-5,m6g,AWS Graviton2 Processor,32,128.0,1.3056
ap-southeast-5,m6g,AWS Graviton2 Processor,48,192.0,1.9584
ap-southeast-5,m6g,AWS Graviton2 Processor,64,256.0,2.6112
ap-southeast-5,m6i,Intel Xeon Platinum 8375C,2,8.0,0.102
ap-southeast-5,m6i,Intel Xeon Platinum 8375C,4,16.0,0.204
ap-southeast-5,m6i,Intel Xeon Platinum 8375C,8,32.0,0.408
ap-southeast-5,m6i,Intel Xeon Platinum 8375C,16,64.0,0.816
ap-southeast-5,m6i,Intel Xeon Platinum 8375C,32,128.0,1.632
ap-southeast-5,m6i,Intel Xeon Platinum 8375C,48,192.0,2.448
ap-southeast-5,m6i,Intel Xeon Platinum 8375C,64,256.0,3.264
ap-southeast-5,m6i,Intel Xeon Platinum 8375C,96,384.0,4.896
ap-southeast-5,m6i,Intel Xeon Platinum 8375C,128,512.0,6.528
ap-southeast-5,m7g,AWS Graviton3 Processor,1,4.0,0.0434
ap-southeast-5,m7g,AWS Graviton3 Processor,2,8.0,0.0867
ap-southeast-5,m7g,AWS Graviton3 Processor,4,16.0,0.1734
ap-southeast-5,m7g,AWS Graviton3 Processor,8,32.0,0.3468
ap-southeast-5,m7g,AWS Graviton3 Processor,16,64.0,0.6936
ap-southeast-5,m7g,AWS Graviton3 Processor,32,128.0,1.3872
ap-southeast-5,m7g,AWS Graviton3 Processor,48,192.0,2.0808
ap-southeast-5,m7g,AWS Graviton3 Processor,64,256.0,2.7744
ap-southeast-5,m7i,Intel Xeon Platinum 8488C,2,8.0,0.1071
ap-southeast-5,m7i,Intel Xeon Platinum 8488C,4,16.0,0.2142
ap-southeast-5,m7i,Intel Xeon Platinum 8488C,8,32.0,0.4284
ap-southeast-5,m7i,Intel Xeon Platinum 8488C,16,64.0,0.8568
ap-southeast-5,m7i,Intel Xeon Platinum 8488C,32,128.0,1.7136
ap-southeast-5,m7i,Intel Xeon Platinum 8488C,48,192.0,2.5704
ap-southeast-5,m7i,Intel Xeon Platinum 8488C,64,256.0,3.4272
ap-southeast-5,m7i,Intel Xeon Platinum 8488C,96,384.0,5.1408
ap-southeast-5,m7i,Intel Xeon Platinum 8488C,192,768.0,10.2816
ap-southeast-5,m8g,AWS Graviton4 Processor,1,4.0,0.04769
ap-southeast-5,m8g,AWS Graviton4 Processor,2,8.0,0.09538
ap-southeast-5,m8g,AWS Graviton4 Processor,4,16.0,0.19076
ap-southeast-5,m8g,AWS Graviton4 Processor,8,32.0,0.38152
ap-southeast-5,m8g,AWS Graviton4 Processor,16,64.0,0.76304
ap-southeast-5,m8g,AWS Graviton4 Processor,32,128.0,1.52608
ap-southeast-5,m8g,AWS Graviton4 Processor,48,192.0,2.28912
ap-southeast-5,m8g,AWS Graviton4 Processor,64,256.0,3.05216
ap-southeast-5,m8g,AWS Graviton4 Processor,96,384.0,4.57824
ap-southeast-5,m8g,AWS Graviton4 Processor,192,768.0,9.15648
ap-southeast-5,m8i,Intel Xeon 6 6975P-C,2,8.0,0.11245
ap-southeast-5,m8i,Intel Xeon 6 6975P-C,4,16.0,0.2249
ap-southeast-5,m8i,Intel Xeon 6 6975P-C,8,32.0,0.4498
ap-southeast-5,m8i,Intel Xeon 6 6975P-C,16,64.0,0.8996
ap-southeast-5,m8i,Intel Xeon 6 6975P-C,32,128.0,1.7992
ap-southeast-5,m8i,Intel Xeon 6 6975P-C,48,192.0,2.6988
ap-southeast-5,m8i,Intel Xeon 6 6975P-C,64,256.0,3.5984
ap-southeast-5,m8i,Intel Xeon 6 6975P-C,96,384.0,5.3976
ap-southeast-5,m8i,Intel Xeon 6 6975P-C,128,512.0,7.1968
ap-southeast-5,m8i,Intel Xeon 6 6975P-C,192,768.0,10.7952
ap-southeast-5,m8i,Intel Xeon 6 6975P-C,384,1536.0,21.5904
ap-southeast-5,r6g,AWS Graviton2 Processor,1,8.0,0.0517
ap-southeast-5,r6g,AWS Graviton2 Processor,2,16.0,0.1034
ap-southeast-5,r6g,AWS Graviton2 Processor,4,32.0,0.2067
ap-southeast-5,r6g,AWS Graviton2 Processor,8,64.0,0.4134
ap-southeast-5,r6g,AWS Graviton2 Processor,16,128.0,0.8269
ap-southeast-5,r6g,AWS Graviton2 Processor,32,256.0,1.6538
ap-southeast-5,r6g,AWS Graviton2 Processor,48,384.0,2.4806
ap-southeast-5,r6g,AWS Graviton2 Processor,64,512.0,3.3075
ap-southeast-5,r6i,Intel Xeon Platinum 8375C,2,16.0,0.1292
ap-southeast-5,r6i,Intel Xeon Platinum 8375C,4,32.0,0.2584
ap-southeast-5,r6i,Intel Xeon Platinum 8375C,8,64.0,0.5168
ap-southeast-5,r6i,Intel Xeon Platinum 8375C,16,128.0,1.0336
ap-southeast-5,r6i,Intel Xeon Platinum 8375C,32,256.0,2.0672
ap-southeast-5,r6i,Intel Xeon Platinum 8375C,48,384.0,3.1008
ap-southeast-5,r6i,Intel Xeon Platinum 8375C,64,512.0,4.1344
ap-southeast-5,r6i,Intel Xeon Platinum 8375C,96,768.0,6.2016
ap-southeast-5,r6i,Intel Xeon Platinum 8375C,128,1024.0,8.2688
ap-southeast-5,r7g,AWS Graviton3 Processor,1,8.0,0.0549
ap-southeast-5,r7g,AWS Graviton3 Processor,2,16.0,0.1098
ap-southeast-5,r7g,AWS Graviton3 Processor,4,32.0,0.2196
ap-southeast-5,r7g,AWS Graviton3 Processor,8,64.0,0.4393
ap-southeast-5,r7g,AWS Graviton3 Processor,16,128.0,0.8786
ap-southeast-5,r7g,AWS Graviton3 Processor,32,256.0,1.7571
ap-southeast-5,r7g,AWS Graviton3 Processor,48,384.0,2.6357
ap-southeast-5,r7g,AWS Graviton3 Processor,64,512.0,3.5142
ap-southeast-5,r7i,Intel Xeon Platinum 8488C,2,16.0,0.13566
ap-southeast-5,r7i,Intel Xeon Platinum 8488C,4,32.0,0.27132
ap-southeast-5,r7i,Intel Xeon Platinum 8488C,8,64.0,0.54264
ap-southeast-5,r7i,Intel Xeon Platinum 8488C,16,128.0,1.08528
ap-southeast-5,r7i,Intel Xeon Platinum 8488C,32,256.0,2.17056
ap-southeast-5,r7i,Intel Xeon Platinum 8488C,48,384.0,3.25584
ap-southeast-5,r7i,Intel Xeon Platinum 8488C,64,512.0,4.34112
ap-southeast-5,r7i,Intel Xeon Platinum 8488C,96,768.0,6.51168
ap-southeast-5,r7i,Intel Xeon Platinum 8488C,192,1536.0,13.02336
ap-southeast-5,r8g,AWS Graviton4 Processor,1,8.0,0.0604
ap-southeast-5,r8g,AWS Graviton4 Processor,2,16.0,0.1208
ap-southeast-5,r8g,AWS Graviton4 Processor,4,32.0,0.2416
ap-southeast-5,r8g,AWS Graviton4 Processor,8,64.0,0.4832
ap-southeast-5,r8g,AWS Graviton4 Processor,16,128.0,0.9664
ap-southeast-5,r8g,AWS Graviton4 Processor,32,256.0,1.9328
ap-southeast-5,r8g,AWS Graviton4 Processor,48,384.0,2.8992
ap-southeast-5,r8g,AWS Graviton4 Processor,64,512.0,3.8656
ap-southeast-5,r8g,AWS Graviton4 Processor,96,768.0,5.7984
ap-southeast-5,r8g,AWS Graviton4 Processor,192,1536.0,11.5968
ap-southeast-5,r8i,Intel Xeon 6 6985P-C,2,16.0,0.14244
ap-southeast-5,r8i,Intel Xeon 6 6985P-C,4,32.0,0.28488
ap-southeast-5,r8i,Intel Xeon 6 6985P-C,8,64.0,0.56976
ap-southeast-5,r8i,Intel Xeon 6 6985P-C,16,128.0,1.13952
ap-southeast-5,r8i,Intel Xeon 6 6985P-C,32,256.0,2.27904
ap-southeast-5,r8i,Intel Xeon 6 6985P-C,48,384.0,3.41856
ap-southeast-5,r8i,Intel Xeon 6 6985P-C,64,512.0,4.55808
ap-southeast-5,r8i,Intel Xeon 6 6985P-C,96,768.0,6.83712
ap-southeast-5,r8i,Intel Xeon 6 6985P-C,128,1024.0,9.11616
ap-southeast-5,r8i,Intel Xeon 6 6985P-C,192,1536.0,13.67424
ap-southeast-5,r8i,Intel Xeon 6 6985P-C,384,3072.0,27.34848
ap-southeast-5,x8i,Intel Xeon 6 6975P-C,2,32.0,0.28558
ap-southeast-5,x8i,Intel Xeon 6 6975P-C,4,64.0,0.57116
ap-southeast-5,x8i,Intel Xeon 6 6975P-C,8,128.0,1.14232
ap-southeast-5,x8i,Intel Xeon 6 6975P-C,16,256.0,2.28464
ap-southeast-5,x8i,Intel Xeon 6 6975P-C,32,512.0,4.56928
ap-southeast-5,x8i,Intel Xeon 6 6975P-C,48,768.0,6.85392
ap-southeast-5,x8i,Intel Xeon 6 6975P-C,64,1024.0,9.13856
ap-southeast-5,x8i,Intel Xeon 6 6975P-C,96,1536.0,13.70784
ap-southeast-5,x8i,Intel Xeon 6 6975P-C,128,2048.0,18.27712
ap-southeast-5,x8i,Intel Xeon 6 6975P-C,192,3072.0,27.41568
ap-southeast-5,x8i,Intel Xeon 6 6975P-C,256,4096.0,36.55424
ap-southeast-5,x8i,Intel Xeon 6 6975P-C,384,6144.0,52.8323
ap-southeast-6,c6g,AWS Graviton2 Processor,1,2.0,0.0466
ap-southeast-6,c6g,AWS Graviton2 Processor,2,4.0,0.0932
ap-southeast-6,c6g,AWS Graviton2 Processor,4,8.0,0.1865
ap-southeast-6,c6g,AWS Graviton2 Processor,8,16.0,0.373
ap-southeast-6,c6g,AWS Graviton2 Processor,16,32.0,0.7459
ap-southeast-6,c6g,AWS Graviton2 Processor,32,64.0,1.4918
ap-southeast-6,c6g,AWS Graviton2 Processor,48,96.0,2.2378
ap-southeast-6,c6g,AWS Graviton2 Processor,64,128.0,2.9837
ap-southeast-6,c6i,Intel Xeon Platinum 8375C,2,4.0,0.11655
ap-southeast-6,c6i,Intel Xeon Platinum 8375C,4,8.0,0.2331
ap-southeast-6,c6i,Intel Xeon Platinum 8375C,8,16.0,0.4662
ap-southeast-6,c6i,Intel Xeon Platinum 8375C,16,32.0,0.9324
ap-southeast-6,c6i,Intel Xeon Platinum 8375C,32,64.0,1.8648
ap-southeast-6,c6i,Intel Xeon Platinum 8375C,48,96.0,2.7972
ap-southeast-6,c6i,Intel Xeon Platinum 8375C,64,128.0,3.7296
ap-southeast-6,c7g,AWS Graviton3 Processor,1,2.0,0.0495
ap-southeast-6,c7g,AWS Graviton3 Processor,2,4.0,0.0991
ap-southeast-6,c7g,AWS Graviton3 Processor,4,8.0,0.1982
ap-southeast-6,c7g,AWS Graviton3 Processor,8,16.0,0.3963
ap-southeast-6,c7g,AWS Graviton3 Processor,16,32.0,0.7926
ap-southeast-6,c7g,AWS Graviton3 Processor,32,64.0,1.5853
ap-southeast-6,c7g,AWS Graviton3 Processor,48,96.0,2.3779
ap-southeast-6,c7g,AWS Graviton3 Processor,64,128.0,3.1706
ap-southeast-6,c7i,Intel Xeon Platinum 8488C,2,4.0,0.12238
ap-southeast-6,c7i,Intel Xeon Platinum 8488C,4,8.0,0.24476
ap-southeast-6,c7i,Intel Xeon Platinum 8488C,8,16.0,0.48952
ap-southeast-6,c7i,Intel Xeon Platinum 8488C,16,32.0,0.97904
ap-southeast-6,c7i,Intel Xeon Platinum 8488C,32,64.0,1.95808
ap-southeast-6,c7i,Intel Xeon Platinum 8488C,48,96.0,2.93712
ap-southeast-6,c7i,Intel Xeon Platinum 8488C,64,128.0,3.91616
ap-southeast-6,c7i,Intel Xeon Platinum 8488C,96,192.0,5.87424
ap-southeast-6,c7i,Intel Xeon Platinum 8488C,192,384.0,11.74848
ap-southeast-6,c8i,Intel Xeon 6 6975P-C,2,4.0,0.1285
ap-southeast-6,c8i,Intel Xeon 6 6975P-C,4,8.0,0.257
ap-southeast-6,c8i,Intel Xeon 6 6975P-C,8,16.0,0.514
ap-southeast-6,c8i,Intel Xeon 6 6975P-C,16,32.0,1.028
ap-southeast-6,c8i,Intel Xeon 6 6975P-C,32,64.0,2.056
ap-southeast-6,c8i,Intel Xeon 6 6975P-C,48,96.0,3.084
ap-southeast-6,c8i,Intel Xeon 6 6975P-C,64,128.0,4.112
ap-southeast-6,c8i,Intel Xeon 6 6975P-C,96,192.0,6.168
ap-southeast-6,c8i,Intel Xeon 6 6975P-C,128,256.0,8.224
ap-southeast-6,c8i,Intel Xeon 6 6975P-C,192,384.0,12.336
ap-southeast-6,c8i,Intel Xeon 6 6975P-C,384,768.0,24.672
ap-southeast-6,m6g,AWS Graviton2 Processor,1,4.0,0.0504
ap-southeast-6,m6g,AWS Graviton2 Processor,2,8.0,0.1008
ap-southeast-6,m6g,AWS Graviton2 Processor,4,16.0,0.2016
ap-southeast-6,m6g,AWS Graviton2 Processor,8,32.0,0.4032
ap-southeast-6,m6g,AWS Graviton2 Processor,16,64.0,0.8064
ap-southeast-6,m6g,AWS Graviton2 Processor,32,128.0,1.6128
ap-southeast-6,m6g,AWS Graviton2 Processor,48,192.0,2.4192
ap-southeast-6,m6g,AWS Graviton2 Processor,64,256.0,3.2256
ap-southeast-6,m6i,Intel Xeon Platinum 8375C,2,8.0,0.126
ap-southeast-6,m6i,Intel Xeon Platinum 8375C,4,16.0,0.252
ap-southeast-6,m6i,Intel Xeon Platinum 8375C,8,32.0,0.504
ap-southeast-6,m6i,Intel Xeon Platinum 8375C,16,64.0,1.008
ap-southeast-6,m6i,Intel Xeon Platinum 8375C,32,128.0,2.016
ap-southeast-6,m6i,Intel Xeon Platinum 8375C,48,192.0,3.024
ap-southeast-6,m6i,Intel Xeon Platinum 8375C,64,256.0,4.032
ap-southeast-6,m7g,AWS Graviton3 Processor,1,4.0,0.0536
ap-southeast-6,m7g,AWS Graviton3 Processor,2,8.0,0.1071
ap-southeast-6,m7g,AWS Graviton3 Processor,4,16.0,0.2142
ap-southeast-6,m7g,AWS Graviton3 Processor,8,32.0,0.4284
ap-southeast-6,m7g,AWS Graviton3 Processor,16,64.0,0.8568
ap-southeast-6,m7g,AWS Graviton3 Processor,32,128.0,1.7136
ap-southeast-6,m7g,AWS Graviton3 Processor,48,192.0,2.5704
ap-southeast-6,m7g,AWS Graviton3 Processor,64,256.0,3.4272
ap-southeast-6,m7i,Intel Xeon Platinum 8488C,2,8.0,0.1323
ap-southeast-6,m7i,Intel Xeon Platinum 8488C,4,16.0,0.2646
ap-southeast-6,m7i,Intel Xeon Platinum 8488C,8,32.0,0.5292
ap-southeast-6,m7i,Intel Xeon Platinum 8488C,16,64.0,1.0584
ap-southeast-6,m7i,Intel Xeon Platinum 8488C,32,128.0,2.1168
ap-southeast-6,m7i,Intel Xeon Platinum 8488C,48,192.0,3.1752
ap-southeast-6,m7i,Intel Xeon Platinum 8488C,64,256.0,4.2336
ap-southeast-6,m7i,Intel Xeon Platinum 8488C,96,384.0,6.3504
ap-southeast-6,m7i,Intel Xeon Platinum 8488C,192,768.0,12.7008
ap-southeast-6,m8i,Intel Xeon 6 6975P-C,2,8.0,0.13892
ap-southeast-6,m8i,Intel Xeon 6 6975P-C,4,16.0,0.27784
ap-southeast-6,m8i,Intel Xeon 6 6975P-C,8,32.0,0.55568
ap-southeast-6,m8i,Intel Xeon 6 6975P-C,16,64.0,1.11136
ap-southeast-6,m8i,Intel Xeon 6 6975P-C,32,128.0,2.22272
ap-southeast-6,m8i,Intel Xeon 6 6975P-C,48,192.0,3.33408
ap-southeast-6,m8i,Intel Xeon 6 6975P-C,64,256.0,4.44544
ap-southeast-6,m8i,Intel Xeon 6 6975P-C,96,384.0,6.66816
ap-southeast-6,m8i,Intel Xeon 6 6975P-C,128,512.0,8.89088
ap-southeast-6,m8i,Intel Xeon 6 6975P-C,192,768.0,13.33632
ap-southeast-6,m8i,Intel Xeon 6 6975P-C,384,1536.0,26.67264
ap-southeast-6,r6g,AWS Graviton2 Processor,1,8.0,0.0634
ap-southeast-6,r6g,AWS Graviton2 Processor,2,16.0,0.1268
ap-southeast-6,r6g,AWS Graviton2 Processor,4,32.0,0.2537
ap-southeast-6,r6g,AWS Graviton2 Processor,8,64.0,0.5074
ap-southeast-6,r6g,AWS Graviton2 Processor,16,128.0,1.0147
ap-southeast-6,r6g,AWS Graviton2 Processor,32,256.0,2.0294
ap-southeast-6,r6g,AWS Graviton2 Processor,48,384.0,3.0442
ap-southeast-6,r6g,AWS Graviton2 Processor,64,512.0,4.0589
ap-southeast-6,r6i,Intel Xeon Platinum 8375C,2,16.0,0.15855
ap-southeast-6,r6i,Intel Xeon Platinum 8375C,4,32.0,0.3171
ap-southeast-6,r6i,Intel Xeon Platinum 8375C,8,64.0,0.6342
ap-southeast-6,r6i,Intel Xeon Platinum 8375C,16,128.0,1.2684
ap-southeast-6,r6i,Intel Xeon Platinum 8375C,32,256.0,2.5368
ap-southeast-6,r6i,Intel Xeon Platinum 8375C,48,384.0,3.8052
ap-southeast-6,r6i,Intel Xeon Platinum 8375C,64,512.0,5.0736
ap-southeast-6,r7g,AWS Graviton3 Processor,1,8.0,0.0674
ap-southeast-6,r7g,AWS Graviton3 Processor,2,16.0,0.1348
ap-southeast-6,r7g,AWS Graviton3 Processor,4,32.0,0.2696
ap-southeast-6,r7g,AWS Graviton3 Processor,8,64.0,0.5391
ap-southeast-6,r7g,AWS Graviton3 Processor,16,128.0,1.0782
ap-southeast-6,r7g,AWS Graviton3 Processor,32,256.0,2.1565
ap-southeast-6,r7g,AWS Graviton3 Processor,48,384.0,3.2347
ap-southeast-6,r7g,AWS Graviton3 Processor,64,512.0,4.313
ap-southeast-6,r7i,Intel Xeon Platinum 8488C,2,16.0,0.16648
ap-southeast-6,r7i,Intel Xeon Platinum 8488C,4,32.0,0.33296
ap-southeast-6,r7i,Intel Xeon Platinum 8488C,8,64.0,0.66592
ap-southeast-6,r7i,Intel Xeon Platinum 8488C,16,128.0,1.33184
ap-southeast-6,r7i,Intel Xeon Platinum 8488C,32,256.0,2.66368
ap-southeast-6,r7i,Intel Xeon Platinum 8488C,48,384.0,3.99552
ap-southeast-6,r7i,Intel Xeon Platinum 8488C,64,512.0,5.32736
ap-southeast-6,r7i,Intel Xeon Platinum 8488C,96,768.0,7.99104
ap-southeast-6,r7i,Intel Xeon Platinum 8488C,192,1536.0,15.98208
ap-southeast-6,r8g,AWS Graviton4 Processor,1,8.0,0.07413
ap-southeast-6,r8g,AWS Graviton4 Processor,2,16.0,0.14826
ap-southeast-6,r8g,AWS Graviton4 Processor,4,32.0,0.29652
ap-southeast-6,r8g,AWS Graviton4 Processor,8,64.0,0.59304
ap-southeast-6,r8g,AWS Graviton4 Processor,16,128.0,1.18608
ap-southeast-6,r8g,AWS Graviton4 Processor,32,256.0,2.37216
ap-southeast-6,r8g,AWS Graviton4 Processor,48,384.0,3.55824
ap-southeast-6,r8g,AWS Graviton4 Processor,64,512.0,4.74432
ap-southeast-6,r8g,AWS Graviton4 Processor,96,768.0,7.11648
ap-southeast-6,r8g,AWS Graviton4 Processor,192,1536.0,14.23296
ap-southeast-6,r8i,Intel Xeon 6 6985P-C,2,16.0,0.1748
ap-southeast-6,r8i,Intel Xeon 6 6985P-C,4,32.0,0.3496
ap-southeast-6,r8i,Intel Xeon 6 6985P-C,8,64.0,0.6992
ap-southeast-6,r8i,Intel Xeon 6 6985P-C,16,128.0,1.3984
ap-southeast-6,r8i,Intel Xeon 6 6985P-C,32,256.0,2.7968
ap-southeast-6,r8i,Intel Xeon 6 6985P-C,48,384.0,4.1952
ap-southeast-6,r8i,Intel Xeon 6 6985P-C,64,512.0,5.5936
ap-southeast-6,r8i,Intel Xeon 6 6985P-C,96,768.0,8.3904
ap-southeast-6,r8i,Intel Xeon 6 6985P-C,128,1024.0,11.1872
ap-southeast-6,r8i,Intel Xeon 6 6985P-C,192,1536.0,16.7808
ap-southeast-6,r8i,Intel Xeon 6 6985P-C,384,3072.0,33.5616
ap-southeast-7,c6g,AWS Graviton2 Processor,1,2.0,0.0333
ap-southeast-7,c6g,AWS Graviton2 Processor,2,4.0,0.0666
ap-southeast-7,c6g,AWS Graviton2 Processor,4,8.0,0.1333
ap-southeast-7,c6g,AWS Graviton2 Processor,8,16.0,0.2666
ap-southeast-7,c6g,AWS Graviton2 Processor,16,32.0,0.5331
ap-southeast-7,c6g,AWS Graviton2 Processor,32,64.0,1.0662
ap-southeast-7,c6g,AWS Graviton2 Processor,48,96.0,1.5994
ap-southeast-7,c6g,AWS Graviton2 Processor,64,128.0,2.1325
ap-southeast-7,c6i,Intel Xeon Platinum 8375C,2,4.0,0.0833
ap-southeast-7,c6i,Intel Xeon Platinum 8375C,4,8.0,0.1666
ap-southeast-7,c6i,Intel Xeon Platinum 8375C,8,16.0,0.3332
ap-southeast-7,c6i,Intel Xeon Platinum 8375C,16,32.0,0.6664
ap-southeast-7,c6i,Intel Xeon Platinum 8375C,32,64.0,1.3328
ap-southeast-7,c6i,Intel Xeon Platinum 8375C,48,96.0,1.9992
ap-southeast-7,c6i,Intel Xeon Platinum 8375C,64,128.0,2.6656
ap-southeast-7,c6i,Intel Xeon Platinum 8375C,96,192.0,3.9984
ap-southeast-7,c6i,Intel Xeon Platinum 8375C,128,256.0,5.3312
ap-southeast-7,c7g,AWS Graviton3 Processor,1,2.0,0.0354
ap-southeast-7,c7g,AWS Graviton3 Processor,2,4.0,0.0708
ap-southeast-7,c7g,AWS Graviton3 Processor,4,8.0,0.1416
ap-southeast-7,c7g,AWS Graviton3 Processor,8,16.0,0.2832
ap-southeast-7,c7g,AWS Graviton3 Processor,16,32.0,0.5664
ap-southeast-7,c7g,AWS Graviton3 Processor,32,64.0,1.1328
ap-southeast-7,c7g,AWS Graviton3 Processor,48,96.0,1.6992
ap-southeast-7,c7g,AWS Graviton3 Processor,64,128.0,2.2656
ap-southeast-7,c7i,Intel Xeon Platinum 8488C,2,4.0,0.08747
ap-southeast-7,c7i,Intel Xeon Platinum 8488C,4,8.0,0.17494
ap-southeast-7,c7i,Intel Xeon Platinum 8488C,8,16.0,0.34988
ap-southeast-7,c7i,Intel Xeon Platinum 8488C,16,32.0,0.69976
ap-southeast-7,c7i,Intel Xeon Platinum 8488C,32,64.0,1.39952
ap-southeast-7,c7i,Intel Xeon Platinum 8488C,48,96.0,2.09928
ap-southeast-7,c7i,Intel Xeon Platinum 8488C,64,128.0,2.79904
ap-southeast-7,c7i,Intel Xeon Platinum 8488C,96,192.0,4.19856
ap-southeast-7,c7i,Intel Xeon Platinum 8488C,192,384.0,8.39712
ap-southeast-7,c8g,AWS Graviton4 Processor,1,2.0,0.03894
ap-southeast-7,c8g,AWS Graviton4 Processor,2,4.0,0.07788
ap-southeast-7,c8g,AWS Graviton4 Processor,4,8.0,0.15576
ap-southeast-7,c8g,AWS Graviton4 Processor,8,16.0,0.31152
ap-southeast-7,c8g,AWS Graviton4 Processor,16,32.0,0.62304
ap-southeast-7,c8g,AWS Graviton4 Processor,32,64.0,1.24608
ap-southeast-7,c8g,AWS Graviton4 Processor,48,96.0,1.86912
ap-southeast-7,c8g,AWS Graviton4 Processor,64,128.0,2.49216
ap-southeast-7,c8g,AWS Graviton4 Processor,96,192.0,3.73824
ap-southeast-7,c8g,AWS Graviton4 Processor,192,384.0,7.47648
ap-southeast-7,m6g,AWS Graviton2 Processor,1,4.0,0.0408
ap-southeast-7,m6g,AWS Graviton2 Processor,2,8.0,0.0816
ap-southeast-7,m6g,AWS Graviton2 Processor,4,16.0,0.1632
ap-southeast-7,m6g,AWS Graviton2 Processor,8,32.0,0.3264
ap-southeast-7,m6g,AWS Graviton2 Processor,16,64.0,0.6528
ap-southeast-7,m6g,AWS Graviton2 Processor,32,128.0,1.3056
ap-southeast-7,m6g,AWS Graviton2 Processor,48,192.0,1.9584
ap-southeast-7,m6g,AWS Graviton2 Processor,64,256.0,2.6112
ap-southeast-7,m6i,Intel Xeon Platinum 8375C,2,8.0,0.102
ap-southeast-7,m6i,Intel Xeon Platinum 8375C,4,16.0,0.204
ap-southeast-7,m6i,Intel Xeon Platinum 8375C,8,32.0,0.408
ap-southeast-7,m6i,Intel Xeon Platinum 8375C,16,64.0,0.816
ap-southeast-7,m6i,Intel Xeon Platinum 8375C,32,128.0,1.632
ap-southeast-7,m6i,Intel Xeon Platinum 8375C,48,192.0,2.448
ap-southeast-7,m6i,Intel Xeon Platinum 8375C,64,256.0,3.264
ap-southeast-7,m6i,Intel Xeon Platinum 8375C,96,384.0,4.896
ap-southeast-7,m6i,Intel Xeon Platinum 8375C,128,512.0,6.528
ap-southeast-7,m7g,AWS Graviton3 Processor,1,4.0,0.0434
ap-southeast-7,m7g,AWS Graviton3 Processor,2,8.0,0.0867
ap-southeast-7,m7g,AWS Graviton3 Processor,4,16.0,0.1734
ap-southeast-7,m7g,AWS Graviton3 Processor,8,32.0,0.3468
ap-southeast-7,m7g,AWS Graviton3 Processor,16,64.0,0.6936
ap-southeast-7,m7g,AWS Graviton3 Processor,32,128.0,1.3872
ap-southeast-7,m7g,AWS Graviton3 Processor,48,192.0,2.0808
ap-southeast-7,m7g,AWS Graviton3 Processor,64,256.0,2.7744
ap-southeast-7,m7i,Intel Xeon Platinum 8488C,2,8.0,0.1071
ap-southeast-7,m7i,Intel Xeon Platinum 8488C,4,16.0,0.2142
ap-southeast-7,m7i,Intel Xeon Platinum 8488C,8,32.0,0.4284
ap-southeast-7,m7i,Intel Xeon Platinum 8488C,16,64.0,0.8568
ap-southeast-7,m7i,Intel Xeon Platinum 8488C,32,128.0,1.7136
ap-southeast-7,m7i,Intel Xeon Platinum 8488C,48,192.0,2.5704
ap-southeast-7,m7i,Intel Xeon Platinum 8488C,64,256.0,3.4272
ap-southeast-7,m7i,Intel Xeon Platinum 8488C,96,384.0,5.1408
ap-southeast-7,m7i,Intel Xeon Platinum 8488C,192,768.0,10.2816
ap-southeast-7,m8g,AWS Graviton4 Processor,1,4.0,0.04769
ap-southeast-7,m8g,AWS Graviton4 Processor,2,8.0,0.09538
ap-southeast-7,m8g,AWS Graviton4 Processor,4,16.0,0.19076
ap-southeast-7,m8g,AWS Graviton4 Processor,8,32.0,0.38152
ap-southeast-7,m8g,AWS Graviton4 Processor,16,64.0,0.76304
ap-southeast-7,m8g,AWS Graviton4 Processor,32,128.0,1.52608
ap-southeast-7,m8g,AWS Graviton4 Processor,48,192.0,2.28912
ap-southeast-7,m8g,AWS Graviton4 Processor,64,256.0,3.05216
ap-southeast-7,m8g,AWS Graviton4 Processor,96,384.0,4.57824
ap-southeast-7,m8g,AWS Graviton4 Processor,192,768.0,9.15648
ap-southeast-7,r6g,AWS Graviton2 Processor,1,8.0,0.0517
ap-southeast-7,r6g,AWS Graviton2 Processor,2,16.0,0.1034
ap-southeast-7,r6g,AWS Graviton2 Processor,4,32.0,0.2067
ap-southeast-7,r6g,AWS Graviton2 Processor,8,64.0,0.4134
ap-southeast-7,r6g,AWS Graviton2 Processor,16,128.0,0.8269
ap-southeast-7,r6g,AWS Graviton2 Processor,32,256.0,1.6538
ap-southeast-7,r6g,AWS Graviton2 Processor,48,384.0,2.4806
ap-southeast-7,r6g,AWS Graviton2 Processor,64,512.0,3.3075
ap-southeast-7,r6i,Intel Xeon Platinum 8375C,2,16.0,0.1292
ap-southeast-7,r6i,Intel Xeon Platinum 8375C,4,32.0,0.2584
ap-southeast-7,r6i,Intel Xeon Platinum 8375C,8,64.0,0.5168
ap-southeast-7,r6i,Intel Xeon Platinum 8375C,16,128.0,1.0336
ap-southeast-7,r6i,Intel Xeon Platinum 8375C,32,256.0,2.0672
ap-southeast-7,r6i,Intel Xeon Platinum 8375C,48,384.0,3.1008
ap-southeast-7,r6i,Intel Xeon Platinum 8375C,64,512.0,4.1344
ap-southeast-7,r6i,Intel Xeon Platinum 8375C,96,768.0,6.2016
ap-southeast-7,r6i,Intel Xeon Platinum 8375C,128,1024.0,8.2688
ap-southeast-7,r7g,AWS Graviton3 Processor,1,8.0,0.0549
ap-southeast-7,r7g,AWS Graviton3 Processor,2,16.0,0.1098
ap-southeast-7,r7g,AWS Graviton3 Processor,4,32.0,0.2196
ap-southeast-7,r7g,AWS Graviton3 Processor,8,64.0,0.4393
ap-southeast-7,r7g,AWS Graviton3 Processor,16,128.0,0.8786
ap-southeast-7,r7g,AWS Graviton3 Processor,32,256.0,1.7571
ap-southeast-7,r7g,AWS Graviton3 Processor,48,384.0,2.6357
ap-southeast-7,r7g,AWS Graviton3 Processor,64,512.0,3.5142
ap-southeast-7,r7i,Intel Xeon Platinum 8488C,2,16.0,0.13566
ap-southeast-7,r7i,Intel Xeon Platinum 8488C,4,32.0,0.27132
ap-southeast-7,r7i,Intel Xeon Platinum 8488C,8,64.0,0.54264
ap-southeast-7,r7i,Intel Xeon Platinum 8488C,16,128.0,1.08528
ap-southeast-7,r7i,Intel Xeon Platinum 8488C,32,256.0,2.17056
ap-southeast-7,r7i,Intel Xeon Platinum 8488C,48,384.0,3.25584
ap-southeast-7,r7i,Intel Xeon Platinum 8488C,64,512.0,4.34112
ap-southeast-7,r7i,Intel Xeon Platinum 8488C,96,768.0,6.51168
ap-southeast-7,r7i,Intel Xeon Platinum 8488C,192,1536.0,13.02336
ap-southeast-7,r8g,AWS Graviton4 Processor,1,8.0,0.0604
ap-southeast-7,r8g,AWS Graviton4 Processor,2,16.0,0.1208
ap-southeast-7,r8g,AWS Graviton4 Processor,4,32.0,0.2416
ap-southeast-7,r8g,AWS Graviton4 Processor,8,64.0,0.4832
ap-southeast-7,r8g,AWS Graviton4 Processor,16,128.0,0.9664
ap-southeast-7,r8g,AWS Graviton4 Processor,32,256.0,1.9328
ap-southeast-7,r8g,AWS Graviton4 Processor,48,384.0,2.8992
ap-southeast-7,r8g,AWS Graviton4 Processor,64,512.0,3.8656
ap-southeast-7,r8g,AWS Graviton4 Processor,96,768.0,5.7984
ap-southeast-7,r8g,AWS Graviton4 Processor,192,1536.0,11.5968
ca-central-1,c6a,AMD EPYC 7R13 Processor,2,4.0,0.0837
ca-central-1,c6a,AMD EPYC 7R13 Processor,4,8.0,0.1674
ca-central-1,c6a,AMD EPYC 7R13 Processor,8,16.0,0.3348
ca-central-1,c6a,AMD EPYC 7R13 Processor,16,32.0,0.6696
ca-central-1,c6a,AMD EPYC 7R13 Processor,32,64.0,1.3392
ca-central-1,c6a,AMD EPYC 7R13 Processor,48,96.0,2.0088
ca-central-1,c6a,AMD EPYC 7R13 Processor,64,128.0,2.6784
ca-central-1,c6a,AMD EPYC 7R13 Processor,96,192.0,4.0176
ca-central-1,c6a,AMD EPYC 7R13 Processor,128,256.0,5.3568
ca-central-1,c6a,AMD EPYC 7R13 Processor,192,384.0,8.0352
ca-central-1,c6g,AWS Graviton2 Processor,1,2.0,0.0372
ca-central-1,c6g,AWS Graviton2 Processor,2,4.0,0.0744
ca-central-1,c6g,AWS Graviton2 Processor,4,8.0,0.1488
ca-central-1,c6g,AWS Graviton2 Processor,8,16.0,0.2976
ca-central-1,c6g,AWS Graviton2 Processor,16,32.0,0.5952
ca-central-1,c6g,AWS Graviton2 Processor,32,64.0,1.1904
ca-central-1,c6g,AWS Graviton2 Processor,48,96.0,1.7856
ca-central-1,c6g,AWS Graviton2 Processor,64,128.0,2.3808
ca-central-1,c6i,Intel Xeon Platinum 8375C,2,4.0,0.093
ca-central-1,c6i,Intel Xeon Platinum 8375C,4,8.0,0.186
ca-central-1,c6i,Intel Xeon Platinum 8375C,8,16.0,0.372
ca-central-1,c6i,Intel Xeon Platinum 8375C,16,32.0,0.744
ca-central-1,c6i,Intel Xeon Platinum 8375C,32,64.0,1.488
ca-central-1,c6i,Intel Xeon Platinum 8375C,48,96.0,2.232
ca-central-1,c6i,Intel Xeon Platinum 8375C,64,128.0,2.976
ca-central-1,c6i,Intel Xeon Platinum 8375C,96,192.0,4.464
ca-central-1,c6i,Intel Xeon Platinum 8375C,128,256.0,5.952
ca-central-1,c7g,AWS Graviton3 Processor,1,2.0,0.0395
ca-central-1,c7g,AWS Graviton3 Processor,2,4.0,0.0791
ca-central-1,c7g,AWS Graviton3 Processor,4,8.0,0.1581
ca-central-1,c7g,AWS Graviton3 Processor,8,16.0,0.3162
ca-central-1,c7g,AWS Graviton3 Processor,16,32.0,0.6325
ca-central-1,c7g,AWS Graviton3 Processor,32,64.0,1.265
ca-central-1,c7g,AWS Graviton3 Processor,48,96.0,1.8974
ca-central-1,c7g,AWS Graviton3 Processor,64,128.0,2.5299
ca-central-1,c7i,Intel Xeon Platinum 8488C,2,4.0,0.09765
ca-central-1,c7i,Intel Xeon Platinum 8488C,4,8.0,0.1953
ca-central-1,c7i,Intel Xeon Platinum 8488C,8,16.0,0.3906
ca-central-1,c7i,Intel Xeon Platinum 8488C,16,32.0,0.7812
ca-central-1,c7i,Intel Xeon Platinum 8488C,32,64.0,1.5624
ca-central-1,c7i,Intel Xeon Platinum 8488C,48,96.0,2.3436
ca-central-1,c7i,Intel Xeon Platinum 8488C,64,128.0,3.1248
ca-central-1,c7i,Intel Xeon Platinum 8488C,96,192.0,4.6872
ca-central-1,c7i,Intel Xeon Platinum 8488C,192,384.0,9.3744
ca-central-1,c8g,AWS Graviton4 Processor,1,2.0,0.04348
ca-central-1,c8g,AWS Graviton4 Processor,2,4.0,0.08696
ca-central-1,c8g,AWS Graviton4 Processor,4,8.0,0.17392
ca-central-1,c8g,AWS Graviton4 Processor,8,16.0,0.34784
ca-central-1,c8g,AWS Graviton4 Processor,16,32.0,0.69568
ca-central-1,c8g,AWS Graviton4 Processor,32,64.0,1.39136
ca-central-1,c8g,AWS Graviton4 Processor,48,96.0,2.08704
ca-central-1,c8g,AWS Graviton4 Processor,64,128.0,2.78272
ca-central-1,c8g,AWS Graviton4 Processor,96,192.0,4.17408
ca-central-1,c8g,AWS Graviton4 Processor,192,384.0,8.34816
ca-central-1,c8i,Intel Xeon 6 6975P-C,2,4.0,0.10253
ca-central-1,c8i,Intel Xeon 6 6975P-C,4,8.0,0.20506
ca-central-1,c8i,Intel Xeon 6 6975P-C,8,16.0,0.41012
ca-central-1,c8i,Intel Xeon 6 6975P-C,16,32.0,0.82024
ca-central-1,c8i,Intel Xeon 6 6975P-C,32,64.0,1.64048
ca-central-1,c8i,Intel Xeon 6 6975P-C,48,96.0,2.46072
ca-central-1,c8i,Intel Xeon 6 6975P-C,64,128.0,3.28096
ca-central-1,c8i,Intel Xeon 6 6975P-C,96,192.0,4.92144
ca-central-1,c8i,Intel Xeon 6 6975P-C,128,256.0,6.56192
ca-central-1,c8i,Intel Xeon 6 6975P-C,192,384.0,9.84288
ca-central-1,c8i,Intel Xeon 6 6975P-C,384,768.0,19.68576
ca-central-1,m6a,AMD EPYC 7R13 Processor,2,8.0,0.0963
ca-central-1,m6a,AMD EPYC 7R13 Processor,4,16.0,0.1926
ca-central-1,m6a,AMD EPYC 7R13 Processor,8,32.0,0.3852
ca-central-1,m6a,AMD EPYC 7R13 Processor,16,64.0,0.7704
ca-central-1,m6a,AMD EPYC 7R13 Processor,32,128.0,1.5408
ca-central-1,m6a,AMD EPYC 7R13 Processor,48,192.0,2.3112
ca-central-1,m6a,AMD EPYC 7R13 Processor,64,256.0,3.0816
ca-central-1,m6a,AMD EPYC 7R13 Processor,96,384.0,4.6224
ca-central-1,m6a,AMD EPYC 7R13 Processor,128,512.0,6.1632
ca-central-1,m6a,AMD EPYC 7R13 Processor,192,768.0,9.2448
ca-central-1,m6g,AWS Graviton2 Processor,1,4.0,0.0428
ca-central-1,m6g,AWS Graviton2 Processor,2,8.0,0.0856
ca-central-1,m6g,AWS Graviton2 Processor,4,16.0,0.1712
ca-central-1,m6g,AWS Graviton2 Processor,8,32.0,0.3424
ca-central-1,m6g,AWS Graviton2 Processor,16,64.0,0.6848
ca-central-1,m6g,AWS Graviton2 Processor,32,128.0,1.3696
ca-central-1,m6g,AWS Graviton2 Processor,48,192.0,2.0544
ca-central-1,m6g,AWS Graviton2 Processor,64,256.0,2.7392
ca-central-1,m6i,Intel Xeon Platinum 8375C,2,8.0,0.107
ca-central-1,m6i,Intel Xeon Platinum 8375C,4,16.0,0.214
ca-central-1,m6i,Intel Xeon Platinum 8375C,8,32.0,0.428
ca-central-1,m6i,Intel Xeon Platinum 8375C,16,64.0,0.856
ca-central-1,m6i,Intel Xeon Platinum 8375C,32,128.0,1.712
ca-central-1,m6i,Intel Xeon Platinum 8375C,48,192.0,2.568
ca-central-1,m6i,Intel Xeon Platinum 8375C,64,256.0,3.424
ca-central-1,m6i,Intel Xeon Platinum 8375C,96,384.0,5.136
ca-central-1,m6i,Intel Xeon Platinum 8375C,128,512.0,6.848
ca-central-1,m7g,AWS Graviton3 Processor,1,4.0,0.0455
ca-central-1,m7g,AWS Graviton3 Processor,2,8.0,0.091
ca-central-1,m7g,AWS Graviton3 Processor,4,16.0,0.1819
ca-central-1,m7g,AWS Graviton3 Processor,8,32.0,0.3638
ca-central-1,m7g,AWS Graviton3 Processor,16,64.0,0.7277
ca-central-1,m7g,AWS Graviton3 Processor,32,128.0,1.4554
ca-central-1,m7g,AWS Graviton3 Processor,48,192.0,2.183
ca-central-1,m7g,AWS Graviton3 Processor,64,256.0,2.9107
ca-central-1,m7i,Intel Xeon Platinum 8488C,2,8.0,0.11235
ca-central-1,m7i,Intel Xeon Platinum 8488C,4,16.0,0.2247
ca-central-1,m7i,Intel Xeon Platinum 8488C,8,32.0,0.4494
ca-central-1,m7i,Intel Xeon Platinum 8488C,16,64.0,0.8988
ca-central-1,m7i,Intel Xeon Platinum 8488C,32,128.0,1.7976
ca-central-1,m7i,Intel Xeon Platinum 8488C,48,192.0,2.6964
ca-central-1,m7i,Intel Xeon Platinum 8488C,64,256.0,3.5952
ca-central-1,m7i,Intel Xeon Platinum 8488C,96,384.0,5.3928
ca-central-1,m7i,Intel Xeon Platinum 8488C,192,768.0,10.7856
ca-central-1,m8g,AWS Graviton4 Processor,1,4.0,0.05003
ca-central-1,m8g,AWS Graviton4 Processor,2,8.0,0.10006
ca-central-1,m8g,AWS Graviton4 Processor,4,16.0,0.20012
ca-central-1,m8g,AWS Graviton4 Processor,8,32.0,0.40024
ca-central-1,m8g,AWS Graviton4 Processor,16,64.0,0.80048
ca-central-1,m8g,AWS Graviton4 Processor,32,128.0,1.60096
ca-central-1,m8g,AWS Graviton4 Processor,48,192.0,2.40144
ca-central-1,m8g,AWS Graviton4 Processor,64,256.0,3.20192
ca-central-1,m8g,AWS Graviton4 Processor,96,384.0,4.80288
ca-central-1,m8g,AWS Graviton4 Processor,192,768.0,9.60576
ca-central-1,m8i,Intel Xeon 6 6975P-C,2,8.0,0.11797
ca-central-1,m8i,Intel Xeon 6 6975P-C,4,16.0,0.23594
ca-central-1,m8i,Intel Xeon 6 6975P-C,8,32.0,0.47188
ca-central-1,m8i,Intel Xeon 6 6975P-C,16,64.0,0.94376
ca-central-1,m8i,Intel Xeon 6 6975P-C,32,128.0,1.88752
ca-central-1,m8i,Intel Xeon 6 6975P-C,48,192.0,2.83128
ca-central-1,m8i,Intel Xeon 6 6975P-C,64,256.0,3.77504
ca-central-1,m8i,Intel Xeon 6 6975P-C,96,384.0,5.66256
ca-central-1,m8i,Intel Xeon 6 6975P-C,128,512.0,7.55008
ca-central-1,m8i,Intel Xeon 6 6975P-C,192,768.0,11.32512
ca-central-1,m8i,Intel Xeon 6 6975P-C,384,1536.0,22.65024
ca-central-1,r6a,AMD EPYC 7R13 Processor,2,16.0,0.1242
ca-central-1,r6a,AMD EPYC 7R13 Processor,4,32.0,0.2484
ca-central-1,r6a,AMD EPYC 7R13 Processor,8,64.0,0.4968
ca-central-1,r6a,AMD EPYC 7R13 Processor,16,128.0,0.9936
ca-central-1,r6a,AMD EPYC 7R13 Processor,32,256.0,1.9872
ca-central-1,r6a,AMD EPYC 7R13 Processor,48,384.0,2.9808
ca-central-1,r6a,AMD EPYC 7R13 Processor,64,512.0,3.9744
ca-central-1,r6a,AMD EPYC 7R13 Processor,96,768.0,5.9616
ca-central-1,r6a,AMD EPYC 7R13 Processor,128,1024.0,7.9488
ca-central-1,r6a,AMD EPYC 7R13 Processor,192,1536.0,11.9232
ca-central-1,r6g,AWS Graviton2 Processor,1,8.0,0.0552
ca-central-1,r6g,AWS Graviton2 Processor,2,16.0,0.1104
ca-central-1,r6g,AWS Graviton2 Processor,4,32.0,0.2208
ca-central-1,r6g,AWS Graviton2 Processor,8,64.0,0.4416
ca-central-1,r6g,AWS Graviton2 Processor,16,128.0,0.8832
ca-central-1,r6g,AWS Graviton2 Processor,32,256.0,1.7664
ca-central-1,r6g,AWS Graviton2 Processor,48,384.0,2.6496
ca-central-1,r6g,AWS Graviton2 Processor,64,512.0,3.5328
ca-central-1,r6i,Intel Xeon Platinum 8375C,2,16.0,0.138
ca-central-1,r6i,Intel Xeon Platinum 8375C,4,32.0,0.276
ca-central-1,r6i,Intel Xeon Platinum 8375C,8,64.0,0.552
ca-central-1,r6i,Intel Xeon Platinum 8375C,16,128.0,1.104
ca-central-1,r6i,Intel Xeon Platinum 8375C,32,256.0,2.208
ca-central-1,r6i,Intel Xeon Platinum 8375C,48,384.0,3.312
ca-central-1,r6i,Intel Xeon Platinum 8375C,64,512.0,4.416
ca-central-1,r6i,Intel Xeon Platinum 8375C,96,768.0,6.624
ca-central-1,r6i,Intel Xeon Platinum 8375C,128,1024.0,8.832
ca-central-1,r7g,AWS Graviton3 Processor,1,8.0,0.0587
ca-central-1,r7g,AWS Graviton3 Processor,2,16.0,0.1173
ca-central-1,r7g,AWS Graviton3 Processor,4,32.0,0.2346
ca-central-1,r7g,AWS Graviton3 Processor,8,64.0,0.4692
ca-central-1,r7g,AWS Graviton3 Processor,16,128.0,0.9384
ca-central-1,r7g,AWS Graviton3 Processor,32,256.0,1.8768
ca-central-1,r7g,AWS Graviton3 Processor,48,384.0,2.8152
ca-central-1,r7g,AWS Graviton3 Processor,64,512.0,3.7536
ca-central-1,r7i,Intel Xeon Platinum 8488C,2,16.0,0.1449
ca-central-1,r7i,Intel Xeon Platinum 8488C,4,32.0,0.2898
ca-central-1,r7i,Intel Xeon Platinum 8488C,8,64.0,0.5796
ca-central-1,r7i,Intel Xeon Platinum 8488C,16,128.0,1.1592
ca-central-1,r7i,Intel Xeon Platinum 8488C,32,256.0,2.3184
ca-central-1,r7i,Intel Xeon Platinum 8488C,48,384.0,3.4776
ca-central-1,r7i,Intel Xeon Platinum 8488C,64,512.0,4.6368
ca-central-1,r7i,Intel Xeon Platinum 8488C,96,768.0,6.9552
ca-central-1,r7i,Intel Xeon Platinum 8488C,192,1536.0,13.9104
ca-central-1,r8g,AWS Graviton4 Processor,1,8.0,0.06452
ca-central-1,r8g,AWS Graviton4 Processor,2,16.0,0.12904
ca-central-1,r8g,AWS Graviton4 Processor,4,32.0,0.25808
ca-central-1,r8g,AWS Graviton4 Processor,8,64.0,0.51616
ca-central-1,r8g,AWS Graviton4 Processor,16,128.0,1.03232
ca-central-1,r8g,AWS Graviton4 Processor,32,256.0,2.06464
ca-central-1,r8g,AWS Graviton4 Processor,48,384.0,3.09696
ca-central-1,r8g,AWS Graviton4 Processor,64,512.0,4.12928
ca-central-1,r8g,AWS Graviton4 Processor,96,768.0,6.19392
ca-central-1,r8g,AWS Graviton4 Processor,192,1536.0,12.38784
ca-central-1,r8i,Intel Xeon 6 6985P-C,2,16.0,0.15215
ca-central-1,r8i,Intel Xeon 6 6985P-C,4,32.0,0.3043
ca-central-1,r8i,Intel Xeon 6 6985P-C,8,64.0,0.6086
ca-central-1,r8i,Intel Xeon 6 6985P-C,16,128.0,1.2172
ca-central-1,r8i,Intel Xeon 6 6985P-C,32,256.0,2.4344
ca-central-1,r8i,Intel Xeon 6 6985P-C,48,384.0,3.6516
ca-central-1,r8i,Intel Xeon 6 6985P-C,64,512.0,4.8688
ca-central-1,r8i,Intel Xeon 6 6985P-C,96,768.0,7.3032
ca-central-1,r8i,Intel Xeon 6 6985P-C,128,1024.0,9.7376
ca-central-1,r8i,Intel Xeon 6 6985P-C,192,1536.0,14.6064
ca-central-1,r8i,Intel Xeon 6 6985P-C,384,3072.0,29.2128
ca-west-1,c6g,AWS Graviton2 Processor,1,2.0,0.0372
ca-west-1,c6g,AWS Graviton2 Processor,2,4.0,0.0744
ca-west-1,c6g,AWS Graviton2 Processor,4,8.0,0.1488
ca-west-1,c6g,AWS Graviton2 Processor,8,16.0,0.2976
ca-west-1,c6g,AWS Graviton2 Processor,16,32.0,0.5952
ca-west-1,c6g,AWS Graviton2 Processor,32,64.0,1.1904
ca-west-1,c6g,AWS Graviton2 Processor,48,96.0,1.7856
ca-west-1,c6g,AWS Graviton2 Processor,64,128.0,2.3808
ca-west-1,c6i,Intel Xeon Platinum 8375C,2,4.0,0.093
ca-west-1,c6i,Intel Xeon Platinum 8375C,4,8.0,0.186
ca-west-1,c6i,Intel Xeon Platinum 8375C,8,16.0,0.372
ca-west-1,c6i,Intel Xeon Platinum 8375C,16,32.0,0.744
ca-west-1,c6i,Intel Xeon Platinum 8375C,32,64.0,1.488
ca-west-1,c6i,Intel Xeon Platinum 8375C,48,96.0,2.232
ca-west-1,c6i,Intel Xeon Platinum 8375C,64,128.0,2.976
ca-west-1,c6i,Intel Xeon Platinum 8375C,96,192.0,4.464
ca-west-1,c6i,Intel Xeon Platinum 8375C,128,256.0,5.952
ca-west-1,c7g,AWS Graviton3 Processor,1,2.0,0.0395
ca-west-1,c7g,AWS Graviton3 Processor,2,4.0,0.0791
ca-west-1,c7g,AWS Graviton3 Processor,4,8.0,0.1581
ca-west-1,c7g,AWS Graviton3 Processor,8,16.0,0.3162
ca-west-1,c7g,AWS Graviton3 Processor,16,32.0,0.6325
ca-west-1,c7g,AWS Graviton3 Processor,32,64.0,1.265
ca-west-1,c7g,AWS Graviton3 Processor,48,96.0,1.8974
ca-west-1,c7g,AWS Graviton3 Processor,64,128.0,2.5299
ca-west-1,c8g,AWS Graviton4 Processor,1,2.0,0.04348
ca-west-1,c8g,AWS Graviton4 Processor,2,4.0,0.08696
ca-west-1,c8g,AWS Graviton4 Processor,4,8.0,0.17392
ca-west-1,c8g,AWS Graviton4 Processor,8,16.0,0.34784
ca-west-1,c8g,AWS Graviton4 Processor,16,32.0,0.69568
ca-west-1,c8g,AWS Graviton4 Processor,32,64.0,1.39136
ca-west-1,c8g,AWS Graviton4 Processor,48,96.0,2.08704
ca-west-1,c8g,AWS Graviton4 Processor,64,128.0,2.78272
ca-west-1,c8g,AWS Graviton4 Processor,96,192.0,4.17408
ca-west-1,c8g,AWS Graviton4 Processor,192,384.0,8.34816
ca-west-1,m6g,AWS Graviton2 Processor,1,4.0,0.0428
ca-west-1,m6g,AWS Graviton2 Processor,2,8.0,0.0856
ca-west-1,m6g,AWS Graviton2 Processor,4,16.0,0.1712
ca-west-1,m6g,AWS Graviton2 Processor,8,32.0,0.3424
ca-west-1,m6g,AWS Graviton2 Processor,16,64.0,0.6848
ca-west-1,m6g,AWS Graviton2 Processor,32,128.0,1.3696
ca-west-1,m6g,AWS Graviton2 Processor,48,192.0,2.0544
ca-west-1,m6g,AWS Graviton2 Processor,64,256.0,2.7392
ca-west-1,m6i,Intel Xeon Platinum 8375C,2,8.0,0.107
ca-west-1,m6i,Intel Xeon Platinum 8375C,4,16.0,0.214
ca-west-1,m6i,Intel Xeon Platinum 8375C,8,32.0,0.428
ca-west-1,m6i,Intel Xeon Platinum 8375C,16,64.0,0.856
ca-west-1,m6i,Intel Xeon Platinum 8375C,32,128.0,1.712
ca-west-1,m6i,Intel Xeon Platinum 8375C,48,192.0,2.568
ca-west-1,m6i,Intel Xeon Platinum 8375C,64,256.0,3.424
ca-west-1,m6i,Intel Xeon Platinum 8375C,96,384.0,5.136
ca-west-1,m6i,Intel Xeon Platinum 8375C,128,512.0,6.848
ca-west-1,m8g,AWS Graviton4 Processor,1,4.0,0.05003
ca-west-1,m8g,AWS Graviton4 Processor,2,8.0,0.10006
ca-west-1,m8g,AWS Graviton4 Processor,4,16.0,0.20012
ca-west-1,m8g,AWS Graviton4 Processor,8,32.0,0.40024
ca-west-1,m8g,AWS Graviton4 Processor,16,64.0,0.80048
ca-west-1,m8g,AWS Graviton4 Processor,32,128.0,1.60096
ca-west-1,m8g,AWS Graviton4 Processor,48,192.0,2.40144
ca-west-1,m8g,AWS Graviton4 Processor,64,256.0,3.20192
ca-west-1,m8g,AWS Graviton4 Processor,96,384.0,4.80288
ca-west-1,m8g,AWS Graviton4 Processor,192,768.0,9.60576
ca-west-1,r6g,AWS Graviton2 Processor,1,8.0,0.0552
ca-west-1,r6g,AWS Graviton2 Processor,2,16.0,0.1104
ca-west-1,r6g,AWS Graviton2 Processor,4,32.0,0.2208
ca-west-1,r6g,AWS Graviton2 Processor,8,64.0,0.4416
ca-west-1,r6g,AWS Graviton2 Processor,16,128.0,0.8832
ca-west-1,r6g,AWS Graviton2 Processor,32,256.0,1.7664
ca-west-1,r6g,AWS Graviton2 Processor,48,384.0,2.6496
ca-west-1,r6g,AWS Graviton2 Processor,64,512.0,3.5328
ca-west-1,r6i,Intel Xeon Platinum 8375C,2,16.0,0.138
ca-west-1,r6i,Intel Xeon Platinum 8375C,4,32.0,0.276
ca-west-1,r6i,Intel Xeon Platinum 8375C,8,64.0,0.552
ca-west-1,r6i,Intel Xeon Platinum 8375C,16,128.0,1.104
ca-west-1,r6i,Intel Xeon Platinum 8375C,32,256.0,2.208
ca-west-1,r6i,Intel Xeon Platinum 8375C,48,384.0,3.312
ca-west-1,r6i,Intel Xeon Platinum 8375C,64,512.0,4.416
ca-west-1,r6i,Intel Xeon Platinum 8375C,96,768.0,6.624
ca-west-1,r6i,Intel Xeon Platinum 8375C,128,1024.0,8.832
ca-west-1,r7g,AWS Graviton3 Processor,1,8.0,0.0587
ca-west-1,r7g,AWS Graviton3 Processor,2,16.0,0.1173
ca-west-1,r7g,AWS Graviton3 Processor,4,32.0,0.2346
ca-west-1,r7g,AWS Graviton3 Processor,8,64.0,0.4692
ca-west-1,r7g,AWS Graviton3 Processor,16,128.0,0.9384
ca-west-1,r7g,AWS Graviton3 Processor,32,256.0,1.8768
ca-west-1,r7g,AWS Graviton3 Processor,48,384.0,2.8152
ca-west-1,r7g,AWS Graviton3 Processor,64,512.0,3.7536
ca-west-1,r8g,AWS Graviton4 Processor,1,8.0,0.06452
ca-west-1,r8g,AWS Graviton4 Processor,2,16.0,0.12904
ca-west-1,r8g,AWS Graviton4 Processor,4,32.0,0.25808
ca-west-1,r8g,AWS Graviton4 Processor,8,64.0,0.51616
ca-west-1,r8g,AWS Graviton4 Processor,16,128.0,1.03232
ca-west-1,r8g,AWS Graviton4 Processor,32,256.0,2.06464
ca-west-1,r8g,AWS Graviton4 Processor,48,384.0,3.09696
ca-west-1,r8g,AWS Graviton4 Processor,64,512.0,4.12928
ca-west-1,r8g,AWS Graviton4 Processor,96,768.0,6.19392
ca-west-1,r8g,AWS Graviton4 Processor,192,1536.0,12.38784
eu-central-1,c6a,AMD EPYC 7R13 Processor,2,4.0,0.0873
eu-central-1,c6a,AMD EPYC 7R13 Processor,4,8.0,0.1746
eu-central-1,c6a,AMD EPYC 7R13 Processor,8,16.0,0.3492
eu-central-1,c6a,AMD EPYC 7R13 Processor,16,32.0,0.6984
eu-central-1,c6a,AMD EPYC 7R13 Processor,32,64.0,1.3968
eu-central-1,c6a,AMD EPYC 7R13 Processor,48,96.0,2.0952
eu-central-1,c6a,AMD EPYC 7R13 Processor,64,128.0,2.7936
eu-central-1,c6a,AMD EPYC 7R13 Processor,96,192.0,4.1904
eu-central-1,c6a,AMD EPYC 7R13 Processor,128,256.0,5.5872
eu-central-1,c6a,AMD EPYC 7R13 Processor,192,384.0,8.3808
eu-central-1,c6g,AWS Graviton2 Processor,1,2.0,0.0388
eu-central-1,c6g,AWS Graviton2 Processor,2,4.0,0.0776
eu-central-1,c6g,AWS Graviton2 Processor,4,8.0,0.1552
eu-central-1,c6g,AWS Graviton2 Processor,8,16.0,0.3104
eu-central-1,c6g,AWS Graviton2 Processor,16,32.0,0.6208
eu-central-1,c6g,AWS Graviton2 Processor,32,64.0,1.2416
eu-central-1,c6g,AWS Graviton2 Processor,48,96.0,1.8624
eu-central-1,c6g,AWS Graviton2 Processor,64,128.0,2.4832
eu-central-1,c6i,Intel Xeon Platinum 8375C,2,4.0,0.097
eu-central-1,c6i,Intel Xeon Platinum 8375C,4,8.0,0.194
eu-central-1,c6i,Intel Xeon Platinum 8375C,8,16.0,0.388
eu-central-1,c6i,Intel Xeon Platinum 8375C,16,32.0,0.776
eu-central-1,c6i,Intel Xeon Platinum 8375C,32,64.0,1.552
eu-central-1,c6i,Intel Xeon Platinum 8375C,48,96.0,2.328
eu-central-1,c6i,Intel Xeon Platinum 8375C,64,128.0,3.104
eu-central-1,c6i,Intel Xeon Platinum 8375C,96,192.0,4.656
eu-central-1,c6i,Intel Xeon Platinum 8375C,128,256.0,6.208
eu-central-1,c7a,AMD EPYC 9R14 Processor,1,2.0,0.05857
eu-central-1,c7a,AMD EPYC 9R14 Processor,2,4.0,0.11713
eu-central-1,c7a,AMD EPYC 9R14 Processor,4,8.0,0.23426
eu-central-1,c7a,AMD EPYC 9R14 Processor,8,16.0,0.46852
eu-central-1,c7a,AMD EPYC 9R14 Processor,16,32.0,0.93704
eu-central-1,c7a,AMD EPYC 9R14 Processor,32,64.0,1.87408
eu-central-1,c7a,AMD EPYC 9R14 Processor,48,96.0,2.81112
eu-central-1,c7a,AMD EPYC 9R14 Processor,64,128.0,3.74816
eu-central-1,c7a,AMD EPYC 9R14 Processor,96,192.0,5.62224
eu-central-1,c7a,AMD EPYC 9R14 Processor,128,256.0,7.49632
eu-central-1,c7a,AMD EPYC 9R14 Processor,192,384.0,11.24448
eu-central-1,c7g,AWS Graviton3 Processor,1,2.0,0.0412
eu-central-1,c7g,AWS Graviton3 Processor,2,4.0,0.0825
eu-central-1,c7g,AWS Graviton3 Processor,4,8.0,0.1649
eu-central-1,c7g,AWS Graviton3 Processor,8,16.0,0.3298
eu-central-1,c7g,AWS Graviton3 Processor,16,32.0,0.6596
eu-central-1,c7g,AWS Graviton3 Processor,32,64.0,1.3192
eu-central-1,c7g,AWS Graviton3 Processor,48,96.0,1.9788
eu-central-1,c7g,AWS Graviton3 Processor,64,128.0,2.6384
eu-central-1,c7i,Intel Xeon Platinum 8488C,2,4.0,0.10185
eu-central-1,c7i,Intel Xeon Platinum 8488C,4,8.0,0.2037
eu-central-1,c7i,Intel Xeon Platinum 8488C,8,16.0,0.4074
eu-central-1,c7i,Intel Xeon Platinum 8488C,16,32.0,0.8148
eu-central-1,c7i,Intel Xeon Platinum 8488C,32,64.0,1.6296
eu-central-1,c7i,Intel Xeon Platinum 8488C,48,96.0,2.4444
eu-central-1,c7i,Intel Xeon Platinum 8488C,64,128.0,3.2592
eu-central-1,c7i,Intel Xeon Platinum 8488C,96,192.0,4.8888
eu-central-1,c7i,Intel Xeon Platinum 8488C,192,384.0,9.7776
eu-central-1,c8a,AMD EPYC 9R45 Processor,1,2.0,0.0615
eu-central-1,c8a,AMD EPYC 9R45 Processor,2,4.0,0.12299
eu-central-1,c8a,AMD EPYC 9R45 Processor,4,8.0,0.24598
eu-central-1,c8a,AMD EPYC 9R45 Processor,8,16.0,0.49196
eu-central-1,c8a,AMD EPYC 9R45 Processor,16,32.0,0.98392
eu-central-1,c8a,AMD EPYC 9R45 Processor,32,64.0,1.96784
eu-central-1,c8a,AMD EPYC 9R45 Processor,48,96.0,2.95176
eu-central-1,c8a,AMD EPYC 9R45 Processor,64,128.0,3.93568
eu-central-1,c8a,AMD EPYC 9R45 Processor,96,192.0,5.90352
eu-central-1,c8a,AMD EPYC 9R45 Processor,192,384.0,11.80704
eu-central-1,c8g,AWS Graviton4 Processor,1,2.0,0.04535
eu-central-1,c8g,AWS Graviton4 Processor,2,4.0,0.0907
eu-central-1,c8g,AWS Graviton4 Processor,4,8.0,0.1814
eu-central-1,c8g,AWS Graviton4 Processor,8,16.0,0.3628
eu-central-1,c8g,AWS Graviton4 Processor,16,32.0,0.7256
eu-central-1,c8g,AWS Graviton4 Processor,32,64.0,1.4512
eu-central-1,c8g,AWS Graviton4 Processor,48,96.0,2.1768
eu-central-1,c8g,AWS Graviton4 Processor,64,128.0,2.9024
eu-central-1,c8g,AWS Graviton4 Processor,96,192.0,4.3536
eu-central-1,c8g,AWS Graviton4 Processor,192,384.0,8.7072
eu-central-1,c8i,Intel Xeon 6 6975P-C,2,4.0,0.10694
eu-central-1,c8i,Intel Xeon 6 6975P-C,4,8.0,0.21388
eu-central-1,c8i,Intel Xeon 6 6975P-C,8,16.0,0.42776
eu-central-1,c8i,Intel Xeon 6 6975P-C,16,32.0,0.85552
eu-central-1,c8i,Intel Xeon 6 6975P-C,32,64.0,1.71104
eu-central-1,c8i,Intel Xeon 6 6975P-C,48,96.0,2.56656
eu-central-1,c8i,Intel Xeon 6 6975P-C,64,128.0,3.42208
eu-central-1,c8i,Intel Xeon 6 6975P-C,96,192.0,5.13312
eu-central-1,c8i,Intel Xeon 6 6975P-C,128,256.0,6.84416
eu-central-1,c8i,Intel Xeon 6 6975P-C,192,384.0,10.26624
eu-central-1,c8i,Intel Xeon 6 6975P-C,384,768.0,20.53248
eu-central-1,c9g,AWS Graviton5 Processor,1,2.0,0.04943
eu-central-1,c9g,AWS Graviton5 Processor,2,4.0,0.09886
eu-central-1,c9g,AWS Graviton5 Processor,4,8.0,0.19772
eu-central-1,c9g,AWS Graviton5 Processor,8,16.0,0.39544
eu-central-1,c9g,AWS Graviton5 Processor,16,32.0,0.79088
eu-central-1,c9g,AWS Graviton5 Processor,32,64.0,1.58176
eu-central-1,c9g,AWS Graviton5 Processor,48,96.0,2.37264
eu-central-1,c9g,AWS Graviton5 Processor,64,128.0,3.16352
eu-central-1,c9g,AWS Graviton5 Processor,96,192.0,4.74528
eu-central-1,c9g,AWS Graviton5 Processor,192,384.0,9.49056
eu-central-1,m6a,AMD EPYC 7R13 Processor,2,8.0,0.1035
eu-central-1,m6a,AMD EPYC 7R13 Processor,4,16.0,0.207
eu-central-1,m6a,AMD EPYC 7R13 Processor,8,32.0,0.414
eu-central-1,m6a,AMD EPYC 7R13 Processor,16,64.0,0.828
eu-central-1,m6a,AMD EPYC 7R13 Processor,32,128.0,1.656
eu-central-1,m6a,AMD EPYC 7R13 Processor,48,192.0,2.484
eu-central-1,m6a,AMD EPYC 7R13 Processor,64,256.0,3.312
eu-central-1,m6a,AMD EPYC 7R13 Processor,96,384.0,4.968
eu-central-1,m6a,AMD EPYC 7R13 Processor,128,512.0,6.624
eu-central-1,m6a,AMD EPYC 7R13 Processor,192,768.0,9.936
eu-central-1,m6g,AWS Graviton2 Processor,1,4.0,0.046
eu-central-1,m6g,AWS Graviton2 Processor,2,8.0,0.092
eu-central-1,m6g,AWS Graviton2 Processor,4,16.0,0.184
eu-central-1,m6g,AWS Graviton2 Processor,8,32.0,0.368
eu-central-1,m6g,AWS Graviton2 Processor,16,64.0,0.736
eu-central-1,m6g,AWS Graviton2 Processor,32,128.0,1.472
eu-central-1,m6g,AWS Graviton2 Processor,48,192.0,2.208
eu-central-1,m6g,AWS Graviton2 Processor,64,256.0,2.944
eu-central-1,m6i,Intel Xeon Platinum 8375C,2,8.0,0.115
eu-central-1,m6i,Intel Xeon Platinum 8375C,4,16.0,0.23
eu-central-1,m6i,Intel Xeon Platinum 8375C,8,32.0,0.46
eu-central-1,m6i,Intel Xeon Platinum 8375C,16,64.0,0.92
eu-central-1,m6i,Intel Xeon Platinum 8375C,32,128.0,1.84
eu-central-1,m6i,Intel Xeon Platinum 8375C,48,192.0,2.76
eu-central-1,m6i,Intel Xeon Platinum 8375C,64,256.0,3.68
eu-central-1,m6i,Intel Xeon Platinum 8375C,96,384.0,5.52
eu-central-1,m6i,Intel Xeon Platinum 8375C,128,512.0,7.36
eu-central-1,m7a,AMD EPYC 9R14 Processor,1,4.0,0.06943
eu-central-1,m7a,AMD EPYC 9R14 Processor,2,8.0,0.13886
eu-central-1,m7a,AMD EPYC 9R14 Processor,4,16.0,0.27772
eu-central-1,m7a,AMD EPYC 9R14 Processor,8,32.0,0.55544
eu-central-1,m7a,AMD EPYC 9R14 Processor,16,64.0,1.11088
eu-central-1,m7a,AMD EPYC 9R14 Processor,32,128.0,2.22176
eu-central-1,m7a,AMD EPYC 9R14 Processor,48,192.0,3.33264
eu-central-1,m7a,AMD EPYC 9R14 Processor,64,256.0,4.44352
eu-central-1,m7a,AMD EPYC 9R14 Processor,96,384.0,6.66528
eu-central-1,m7a,AMD EPYC 9R14 Processor,128,512.0,8.88704
eu-central-1,m7a,AMD EPYC 9R14 Processor,192,768.0,13.33056
eu-central-1,m7g,AWS Graviton3 Processor,1,4.0,0.0489
eu-central-1,m7g,AWS Graviton3 Processor,2,8.0,0.0978
eu-central-1,m7g,AWS Graviton3 Processor,4,16.0,0.1955
eu-central-1,m7g,AWS Graviton3 Processor,8,32.0,0.391
eu-central-1,m7g,AWS Graviton3 Processor,16,64.0,0.7821
eu-central-1,m7g,AWS Graviton3 Processor,32,128.0,1.5642
eu-central-1,m7g,AWS Graviton3 Processor,48,192.0,2.3462
eu-central-1,m7g,AWS Graviton3 Processor,64,256.0,3.1283
eu-central-1,m7i,Intel Xeon Platinum 8488C,2,8.0,0.12075
eu-central-1,m7i,Intel Xeon Platinum 8488C,4,16.0,0.2415
eu-central-1,m7i,Intel Xeon Platinum 8488C,8,32.0,0.483
eu-central-1,m7i,Intel Xeon Platinum 8488C,16,64.0,0.966
eu-central-1,m7i,Intel Xeon Platinum 8488C,32,128.0,1.932
eu-central-1,m7i,Intel Xeon Platinum 8488C,48,192.0,2.898
eu-central-1,m7i,Intel Xeon Platinum 8488C,64,256.0,3.864
eu-central-1,m7i,Intel Xeon Platinum 8488C,96,384.0,5.796
eu-central-1,m7i,Intel Xeon Platinum 8488C,192,768.0,11.592
eu-central-1,m8a,AMD EPYC 9R45 Processor,1,4.0,0.0729
eu-central-1,m8a,AMD EPYC 9R45 Processor,2,8.0,0.1458
eu-central-1,m8a,AMD EPYC 9R45 Processor,4,16.0,0.2916
eu-central-1,m8a,AMD EPYC 9R45 Processor,8,32.0,0.5832
eu-central-1,m8a,AMD EPYC 9R45 Processor,16,64.0,1.1664
eu-central-1,m8a,AMD EPYC 9R45 Processor,32,128.0,2.3328
eu-central-1,m8a,AMD EPYC 9R45 Processor,48,192.0,3.4992
eu-central-1,m8a,AMD EPYC 9R45 Processor,64,256.0,4.6656
eu-central-1,m8a,AMD EPYC 9R45 Processor,96,384.0,6.9984
eu-central-1,m8a,AMD EPYC 9R45 Processor,192,768.0,13.9968
eu-central-1,m8g,AWS Graviton4 Processor,1,4.0,0.05377
eu-central-1,m8g,AWS Graviton4 Processor,2,8.0,0.10754
eu-central-1,m8g,AWS Graviton4 Processor,4,16.0,0.21508
eu-central-1,m8g,AWS Graviton4 Processor,8,32.0,0.43016
eu-central-1,m8g,AWS Graviton4 Processor,16,64.0,0.86032
eu-central-1,m8g,AWS Graviton4 Processor,32,128.0,1.72064
eu-central-1,m8g,AWS Graviton4 Processor,48,192.0,2.58096
eu-central-1,m8g,AWS Graviton4 Processor,64,256.0,3.44128
eu-central-1,m8g,AWS Graviton4 Processor,96,384.0,5.16192
eu-central-1,m8g,AWS Graviton4 Processor,192,768.0,10.32384
eu-central-1,m8i,Intel Xeon 6 6975P-C,2,8.0,0.12679
eu-central-1,m8i,Intel Xeon 6 6975P-C,4,16.0,0.25358
eu-central-1,m8i,Intel Xeon 6 6975P-C,8,32.0,0.50716
eu-central-1,m8i,Intel Xeon 6 6975P-C,16,64.0,1.01432
eu-central-1,m8i,Intel Xeon 6 6975P-C,32,128.0,2.02864
eu-central-1,m8i,Intel Xeon 6 6975P-C,48,192.0,3.04296
eu-central-1,m8i,Intel Xeon 6 6975P-C,64,256.0,4.05728
eu-central-1,m8i,Intel Xeon 6 6975P-C,96,384.0,6.08592
eu-central-1,m8i,Intel Xeon 6 6975P-C,128,512.0,8.11456
eu-central-1,m8i,Intel Xeon 6 6975P-C,192,768.0,12.17184
eu-central-1,m8i,Intel Xeon 6 6975P-C,384,1536.0,24.34368
eu-central-1,m9g,AWS Graviton5 Processor,1,4.0,0.05861
eu-central-1,m9g,AWS Graviton5 Processor,2,8.0,0.11722
eu-central-1,m9g,AWS Graviton5 Processor,4,16.0,0.23444
eu-central-1,m9g,AWS Graviton5 Processor,8,32.0,0.46888
eu-central-1,m9g,AWS Graviton5 Processor,16,64.0,0.93776
eu-central-1,m9g,AWS Graviton5 Processor,32,128.0,1.87552
eu-central-1,m9g,AWS Graviton5 Processor,48,192.0,2.81328
eu-central-1,m9g,AWS Graviton5 Processor,64,256.0,3.75104
eu-central-1,m9g,AWS Graviton5 Processor,96,384.0,5.62656
eu-central-1,m9g,AWS Graviton5 Processor,192,768.0,11.25312
eu-central-1,r6a,AMD EPYC 7R13 Processor,2,16.0,0.1368
eu-central-1,r6a,AMD EPYC 7R13 Processor,4,32.0,0.2736
eu-central-1,r6a,AMD EPYC 7R13 Processor,8,64.0,0.5472
eu-central-1,r6a,AMD EPYC 7R13 Processor,16,128.0,1.0944
eu-central-1,r6a,AMD EPYC 7R13 Processor,32,256.0,2.1888
eu-central-1,r6a,AMD EPYC 7R13 Processor,48,384.0,3.2832
eu-central-1,r6a,AMD EPYC 7R13 Processor,64,512.0,4.3776
eu-central-1,r6a,AMD EPYC 7R13 Processor,96,768.0,6.5664
eu-central-1,r6a,AMD EPYC 7R13 Processor,128,1024.0,8.7552
eu-central-1,r6a,AMD EPYC 7R13 Processor,192,1536.0,13.1328
eu-central-1,r6g,AWS Graviton2 Processor,1,8.0,0.0608
eu-central-1,r6g,AWS Graviton2 Processor,2,16.0,0.1216
eu-central-1,r6g,AWS Graviton2 Processor,4,32.0,0.2432
eu-central-1,r6g,AWS Graviton2 Processor,8,64.0,0.4864
eu-central-1,r6g,AWS Graviton2 Processor,16,128.0,0.9728
eu-central-1,r6g,AWS Graviton2 Processor,32,256.0,1.9456
eu-central-1,r6g,AWS Graviton2 Processor,48,384.0,2.9184
eu-central-1,r6g,AWS Graviton2 Processor,64,512.0,3.8912
eu-central-1,r6i,Intel Xeon Platinum 8375C,2,16.0,0.152
eu-central-1,r6i,Intel Xeon Platinum 8375C,4,32.0,0.304
eu-central-1,r6i,Intel Xeon Platinum 8375C,8,64.0,0.608
eu-central-1,r6i,Intel Xeon Platinum 8375C,16,128.0,1.216
eu-central-1,r6i,Intel Xeon Platinum 8375C,32,256.0,2.432
eu-central-1,r6i,Intel Xeon Platinum 8375C,48,384.0,3.648
eu-central-1,r6i,Intel Xeon Platinum 8375C,64,512.0,4.864
eu-central-1,r6i,Intel Xeon Platinum 8375C,96,768.0,7.296
eu-central-1,r6i,Intel Xeon Platinum 8375C,128,1024.0,9.728
eu-central-1,r7a,AMD EPYC 9R14 Processor,1,8.0,0.09177
eu-central-1,r7a,AMD EPYC 9R14 Processor,2,16.0,0.18354
eu-central-1,r7a,AMD EPYC 9R14 Processor,4,32.0,0.36708
eu-central-1,r7a,AMD EPYC 9R14 Processor,8,64.0,0.73416
eu-central-1,r7a,AMD EPYC 9R14 Processor,16,128.0,1.46832
eu-central-1,r7a,AMD EPYC 9R14 Processor,32,256.0,2.93664
eu-central-1,r7a,AMD EPYC 9R14 Processor,48,384.0,4.40496
eu-central-1,r7a,AMD EPYC 9R14 Processor,64,512.0,5.87328
eu-central-1,r7a,AMD EPYC 9R14 Processor,96,768.0,8.80992
eu-central-1,r7a,AMD EPYC 9R14 Processor,128,1024.0,11.74656
eu-central-1,r7a,AMD EPYC 9R14 Processor,192,1536.0,17.61984
eu-central-1,r7g,AWS Graviton3 Processor,1,8.0,0.0646
eu-central-1,r7g,AWS Graviton3 Processor,2,16.0,0.1292
eu-central-1,r7g,AWS Graviton3 Processor,4,32.0,0.2584
eu-central-1,r7g,AWS Graviton3 Processor,8,64.0,0.5168
eu-central-1,r7g,AWS Graviton3 Processor,16,128.0,1.0336
eu-central-1,r7g,AWS Graviton3 Processor,32,256.0,2.0672
eu-central-1,r7g,AWS Graviton3 Processor,48,384.0,3.1008
eu-central-1,r7g,AWS Graviton3 Processor,64,512.0,4.1344
eu-central-1,r7i,Intel Xeon Platinum 8488C,2,16.0,0.1596
eu-central-1,r7i,Intel Xeon Platinum 8488C,4,32.0,0.3192
eu-central-1,r7i,Intel Xeon Platinum 8488C,8,64.0,0.6384
eu-central-1,r7i,Intel Xeon Platinum 8488C,16,128.0,1.2768
eu-central-1,r7i,Intel Xeon Platinum 8488C,32,256.0,2.5536
eu-central-1,r7i,Intel Xeon Platinum 8488C,48,384.0,3.8304
eu-central-1,r7i,Intel Xeon Platinum 8488C,64,512.0,5.1072
eu-central-1,r7i,Intel Xeon Platinum 8488C,96,768.0,7.6608
eu-central-1,r7i,Intel Xeon Platinum 8488C,192,1536.0,15.3216
eu-central-1,r8a,AMD EPYC 9R45 Processor,1,8.0,0.09636
eu-central-1,r8a,AMD EPYC 9R45 Processor,2,16.0,0.19272
eu-central-1,r8a,AMD EPYC 9R45 Processor,4,32.0,0.38544
eu-central-1,r8a,AMD EPYC 9R45 Processor,8,64.0,0.77088
eu-central-1,r8a,AMD EPYC 9R45 Processor,16,128.0,1.54176
eu-central-1,r8a,AMD EPYC 9R45 Processor,32,256.0,3.08352
eu-central-1,r8a,AMD EPYC 9R45 Processor,48,384.0,4.62528
eu-central-1,r8a,AMD EPYC 9R45 Processor,64,512.0,6.16704
eu-central-1,r8a,AMD EPYC 9R45 Processor,96,768.0,9.25056
eu-central-1,r8a,AMD EPYC 9R45 Processor,192,1536.0,18.50112
eu-central-1,r8g,AWS Graviton4 Processor,1,8.0,0.07106
eu-central-1,r8g,AWS Graviton4 Processor,2,16.0,0.14212
eu-central-1,r8g,AWS Graviton4 Processor,4,32.0,0.28424
eu-central-1,r8g,AWS Graviton4 Processor,8,64.0,0.56848
eu-central-1,r8g,AWS Graviton4 Processor,16,128.0,1.13696
eu-central-1,r8g,AWS Graviton4 Processor,32,256.0,2.27392
eu-central-1,r8g,AWS Graviton4 Processor,48,384.0,3.41088
eu-central-1,r8g,AWS Graviton4 Processor,64,512.0,4.54784
eu-central-1,r8g,AWS Graviton4 Processor,96,768.0,6.82176
eu-central-1,r8g,AWS Graviton4 Processor,192,1536.0,13.64352
eu-central-1,r8i,Intel Xeon 6 6985P-C,2,16.0,0.16758
eu-central-1,r8i,Intel Xeon 6 6985P-C,4,32.0,0.33516
eu-central-1,r8i,Intel Xeon 6 6985P-C,8,64.0,0.67032
eu-central-1,r8i,Intel Xeon 6 6985P-C,16,128.0,1.34064
eu-central-1,r8i,Intel Xeon 6 6985P-C,32,256.0,2.68128
eu-central-1,r8i,Intel Xeon 6 6985P-C,48,384.0,4.02192
eu-central-1,r8i,Intel Xeon 6 6985P-C,64,512.0,5.36256
eu-central-1,r8i,Intel Xeon 6 6985P-C,96,768.0,8.04384
eu-central-1,r8i,Intel Xeon 6 6985P-C,128,1024.0,10.72512
eu-central-1,r8i,Intel Xeon 6 6985P-C,192,1536.0,16.08768
eu-central-1,r8i,Intel Xeon 6 6985P-C,384,3072.0,32.17536
eu-central-1,x8g,AWS Graviton4 Processor,1,16.0,0.13655
eu-central-1,x8g,AWS Graviton4 Processor,2,32.0,0.2731
eu-central-1,x8g,AWS Graviton4 Processor,4,64.0,0.5462
eu-central-1,x8g,AWS Graviton4 Processor,8,128.0,1.0924
eu-central-1,x8g,AWS Graviton4 Processor,16,256.0,2.1848
eu-central-1,x8g,AWS Graviton4 Processor,32,512.0,4.3696
eu-central-1,x8g,AWS Graviton4 Processor,48,768.0,6.5544
eu-central-1,x8g,AWS Graviton4 Processor,64,1024.0,8.7392
eu-central-1,x8g,AWS Graviton4 Processor,96,1536.0,13.1088
eu-central-1,x8g,AWS Graviton4 Processor,192,3072.0,26.2176
eu-central-1,x8i,Intel Xeon 6 6975P-C,2,32.0,0.30637
eu-central-1,x8i,Intel Xeon 6 6975P-C,4,64.0,0.61274
eu-central-1,x8i,Intel Xeon 6 6975P-C,8,128.0,1.22548
eu-central-1,x8i,Intel Xeon 6 6975P-C,16,256.0,2.45096
eu-central-1,x8i,Intel Xeon 6 6975P-C,32,512.0,4.90192
eu-central-1,x8i,Intel Xeon 6 6975P-C,48,768.0,7.35288
eu-central-1,x8i,Intel Xeon 6 6975P-C,64,1024.0,9.80384
eu-central-1,x8i,Intel Xeon 6 6975P-C,96,1536.0,14.70576
eu-central-1,x8i,Intel Xeon 6 6975P-C,128,2048.0,19.60768
eu-central-1,x8i,Intel Xeon 6 6975P-C,192,3072.0,29.41152
eu-central-1,x8i,Intel Xeon 6 6975P-C,256,4096.0,39.21536
eu-central-1,x8i,Intel Xeon 6 6975P-C,384,6144.0,58.82304
eu-central-2,c6g,AWS Graviton2 Processor,1,2.0,0.0427
eu-central-2,c6g,AWS Graviton2 Processor,2,4.0,0.0854
eu-central-2,c6g,AWS Graviton2 Processor,4,8.0,0.1707
eu-central-2,c6g,AWS Graviton2 Processor,8,16.0,0.3414
eu-central-2,c6g,AWS Graviton2 Processor,16,32.0,0.6829
eu-central-2,c6g,AWS Graviton2 Processor,32,64.0,1.3658
eu-central-2,c6g,AWS Graviton2 Processor,48,96.0,2.0486
eu-central-2,c6g,AWS Graviton2 Processor,64,128.0,2.7315
eu-central-2,c7g,AWS Graviton3 Processor,1,2.0,0.0454
eu-central-2,c7g,AWS Graviton3 Processor,2,4.0,0.0907
eu-central-2,c7g,AWS Graviton3 Processor,4,8.0,0.1814
eu-central-2,c7g,AWS Graviton3 Processor,8,16.0,0.3628
eu-central-2,c7g,AWS Graviton3 Processor,16,32.0,0.7256
eu-central-2,c7g,AWS Graviton3 Processor,32,64.0,1.4512
eu-central-2,c7g,AWS Graviton3 Processor,48,96.0,2.1768
eu-central-2,c7g,AWS Graviton3 Processor,64,128.0,2.9024
eu-central-2,c7i,Intel Xeon Platinum 8488C,2,4.0,0.11204
eu-central-2,c7i,Intel Xeon Platinum 8488C,4,8.0,0.22408
eu-central-2,c7i,Intel Xeon Platinum 8488C,8,16.0,0.44816
eu-central-2,c7i,Intel Xeon Platinum 8488C,16,32.0,0.89632
eu-central-2,c7i,Intel Xeon Platinum 8488C,32,64.0,1.79264
eu-central-2,c7i,Intel Xeon Platinum 8488C,48,96.0,2.68896
eu-central-2,c7i,Intel Xeon Platinum 8488C,64,128.0,3.58528
eu-central-2,c7i,Intel Xeon Platinum 8488C,96,192.0,5.37792
eu-central-2,c7i,Intel Xeon Platinum 8488C,192,384.0,10.75584
eu-central-2,c8g,AWS Graviton4 Processor,1,2.0,0.04989
eu-central-2,c8g,AWS Graviton4 Processor,2,4.0,0.09978
eu-central-2,c8g,AWS Graviton4 Processor,4,8.0,0.19956
eu-central-2,c8g,AWS Graviton4 Processor,8,16.0,0.39912
eu-central-2,c8g,AWS Graviton4 Processor,16,32.0,0.79824
eu-central-2,c8g,AWS Graviton4 Processor,32,64.0,1.59648
eu-central-2,c8g,AWS Graviton4 Processor,48,96.0,2.39472
eu-central-2,c8g,AWS Graviton4 Processor,64,128.0,3.19296
eu-central-2,c8g,AWS Graviton4 Processor,96,192.0,4.78944
eu-central-2,c8g,AWS Graviton4 Processor,192,384.0,9.57888
eu-central-2,m6g,AWS Graviton2 Processor,1,4.0,0.0506
eu-central-2,m6g,AWS Graviton2 Processor,2,8.0,0.1012
eu-central-2,m6g,AWS Graviton2 Processor,4,16.0,0.2024
eu-central-2,m6g,AWS Graviton2 Processor,8,32.0,0.4048
eu-central-2,m6g,AWS Graviton2 Processor,16,64.0,0.8096
eu-central-2,m6g,AWS Graviton2 Processor,32,128.0,1.6192
eu-central-2,m6g,AWS Graviton2 Processor,48,192.0,2.4288
eu-central-2,m6g,AWS Graviton2 Processor,64,256.0,3.2384
eu-central-2,m6i,Intel Xeon Platinum 8375C,2,8.0,0.1265
eu-central-2,m6i,Intel Xeon Platinum 8375C,4,16.0,0.253
eu-central-2,m6i,Intel Xeon Platinum 8375C,8,32.0,0.506
eu-central-2,m6i,Intel Xeon Platinum 8375C,16,64.0,1.012
eu-central-2,m6i,Intel Xeon Platinum 8375C,32,128.0,2.024
eu-central-2,m6i,Intel Xeon Platinum 8375C,48,192.0,3.036
eu-central-2,m6i,Intel Xeon Platinum 8375C,64,256.0,4.048
eu-central-2,m6i,Intel Xeon Platinum 8375C,96,384.0,6.072
eu-central-2,m6i,Intel Xeon Platinum 8375C,128,512.0,8.096
eu-central-2,m7g,AWS Graviton3 Processor,1,4.0,0.0538
eu-central-2,m7g,AWS Graviton3 Processor,2,8.0,0.1075
eu-central-2,m7g,AWS Graviton3 Processor,4,16.0,0.2151
eu-central-2,m7g,AWS Graviton3 Processor,8,32.0,0.4301
eu-central-2,m7g,AWS Graviton3 Processor,16,64.0,0.8602
eu-central-2,m7g,AWS Graviton3 Processor,32,128.0,1.7204
eu-central-2,m7g,AWS Graviton3 Processor,48,192.0,2.5806
eu-central-2,m7g,AWS Graviton3 Processor,64,256.0,3.4408
eu-central-2,m7i,Intel Xeon Platinum 8488C,2,8.0,0.13282
eu-central-2,m7i,Intel Xeon Platinum 8488C,4,16.0,0.26564
eu-central-2,m7i,Intel Xeon Platinum 8488C,8,32.0,0.53128
eu-central-2,m7i,Intel Xeon Platinum 8488C,16,64.0,1.06256
eu-central-2,m7i,Intel Xeon Platinum 8488C,32,128.0,2.12512
eu-central-2,m7i,Intel Xeon Platinum 8488C,48,192.0,3.18768
eu-central-2,m7i,Intel Xeon Platinum 8488C,64,256.0,4.25024
eu-central-2,m7i,Intel Xeon Platinum 8488C,96,384.0,6.37536
eu-central-2,m7i,Intel Xeon Platinum 8488C,192,768.0,12.75072
eu-central-2,m8g,AWS Graviton4 Processor,1,4.0,0.05914
eu-central-2,m8g,AWS Graviton4 Processor,2,8.0,0.11828
eu-central-2,m8g,AWS Graviton4 Processor,4,16.0,0.23656
eu-central-2,m8g,AWS Graviton4 Processor,8,32.0,0.47312
eu-central-2,m8g,AWS Graviton4 Processor,16,64.0,0.94624
eu-central-2,m8g,AWS Graviton4 Processor,32,128.0,1.89248
eu-central-2,m8g,AWS Graviton4 Processor,48,192.0,2.83872
eu-central-2,m8g,AWS Graviton4 Processor,64,256.0,3.78496
eu-central-2,m8g,AWS Graviton4 Processor,96,384.0,5.67744
eu-central-2,m8g,AWS Graviton4 Processor,192,768.0,11.35488
eu-central-2,r6g,AWS Graviton2 Processor,1,8.0,0.0669
eu-central-2,r6g,AWS Graviton2 Processor,2,16.0,0.1338
eu-central-2,r6g,AWS Graviton2 Processor,4,32.0,0.2675
eu-central-2,r6g,AWS Graviton2 Processor,8,64.0,0.535
eu-central-2,r6g,AWS Graviton2 Processor,16,128.0,1.0701
eu-central-2,r6g,AWS Graviton2 Processor,32,256.0,2.1402
eu-central-2,r6g,AWS Graviton2 Processor,48,384.0,3.2102
eu-central-2,r6g,AWS Graviton2 Processor,64,512.0,4.2803
eu-central-2,r6i,Intel Xeon Platinum 8375C,2,16.0,0.1672
eu-central-2,r6i,Intel Xeon Platinum 8375C,4,32.0,0.3344
eu-central-2,r6i,Intel Xeon Platinum 8375C,8,64.0,0.6688
eu-central-2,r6i,Intel Xeon Platinum 8375C,16,128.0,1.3376
eu-central-2,r6i,Intel Xeon Platinum 8375C,32,256.0,2.6752
eu-central-2,r6i,Intel Xeon Platinum 8375C,48,384.0,4.0128
eu-central-2,r6i,Intel Xeon Platinum 8375C,64,512.0,5.3504
eu-central-2,r6i,Intel Xeon Platinum 8375C,96,768.0,8.0256
eu-central-2,r6i,Intel Xeon Platinum 8375C,128,1024.0,10.7008
eu-central-2,r7g,AWS Graviton3 Processor,1,8.0,0.0711
eu-central-2,r7g,AWS Graviton3 Processor,2,16.0,0.1421
eu-central-2,r7g,AWS Graviton3 Processor,4,32.0,0.2842
eu-central-2,r7g,AWS Graviton3 Processor,8,64.0,0.5685
eu-central-2,r7g,AWS Graviton3 Processor,16,128.0,1.137
eu-central-2,r7g,AWS Graviton3 Processor,32,256.0,2.2739
eu-central-2,r7g,AWS Graviton3 Processor,48,384.0,3.4109
eu-central-2,r7g,AWS Graviton3 Processor,64,512.0,4.5478
eu-central-2,r8g,AWS Graviton4 Processor,1,8.0,0.07817
eu-central-2,r8g,AWS Graviton4 Processor,2,16.0,0.15634
eu-central-2,r8g,AWS Graviton4 Processor,4,32.0,0.31268
eu-central-2,r8g,AWS Graviton4 Processor,8,64.0,0.62536
eu-central-2,r8g,AWS Graviton4 Processor,16,128.0,1.25072
eu-central-2,r8g,AWS Graviton4 Processor,32,256.0,2.50144
eu-central-2,r8g,AWS Graviton4 Processor,48,384.0,3.75216
eu-central-2,r8g,AWS Graviton4 Processor,64,512.0,5.00288
eu-central-2,r8g,AWS Graviton4 Processor,96,768.0,7.50432
eu-central-2,r8g,AWS Graviton4 Processor,192,1536.0,15.00864
eu-central-2,r8i,Intel Xeon 6 6985P-C,2,16.0,0.18434
eu-central-2,r8i,Intel Xeon 6 6985P-C,4,32.0,0.36868
eu-central-2,r8i,Intel Xeon 6 6985P-C,8,64.0,0.73736
eu-central-2,r8i,Intel Xeon 6 6985P-C,16,128.0,1.47472
eu-central-2,r8i,Intel Xeon 6 6985P-C,32,256.0,2.94944
eu-central-2,r8i,Intel Xeon 6 6985P-C,48,384.0,4.42416
eu-central-2,r8i,Intel Xeon 6 6985P-C,64,512.0,5.89888
eu-central-2,r8i,Intel Xeon 6 6985P-C,96,768.0,8.84832
eu-central-2,r8i,Intel Xeon 6 6985P-C,128,1024.0,11.79776
eu-central-2,r8i,Intel Xeon 6 6985P-C,192,1536.0,17.69664
eu-central-2,r8i,Intel Xeon 6 6985P-C,384,3072.0,35.39328
eu-north-1,c6g,AWS Graviton2 Processor,1,2.0,0.0365
eu-north-1,c6g,AWS Graviton2 Processor,2,4.0,0.073
eu-north-1,c6g,AWS Graviton2 Processor,4,8.0,0.146
eu-north-1,c6g,AWS Graviton2 Processor,8,16.0,0.292
eu-north-1,c6g,AWS Graviton2 Processor,16,32.0,0.584
eu-north-1,c6g,AWS Graviton2 Processor,32,64.0,1.168
eu-north-1,c6g,AWS Graviton2 Processor,48,96.0,1.752
eu-north-1,c6g,AWS Graviton2 Processor,64,128.0,2.336
eu-north-1,c6i,Intel Xeon Platinum 8375C,2,4.0,0.091
eu-north-1,c6i,Intel Xeon Platinum 8375C,4,8.0,0.182
eu-north-1,c6i,Intel Xeon Platinum 8375C,8,16.0,0.364
eu-north-1,c6i,Intel Xeon Platinum 8375C,16,32.0,0.728
eu-north-1,c6i,Intel Xeon Platinum 8375C,32,64.0,1.456
eu-north-1,c6i,Intel Xeon Platinum 8375C,48,96.0,2.184
eu-north-1,c6i,Intel Xeon Platinum 8375C,64,128.0,2.912
eu-north-1,c6i,Intel Xeon Platinum 8375C,96,192.0,4.368
eu-north-1,c6i,Intel Xeon Platinum 8375C,128,256.0,5.824
eu-north-1,c7a,AMD EPYC 9R14 Processor,1,2.0,0.05494
eu-north-1,c7a,AMD EPYC 9R14 Processor,2,4.0,0.10988
eu-north-1,c7a,AMD EPYC 9R14 Processor,4,8.0,0.21976
eu-north-1,c7a,AMD EPYC 9R14 Processor,8,16.0,0.43952
eu-north-1,c7a,AMD EPYC 9R14 Processor,16,32.0,0.87904
eu-north-1,c7a,AMD EPYC 9R14 Processor,32,64.0,1.75808
eu-north-1,c7a,AMD EPYC 9R14 Processor,48,96.0,2.63712
eu-north-1,c7a,AMD EPYC 9R14 Processor,64,128.0,3.51616
eu-north-1,c7a,AMD EPYC 9R14 Processor,96,192.0,5.27424
eu-north-1,c7a,AMD EPYC 9R14 Processor,128,256.0,7.03232
eu-north-1,c7a,AMD EPYC 9R14 Processor,192,384.0,10.54848
eu-north-1,c7g,AWS Graviton3 Processor,1,2.0,0.0387
eu-north-1,c7g,AWS Graviton3 Processor,2,4.0,0.0774
eu-north-1,c7g,AWS Graviton3 Processor,4,8.0,0.1547
eu-north-1,c7g,AWS Graviton3 Processor,8,16.0,0.3094
eu-north-1,c7g,AWS Graviton3 Processor,16,32.0,0.6189
eu-north-1,c7g,AWS Graviton3 Processor,32,64.0,1.2378
eu-north-1,c7g,AWS Graviton3 Processor,48,96.0,1.8566
eu-north-1,c7g,AWS Graviton3 Processor,64,128.0,2.4755
eu-north-1,c7i,Intel Xeon Platinum 8488C,2,4.0,0.09555
eu-north-1,c7i,Intel Xeon Platinum 8488C,4,8.0,0.1911
eu-north-1,c7i,Intel Xeon Platinum 8488C,8,16.0,0.3822
eu-north-1,c7i,Intel Xeon Platinum 8488C,16,32.0,0.7644
eu-north-1,c7i,Intel Xeon Platinum 8488C,32,64.0,1.5288
eu-north-1,c7i,Intel Xeon Platinum 8488C,48,96.0,2.2932
eu-north-1,c7i,Intel Xeon Platinum 8488C,64,128.0,3.0576
eu-north-1,c7i,Intel Xeon Platinum 8488C,96,192.0,4.5864
eu-north-1,c7i,Intel Xeon Platinum 8488C,192,384.0,9.1728
eu-north-1,c8g,AWS Graviton4 Processor,1,2.0,0.04255
eu-north-1,c8g,AWS Graviton4 Processor,2,4.0,0.0851
eu-north-1,c8g,AWS Graviton4 Processor,4,8.0,0.1702
eu-north-1,c8g,AWS Graviton4 Processor,8,16.0,0.3404
eu-north-1,c8g,AWS Graviton4 Processor,16,32.0,0.6808
eu-north-1,c8g,AWS Graviton4 Processor,32,64.0,1.3616
eu-north-1,c8g,AWS Graviton4 Processor,48,96.0,2.0424
eu-north-1,c8g,AWS Graviton4 Processor,64,128.0,2.7232
eu-north-1,c8g,AWS Graviton4 Processor,96,192.0,4.0848
eu-north-1,c8g,AWS Graviton4 Processor,192,384.0,8.1696
eu-north-1,c8i,Intel Xeon 6 6975P-C,2,4.0,0.10033
eu-north-1,c8i,Intel Xeon 6 6975P-C,4,8.0,0.20066
eu-north-1,c8i,Intel Xeon 6 6975P-C,8,16.0,0.40132
eu-north-1,c8i,Intel Xeon 6 6975P-C,16,32.0,0.80264
eu-north-1,c8i,Intel Xeon 6 6975P-C,32,64.0,1.60528
eu-north-1,c8i,Intel Xeon 6 6975P-C,48,96.0,2.40792
eu-north-1,c8i,Intel Xeon 6 6975P-C,64,128.0,3.21056
eu-north-1,c8i,Intel Xeon 6 6975P-C,96,192.0,4.81584
eu-north-1,c8i,Intel Xeon 6 6975P-C,128,256.0,6.42112
eu-north-1,c8i,Intel Xeon 6 6975P-C,192,384.0,9.63168
eu-north-1,c8i,Intel Xeon 6 6975P-C,384,768.0,19.26336
eu-north-1,m6g,AWS Graviton2 Processor,1,4.0,0.041
eu-north-1,m6g,AWS Graviton2 Processor,2,8.0,0.082
eu-north-1,m6g,AWS Graviton2 Processor,4,16.0,0.164
eu-north-1,m6g,AWS Graviton2 Processor,8,32.0,0.328
eu-north-1,m6g,AWS Graviton2 Processor,16,64.0,0.656
eu-north-1,m6g,AWS Graviton2 Processor,32,128.0,1.312
eu-north-1,m6g,AWS Graviton2 Processor,48,192.0,1.968
eu-north-1,m6g,AWS Graviton2 Processor,64,256.0,2.624
eu-north-1,m6i,Intel Xeon Platinum 8375C,2,8.0,0.102
eu-north-1,m6i,Intel Xeon Platinum 8375C,4,16.0,0.204
eu-north-1,m6i,Intel Xeon Platinum 8375C,8,32.0,0.408
eu-north-1,m6i,Intel Xeon Platinum 8375C,16,64.0,0.816
eu-north-1,m6i,Intel Xeon Platinum 8375C,32,128.0,1.632
eu-north-1,m6i,Intel Xeon Platinum 8375C,48,192.0,2.448
eu-north-1,m6i,Intel Xeon Platinum 8375C,64,256.0,3.264
eu-north-1,m6i,Intel Xeon Platinum 8375C,96,384.0,4.896
eu-north-1,m6i,Intel Xeon Platinum 8375C,128,512.0,6.528
eu-north-1,m7a,AMD EPYC 9R14 Processor,1,4.0,0.06158
eu-north-1,m7a,AMD EPYC 9R14 Processor,2,8.0,0.12316
eu-north-1,m7a,AMD EPYC 9R14 Processor,4,16.0,0.24632
eu-north-1,m7a,AMD EPYC 9R14 Processor,8,32.0,0.49264
eu-north-1,m7a,AMD EPYC 9R14 Processor,16,64.0,0.98528
eu-north-1,m7a,AMD EPYC 9R14 Processor,32,128.0,1.97056
eu-north-1,m7a,AMD EPYC 9R14 Processor,48,192.0,2.95584
eu-north-1,m7a,AMD EPYC 9R14 Processor,64,256.0,3.94112
eu-north-1,m7a,AMD EPYC 9R14 Processor,96,384.0,5.91168
eu-north-1,m7a,AMD EPYC 9R14 Processor,128,512.0,7.88224
eu-north-1,m7a,AMD EPYC 9R14 Processor,192,768.0,11.82336
eu-north-1,m7g,AWS Graviton3 Processor,1,4.0,0.0434
eu-north-1,m7g,AWS Graviton3 Processor,2,8.0,0.0867
eu-north-1,m7g,AWS Graviton3 Processor,4,16.0,0.1734
eu-north-1,m7g,AWS Graviton3 Processor,8,32.0,0.3468
eu-north-1,m7g,AWS Graviton3 Processor,16,64.0,0.6936
eu-north-1,m7g,AWS Graviton3 Processor,32,128.0,1.3872
eu-north-1,m7g,AWS Graviton3 Processor,48,192.0,2.0808
eu-north-1,m7g,AWS Graviton3 Processor,64,256.0,2.7744
eu-north-1,m7i,Intel Xeon Platinum 8488C,2,8.0,0.1071
eu-north-1,m7i,Intel Xeon Platinum 8488C,4,16.0,0.2142
eu-north-1,m7i,Intel Xeon Platinum 8488C,8,32.0,0.4284
eu-north-1,m7i,Intel Xeon Platinum 8488C,16,64.0,0.8568
eu-north-1,m7i,Intel Xeon Platinum 8488C,32,128.0,1.7136
eu-north-1,m7i,Intel Xeon Platinum 8488C,48,192.0,2.5704
eu-north-1,m7i,Intel Xeon Platinum 8488C,64,256.0,3.4272
eu-north-1,m7i,Intel Xeon Platinum 8488C,96,384.0,5.1408
eu-north-1,m7i,Intel Xeon Platinum 8488C,192,768.0,10.2816
eu-north-1,m8g,AWS Graviton4 Processor,1,4.0,0.04769
eu-north-1,m8g,AWS Graviton4 Processor,2,8.0,0.09538
eu-north-1,m8g,AWS Graviton4 Processor,4,16.0,0.19076
eu-north-1,m8g,AWS Graviton4 Processor,8,32.0,0.38152
eu-north-1,m8g,AWS Graviton4 Processor,16,64.0,0.76304
eu-north-1,m8g,AWS Graviton4 Processor,32,128.0,1.52608
eu-north-1,m8g,AWS Graviton4 Processor,48,192.0,2.28912
eu-north-1,m8g,AWS Graviton4 Processor,64,256.0,3.05216
eu-north-1,m8g,AWS Graviton4 Processor,96,384.0,4.57824
eu-north-1,m8g,AWS Graviton4 Processor,192,768.0,9.15648
eu-north-1,r6g,AWS Graviton2 Processor,1,8.0,0.0535
eu-north-1,r6g,AWS Graviton2 Processor,2,16.0,0.107
eu-north-1,r6g,AWS Graviton2 Processor,4,32.0,0.214
eu-north-1,r6g,AWS Graviton2 Processor,8,64.0,0.428
eu-north-1,r6g,AWS Graviton2 Processor,16,128.0,0.856
eu-north-1,r6g,AWS Graviton2 Processor,32,256.0,1.712
eu-north-1,r6g,AWS Graviton2 Processor,48,384.0,2.568
eu-north-1,r6g,AWS Graviton2 Processor,64,512.0,3.424
eu-north-1,r6i,Intel Xeon Platinum 8375C,2,16.0,0.134
eu-north-1,r6i,Intel Xeon Platinum 8375C,4,32.0,0.268
eu-north-1,r6i,Intel Xeon Platinum 8375C,8,64.0,0.536
eu-north-1,r6i,Intel Xeon Platinum 8375C,16,128.0,1.072
eu-north-1,r6i,Intel Xeon Platinum 8375C,32,256.0,2.144
eu-north-1,r6i,Intel Xeon Platinum 8375C,48,384.0,3.216
eu-north-1,r6i,Intel Xeon Platinum 8375C,64,512.0,4.288
eu-north-1,r6i,Intel Xeon Platinum 8375C,96,768.0,6.432
eu-north-1,r6i,Intel Xeon Platinum 8375C,128,1024.0,8.576
eu-north-1,r7a,AMD EPYC 9R14 Processor,1,8.0,0.0809
eu-north-1,r7a,AMD EPYC 9R14 Processor,2,16.0,0.1618
eu-north-1,r7a,AMD EPYC 9R14 Processor,4,32.0,0.3236
eu-north-1,r7a,AMD EPYC 9R14 Processor,8,64.0,0.6472
eu-north-1,r7a,AMD EPYC 9R14 Processor,16,128.0,1.2944
eu-north-1,r7a,AMD EPYC 9R14 Processor,32,256.0,2.5888
eu-north-1,r7a,AMD EPYC 9R14 Processor,48,384.0,3.8832
eu-north-1,r7a,AMD EPYC 9R14 Processor,64,512.0,5.1776
eu-north-1,r7a,AMD EPYC 9R14 Processor,96,768.0,7.7664
eu-north-1,r7a,AMD EPYC 9R14 Processor,128,1024.0,10.3552
eu-north-1,r7a,AMD EPYC 9R14 Processor,192,1536.0,15.5328
eu-north-1,r7g,AWS Graviton3 Processor,1,8.0,0.057
eu-north-1,r7g,AWS Graviton3 Processor,2,16.0,0.1139
eu-north-1,r7g,AWS Graviton3 Processor,4,32.0,0.2278
eu-north-1,r7g,AWS Graviton3 Processor,8,64.0,0.4556
eu-north-1,r7g,AWS Graviton3 Processor,16,128.0,0.9112
eu-north-1,r7g,AWS Graviton3 Processor,32,256.0,1.8224
eu-north-1,r7g,AWS Graviton3 Processor,48,384.0,2.7336
eu-north-1,r7g,AWS Graviton3 Processor,64,512.0,3.6448
eu-north-1,r7i,Intel Xeon Platinum 8488C,2,16.0,0.1407
eu-north-1,r7i,Intel Xeon Platinum 8488C,4,32.0,0.2814
eu-north-1,r7i,Intel Xeon Platinum 8488C,8,64.0,0.5628
eu-north-1,r7i,Intel Xeon Platinum 8488C,16,128.0,1.1256
eu-north-1,r7i,Intel Xeon Platinum 8488C,32,256.0,2.2512
eu-north-1,r7i,Intel Xeon Platinum 8488C,48,384.0,3.3768
eu-north-1,r7i,Intel Xeon Platinum 8488C,64,512.0,4.5024
eu-north-1,r7i,Intel Xeon Platinum 8488C,96,768.0,6.7536
eu-north-1,r7i,Intel Xeon Platinum 8488C,192,1536.0,13.5072
eu-north-1,r8g,AWS Graviton4 Processor,1,8.0,0.06265
eu-north-1,r8g,AWS Graviton4 Processor,2,16.0,0.12529
eu-north-1,r8g,AWS Graviton4 Processor,4,32.0,0.25058
eu-north-1,r8g,AWS Graviton4 Processor,8,64.0,0.50116
eu-north-1,r8g,AWS Graviton4 Processor,16,128.0,1.00232
eu-north-1,r8g,AWS Graviton4 Processor,32,256.0,2.00464
eu-north-1,r8g,AWS Graviton4 Processor,48,384.0,3.00696
eu-north-1,r8g,AWS Graviton4 Processor,64,512.0,4.00928
eu-north-1,r8g,AWS Graviton4 Processor,96,768.0,6.01392
eu-north-1,r8g,AWS Graviton4 Processor,192,1536.0,12.02784
eu-north-1,r8i,Intel Xeon 6 6985P-C,2,16.0,0.14774
eu-north-1,r8i,Intel Xeon 6 6985P-C,4,32.0,0.29548
eu-north-1,r8i,Intel Xeon 6 6985P-C,8,64.0,0.59096
eu-north-1,r8i,Intel Xeon 6 6985P-C,16,128.0,1.18192
eu-north-1,r8i,Intel Xeon 6 6985P-C,32,256.0,2.36384
eu-north-1,r8i,Intel Xeon 6 6985P-C,48,384.0,3.54576
eu-north-1,r8i,Intel Xeon 6 6985P-C,64,512.0,4.72768
eu-north-1,r8i,Intel Xeon 6 6985P-C,96,768.0,7.09152
eu-north-1,r8i,Intel Xeon 6 6985P-C,128,1024.0,9.45536
eu-north-1,r8i,Intel Xeon 6 6985P-C,192,1536.0,14.18304
eu-north-1,r8i,Intel Xeon 6 6985P-C,384,3072.0,28.36608
eu-north-1,x8g,AWS Graviton4 Processor,1,16.0,0.11123
eu-north-1,x8g,AWS Graviton4 Processor,2,32.0,0.22246
eu-north-1,x8g,AWS Graviton4 Processor,4,64.0,0.44492
eu-north-1,x8g,AWS Graviton4 Processor,8,128.0,0.88984
eu-north-1,x8g,AWS Graviton4 Processor,16,256.0,1.77968
eu-north-1,x8g,AWS Graviton4 Processor,32,512.0,3.55936
eu-north-1,x8g,AWS Graviton4 Processor,48,768.0,5.33904
eu-north-1,x8g,AWS Graviton4 Processor,64,1024.0,7.11872
eu-north-1,x8g,AWS Graviton4 Processor,96,1536.0,10.67808
eu-north-1,x8g,AWS Graviton4 Processor,192,3072.0,21.35616
eu-north-1,x8i,Intel Xeon 6 6975P-C,2,32.0,0.24956
eu-north-1,x8i,Intel Xeon 6 6975P-C,4,64.0,0.49912
eu-north-1,x8i,Intel Xeon 6 6975P-C,8,128.0,0.99824
eu-north-1,x8i,Intel Xeon 6 6975P-C,16,256.0,1.99648
eu-north-1,x8i,Intel Xeon 6 6975P-C,32,512.0,3.99296
eu-north-1,x8i,Intel Xeon 6 6975P-C,48,768.0,5.98944
eu-north-1,x8i,Intel Xeon 6 6975P-C,64,1024.0,7.98592
eu-north-1,x8i,Intel Xeon 6 6975P-C,96,1536.0,11.97888
eu-north-1,x8i,Intel Xeon 6 6975P-C,128,2048.0,15.97184
eu-north-1,x8i,Intel Xeon 6 6975P-C,192,3072.0,23.95776
eu-north-1,x8i,Intel Xeon 6 6975P-C,256,4096.0,31.94368
eu-north-1,x8i,Intel Xeon 6 6975P-C,384,6144.0,51.7837
eu-south-1,c6g,AWS Graviton2 Processor,1,2.0,0.0404
eu-south-1,c6g,AWS Graviton2 Processor,2,4.0,0.0808
eu-south-1,c6g,AWS Graviton2 Processor,4,8.0,0.1616
eu-south-1,c6g,AWS Graviton2 Processor,8,16.0,0.3232
eu-south-1,c6g,AWS Graviton2 Processor,16,32.0,0.6464
eu-south-1,c6g,AWS Graviton2 Processor,32,64.0,1.2928
eu-south-1,c6g,AWS Graviton2 Processor,48,96.0,1.9392
eu-south-1,c6g,AWS Graviton2 Processor,64,128.0,2.5856
eu-south-1,c6i,Intel Xeon Platinum 8375C,2,4.0,0.101
eu-south-1,c6i,Intel Xeon Platinum 8375C,4,8.0,0.202
eu-south-1,c6i,Intel Xeon Platinum 8375C,8,16.0,0.404
eu-south-1,c6i,Intel Xeon Platinum 8375C,16,32.0,0.808
eu-south-1,c6i,Intel Xeon Platinum 8375C,32,64.0,1.616
eu-south-1,c6i,Intel Xeon Platinum 8375C,48,96.0,2.424
eu-south-1,c6i,Intel Xeon Platinum 8375C,64,128.0,3.232
eu-south-1,c6i,Intel Xeon Platinum 8375C,96,192.0,4.848
eu-south-1,c6i,Intel Xeon Platinum 8375C,128,256.0,6.464
eu-south-1,c7g,AWS Graviton3 Processor,1,2.0,0.0428
eu-south-1,c7g,AWS Graviton3 Processor,2,4.0,0.0856
eu-south-1,c7g,AWS Graviton3 Processor,4,8.0,0.1713
eu-south-1,c7g,AWS Graviton3 Processor,8,16.0,0.3426
eu-south-1,c7g,AWS Graviton3 Processor,16,32.0,0.6852
eu-south-1,c7g,AWS Graviton3 Processor,32,64.0,1.3704
eu-south-1,c7g,AWS Graviton3 Processor,48,96.0,2.0556
eu-south-1,c7g,AWS Graviton3 Processor,64,128.0,2.7407
eu-south-1,c8g,AWS Graviton4 Processor,1,2.0,0.04711
eu-south-1,c8g,AWS Graviton4 Processor,2,4.0,0.09422
eu-south-1,c8g,AWS Graviton4 Processor,4,8.0,0.18844
eu-south-1,c8g,AWS Graviton4 Processor,8,16.0,0.37688
eu-south-1,c8g,AWS Graviton4 Processor,16,32.0,0.75376
eu-south-1,c8g,AWS Graviton4 Processor,32,64.0,1.50752
eu-south-1,c8g,AWS Graviton4 Processor,48,96.0,2.26128
eu-south-1,c8g,AWS Graviton4 Processor,64,128.0,3.01504
eu-south-1,c8g,AWS Graviton4 Processor,96,192.0,4.52256
eu-south-1,c8g,AWS Graviton4 Processor,192,384.0,9.04512
eu-south-1,m6a,AMD EPYC 7R13 Processor,2,8.0,0.1008
eu-south-1,m6a,AMD EPYC 7R13 Processor,4,16.0,0.2016
eu-south-1,m6a,AMD EPYC 7R13 Processor,8,32.0,0.4032
eu-south-1,m6a,AMD EPYC 7R13 Processor,16,64.0,0.8064
eu-south-1,m6a,AMD EPYC 7R13 Processor,32,128.0,1.6128
eu-south-1,m6a,AMD EPYC 7R13 Processor,48,192.0,2.4192
eu-south-1,m6a,AMD EPYC 7R13 Processor,64,256.0,3.2256
eu-south-1,m6a,AMD EPYC 7R13 Processor,96,384.0,4.8384
eu-south-1,m6a,AMD EPYC 7R13 Processor,128,512.0,6.4512
eu-south-1,m6a,AMD EPYC 7R13 Processor,192,768.0,9.6768
eu-south-1,m6g,AWS Graviton2 Processor,1,4.0,0.0448
eu-south-1,m6g,AWS Graviton2 Processor,2,8.0,0.0896
eu-south-1,m6g,AWS Graviton2 Processor,4,16.0,0.1792
eu-south-1,m6g,AWS Graviton2 Processor,8,32.0,0.3584
eu-south-1,m6g,AWS Graviton2 Processor,16,64.0,0.7168
eu-south-1,m6g,AWS Graviton2 Processor,32,128.0,1.4336
eu-south-1,m6g,AWS Graviton2 Processor,48,192.0,2.1504
eu-south-1,m6g,AWS Graviton2 Processor,64,256.0,2.8672
eu-south-1,m6i,Intel Xeon Platinum 8375C,2,8.0,0.112
eu-south-1,m6i,Intel Xeon Platinum 8375C,4,16.0,0.224
eu-south-1,m6i,Intel Xeon Platinum 8375C,8,32.0,0.448
eu-south-1,m6i,Intel Xeon Platinum 8375C,16,64.0,0.896
eu-south-1,m6i,Intel Xeon Platinum 8375C,32,128.0,1.792
eu-south-1,m6i,Intel Xeon Platinum 8375C,48,192.0,2.688
eu-south-1,m6i,Intel Xeon Platinum 8375C,64,256.0,3.584
eu-south-1,m6i,Intel Xeon Platinum 8375C,96,384.0,5.376
eu-south-1,m6i,Intel Xeon Platinum 8375C,128,512.0,7.168
eu-south-1,m7i,Intel Xeon Platinum 8488C,2,8.0,0.1176
eu-south-1,m7i,Intel Xeon Platinum 8488C,4,16.0,0.2352
eu-south-1,m7i,Intel Xeon Platinum 8488C,8,32.0,0.4704
eu-south-1,m7i,Intel Xeon Platinum 8488C,16,64.0,0.9408
eu-south-1,m7i,Intel Xeon Platinum 8488C,32,128.0,1.8816
eu-south-1,m7i,Intel Xeon Platinum 8488C,48,192.0,2.8224
eu-south-1,m7i,Intel Xeon Platinum 8488C,64,256.0,3.7632
eu-south-1,m7i,Intel Xeon Platinum 8488C,96,384.0,5.6448
eu-south-1,m7i,Intel Xeon Platinum 8488C,192,768.0,11.2896
eu-south-1,m8g,AWS Graviton4 Processor,1,4.0,0.05236
eu-south-1,m8g,AWS Graviton4 Processor,2,8.0,0.10472
eu-south-1,m8g,AWS Graviton4 Processor,4,16.0,0.20944
eu-south-1,m8g,AWS Graviton4 Processor,8,32.0,0.41888
eu-south-1,m8g,AWS Graviton4 Processor,16,64.0,0.83776
eu-south-1,m8g,AWS Graviton4 Processor,32,128.0,1.67552
eu-south-1,m8g,AWS Graviton4 Processor,48,192.0,2.51328
eu-south-1,m8g,AWS Graviton4 Processor,64,256.0,3.35104
eu-south-1,m8g,AWS Graviton4 Processor,96,384.0,5.02656
eu-south-1,m8g,AWS Graviton4 Processor,192,768.0,10.05312
eu-south-1,r6g,AWS Graviton2 Processor,1,8.0,0.0592
eu-south-1,r6g,AWS Graviton2 Processor,2,16.0,0.1184
eu-south-1,r6g,AWS Graviton2 Processor,4,32.0,0.2368
eu-south-1,r6g,AWS Graviton2 Processor,8,64.0,0.4736
eu-south-1,r6g,AWS Graviton2 Processor,16,128.0,0.9472
eu-south-1,r6g,AWS Graviton2 Processor,32,256.0,1.8944
eu-south-1,r6g,AWS Graviton2 Processor,48,384.0,2.8416
eu-south-1,r6g,AWS Graviton2 Processor,64,512.0,3.7888
eu-south-1,r6i,Intel Xeon Platinum 8375C,2,16.0,0.148
eu-south-1,r6i,Intel Xeon Platinum 8375C,4,32.0,0.296
eu-south-1,r6i,Intel Xeon Platinum 8375C,8,64.0,0.592
eu-south-1,r6i,Intel Xeon Platinum 8375C,16,128.0,1.184
eu-south-1,r6i,Intel Xeon Platinum 8375C,32,256.0,2.368
eu-south-1,r6i,Intel Xeon Platinum 8375C,48,384.0,3.552
eu-south-1,r6i,Intel Xeon Platinum 8375C,64,512.0,4.736
eu-south-1,r6i,Intel Xeon Platinum 8375C,96,768.0,7.104
eu-south-1,r6i,Intel Xeon Platinum 8375C,128,1024.0,9.472
eu-south-1,r7g,AWS Graviton3 Processor,1,8.0,0.0628
eu-south-1,r7g,AWS Graviton3 Processor,2,16.0,0.1255
eu-south-1,r7g,AWS Graviton3 Processor,4,32.0,0.251
eu-south-1,r7g,AWS Graviton3 Processor,8,64.0,0.502
eu-south-1,r7g,AWS Graviton3 Processor,16,128.0,1.004
eu-south-1,r7g,AWS Graviton3 Processor,32,256.0,2.0081
eu-south-1,r7g,AWS Graviton3 Processor,48,384.0,3.0121
eu-south-1,r7g,AWS Graviton3 Processor,64,512.0,4.0161
eu-south-1,r7i,Intel Xeon Platinum 8488C,2,16.0,0.1554
eu-south-1,r7i,Intel Xeon Platinum 8488C,4,32.0,0.3108
eu-south-1,r7i,Intel Xeon Platinum 8488C,8,64.0,0.6216
eu-south-1,r7i,Intel Xeon Platinum 8488C,16,128.0,1.2432
eu-south-1,r7i,Intel Xeon Platinum 8488C,32,256.0,2.4864
eu-south-1,r7i,Intel Xeon Platinum 8488C,48,384.0,3.7296
eu-south-1,r7i,Intel Xeon Platinum 8488C,64,512.0,4.9728
eu-south-1,r7i,Intel Xeon Platinum 8488C,96,768.0,7.4592
eu-south-1,r7i,Intel Xeon Platinum 8488C,192,1536.0,14.9184
eu-south-1,r8g,AWS Graviton4 Processor,1,8.0,0.06903
eu-south-1,r8g,AWS Graviton4 Processor,2,16.0,0.13806
eu-south-1,r8g,AWS Graviton4 Processor,4,32.0,0.27612
eu-south-1,r8g,AWS Graviton4 Processor,8,64.0,0.55224
eu-south-1,r8g,AWS Graviton4 Processor,16,128.0,1.10448
eu-south-1,r8g,AWS Graviton4 Processor,32,256.0,2.20896
eu-south-1,r8g,AWS Graviton4 Processor,48,384.0,3.31344
eu-south-1,r8g,AWS Graviton4 Processor,64,512.0,4.41792
eu-south-1,r8g,AWS Graviton4 Processor,96,768.0,6.62688
eu-south-1,r8g,AWS Graviton4 Processor,192,1536.0,13.25376
eu-south-2,c6g,AWS Graviton2 Processor,1,2.0,0.0365
eu-south-2,c6g,AWS Graviton2 Processor,2,4.0,0.073
eu-south-2,c6g,AWS Graviton2 Processor,4,8.0,0.1459
eu-south-2,c6g,AWS Graviton2 Processor,8,16.0,0.2918
eu-south-2,c6g,AWS Graviton2 Processor,16,32.0,0.5837
eu-south-2,c6g,AWS Graviton2 Processor,32,64.0,1.1674
eu-south-2,c6g,AWS Graviton2 Processor,48,96.0,1.751
eu-south-2,c6g,AWS Graviton2 Processor,64,128.0,2.3347
eu-south-2,c7a,AMD EPYC 9R14 Processor,1,2.0,0.05505
eu-south-2,c7a,AMD EPYC 9R14 Processor,2,4.0,0.1101
eu-south-2,c7a,AMD EPYC 9R14 Processor,4,8.0,0.2202
eu-south-2,c7a,AMD EPYC 9R14 Processor,8,16.0,0.4404
eu-south-2,c7a,AMD EPYC 9R14 Processor,16,32.0,0.8808
eu-south-2,c7a,AMD EPYC 9R14 Processor,32,64.0,1.7616
eu-south-2,c7a,AMD EPYC 9R14 Processor,48,96.0,2.6424
eu-south-2,c7a,AMD EPYC 9R14 Processor,64,128.0,3.5232
eu-south-2,c7a,AMD EPYC 9R14 Processor,96,192.0,5.2848
eu-south-2,c7a,AMD EPYC 9R14 Processor,128,256.0,7.0464
eu-south-2,c7a,AMD EPYC 9R14 Processor,192,384.0,10.5696
eu-south-2,c7g,AWS Graviton3 Processor,1,2.0,0.0388
eu-south-2,c7g,AWS Graviton3 Processor,2,4.0,0.0775
eu-south-2,c7g,AWS Graviton3 Processor,4,8.0,0.155
eu-south-2,c7g,AWS Graviton3 Processor,8,16.0,0.31
eu-south-2,c7g,AWS Graviton3 Processor,16,32.0,0.62
eu-south-2,c7g,AWS Graviton3 Processor,32,64.0,1.24
eu-south-2,c7g,AWS Graviton3 Processor,48,96.0,1.86
eu-south-2,c7g,AWS Graviton3 Processor,64,128.0,2.48
eu-south-2,c7i,Intel Xeon Platinum 8488C,2,4.0,0.09575
eu-south-2,c7i,Intel Xeon Platinum 8488C,4,8.0,0.1915
eu-south-2,c7i,Intel Xeon Platinum 8488C,8,16.0,0.383
eu-south-2,c7i,Intel Xeon Platinum 8488C,16,32.0,0.766
eu-south-2,c7i,Intel Xeon Platinum 8488C,32,64.0,1.532
eu-south-2,c7i,Intel Xeon Platinum 8488C,48,96.0,2.298
eu-south-2,c7i,Intel Xeon Platinum 8488C,64,128.0,3.064
eu-south-2,c7i,Intel Xeon Platinum 8488C,96,192.0,4.596
eu-south-2,c7i,Intel Xeon Platinum 8488C,192,384.0,9.192
eu-south-2,c8a,AMD EPYC 9R45 Processor,1,2.0,0.05781
eu-south-2,c8a,AMD EPYC 9R45 Processor,2,4.0,0.11561
eu-south-2,c8a,AMD EPYC 9R45 Processor,4,8.0,0.23122
eu-south-2,c8a,AMD EPYC 9R45 Processor,8,16.0,0.46244
eu-south-2,c8a,AMD EPYC 9R45 Processor,16,32.0,0.92488
eu-south-2,c8a,AMD EPYC 9R45 Processor,32,64.0,1.84976
eu-south-2,c8a,AMD EPYC 9R45 Processor,48,96.0,2.77464
eu-south-2,c8a,AMD EPYC 9R45 Processor,64,128.0,3.69952
eu-south-2,c8a,AMD EPYC 9R45 Processor,96,192.0,5.54928
eu-south-2,c8a,AMD EPYC 9R45 Processor,192,384.0,11.09856
eu-south-2,c8g,AWS Graviton4 Processor,1,2.0,0.04263
eu-south-2,c8g,AWS Graviton4 Processor,2,4.0,0.08526
eu-south-2,c8g,AWS Graviton4 Processor,4,8.0,0.17052
eu-south-2,c8g,AWS Graviton4 Processor,8,16.0,0.34104
eu-south-2,c8g,AWS Graviton4 Processor,16,32.0,0.68208
eu-south-2,c8g,AWS Graviton4 Processor,32,64.0,1.36416
eu-south-2,c8g,AWS Graviton4 Processor,48,96.0,2.04624
eu-south-2,c8g,AWS Graviton4 Processor,64,128.0,2.72832
eu-south-2,c8g,AWS Graviton4 Processor,96,192.0,4.09248
eu-south-2,c8g,AWS Graviton4 Processor,192,384.0,8.18496
eu-south-2,c8i,Intel Xeon 6 6975P-C,2,4.0,0.10054
eu-south-2,c8i,Intel Xeon 6 6975P-C,4,8.0,0.20108
eu-south-2,c8i,Intel Xeon 6 6975P-C,8,16.0,0.40216
eu-south-2,c8i,Intel Xeon 6 6975P-C,16,32.0,0.80432
eu-south-2,c8i,Intel Xeon 6 6975P-C,32,64.0,1.60864
eu-south-2,c8i,Intel Xeon 6 6975P-C,48,96.0,2.41296
eu-south-2,c8i,Intel Xeon 6 6975P-C,64,128.0,3.21728
eu-south-2,c8i,Intel Xeon 6 6975P-C,96,192.0,4.82592
eu-south-2,c8i,Intel Xeon 6 6975P-C,128,256.0,6.43456
eu-south-2,c8i,Intel Xeon 6 6975P-C,192,384.0,9.65184
eu-south-2,c8i,Intel Xeon 6 6975P-C,384,768.0,19.30368
eu-south-2,m6g,AWS Graviton2 Processor,1,4.0,0.043
eu-south-2,m6g,AWS Graviton2 Processor,2,8.0,0.086
eu-south-2,m6g,AWS Graviton2 Processor,4,16.0,0.172
eu-south-2,m6g,AWS Graviton2 Processor,8,32.0,0.344
eu-south-2,m6g,AWS Graviton2 Processor,16,64.0,0.688
eu-south-2,m6g,AWS Graviton2 Processor,32,128.0,1.376
eu-south-2,m6g,AWS Graviton2 Processor,48,192.0,2.064
eu-south-2,m6g,AWS Graviton2 Processor,64,256.0,2.752
eu-south-2,m7a,AMD EPYC 9R14 Processor,1,4.0,0.0646
eu-south-2,m7a,AMD EPYC 9R14 Processor,2,8.0,0.1292
eu-south-2,m7a,AMD EPYC 9R14 Processor,4,16.0,0.2584
eu-south-2,m7a,AMD EPYC 9R14 Processor,8,32.0,0.5168
eu-south-2,m7a,AMD EPYC 9R14 Processor,16,64.0,1.0336
eu-south-2,m7a,AMD EPYC 9R14 Processor,32,128.0,2.0672
eu-south-2,m7a,AMD EPYC 9R14 Processor,48,192.0,3.1008
eu-south-2,m7a,AMD EPYC 9R14 Processor,64,256.0,4.1344
eu-south-2,m7a,AMD EPYC 9R14 Processor,96,384.0,6.2016
eu-south-2,m7a,AMD EPYC 9R14 Processor,128,512.0,8.2688
eu-south-2,m7a,AMD EPYC 9R14 Processor,192,768.0,12.4032
eu-south-2,m7g,AWS Graviton3 Processor,1,4.0,0.0455
eu-south-2,m7g,AWS Graviton3 Processor,2,8.0,0.0909
eu-south-2,m7g,AWS Graviton3 Processor,4,16.0,0.1818
eu-south-2,m7g,AWS Graviton3 Processor,8,32.0,0.3636
eu-south-2,m7g,AWS Graviton3 Processor,16,64.0,0.7272
eu-south-2,m7g,AWS Graviton3 Processor,32,128.0,1.4544
eu-south-2,m7g,AWS Graviton3 Processor,48,192.0,2.1816
eu-south-2,m7g,AWS Graviton3 Processor,64,256.0,2.9088
eu-south-2,m7i,Intel Xeon Platinum 8488C,2,8.0,0.11235
eu-south-2,m7i,Intel Xeon Platinum 8488C,4,16.0,0.2247
eu-south-2,m7i,Intel Xeon Platinum 8488C,8,32.0,0.4494
eu-south-2,m7i,Intel Xeon Platinum 8488C,16,64.0,0.8988
eu-south-2,m7i,Intel Xeon Platinum 8488C,32,128.0,1.7976
eu-south-2,m7i,Intel Xeon Platinum 8488C,48,192.0,2.6964
eu-south-2,m7i,Intel Xeon Platinum 8488C,64,256.0,3.5952
eu-south-2,m7i,Intel Xeon Platinum 8488C,96,384.0,5.3928
eu-south-2,m7i,Intel Xeon Platinum 8488C,192,768.0,10.7856
eu-south-2,m8a,AMD EPYC 9R45 Processor,1,4.0,0.06783
eu-south-2,m8a,AMD EPYC 9R45 Processor,2,8.0,0.13566
eu-south-2,m8a,AMD EPYC 9R45 Processor,4,16.0,0.27132
eu-south-2,m8a,AMD EPYC 9R45 Processor,8,32.0,0.54264
eu-south-2,m8a,AMD EPYC 9R45 Processor,16,64.0,1.08528
eu-south-2,m8a,AMD EPYC 9R45 Processor,32,128.0,2.17056
eu-south-2,m8a,AMD EPYC 9R45 Processor,48,192.0,3.25584
eu-south-2,m8a,AMD EPYC 9R45 Processor,64,256.0,4.34112
eu-south-2,m8a,AMD EPYC 9R45 Processor,96,384.0,6.51168
eu-south-2,m8a,AMD EPYC 9R45 Processor,192,768.0,13.02336
eu-south-2,m8g,AWS Graviton4 Processor,1,4.0,0.04999
eu-south-2,m8g,AWS Graviton4 Processor,2,8.0,0.09998
eu-south-2,m8g,AWS Graviton4 Processor,4,16.0,0.19996
eu-south-2,m8g,AWS Graviton4 Processor,8,32.0,0.39992
eu-south-2,m8g,AWS Graviton4 Processor,16,64.0,0.79984
eu-south-2,m8g,AWS Graviton4 Processor,32,128.0,1.59968
eu-south-2,m8g,AWS Graviton4 Processor,48,192.0,2.39952
eu-south-2,m8g,AWS Graviton4 Processor,64,256.0,3.19936
eu-south-2,m8g,AWS Graviton4 Processor,96,384.0,4.79904
eu-south-2,m8g,AWS Graviton4 Processor,192,768.0,9.59808
eu-south-2,m8i,Intel Xeon 6 6975P-C,2,8.0,0.11797
eu-south-2,m8i,Intel Xeon 6 6975P-C,4,16.0,0.23594
eu-south-2,m8i,Intel Xeon 6 6975P-C,8,32.0,0.47188
eu-south-2,m8i,Intel Xeon 6 6975P-C,16,64.0,0.94376
eu-south-2,m8i,Intel Xeon 6 6975P-C,32,128.0,1.88752
eu-south-2,m8i,Intel Xeon 6 6975P-C,48,192.0,2.83128
eu-south-2,m8i,Intel Xeon 6 6975P-C,64,256.0,3.77504
eu-south-2,m8i,Intel Xeon 6 6975P-C,96,384.0,5.66256
eu-south-2,m8i,Intel Xeon 6 6975P-C,128,512.0,7.55008
eu-south-2,m8i,Intel Xeon 6 6975P-C,192,768.0,11.32512
eu-south-2,m8i,Intel Xeon 6 6975P-C,384,1536.0,22.65024
eu-south-2,r6g,AWS Graviton2 Processor,1,8.0,0.0564
eu-south-2,r6g,AWS Graviton2 Processor,2,16.0,0.1128
eu-south-2,r6g,AWS Graviton2 Processor,4,32.0,0.2256
eu-south-2,r6g,AWS Graviton2 Processor,8,64.0,0.4512
eu-south-2,r6g,AWS Graviton2 Processor,16,128.0,0.9024
eu-south-2,r6g,AWS Graviton2 Processor,32,256.0,1.8048
eu-south-2,r6g,AWS Graviton2 Processor,48,384.0,2.7072
eu-south-2,r6g,AWS Graviton2 Processor,64,512.0,3.6096
eu-south-2,r7a,AMD EPYC 9R14 Processor,1,8.0,0.08513
eu-south-2,r7a,AMD EPYC 9R14 Processor,2,16.0,0.17026
eu-south-2,r7a,AMD EPYC 9R14 Processor,4,32.0,0.34052
eu-south-2,r7a,AMD EPYC 9R14 Processor,8,64.0,0.68104
eu-south-2,r7a,AMD EPYC 9R14 Processor,16,128.0,1.36208
eu-south-2,r7a,AMD EPYC 9R14 Processor,32,256.0,2.72416
eu-south-2,r7a,AMD EPYC 9R14 Processor,48,384.0,4.08624
eu-south-2,r7a,AMD EPYC 9R14 Processor,64,512.0,5.44832
eu-south-2,r7a,AMD EPYC 9R14 Processor,96,768.0,8.17248
eu-south-2,r7a,AMD EPYC 9R14 Processor,128,1024.0,10.89664
eu-south-2,r7a,AMD EPYC 9R14 Processor,192,1536.0,16.34496
eu-south-2,r7g,AWS Graviton3 Processor,1,8.0,0.0599
eu-south-2,r7g,AWS Graviton3 Processor,2,16.0,0.1198
eu-south-2,r7g,AWS Graviton3 Processor,4,32.0,0.2396
eu-south-2,r7g,AWS Graviton3 Processor,8,64.0,0.4792
eu-south-2,r7g,AWS Graviton3 Processor,16,128.0,0.9584
eu-south-2,r7g,AWS Graviton3 Processor,32,256.0,1.9168
eu-south-2,r7g,AWS Graviton3 Processor,48,384.0,2.8752
eu-south-2,r7g,AWS Graviton3 Processor,64,512.0,3.8336
eu-south-2,r7i,Intel Xeon Platinum 8488C,2,16.0,0.14805
eu-south-2,r7i,Intel Xeon Platinum 8488C,4,32.0,0.2961
eu-south-2,r7i,Intel Xeon Platinum 8488C,8,64.0,0.5922
eu-south-2,r7i,Intel Xeon Platinum 8488C,16,128.0,1.1844
eu-south-2,r7i,Intel Xeon Platinum 8488C,32,256.0,2.3688
eu-south-2,r7i,Intel Xeon Platinum 8488C,48,384.0,3.5532
eu-south-2,r7i,Intel Xeon Platinum 8488C,64,512.0,4.7376
eu-south-2,r7i,Intel Xeon Platinum 8488C,96,768.0,7.1064
eu-south-2,r7i,Intel Xeon Platinum 8488C,192,1536.0,14.2128
eu-south-2,r8a,AMD EPYC 9R45 Processor,1,8.0,0.08939
eu-south-2,r8a,AMD EPYC 9R45 Processor,2,16.0,0.17877
eu-south-2,r8a,AMD EPYC 9R45 Processor,4,32.0,0.35754
eu-south-2,r8a,AMD EPYC 9R45 Processor,8,64.0,0.71508
eu-south-2,r8a,AMD EPYC 9R45 Processor,16,128.0,1.43016
eu-south-2,r8a,AMD EPYC 9R45 Processor,32,256.0,2.86032
eu-south-2,r8a,AMD EPYC 9R45 Processor,48,384.0,4.29048
eu-south-2,r8a,AMD EPYC 9R45 Processor,64,512.0,5.72064
eu-south-2,r8a,AMD EPYC 9R45 Processor,96,768.0,8.58096
eu-south-2,r8a,AMD EPYC 9R45 Processor,192,1536.0,17.16192
eu-south-2,r8g,AWS Graviton4 Processor,1,8.0,0.06589
eu-south-2,r8g,AWS Graviton4 Processor,2,16.0,0.13178
eu-south-2,r8g,AWS Graviton4 Processor,4,32.0,0.26356
eu-south-2,r8g,AWS Graviton4 Processor,8,64.0,0.52712
eu-south-2,r8g,AWS Graviton4 Processor,16,128.0,1.05424
eu-south-2,r8g,AWS Graviton4 Processor,32,256.0,2.10848
eu-south-2,r8g,AWS Graviton4 Processor,48,384.0,3.16272
eu-south-2,r8g,AWS Graviton4 Processor,64,512.0,4.21696
eu-south-2,r8g,AWS Graviton4 Processor,96,768.0,6.32544
eu-south-2,r8g,AWS Graviton4 Processor,192,1536.0,12.65088
eu-south-2,r8i,Intel Xeon 6 6985P-C,2,16.0,0.15545
eu-south-2,r8i,Intel Xeon 6 6985P-C,4,32.0,0.3109
eu-south-2,r8i,Intel Xeon 6 6985P-C,8,64.0,0.6218
eu-south-2,r8i,Intel Xeon 6 6985P-C,16,128.0,1.2436
eu-south-2,r8i,Intel Xeon 6 6985P-C,32,256.0,2.4872
eu-south-2,r8i,Intel Xeon 6 6985P-C,48,384.0,3.7308
eu-south-2,r8i,Intel Xeon 6 6985P-C,64,512.0,4.9744
eu-south-2,r8i,Intel Xeon 6 6985P-C,96,768.0,7.4616
eu-south-2,r8i,Intel Xeon 6 6985P-C,128,1024.0,9.9488
eu-south-2,r8i,Intel Xeon 6 6985P-C,192,1536.0,14.9232
eu-south-2,r8i,Intel Xeon 6 6985P-C,384,3072.0,29.8464
eu-west-1,c6a,AMD EPYC 7R13 Processor,2,4.0,0.08208
eu-west-1,c6a,AMD EPYC 7R13 Processor,4,8.0,0.16416
eu-west-1,c6a,AMD EPYC 7R13 Processor,8,16.0,0.32832
eu-west-1,c6a,AMD EPYC 7R13 Processor,16,32.0,0.65664
eu-west-1,c6a,AMD EPYC 7R13 Processor,32,64.0,1.31328
eu-west-1,c6a,AMD EPYC 7R13 Processor,48,96.0,1.96992
eu-west-1,c6a,AMD EPYC 7R13 Processor,64,128.0,2.62656
eu-west-1,c6a,AMD EPYC 7R13 Processor,96,192.0,3.93984
eu-west-1,c6a,AMD EPYC 7R13 Processor,128,256.0,5.25312
eu-west-1,c6a,AMD EPYC 7R13 Processor,192,384.0,7.87968
eu-west-1,c6g,AWS Graviton2 Processor,1,2.0,0.0365
eu-west-1,c6g,AWS Graviton2 Processor,2,4.0,0.073
eu-west-1,c6g,AWS Graviton2 Processor,4,8.0,0.1459
eu-west-1,c6g,AWS Graviton2 Processor,8,16.0,0.2918
eu-west-1,c6g,AWS Graviton2 Processor,16,32.0,0.5837
eu-west-1,c6g,AWS Graviton2 Processor,32,64.0,1.1674
eu-west-1,c6g,AWS Graviton2 Processor,48,96.0,1.751
eu-west-1,c6g,AWS Graviton2 Processor,64,128.0,2.3347
eu-west-1,c6i,Intel Xeon Platinum 8375C,2,4.0,0.0912
eu-west-1,c6i,Intel Xeon Platinum 8375C,4,8.0,0.1824
eu-west-1,c6i,Intel Xeon Platinum 8375C,8,16.0,0.3648
eu-west-1,c6i,Intel Xeon Platinum 8375C,16,32.0,0.7296
eu-west-1,c6i,Intel Xeon Platinum 8375C,32,64.0,1.4592
eu-west-1,c6i,Intel Xeon Platinum 8375C,48,96.0,2.1888
eu-west-1,c6i,Intel Xeon Platinum 8375C,64,128.0,2.9184
eu-west-1,c6i,Intel Xeon Platinum 8375C,96,192.0,4.3776
eu-west-1,c6i,Intel Xeon Platinum 8375C,128,256.0,5.8368
eu-west-1,c7a,AMD EPYC 9R14 Processor,1,2.0,0.05506
eu-west-1,c7a,AMD EPYC 9R14 Processor,2,4.0,0.11012
eu-west-1,c7a,AMD EPYC 9R14 Processor,4,8.0,0.22024
eu-west-1,c7a,AMD EPYC 9R14 Processor,8,16.0,0.44048
eu-west-1,c7a,AMD EPYC 9R14 Processor,16,32.0,0.88096
eu-west-1,c7a,AMD EPYC 9R14 Processor,32,64.0,1.76192
eu-west-1,c7a,AMD EPYC 9R14 Processor,48,96.0,2.64288
eu-west-1,c7a,AMD EPYC 9R14 Processor,64,128.0,3.52384
eu-west-1,c7a,AMD EPYC 9R14 Processor,96,192.0,5.28576
eu-west-1,c7a,AMD EPYC 9R14 Processor,128,256.0,7.04768
eu-west-1,c7a,AMD EPYC 9R14 Processor,192,384.0,10.57152
eu-west-1,c7g,AWS Graviton3 Processor,1,2.0,0.0388
eu-west-1,c7g,AWS Graviton3 Processor,2,4.0,0.0775
eu-west-1,c7g,AWS Graviton3 Processor,4,8.0,0.155
eu-west-1,c7g,AWS Graviton3 Processor,8,16.0,0.3101
eu-west-1,c7g,AWS Graviton3 Processor,16,32.0,0.6202
eu-west-1,c7g,AWS Graviton3 Processor,32,64.0,1.2403
eu-west-1,c7g,AWS Graviton3 Processor,48,96.0,1.8605
eu-west-1,c7g,AWS Graviton3 Processor,64,128.0,2.4806
eu-west-1,c7i,Intel Xeon Platinum 8488C,2,4.0,0.09576
eu-west-1,c7i,Intel Xeon Platinum 8488C,4,8.0,0.19152
eu-west-1,c7i,Intel Xeon Platinum 8488C,8,16.0,0.38304
eu-west-1,c7i,Intel Xeon Platinum 8488C,16,32.0,0.76608
eu-west-1,c7i,Intel Xeon Platinum 8488C,32,64.0,1.53216
eu-west-1,c7i,Intel Xeon Platinum 8488C,48,96.0,2.29824
eu-west-1,c7i,Intel Xeon Platinum 8488C,64,128.0,3.06432
eu-west-1,c7i,Intel Xeon Platinum 8488C,96,192.0,4.59648
eu-west-1,c7i,Intel Xeon Platinum 8488C,192,384.0,9.19296
eu-west-1,c8a,AMD EPYC 9R45 Processor,1,2.0,0.05782
eu-west-1,c8a,AMD EPYC 9R45 Processor,2,4.0,0.11563
eu-west-1,c8a,AMD EPYC 9R45 Processor,4,8.0,0.23126
eu-west-1,c8a,AMD EPYC 9R45 Processor,8,16.0,0.46252
eu-west-1,c8a,AMD EPYC 9R45 Processor,16,32.0,0.92504
eu-west-1,c8a,AMD EPYC 9R45 Processor,32,64.0,1.85008
eu-west-1,c8a,AMD EPYC 9R45 Processor,48,96.0,2.77512
eu-west-1,c8a,AMD EPYC 9R45 Processor,64,128.0,3.70016
eu-west-1,c8a,AMD EPYC 9R45 Processor,96,192.0,5.55024
eu-west-1,c8a,AMD EPYC 9R45 Processor,192,384.0,11.10048
eu-west-1,c8g,AWS Graviton4 Processor,1,2.0,0.04264
eu-west-1,c8g,AWS Graviton4 Processor,2,4.0,0.08528
eu-west-1,c8g,AWS Graviton4 Processor,4,8.0,0.17056
eu-west-1,c8g,AWS Graviton4 Processor,8,16.0,0.34112
eu-west-1,c8g,AWS Graviton4 Processor,16,32.0,0.68224
eu-west-1,c8g,AWS Graviton4 Processor,32,64.0,1.36448
eu-west-1,c8g,AWS Graviton4 Processor,48,96.0,2.04672
eu-west-1,c8g,AWS Graviton4 Processor,64,128.0,2.72896
eu-west-1,c8g,AWS Graviton4 Processor,96,192.0,4.09344
eu-west-1,c8g,AWS Graviton4 Processor,192,384.0,8.18688
eu-west-1,c8i,Intel Xeon 6 6975P-C,2,4.0,0.10055
eu-west-1,c8i,Intel Xeon 6 6975P-C,4,8.0,0.2011
eu-west-1,c8i,Intel Xeon 6 6975P-C,8,16.0,0.4022
eu-west-1,c8i,Intel Xeon 6 6975P-C,16,32.0,0.8044
eu-west-1,c8i,Intel Xeon 6 6975P-C,32,64.0,1.6088
eu-west-1,c8i,Intel Xeon 6 6975P-C,48,96.0,2.4132
eu-west-1,c8i,Intel Xeon 6 6975P-C,64,128.0,3.2176
eu-west-1,c8i,Intel Xeon 6 6975P-C,96,192.0,4.8264
eu-west-1,c8i,Intel Xeon 6 6975P-C,128,256.0,6.4352
eu-west-1,c8i,Intel Xeon 6 6975P-C,192,384.0,9.6528
eu-west-1,c8i,Intel Xeon 6 6975P-C,384,768.0,19.3056
eu-west-1,m6a,AMD EPYC 7R13 Processor,2,8.0,0.0963
eu-west-1,m6a,AMD EPYC 7R13 Processor,4,16.0,0.1926
eu-west-1,m6a,AMD EPYC 7R13 Processor,8,32.0,0.3852
eu-west-1,m6a,AMD EPYC 7R13 Processor,16,64.0,0.7704
eu-west-1,m6a,AMD EPYC 7R13 Processor,32,128.0,1.5408
eu-west-1,m6a,AMD EPYC 7R13 Processor,48,192.0,2.3112
eu-west-1,m6a,AMD EPYC 7R13 Processor,64,256.0,3.0816
eu-west-1,m6a,AMD EPYC 7R13 Processor,96,384.0,4.6224
eu-west-1,m6a,AMD EPYC 7R13 Processor,128,512.0,6.1632
eu-west-1,m6a,AMD EPYC 7R13 Processor,192,768.0,9.2448
eu-west-1,m6g,AWS Graviton2 Processor,1,4.0,0.043
eu-west-1,m6g,AWS Graviton2 Processor,2,8.0,0.086
eu-west-1,m6g,AWS Graviton2 Processor,4,16.0,0.172
eu-west-1,m6g,AWS Graviton2 Processor,8,32.0,0.344
eu-west-1,m6g,AWS Graviton2 Processor,16,64.0,0.688
eu-west-1,m6g,AWS Graviton2 Processor,32,128.0,1.376
eu-west-1,m6g,AWS Graviton2 Processor,48,192.0,2.064
eu-west-1,m6g,AWS Graviton2 Processor,64,256.0,2.752
eu-west-1,m6i,Intel Xeon Platinum 8375C,2,8.0,0.107
eu-west-1,m6i,Intel Xeon Platinum 8375C,4,16.0,0.214
eu-west-1,m6i,Intel Xeon Platinum 8375C,8,32.0,0.428
eu-west-1,m6i,Intel Xeon Platinum 8375C,16,64.0,0.856
eu-west-1,m6i,Intel Xeon Platinum 8375C,32,128.0,1.712
eu-west-1,m6i,Intel Xeon Platinum 8375C,48,192.0,2.568
eu-west-1,m6i,Intel Xeon Platinum 8375C,64,256.0,3.424
eu-west-1,m6i,Intel Xeon Platinum 8375C,96,384.0,5.136
eu-west-1,m6i,Intel Xeon Platinum 8375C,128,512.0,6.848
eu-west-1,m7a,AMD EPYC 9R14 Processor,1,4.0,0.0646
eu-west-1,m7a,AMD EPYC 9R14 Processor,2,8.0,0.1292
eu-west-1,m7a,AMD EPYC 9R14 Processor,4,16.0,0.2584
eu-west-1,m7a,AMD EPYC 9R14 Processor,8,32.0,0.5168
eu-west-1,m7a,AMD EPYC 9R14 Processor,16,64.0,1.0336
eu-west-1,m7a,AMD EPYC 9R14 Processor,32,128.0,2.0672
eu-west-1,m7a,AMD EPYC 9R14 Processor,48,192.0,3.1008
eu-west-1,m7a,AMD EPYC 9R14 Processor,64,256.0,4.1344
eu-west-1,m7a,AMD EPYC 9R14 Processor,96,384.0,6.2016
eu-west-1,m7a,AMD EPYC 9R14 Processor,128,512.0,8.2688
eu-west-1,m7a,AMD EPYC 9R14 Processor,192,768.0,12.4032
eu-west-1,m7g,AWS Graviton3 Processor,1,4.0,0.0455
eu-west-1,m7g,AWS Graviton3 Processor,2,8.0,0.091
eu-west-1,m7g,AWS Graviton3 Processor,4,16.0,0.1819
eu-west-1,m7g,AWS Graviton3 Processor,8,32.0,0.3638
eu-west-1,m7g,AWS Graviton3 Processor,16,64.0,0.7276
eu-west-1,m7g,AWS Graviton3 Processor,32,128.0,1.4552
eu-west-1,m7g,AWS Graviton3 Processor,48,192.0,2.1828
eu-west-1,m7g,AWS Graviton3 Processor,64,256.0,2.9104
eu-west-1,m7i,Intel Xeon Platinum 8488C,2,8.0,0.11235
eu-west-1,m7i,Intel Xeon Platinum 8488C,4,16.0,0.2247
eu-west-1,m7i,Intel Xeon Platinum 8488C,8,32.0,0.4494
eu-west-1,m7i,Intel Xeon Platinum 8488C,16,64.0,0.8988
eu-west-1,m7i,Intel Xeon Platinum 8488C,32,128.0,1.7976
eu-west-1,m7i,Intel Xeon Platinum 8488C,48,192.0,2.6964
eu-west-1,m7i,Intel Xeon Platinum 8488C,64,256.0,3.5952
eu-west-1,m7i,Intel Xeon Platinum 8488C,96,384.0,5.3928
eu-west-1,m7i,Intel Xeon Platinum 8488C,192,768.0,10.7856
eu-west-1,m8a,AMD EPYC 9R45 Processor,1,4.0,0.06783
eu-west-1,m8a,AMD EPYC 9R45 Processor,2,8.0,0.13566
eu-west-1,m8a,AMD EPYC 9R45 Processor,4,16.0,0.27132
eu-west-1,m8a,AMD EPYC 9R45 Processor,8,32.0,0.54264
eu-west-1,m8a,AMD EPYC 9R45 Processor,16,64.0,1.08528
eu-west-1,m8a,AMD EPYC 9R45 Processor,32,128.0,2.17056
eu-west-1,m8a,AMD EPYC 9R45 Processor,48,192.0,3.25584
eu-west-1,m8a,AMD EPYC 9R45 Processor,64,256.0,4.34112
eu-west-1,m8a,AMD EPYC 9R45 Processor,96,384.0,6.51168
eu-west-1,m8a,AMD EPYC 9R45 Processor,192,768.0,13.02336
eu-west-1,m8g,AWS Graviton4 Processor,1,4.0,0.05002
eu-west-1,m8g,AWS Graviton4 Processor,2,8.0,0.10004
eu-west-1,m8g,AWS Graviton4 Processor,4,16.0,0.20008
eu-west-1,m8g,AWS Graviton4 Processor,8,32.0,0.40016
eu-west-1,m8g,AWS Graviton4 Processor,16,64.0,0.80032
eu-west-1,m8g,AWS Graviton4 Processor,32,128.0,1.60064
eu-west-1,m8g,AWS Graviton4 Processor,48,192.0,2.40096
eu-west-1,m8g,AWS Graviton4 Processor,64,256.0,3.20128
eu-west-1,m8g,AWS Graviton4 Processor,96,384.0,4.80192
eu-west-1,m8g,AWS Graviton4 Processor,192,768.0,9.60384
eu-west-1,m8i,Intel Xeon 6 6975P-C,2,8.0,0.11797
eu-west-1,m8i,Intel Xeon 6 6975P-C,4,16.0,0.23594
eu-west-1,m8i,Intel Xeon 6 6975P-C,8,32.0,0.47188
eu-west-1,m8i,Intel Xeon 6 6975P-C,16,64.0,0.94376
eu-west-1,m8i,Intel Xeon 6 6975P-C,32,128.0,1.88752
eu-west-1,m8i,Intel Xeon 6 6975P-C,48,192.0,2.83128
eu-west-1,m8i,Intel Xeon 6 6975P-C,64,256.0,3.77504
eu-west-1,m8i,Intel Xeon 6 6975P-C,96,384.0,5.66256
eu-west-1,m8i,Intel Xeon 6 6975P-C,128,512.0,7.55008
eu-west-1,m8i,Intel Xeon 6 6975P-C,192,768.0,11.32512
eu-west-1,m8i,Intel Xeon 6 6975P-C,384,1536.0,22.65024
eu-west-1,r6a,AMD EPYC 7R13 Processor,2,16.0,0.1269
eu-west-1,r6a,AMD EPYC 7R13 Processor,4,32.0,0.2538
eu-west-1,r6a,AMD EPYC 7R13 Processor,8,64.0,0.5076
eu-west-1,r6a,AMD EPYC 7R13 Processor,16,128.0,1.0152
eu-west-1,r6a,AMD EPYC 7R13 Processor,32,256.0,2.0304
eu-west-1,r6a,AMD EPYC 7R13 Processor,48,384.0,3.0456
eu-west-1,r6a,AMD EPYC 7R13 Processor,64,512.0,4.0608
eu-west-1,r6a,AMD EPYC 7R13 Processor,96,768.0,6.0912
eu-west-1,r6a,AMD EPYC 7R13 Processor,128,1024.0,8.1216
eu-west-1,r6a,AMD EPYC 7R13 Processor,192,1536.0,12.1824
eu-west-1,r6g,AWS Graviton2 Processor,1,8.0,0.0564
eu-west-1,r6g,AWS Graviton2 Processor,2,16.0,0.1128
eu-west-1,r6g,AWS Graviton2 Processor,4,32.0,0.2256
eu-west-1,r6g,AWS Graviton2 Processor,8,64.0,0.4512
eu-west-1,r6g,AWS Graviton2 Processor,16,128.0,0.9024
eu-west-1,r6g,AWS Graviton2 Processor,32,256.0,1.8048
eu-west-1,r6g,AWS Graviton2 Processor,48,384.0,2.7072
eu-west-1,r6g,AWS Graviton2 Processor,64,512.0,3.6096
eu-west-1,r6i,Intel Xeon Platinum 8375C,2,16.0,0.141
eu-west-1,r6i,Intel Xeon Platinum 8375C,4,32.0,0.282
eu-west-1,r6i,Intel Xeon Platinum 8375C,8,64.0,0.564
eu-west-1,r6i,Intel Xeon Platinum 8375C,16,128.0,1.128
eu-west-1,r6i,Intel Xeon Platinum 8375C,32,256.0,2.256
eu-west-1,r6i,Intel Xeon Platinum 8375C,48,384.0,3.384
eu-west-1,r6i,Intel Xeon Platinum 8375C,64,512.0,4.512
eu-west-1,r6i,Intel Xeon Platinum 8375C,96,768.0,6.768
eu-west-1,r6i,Intel Xeon Platinum 8375C,128,1024.0,9.024
eu-west-1,r7a,AMD EPYC 9R14 Processor,1,8.0,0.08513
eu-west-1,r7a,AMD EPYC 9R14 Processor,2,16.0,0.17026
eu-west-1,r7a,AMD EPYC 9R14 Processor,4,32.0,0.34052
eu-west-1,r7a,AMD EPYC 9R14 Processor,8,64.0,0.68104
eu-west-1,r7a,AMD EPYC 9R14 Processor,16,128.0,1.36208
eu-west-1,r7a,AMD EPYC 9R14 Processor,32,256.0,2.72416
eu-west-1,r7a,AMD EPYC 9R14 Processor,48,384.0,4.08624
eu-west-1,r7a,AMD EPYC 9R14 Processor,64,512.0,5.44832
eu-west-1,r7a,AMD EPYC 9R14 Processor,96,768.0,8.17248
eu-west-1,r7a,AMD EPYC 9R14 Processor,128,1024.0,10.89664
eu-west-1,r7a,AMD EPYC 9R14 Processor,192,1536.0,16.34496
eu-west-1,r7g,AWS Graviton3 Processor,1,8.0,0.0599
eu-west-1,r7g,AWS Graviton3 Processor,2,16.0,0.1199
eu-west-1,r7g,AWS Graviton3 Processor,4,32.0,0.2397
eu-west-1,r7g,AWS Graviton3 Processor,8,64.0,0.4794
eu-west-1,r7g,AWS Graviton3 Processor,16,128.0,0.9588
eu-west-1,r7g,AWS Graviton3 Processor,32,256.0,1.9176
eu-west-1,r7g,AWS Graviton3 Processor,48,384.0,2.8764
eu-west-1,r7g,AWS Graviton3 Processor,64,512.0,3.8352
eu-west-1,r7i,Intel Xeon Platinum 8488C,2,16.0,0.14805
eu-west-1,r7i,Intel Xeon Platinum 8488C,4,32.0,0.2961
eu-west-1,r7i,Intel Xeon Platinum 8488C,8,64.0,0.5922
eu-west-1,r7i,Intel Xeon Platinum 8488C,16,128.0,1.1844
eu-west-1,r7i,Intel Xeon Platinum 8488C,32,256.0,2.3688
eu-west-1,r7i,Intel Xeon Platinum 8488C,48,384.0,3.5532
eu-west-1,r7i,Intel Xeon Platinum 8488C,64,512.0,4.7376
eu-west-1,r7i,Intel Xeon Platinum 8488C,96,768.0,7.1064
eu-west-1,r7i,Intel Xeon Platinum 8488C,192,1536.0,14.2128
eu-west-1,r8a,AMD EPYC 9R45 Processor,1,8.0,0.08939
eu-west-1,r8a,AMD EPYC 9R45 Processor,2,16.0,0.17877
eu-west-1,r8a,AMD EPYC 9R45 Processor,4,32.0,0.35754
eu-west-1,r8a,AMD EPYC 9R45 Processor,8,64.0,0.71508
eu-west-1,r8a,AMD EPYC 9R45 Processor,16,128.0,1.43016
eu-west-1,r8a,AMD EPYC 9R45 Processor,32,256.0,2.86032
eu-west-1,r8a,AMD EPYC 9R45 Processor,48,384.0,4.29048
eu-west-1,r8a,AMD EPYC 9R45 Processor,64,512.0,5.72064
eu-west-1,r8a,AMD EPYC 9R45 Processor,96,768.0,8.58096
eu-west-1,r8a,AMD EPYC 9R45 Processor,192,1536.0,17.16192
eu-west-1,r8g,AWS Graviton4 Processor,1,8.0,0.06592
eu-west-1,r8g,AWS Graviton4 Processor,2,16.0,0.13184
eu-west-1,r8g,AWS Graviton4 Processor,4,32.0,0.26368
eu-west-1,r8g,AWS Graviton4 Processor,8,64.0,0.52736
eu-west-1,r8g,AWS Graviton4 Processor,16,128.0,1.05472
eu-west-1,r8g,AWS Graviton4 Processor,32,256.0,2.10944
eu-west-1,r8g,AWS Graviton4 Processor,48,384.0,3.16416
eu-west-1,r8g,AWS Graviton4 Processor,64,512.0,4.21888
eu-west-1,r8g,AWS Graviton4 Processor,96,768.0,6.32832
eu-west-1,r8g,AWS Graviton4 Processor,192,1536.0,12.65664
eu-west-1,r8i,Intel Xeon 6 6985P-C,2,16.0,0.15545
eu-west-1,r8i,Intel Xeon 6 6985P-C,4,32.0,0.3109
eu-west-1,r8i,Intel Xeon 6 6985P-C,8,64.0,0.6218
eu-west-1,r8i,Intel Xeon 6 6985P-C,16,128.0,1.2436
eu-west-1,r8i,Intel Xeon 6 6985P-C,32,256.0,2.4872
eu-west-1,r8i,Intel Xeon 6 6985P-C,48,384.0,3.7308
eu-west-1,r8i,Intel Xeon 6 6985P-C,64,512.0,4.9744
eu-west-1,r8i,Intel Xeon 6 6985P-C,96,768.0,7.4616
eu-west-1,r8i,Intel Xeon 6 6985P-C,128,1024.0,9.9488
eu-west-1,r8i,Intel Xeon 6 6985P-C,192,1536.0,14.9232
eu-west-1,r8i,Intel Xeon 6 6985P-C,384,3072.0,29.8464
eu-west-1,x8g,AWS Graviton4 Processor,1,16.0,0.117
eu-west-1,x8g,AWS Graviton4 Processor,2,32.0,0.234
eu-west-1,x8g,AWS Graviton4 Processor,4,64.0,0.468
eu-west-1,x8g,AWS Graviton4 Processor,8,128.0,0.936
eu-west-1,x8g,AWS Graviton4 Processor,16,256.0,1.872
eu-west-1,x8g,AWS Graviton4 Processor,32,512.0,3.744
eu-west-1,x8g,AWS Graviton4 Processor,48,768.0,5.616
eu-west-1,x8g,AWS Graviton4 Processor,64,1024.0,7.488
eu-west-1,x8g,AWS Graviton4 Processor,96,1536.0,11.232
eu-west-1,x8g,AWS Graviton4 Processor,192,3072.0,22.464
eu-west-1,x8i,Intel Xeon 6 6975P-C,2,32.0,0.2626
eu-west-1,x8i,Intel Xeon 6 6975P-C,4,64.0,0.5252
eu-west-1,x8i,Intel Xeon 6 6975P-C,8,128.0,1.0504
eu-west-1,x8i,Intel Xeon 6 6975P-C,16,256.0,2.1008
eu-west-1,x8i,Intel Xeon 6 6975P-C,32,512.0,4.2016
eu-west-1,x8i,Intel Xeon 6 6975P-C,48,768.0,6.3024
eu-west-1,x8i,Intel Xeon 6 6975P-C,64,1024.0,8.4032
eu-west-1,x8i,Intel Xeon 6 6975P-C,96,1536.0,12.6048
eu-west-1,x8i,Intel Xeon 6 6975P-C,128,2048.0,16.8064
eu-west-1,x8i,Intel Xeon 6 6975P-C,192,3072.0,25.2096
eu-west-1,x8i,Intel Xeon 6 6975P-C,256,4096.0,33.6128
eu-west-1,x8i,Intel Xeon 6 6975P-C,384,6144.0,54.4895
eu-west-2,c6a,AMD EPYC 7R13 Processor,2,4.0,0.0909
eu-west-2,c6a,AMD EPYC 7R13 Processor,4,8.0,0.1818
eu-west-2,c6a,AMD EPYC 7R13 Processor,8,16.0,0.3636
eu-west-2,c6a,AMD EPYC 7R13 Processor,16,32.0,0.7272
eu-west-2,c6a,AMD EPYC 7R13 Processor,32,64.0,1.4544
eu-west-2,c6a,AMD EPYC 7R13 Processor,48,96.0,2.1816
eu-west-2,c6a,AMD EPYC 7R13 Processor,64,128.0,2.9088
eu-west-2,c6a,AMD EPYC 7R13 Processor,96,192.0,4.3632
eu-west-2,c6a,AMD EPYC 7R13 Processor,128,256.0,5.8176
eu-west-2,c6a,AMD EPYC 7R13 Processor,192,384.0,8.7264
eu-west-2,c6g,AWS Graviton2 Processor,1,2.0,0.0404
eu-west-2,c6g,AWS Graviton2 Processor,2,4.0,0.0808
eu-west-2,c6g,AWS Graviton2 Processor,4,8.0,0.1616
eu-west-2,c6g,AWS Graviton2 Processor,8,16.0,0.3232
eu-west-2,c6g,AWS Graviton2 Processor,16,32.0,0.6464
eu-west-2,c6g,AWS Graviton2 Processor,32,64.0,1.2928
eu-west-2,c6g,AWS Graviton2 Processor,48,96.0,1.9392
eu-west-2,c6g,AWS Graviton2 Processor,64,128.0,2.5856
eu-west-2,c6i,Intel Xeon Platinum 8375C,2,4.0,0.101
eu-west-2,c6i,Intel Xeon Platinum 8375C,4,8.0,0.202
eu-west-2,c6i,Intel Xeon Platinum 8375C,8,16.0,0.404
eu-west-2,c6i,Intel Xeon Platinum 8375C,16,32.0,0.808
eu-west-2,c6i,Intel Xeon Platinum 8375C,32,64.0,1.616
eu-west-2,c6i,Intel Xeon Platinum 8375C,48,96.0,2.424
eu-west-2,c6i,Intel Xeon Platinum 8375C,64,128.0,3.232
eu-west-2,c6i,Intel Xeon Platinum 8375C,96,192.0,4.848
eu-west-2,c6i,Intel Xeon Platinum 8375C,128,256.0,6.464
eu-west-2,c7a,AMD EPYC 9R14 Processor,1,2.0,0.06098
eu-west-2,c7a,AMD EPYC 9R14 Processor,2,4.0,0.12196
eu-west-2,c7a,AMD EPYC 9R14 Processor,4,8.0,0.24392
eu-west-2,c7a,AMD EPYC 9R14 Processor,8,16.0,0.48784
eu-west-2,c7a,AMD EPYC 9R14 Processor,16,32.0,0.97568
eu-west-2,c7a,AMD EPYC 9R14 Processor,32,64.0,1.95136
eu-west-2,c7a,AMD EPYC 9R14 Processor,48,96.0,2.92704
eu-west-2,c7a,AMD EPYC 9R14 Processor,64,128.0,3.90272
eu-west-2,c7a,AMD EPYC 9R14 Processor,96,192.0,5.85408
eu-west-2,c7a,AMD EPYC 9R14 Processor,128,256.0,7.80544
eu-west-2,c7a,AMD EPYC 9R14 Processor,192,384.0,11.70816
eu-west-2,c7g,AWS Graviton3 Processor,1,2.0,0.0429
eu-west-2,c7g,AWS Graviton3 Processor,2,4.0,0.0859
eu-west-2,c7g,AWS Graviton3 Processor,4,8.0,0.1717
eu-west-2,c7g,AWS Graviton3 Processor,8,16.0,0.3434
eu-west-2,c7g,AWS Graviton3 Processor,16,32.0,0.6869
eu-west-2,c7g,AWS Graviton3 Processor,32,64.0,1.3738
eu-west-2,c7g,AWS Graviton3 Processor,48,96.0,2.0606
eu-west-2,c7g,AWS Graviton3 Processor,64,128.0,2.7475
eu-west-2,c7i,Intel Xeon Platinum 8488C,2,4.0,0.10605
eu-west-2,c7i,Intel Xeon Platinum 8488C,4,8.0,0.2121
eu-west-2,c7i,Intel Xeon Platinum 8488C,8,16.0,0.4242
eu-west-2,c7i,Intel Xeon Platinum 8488C,16,32.0,0.8484
eu-west-2,c7i,Intel Xeon Platinum 8488C,32,64.0,1.6968
eu-west-2,c7i,Intel Xeon Platinum 8488C,48,96.0,2.5452
eu-west-2,c7i,Intel Xeon Platinum 8488C,64,128.0,3.3936
eu-west-2,c7i,Intel Xeon Platinum 8488C,96,192.0,5.0904
eu-west-2,c7i,Intel Xeon Platinum 8488C,192,384.0,10.1808
eu-west-2,c8g,AWS Graviton4 Processor,1,2.0,0.04722
eu-west-2,c8g,AWS Graviton4 Processor,2,4.0,0.09444
eu-west-2,c8g,AWS Graviton4 Processor,4,8.0,0.18888
eu-west-2,c8g,AWS Graviton4 Processor,8,16.0,0.37776
eu-west-2,c8g,AWS Graviton4 Processor,16,32.0,0.75552
eu-west-2,c8g,AWS Graviton4 Processor,32,64.0,1.51104
eu-west-2,c8g,AWS Graviton4 Processor,48,96.0,2.26656
eu-west-2,c8g,AWS Graviton4 Processor,64,128.0,3.02208
eu-west-2,c8g,AWS Graviton4 Processor,96,192.0,4.53312
eu-west-2,c8g,AWS Graviton4 Processor,192,384.0,9.06624
eu-west-2,c8i,Intel Xeon 6 6975P-C,2,4.0,0.11135
eu-west-2,c8i,Intel Xeon 6 6975P-C,4,8.0,0.2227
eu-west-2,c8i,Intel Xeon 6 6975P-C,8,16.0,0.4454
eu-west-2,c8i,Intel Xeon 6 6975P-C,16,32.0,0.8908
eu-west-2,c8i,Intel Xeon 6 6975P-C,32,64.0,1.7816
eu-west-2,c8i,Intel Xeon 6 6975P-C,48,96.0,2.6724
eu-west-2,c8i,Intel Xeon 6 6975P-C,64,128.0,3.5632
eu-west-2,c8i,Intel Xeon 6 6975P-C,96,192.0,5.3448
eu-west-2,c8i,Intel Xeon 6 6975P-C,128,256.0,7.1264
eu-west-2,c8i,Intel Xeon 6 6975P-C,192,384.0,10.6896
eu-west-2,c8i,Intel Xeon 6 6975P-C,384,768.0,21.3792
eu-west-2,m6a,AMD EPYC 7R13 Processor,2,8.0,0.0999
eu-west-2,m6a,AMD EPYC 7R13 Processor,4,16.0,0.1998
eu-west-2,m6a,AMD EPYC 7R13 Processor,8,32.0,0.3996
eu-west-2,m6a,AMD EPYC 7R13 Processor,16,64.0,0.7992
eu-west-2,m6a,AMD EPYC 7R13 Processor,32,128.0,1.5984
eu-west-2,m6a,AMD EPYC 7R13 Processor,48,192.0,2.3976
eu-west-2,m6a,AMD EPYC 7R13 Processor,64,256.0,3.1968
eu-west-2,m6a,AMD EPYC 7R13 Processor,96,384.0,4.7952
eu-west-2,m6a,AMD EPYC 7R13 Processor,128,512.0,6.3936
eu-west-2,m6a,AMD EPYC 7R13 Processor,192,768.0,9.5904
eu-west-2,m6g,AWS Graviton2 Processor,1,4.0,0.0444
eu-west-2,m6g,AWS Graviton2 Processor,2,8.0,0.0888
eu-west-2,m6g,AWS Graviton2 Processor,4,16.0,0.1776
eu-west-2,m6g,AWS Graviton2 Processor,8,32.0,0.3552
eu-west-2,m6g,AWS Graviton2 Processor,16,64.0,0.7104
eu-west-2,m6g,AWS Graviton2 Processor,32,128.0,1.4208
eu-west-2,m6g,AWS Graviton2 Processor,48,192.0,2.1312
eu-west-2,m6g,AWS Graviton2 Processor,64,256.0,2.8416
eu-west-2,m6i,Intel Xeon Platinum 8375C,2,8.0,0.111
eu-west-2,m6i,Intel Xeon Platinum 8375C,4,16.0,0.222
eu-west-2,m6i,Intel Xeon Platinum 8375C,8,32.0,0.444
eu-west-2,m6i,Intel Xeon Platinum 8375C,16,64.0,0.888
eu-west-2,m6i,Intel Xeon Platinum 8375C,32,128.0,1.776
eu-west-2,m6i,Intel Xeon Platinum 8375C,48,192.0,2.664
eu-west-2,m6i,Intel Xeon Platinum 8375C,64,256.0,3.552
eu-west-2,m6i,Intel Xeon Platinum 8375C,96,384.0,5.328
eu-west-2,m6i,Intel Xeon Platinum 8375C,128,512.0,7.104
eu-west-2,m7a,AMD EPYC 9R14 Processor,1,4.0,0.06702
eu-west-2,m7a,AMD EPYC 9R14 Processor,2,8.0,0.13403
eu-west-2,m7a,AMD EPYC 9R14 Processor,4,16.0,0.26806
eu-west-2,m7a,AMD EPYC 9R14 Processor,8,32.0,0.53612
eu-west-2,m7a,AMD EPYC 9R14 Processor,16,64.0,1.07224
eu-west-2,m7a,AMD EPYC 9R14 Processor,32,128.0,2.14448
eu-west-2,m7a,AMD EPYC 9R14 Processor,48,192.0,3.21672
eu-west-2,m7a,AMD EPYC 9R14 Processor,64,256.0,4.28896
eu-west-2,m7a,AMD EPYC 9R14 Processor,96,384.0,6.43344
eu-west-2,m7a,AMD EPYC 9R14 Processor,128,512.0,8.57792
eu-west-2,m7a,AMD EPYC 9R14 Processor,192,768.0,12.86688
eu-west-2,m7g,AWS Graviton3 Processor,1,4.0,0.0472
eu-west-2,m7g,AWS Graviton3 Processor,2,8.0,0.0944
eu-west-2,m7g,AWS Graviton3 Processor,4,16.0,0.1887
eu-west-2,m7g,AWS Graviton3 Processor,8,32.0,0.3774
eu-west-2,m7g,AWS Graviton3 Processor,16,64.0,0.7549
eu-west-2,m7g,AWS Graviton3 Processor,32,128.0,1.5098
eu-west-2,m7g,AWS Graviton3 Processor,48,192.0,2.2646
eu-west-2,m7g,AWS Graviton3 Processor,64,256.0,3.0195
eu-west-2,m7i,Intel Xeon Platinum 8488C,2,8.0,0.11655
eu-west-2,m7i,Intel Xeon Platinum 8488C,4,16.0,0.2331
eu-west-2,m7i,Intel Xeon Platinum 8488C,8,32.0,0.4662
eu-west-2,m7i,Intel Xeon Platinum 8488C,16,64.0,0.9324
eu-west-2,m7i,Intel Xeon Platinum 8488C,32,128.0,1.8648
eu-west-2,m7i,Intel Xeon Platinum 8488C,48,192.0,2.7972
eu-west-2,m7i,Intel Xeon Platinum 8488C,64,256.0,3.7296
eu-west-2,m7i,Intel Xeon Platinum 8488C,96,384.0,5.5944
eu-west-2,m7i,Intel Xeon Platinum 8488C,192,768.0,11.1888
eu-west-2,m8g,AWS Graviton4 Processor,1,4.0,0.0519
eu-west-2,m8g,AWS Graviton4 Processor,2,8.0,0.1038
eu-west-2,m8g,AWS Graviton4 Processor,4,16.0,0.2076
eu-west-2,m8g,AWS Graviton4 Processor,8,32.0,0.4152
eu-west-2,m8g,AWS Graviton4 Processor,16,64.0,0.8304
eu-west-2,m8g,AWS Graviton4 Processor,32,128.0,1.6608
eu-west-2,m8g,AWS Graviton4 Processor,48,192.0,2.4912
eu-west-2,m8g,AWS Graviton4 Processor,64,256.0,3.3216
eu-west-2,m8g,AWS Graviton4 Processor,96,384.0,4.9824
eu-west-2,m8g,AWS Graviton4 Processor,192,768.0,9.9648
eu-west-2,m8i,Intel Xeon 6 6975P-C,2,8.0,0.12238
eu-west-2,m8i,Intel Xeon 6 6975P-C,4,16.0,0.24476
eu-west-2,m8i,Intel Xeon 6 6975P-C,8,32.0,0.48952
eu-west-2,m8i,Intel Xeon 6 6975P-C,16,64.0,0.97904
eu-west-2,m8i,Intel Xeon 6 6975P-C,32,128.0,1.95808
eu-west-2,m8i,Intel Xeon 6 6975P-C,48,192.0,2.93712
eu-west-2,m8i,Intel Xeon 6 6975P-C,64,256.0,3.91616
eu-west-2,m8i,Intel Xeon 6 6975P-C,96,384.0,5.87424
eu-west-2,m8i,Intel Xeon 6 6975P-C,128,512.0,7.83232
eu-west-2,m8i,Intel Xeon 6 6975P-C,192,768.0,11.74848
eu-west-2,m8i,Intel Xeon 6 6975P-C,384,1536.0,23.49696
eu-west-2,r6a,AMD EPYC 7R13 Processor,2,16.0,0.1332
eu-west-2,r6a,AMD EPYC 7R13 Processor,4,32.0,0.2664
eu-west-2,r6a,AMD EPYC 7R13 Processor,8,64.0,0.5328
eu-west-2,r6a,AMD EPYC 7R13 Processor,16,128.0,1.0656
eu-west-2,r6a,AMD EPYC 7R13 Processor,32,256.0,2.1312
eu-west-2,r6a,AMD EPYC 7R13 Processor,48,384.0,3.1968
eu-west-2,r6a,AMD EPYC 7R13 Processor,64,512.0,4.2624
eu-west-2,r6a,AMD EPYC 7R13 Processor,96,768.0,6.3936
eu-west-2,r6a,AMD EPYC 7R13 Processor,128,1024.0,8.5248
eu-west-2,r6a,AMD EPYC 7R13 Processor,192,1536.0,12.7872
eu-west-2,r6g,AWS Graviton2 Processor,1,8.0,0.0592
eu-west-2,r6g,AWS Graviton2 Processor,2,16.0,0.1184
eu-west-2,r6g,AWS Graviton2 Processor,4,32.0,0.2368
eu-west-2,r6g,AWS Graviton2 Processor,8,64.0,0.4736
eu-west-2,r6g,AWS Graviton2 Processor,16,128.0,0.9472
eu-west-2,r6g,AWS Graviton2 Processor,32,256.0,1.8944
eu-west-2,r6g,AWS Graviton2 Processor,48,384.0,2.8416
eu-west-2,r6g,AWS Graviton2 Processor,64,512.0,3.7888
eu-west-2,r6i,Intel Xeon Platinum 8375C,2,16.0,0.148
eu-west-2,r6i,Intel Xeon Platinum 8375C,4,32.0,0.296
eu-west-2,r6i,Intel Xeon Platinum 8375C,8,64.0,0.592
eu-west-2,r6i,Intel Xeon Platinum 8375C,16,128.0,1.184
eu-west-2,r6i,Intel Xeon Platinum 8375C,32,256.0,2.368
eu-west-2,r6i,Intel Xeon Platinum 8375C,48,384.0,3.552
eu-west-2,r6i,Intel Xeon Platinum 8375C,64,512.0,4.736
eu-west-2,r6i,Intel Xeon Platinum 8375C,96,768.0,7.104
eu-west-2,r6i,Intel Xeon Platinum 8375C,128,1024.0,9.472
eu-west-2,r7g,AWS Graviton3 Processor,1,8.0,0.0629
eu-west-2,r7g,AWS Graviton3 Processor,2,16.0,0.1258
eu-west-2,r7g,AWS Graviton3 Processor,4,32.0,0.2516
eu-west-2,r7g,AWS Graviton3 Processor,8,64.0,0.5032
eu-west-2,r7g,AWS Graviton3 Processor,16,128.0,1.0064
eu-west-2,r7g,AWS Graviton3 Processor,32,256.0,2.0128
eu-west-2,r7g,AWS Graviton3 Processor,48,384.0,3.0192
eu-west-2,r7g,AWS Graviton3 Processor,64,512.0,4.0256
eu-west-2,r7i,Intel Xeon Platinum 8488C,2,16.0,0.1554
eu-west-2,r7i,Intel Xeon Platinum 8488C,4,32.0,0.3108
eu-west-2,r7i,Intel Xeon Platinum 8488C,8,64.0,0.6216
eu-west-2,r7i,Intel Xeon Platinum 8488C,16,128.0,1.2432
eu-west-2,r7i,Intel Xeon Platinum 8488C,32,256.0,2.4864
eu-west-2,r7i,Intel Xeon Platinum 8488C,48,384.0,3.7296
eu-west-2,r7i,Intel Xeon Platinum 8488C,64,512.0,4.9728
eu-west-2,r7i,Intel Xeon Platinum 8488C,96,768.0,7.4592
eu-west-2,r7i,Intel Xeon Platinum 8488C,192,1536.0,14.9184
eu-west-2,r8g,AWS Graviton4 Processor,1,8.0,0.06919
eu-west-2,r8g,AWS Graviton4 Processor,2,16.0,0.13838
eu-west-2,r8g,AWS Graviton4 Processor,4,32.0,0.27676
eu-west-2,r8g,AWS Graviton4 Processor,8,64.0,0.55352
eu-west-2,r8g,AWS Graviton4 Processor,16,128.0,1.10704
eu-west-2,r8g,AWS Graviton4 Processor,32,256.0,2.21408
eu-west-2,r8g,AWS Graviton4 Processor,48,384.0,3.32112
eu-west-2,r8g,AWS Graviton4 Processor,64,512.0,4.42816
eu-west-2,r8g,AWS Graviton4 Processor,96,768.0,6.64224
eu-west-2,r8g,AWS Graviton4 Processor,192,1536.0,13.28448
eu-west-2,r8i,Intel Xeon 6 6985P-C,2,16.0,0.16317
eu-west-2,r8i,Intel Xeon 6 6985P-C,4,32.0,0.32634
eu-west-2,r8i,Intel Xeon 6 6985P-C,8,64.0,0.65268
eu-west-2,r8i,Intel Xeon 6 6985P-C,16,128.0,1.30536
eu-west-2,r8i,Intel Xeon 6 6985P-C,32,256.0,2.61072
eu-west-2,r8i,Intel Xeon 6 6985P-C,48,384.0,3.91608
eu-west-2,r8i,Intel Xeon 6 6985P-C,64,512.0,5.22144
eu-west-2,r8i,Intel Xeon 6 6985P-C,96,768.0,7.83216
eu-west-2,r8i,Intel Xeon 6 6985P-C,128,1024.0,10.44288
eu-west-2,r8i,Intel Xeon 6 6985P-C,192,1536.0,15.66432
eu-west-2,r8i,Intel Xeon 6 6985P-C,384,3072.0,31.32864
eu-west-3,c6g,AWS Graviton2 Processor,1,2.0,0.0405
eu-west-3,c6g,AWS Graviton2 Processor,2,4.0,0.081
eu-west-3,c6g,AWS Graviton2 Processor,4,8.0,0.162
eu-west-3,c6g,AWS Graviton2 Processor,8,16.0,0.324
eu-west-3,c6g,AWS Graviton2 Processor,16,32.0,0.648
eu-west-3,c6g,AWS Graviton2 Processor,32,64.0,1.296
eu-west-3,c6g,AWS Graviton2 Processor,48,96.0,1.944
eu-west-3,c6g,AWS Graviton2 Processor,64,128.0,2.592
eu-west-3,c6i,Intel Xeon Platinum 8375C,2,4.0,0.101
eu-west-3,c6i,Intel Xeon Platinum 8375C,4,8.0,0.202
eu-west-3,c6i,Intel Xeon Platinum 8375C,8,16.0,0.404
eu-west-3,c6i,Intel Xeon Platinum 8375C,16,32.0,0.808
eu-west-3,c6i,Intel Xeon Platinum 8375C,32,64.0,1.616
eu-west-3,c6i,Intel Xeon Platinum 8375C,48,96.0,2.424
eu-west-3,c6i,Intel Xeon Platinum 8375C,64,128.0,3.232
eu-west-3,c6i,Intel Xeon Platinum 8375C,96,192.0,4.848
eu-west-3,c6i,Intel Xeon Platinum 8375C,128,256.0,6.464
eu-west-3,c7g,AWS Graviton3 Processor,1,2.0,0.0429
eu-west-3,c7g,AWS Graviton3 Processor,2,4.0,0.0859
eu-west-3,c7g,AWS Graviton3 Processor,4,8.0,0.1717
eu-west-3,c7g,AWS Graviton3 Processor,8,16.0,0.3434
eu-west-3,c7g,AWS Graviton3 Processor,16,32.0,0.6869
eu-west-3,c7g,AWS Graviton3 Processor,32,64.0,1.3738
eu-west-3,c7g,AWS Graviton3 Processor,48,96.0,2.0606
eu-west-3,c7g,AWS Graviton3 Processor,64,128.0,2.7475
eu-west-3,c7i,Intel Xeon Platinum 8488C,2,4.0,0.10605
eu-west-3,c7i,Intel Xeon Platinum 8488C,4,8.0,0.2121
eu-west-3,c7i,Intel Xeon Platinum 8488C,8,16.0,0.4242
eu-west-3,c7i,Intel Xeon Platinum 8488C,16,32.0,0.8484
eu-west-3,c7i,Intel Xeon Platinum 8488C,32,64.0,1.6968
eu-west-3,c7i,Intel Xeon Platinum 8488C,48,96.0,2.5452
eu-west-3,c7i,Intel Xeon Platinum 8488C,64,128.0,3.3936
eu-west-3,c7i,Intel Xeon Platinum 8488C,96,192.0,5.0904
eu-west-3,c7i,Intel Xeon Platinum 8488C,192,384.0,10.1808
eu-west-3,c8g,AWS Graviton4 Processor,1,2.0,0.04722
eu-west-3,c8g,AWS Graviton4 Processor,2,4.0,0.09444
eu-west-3,c8g,AWS Graviton4 Processor,4,8.0,0.18888
eu-west-3,c8g,AWS Graviton4 Processor,8,16.0,0.37776
eu-west-3,c8g,AWS Graviton4 Processor,16,32.0,0.75552
eu-west-3,c8g,AWS Graviton4 Processor,32,64.0,1.51104
eu-west-3,c8g,AWS Graviton4 Processor,48,96.0,2.26656
eu-west-3,c8g,AWS Graviton4 Processor,64,128.0,3.02208
eu-west-3,c8g,AWS Graviton4 Processor,96,192.0,4.53312
eu-west-3,c8g,AWS Graviton4 Processor,192,384.0,9.06624
eu-west-3,c8i,Intel Xeon 6 6975P-C,2,4.0,0.11135
eu-west-3,c8i,Intel Xeon 6 6975P-C,4,8.0,0.2227
eu-west-3,c8i,Intel Xeon 6 6975P-C,8,16.0,0.4454
eu-west-3,c8i,Intel Xeon 6 6975P-C,16,32.0,0.8908
eu-west-3,c8i,Intel Xeon 6 6975P-C,32,64.0,1.7816
eu-west-3,c8i,Intel Xeon 6 6975P-C,48,96.0,2.6724
eu-west-3,c8i,Intel Xeon 6 6975P-C,64,128.0,3.5632
eu-west-3,c8i,Intel Xeon 6 6975P-C,96,192.0,5.3448
eu-west-3,c8i,Intel Xeon 6 6975P-C,128,256.0,7.1264
eu-west-3,c8i,Intel Xeon 6 6975P-C,192,384.0,10.6896
eu-west-3,c8i,Intel Xeon 6 6975P-C,384,768.0,21.3792
eu-west-3,m6a,AMD EPYC 7R13 Processor,2,8.0,0.1008
eu-west-3,m6a,AMD EPYC 7R13 Processor,4,16.0,0.2016
eu-west-3,m6a,AMD EPYC 7R13 Processor,8,32.0,0.4032
eu-west-3,m6a,AMD EPYC 7R13 Processor,16,64.0,0.8064
eu-west-3,m6a,AMD EPYC 7R13 Processor,32,128.0,1.6128
eu-west-3,m6a,AMD EPYC 7R13 Processor,48,192.0,2.4192
eu-west-3,m6a,AMD EPYC 7R13 Processor,64,256.0,3.2256
eu-west-3,m6a,AMD EPYC 7R13 Processor,96,384.0,4.8384
eu-west-3,m6a,AMD EPYC 7R13 Processor,128,512.0,6.4512
eu-west-3,m6a,AMD EPYC 7R13 Processor,192,768.0,9.6768
eu-west-3,m6g,AWS Graviton2 Processor,1,4.0,0.045
eu-west-3,m6g,AWS Graviton2 Processor,2,8.0,0.09
eu-west-3,m6g,AWS Graviton2 Processor,4,16.0,0.18
eu-west-3,m6g,AWS Graviton2 Processor,8,32.0,0.36
eu-west-3,m6g,AWS Graviton2 Processor,16,64.0,0.72
eu-west-3,m6g,AWS Graviton2 Processor,32,128.0,1.44
eu-west-3,m6g,AWS Graviton2 Processor,48,192.0,2.16
eu-west-3,m6g,AWS Graviton2 Processor,64,256.0,2.88
eu-west-3,m6i,Intel Xeon Platinum 8375C,2,8.0,0.112
eu-west-3,m6i,Intel Xeon Platinum 8375C,4,16.0,0.224
eu-west-3,m6i,Intel Xeon Platinum 8375C,8,32.0,0.448
eu-west-3,m6i,Intel Xeon Platinum 8375C,16,64.0,0.896
eu-west-3,m6i,Intel Xeon Platinum 8375C,32,128.0,1.792
eu-west-3,m6i,Intel Xeon Platinum 8375C,48,192.0,2.688
eu-west-3,m6i,Intel Xeon Platinum 8375C,64,256.0,3.584
eu-west-3,m6i,Intel Xeon Platinum 8375C,96,384.0,5.376
eu-west-3,m6i,Intel Xeon Platinum 8375C,128,512.0,7.168
eu-west-3,m7g,AWS Graviton3 Processor,1,4.0,0.0476
eu-west-3,m7g,AWS Graviton3 Processor,2,8.0,0.0952
eu-west-3,m7g,AWS Graviton3 Processor,4,16.0,0.1904
eu-west-3,m7g,AWS Graviton3 Processor,8,32.0,0.3808
eu-west-3,m7g,AWS Graviton3 Processor,16,64.0,0.7616
eu-west-3,m7g,AWS Graviton3 Processor,32,128.0,1.5232
eu-west-3,m7g,AWS Graviton3 Processor,48,192.0,2.2848
eu-west-3,m7g,AWS Graviton3 Processor,64,256.0,3.0464
eu-west-3,m7i,Intel Xeon Platinum 8488C,2,8.0,0.1176
eu-west-3,m7i,Intel Xeon Platinum 8488C,4,16.0,0.2352
eu-west-3,m7i,Intel Xeon Platinum 8488C,8,32.0,0.4704
eu-west-3,m7i,Intel Xeon Platinum 8488C,16,64.0,0.9408
eu-west-3,m7i,Intel Xeon Platinum 8488C,32,128.0,1.8816
eu-west-3,m7i,Intel Xeon Platinum 8488C,48,192.0,2.8224
eu-west-3,m7i,Intel Xeon Platinum 8488C,64,256.0,3.7632
eu-west-3,m7i,Intel Xeon Platinum 8488C,96,384.0,5.6448
eu-west-3,m7i,Intel Xeon Platinum 8488C,192,768.0,11.2896
eu-west-3,m8g,AWS Graviton4 Processor,1,4.0,0.05236
eu-west-3,m8g,AWS Graviton4 Processor,2,8.0,0.10472
eu-west-3,m8g,AWS Graviton4 Processor,4,16.0,0.20944
eu-west-3,m8g,AWS Graviton4 Processor,8,32.0,0.41888
eu-west-3,m8g,AWS Graviton4 Processor,16,64.0,0.83776
eu-west-3,m8g,AWS Graviton4 Processor,32,128.0,1.67552
eu-west-3,m8g,AWS Graviton4 Processor,48,192.0,2.51328
eu-west-3,m8g,AWS Graviton4 Processor,64,256.0,3.35104
eu-west-3,m8g,AWS Graviton4 Processor,96,384.0,5.02656
eu-west-3,m8g,AWS Graviton4 Processor,192,768.0,10.05312
eu-west-3,m8i,Intel Xeon 6 6975P-C,2,8.0,0.12348
eu-west-3,m8i,Intel Xeon 6 6975P-C,4,16.0,0.24696
eu-west-3,m8i,Intel Xeon 6 6975P-C,8,32.0,0.49392
eu-west-3,m8i,Intel Xeon 6 6975P-C,16,64.0,0.98784
eu-west-3,m8i,Intel Xeon 6 6975P-C,32,128.0,1.97568
eu-west-3,m8i,Intel Xeon 6 6975P-C,48,192.0,2.96352
eu-west-3,m8i,Intel Xeon 6 6975P-C,64,256.0,3.95136
eu-west-3,m8i,Intel Xeon 6 6975P-C,96,384.0,5.92704
eu-west-3,m8i,Intel Xeon 6 6975P-C,128,512.0,7.90272
eu-west-3,m8i,Intel Xeon 6 6975P-C,192,768.0,11.85408
eu-west-3,m8i,Intel Xeon 6 6975P-C,384,1536.0,23.70816
eu-west-3,r6g,AWS Graviton2 Processor,1,8.0,0.059
eu-west-3,r6g,AWS Graviton2 Processor,2,16.0,0.118
eu-west-3,r6g,AWS Graviton2 Processor,4,32.0,0.236
eu-west-3,r6g,AWS Graviton2 Processor,8,64.0,0.472
eu-west-3,r6g,AWS Graviton2 Processor,16,128.0,0.944
eu-west-3,r6g,AWS Graviton2 Processor,32,256.0,1.888
eu-west-3,r6g,AWS Graviton2 Processor,48,384.0,2.832
eu-west-3,r6g,AWS Graviton2 Processor,64,512.0,3.776
eu-west-3,r6i,Intel Xeon Platinum 8375C,2,16.0,0.148
eu-west-3,r6i,Intel Xeon Platinum 8375C,4,32.0,0.296
eu-west-3,r6i,Intel Xeon Platinum 8375C,8,64.0,0.592
eu-west-3,r6i,Intel Xeon Platinum 8375C,16,128.0,1.184
eu-west-3,r6i,Intel Xeon Platinum 8375C,32,256.0,2.368
eu-west-3,r6i,Intel Xeon Platinum 8375C,48,384.0,3.552
eu-west-3,r6i,Intel Xeon Platinum 8375C,64,512.0,4.736
eu-west-3,r6i,Intel Xeon Platinum 8375C,96,768.0,7.104
eu-west-3,r6i,Intel Xeon Platinum 8375C,128,1024.0,9.472
eu-west-3,r7g,AWS Graviton3 Processor,1,8.0,0.0629
eu-west-3,r7g,AWS Graviton3 Processor,2,16.0,0.1258
eu-west-3,r7g,AWS Graviton3 Processor,4,32.0,0.2516
eu-west-3,r7g,AWS Graviton3 Processor,8,64.0,0.5032
eu-west-3,r7g,AWS Graviton3 Processor,16,128.0,1.0064
eu-west-3,r7g,AWS Graviton3 Processor,32,256.0,2.0128
eu-west-3,r7g,AWS Graviton3 Processor,48,384.0,3.0192
eu-west-3,r7g,AWS Graviton3 Processor,64,512.0,4.0256
eu-west-3,r7i,Intel Xeon Platinum 8488C,2,16.0,0.1554
eu-west-3,r7i,Intel Xeon Platinum 8488C,4,32.0,0.3108
eu-west-3,r7i,Intel Xeon Platinum 8488C,8,64.0,0.6216
eu-west-3,r7i,Intel Xeon Platinum 8488C,16,128.0,1.2432
eu-west-3,r7i,Intel Xeon Platinum 8488C,32,256.0,2.4864
eu-west-3,r7i,Intel Xeon Platinum 8488C,48,384.0,3.7296
eu-west-3,r7i,Intel Xeon Platinum 8488C,64,512.0,4.9728
eu-west-3,r7i,Intel Xeon Platinum 8488C,96,768.0,7.4592
eu-west-3,r7i,Intel Xeon Platinum 8488C,192,1536.0,14.9184
eu-west-3,r8g,AWS Graviton4 Processor,1,8.0,0.06919
eu-west-3,r8g,AWS Graviton4 Processor,2,16.0,0.13838
eu-west-3,r8g,AWS Graviton4 Processor,4,32.0,0.27676
eu-west-3,r8g,AWS Graviton4 Processor,8,64.0,0.55352
eu-west-3,r8g,AWS Graviton4 Processor,16,128.0,1.10704
eu-west-3,r8g,AWS Graviton4 Processor,32,256.0,2.21408
eu-west-3,r8g,AWS Graviton4 Processor,48,384.0,3.32112
eu-west-3,r8g,AWS Graviton4 Processor,64,512.0,4.42816
eu-west-3,r8g,AWS Graviton4 Processor,96,768.0,6.64224
eu-west-3,r8g,AWS Graviton4 Processor,192,1536.0,13.28448
eu-west-3,r8i,Intel Xeon 6 6985P-C,2,16.0,0.16317
eu-west-3,r8i,Intel Xeon 6 6985P-C,4,32.0,0.32634
eu-west-3,r8i,Intel Xeon 6 6985P-C,8,64.0,0.65268
eu-west-3,r8i,Intel Xeon 6 6985P-C,16,128.0,1.30536
eu-west-3,r8i,Intel Xeon 6 6985P-C,32,256.0,2.61072
eu-west-3,r8i,Intel Xeon 6 6985P-C,48,384.0,3.91608
eu-west-3,r8i,Intel Xeon 6 6985P-C,64,512.0,5.22144
eu-west-3,r8i,Intel Xeon 6 6985P-C,96,768.0,7.83216
eu-west-3,r8i,Intel Xeon 6 6985P-C,128,1024.0,10.44288
eu-west-3,r8i,Intel Xeon 6 6985P-C,192,1536.0,15.66432
eu-west-3,r8i,Intel Xeon 6 6985P-C,384,3072.0,31.32864
eu-west-3,x8i,Intel Xeon 6 6975P-C,2,32.0,0.27572
eu-west-3,x8i,Intel Xeon 6 6975P-C,4,64.0,0.55144
eu-west-3,x8i,Intel Xeon 6 6975P-C,8,128.0,1.10288
eu-west-3,x8i,Intel Xeon 6 6975P-C,16,256.0,2.20576
eu-west-3,x8i,Intel Xeon 6 6975P-C,32,512.0,4.41152
eu-west-3,x8i,Intel Xeon 6 6975P-C,48,768.0,6.61728
eu-west-3,x8i,Intel Xeon 6 6975P-C,64,1024.0,8.82304
eu-west-3,x8i,Intel Xeon 6 6975P-C,96,1536.0,13.23456
eu-west-3,x8i,Intel Xeon 6 6975P-C,128,2048.0,17.64608
eu-west-3,x8i,Intel Xeon 6 6975P-C,192,3072.0,26.46912
eu-west-3,x8i,Intel Xeon 6 6975P-C,256,4096.0,35.29216
eu-west-3,x8i,Intel Xeon 6 6975P-C,384,6144.0,57.2119
il-central-1,c6g,AWS Graviton2 Processor,1,2.0,0.0383
il-central-1,c6g,AWS Graviton2 Processor,2,4.0,0.0766
il-central-1,c6g,AWS Graviton2 Processor,4,8.0,0.1532
il-central-1,c6g,AWS Graviton2 Processor,8,16.0,0.3064
il-central-1,c6g,AWS Graviton2 Processor,16,32.0,0.6128
il-central-1,c6g,AWS Graviton2 Processor,32,64.0,1.2256
il-central-1,c6g,AWS Graviton2 Processor,48,96.0,1.8384
il-central-1,c6g,AWS Graviton2 Processor,64,128.0,2.4512
il-central-1,c6i,Intel Xeon Platinum 8375C,2,4.0,0.09576
il-central-1,c6i,Intel Xeon Platinum 8375C,4,8.0,0.19152
il-central-1,c6i,Intel Xeon Platinum 8375C,8,16.0,0.38304
il-central-1,c6i,Intel Xeon Platinum 8375C,16,32.0,0.76608
il-central-1,c6i,Intel Xeon Platinum 8375C,32,64.0,1.53216
il-central-1,c6i,Intel Xeon Platinum 8375C,48,96.0,2.29824
il-central-1,c6i,Intel Xeon Platinum 8375C,64,128.0,3.06432
il-central-1,c6i,Intel Xeon Platinum 8375C,96,192.0,4.59648
il-central-1,c6i,Intel Xeon Platinum 8375C,128,256.0,6.12864
il-central-1,c7g,AWS Graviton3 Processor,1,2.0,0.0407
il-central-1,c7g,AWS Graviton3 Processor,2,4.0,0.0814
il-central-1,c7g,AWS Graviton3 Processor,4,8.0,0.1628
il-central-1,c7g,AWS Graviton3 Processor,8,16.0,0.3256
il-central-1,c7g,AWS Graviton3 Processor,16,32.0,0.6512
il-central-1,c7g,AWS Graviton3 Processor,32,64.0,1.3024
il-central-1,c7g,AWS Graviton3 Processor,48,96.0,1.9536
il-central-1,c7g,AWS Graviton3 Processor,64,128.0,2.6048
il-central-1,c7i,Intel Xeon Platinum 8488C,2,4.0,0.10055
il-central-1,c7i,Intel Xeon Platinum 8488C,4,8.0,0.2011
il-central-1,c7i,Intel Xeon Platinum 8488C,8,16.0,0.4022
il-central-1,c7i,Intel Xeon Platinum 8488C,16,32.0,0.8044
il-central-1,c7i,Intel Xeon Platinum 8488C,32,64.0,1.6088
il-central-1,c7i,Intel Xeon Platinum 8488C,48,96.0,2.4132
il-central-1,c7i,Intel Xeon Platinum 8488C,64,128.0,3.2176
il-central-1,c7i,Intel Xeon Platinum 8488C,96,192.0,4.8264
il-central-1,c7i,Intel Xeon Platinum 8488C,192,384.0,9.6528
il-central-1,c8g,AWS Graviton4 Processor,1,2.0,0.04477
il-central-1,c8g,AWS Graviton4 Processor,2,4.0,0.08954
il-central-1,c8g,AWS Graviton4 Processor,4,8.0,0.17908
il-central-1,c8g,AWS Graviton4 Processor,8,16.0,0.35816
il-central-1,c8g,AWS Graviton4 Processor,16,32.0,0.71632
il-central-1,c8g,AWS Graviton4 Processor,32,64.0,1.43264
il-central-1,c8g,AWS Graviton4 Processor,48,96.0,2.14896
il-central-1,c8g,AWS Graviton4 Processor,64,128.0,2.86528
il-central-1,c8g,AWS Graviton4 Processor,96,192.0,4.29792
il-central-1,c8g,AWS Graviton4 Processor,192,384.0,8.59584
il-central-1,m6g,AWS Graviton2 Processor,1,4.0,0.0452
il-central-1,m6g,AWS Graviton2 Processor,2,8.0,0.0903
il-central-1,m6g,AWS Graviton2 Processor,4,16.0,0.1806
il-central-1,m6g,AWS Graviton2 Processor,8,32.0,0.3612
il-central-1,m6g,AWS Graviton2 Processor,16,64.0,0.7224
il-central-1,m6g,AWS Graviton2 Processor,32,128.0,1.4448
il-central-1,m6g,AWS Graviton2 Processor,48,192.0,2.1672
il-central-1,m6g,AWS Graviton2 Processor,64,256.0,2.8896
il-central-1,m6i,Intel Xeon Platinum 8375C,2,8.0,0.11235
il-central-1,m6i,Intel Xeon Platinum 8375C,4,16.0,0.2247
il-central-1,m6i,Intel Xeon Platinum 8375C,8,32.0,0.4494
il-central-1,m6i,Intel Xeon Platinum 8375C,16,64.0,0.8988
il-central-1,m6i,Intel Xeon Platinum 8375C,32,128.0,1.7976
il-central-1,m6i,Intel Xeon Platinum 8375C,48,192.0,2.6964
il-central-1,m6i,Intel Xeon Platinum 8375C,64,256.0,3.5952
il-central-1,m6i,Intel Xeon Platinum 8375C,96,384.0,5.3928
il-central-1,m6i,Intel Xeon Platinum 8375C,128,512.0,7.1904
il-central-1,m7g,AWS Graviton3 Processor,1,4.0,0.0478
il-central-1,m7g,AWS Graviton3 Processor,2,8.0,0.0955
il-central-1,m7g,AWS Graviton3 Processor,4,16.0,0.191
il-central-1,m7g,AWS Graviton3 Processor,8,32.0,0.382
il-central-1,m7g,AWS Graviton3 Processor,16,64.0,0.764
il-central-1,m7g,AWS Graviton3 Processor,32,128.0,1.528
il-central-1,m7g,AWS Graviton3 Processor,48,192.0,2.292
il-central-1,m7g,AWS Graviton3 Processor,64,256.0,3.056
il-central-1,m7i,Intel Xeon Platinum 8488C,2,8.0,0.11797
il-central-1,m7i,Intel Xeon Platinum 8488C,4,16.0,0.23594
il-central-1,m7i,Intel Xeon Platinum 8488C,8,32.0,0.47188
il-central-1,m7i,Intel Xeon Platinum 8488C,16,64.0,0.94376
il-central-1,m7i,Intel Xeon Platinum 8488C,32,128.0,1.88752
il-central-1,m7i,Intel Xeon Platinum 8488C,48,192.0,2.83128
il-central-1,m7i,Intel Xeon Platinum 8488C,64,256.0,3.77504
il-central-1,m7i,Intel Xeon Platinum 8488C,96,384.0,5.66256
il-central-1,m7i,Intel Xeon Platinum 8488C,192,768.0,11.32512
il-central-1,r6g,AWS Graviton2 Processor,1,8.0,0.0592
il-central-1,r6g,AWS Graviton2 Processor,2,16.0,0.1184
il-central-1,r6g,AWS Graviton2 Processor,4,32.0,0.2369
il-central-1,r6g,AWS Graviton2 Processor,8,64.0,0.4738
il-central-1,r6g,AWS Graviton2 Processor,16,128.0,0.9475
il-central-1,r6g,AWS Graviton2 Processor,32,256.0,1.895
il-central-1,r6g,AWS Graviton2 Processor,48,384.0,2.8426
il-central-1,r6g,AWS Graviton2 Processor,64,512.0,3.7901
il-central-1,r6i,Intel Xeon Platinum 8375C,2,16.0,0.14805
il-central-1,r6i,Intel Xeon Platinum 8375C,4,32.0,0.2961
il-central-1,r6i,Intel Xeon Platinum 8375C,8,64.0,0.5922
il-central-1,r6i,Intel Xeon Platinum 8375C,16,128.0,1.1844
il-central-1,r6i,Intel Xeon Platinum 8375C,32,256.0,2.3688
il-central-1,r6i,Intel Xeon Platinum 8375C,48,384.0,3.5532
il-central-1,r6i,Intel Xeon Platinum 8375C,64,512.0,4.7376
il-central-1,r6i,Intel Xeon Platinum 8375C,96,768.0,7.1064
il-central-1,r6i,Intel Xeon Platinum 8375C,128,1024.0,9.4752
il-central-1,r7g,AWS Graviton3 Processor,1,8.0,0.0629
il-central-1,r7g,AWS Graviton3 Processor,2,16.0,0.1258
il-central-1,r7g,AWS Graviton3 Processor,4,32.0,0.2517
il-central-1,r7g,AWS Graviton3 Processor,8,64.0,0.5034
il-central-1,r7g,AWS Graviton3 Processor,16,128.0,1.0067
il-central-1,r7g,AWS Graviton3 Processor,32,256.0,2.0134
il-central-1,r7g,AWS Graviton3 Processor,48,384.0,3.0202
il-central-1,r7g,AWS Graviton3 Processor,64,512.0,4.0269
me-central-1,c6g,AWS Graviton2 Processor,1,2.0,0.0401
me-central-1,c6g,AWS Graviton2 Processor,2,4.0,0.0803
me-central-1,c6g,AWS Graviton2 Processor,4,8.0,0.1605
me-central-1,c6g,AWS Graviton2 Processor,8,16.0,0.321
me-central-1,c6g,AWS Graviton2 Processor,16,32.0,0.6421
me-central-1,c6g,AWS Graviton2 Processor,32,64.0,1.2842
me-central-1,c6g,AWS Graviton2 Processor,48,96.0,1.9262
me-central-1,c6g,AWS Graviton2 Processor,64,128.0,2.5683
me-central-1,c7i,Intel Xeon Platinum 8488C,2,4.0,0.10725
me-central-1,c7i,Intel Xeon Platinum 8488C,4,8.0,0.2145
me-central-1,c7i,Intel Xeon Platinum 8488C,8,16.0,0.429
me-central-1,c7i,Intel Xeon Platinum 8488C,16,32.0,0.858
me-central-1,c7i,Intel Xeon Platinum 8488C,32,64.0,1.716
me-central-1,c7i,Intel Xeon Platinum 8488C,48,96.0,2.574
me-central-1,c7i,Intel Xeon Platinum 8488C,64,128.0,3.432
me-central-1,c7i,Intel Xeon Platinum 8488C,96,192.0,5.148
me-central-1,c7i,Intel Xeon Platinum 8488C,192,384.0,10.296
me-central-1,m6g,AWS Graviton2 Processor,1,4.0,0.0473
me-central-1,m6g,AWS Graviton2 Processor,2,8.0,0.0946
me-central-1,m6g,AWS Graviton2 Processor,4,16.0,0.1892
me-central-1,m6g,AWS Graviton2 Processor,8,32.0,0.3784
me-central-1,m6g,AWS Graviton2 Processor,16,64.0,0.7568
me-central-1,m6g,AWS Graviton2 Processor,32,128.0,1.5136
me-central-1,m6g,AWS Graviton2 Processor,48,192.0,2.2704
me-central-1,m6g,AWS Graviton2 Processor,64,256.0,3.0272
me-central-1,m6i,Intel Xeon Platinum 8375C,2,8.0,0.1177
me-central-1,m6i,Intel Xeon Platinum 8375C,4,16.0,0.2354
me-central-1,m6i,Intel Xeon Platinum 8375C,8,32.0,0.4708
me-central-1,m6i,Intel Xeon Platinum 8375C,16,64.0,0.9416
me-central-1,m6i,Intel Xeon Platinum 8375C,32,128.0,1.8832
me-central-1,m6i,Intel Xeon Platinum 8375C,48,192.0,2.8248
me-central-1,m6i,Intel Xeon Platinum 8375C,64,256.0,3.7664
me-central-1,m6i,Intel Xeon Platinum 8375C,96,384.0,5.6496
me-central-1,m6i,Intel Xeon Platinum 8375C,128,512.0,7.5328
me-central-1,m7g,AWS Graviton3 Processor,1,4.0,0.05
me-central-1,m7g,AWS Graviton3 Processor,2,8.0,0.1
me-central-1,m7g,AWS Graviton3 Processor,4,16.0,0.2001
me-central-1,m7g,AWS Graviton3 Processor,8,32.0,0.4002
me-central-1,m7g,AWS Graviton3 Processor,16,64.0,0.8004
me-central-1,m7g,AWS Graviton3 Processor,32,128.0,1.6007
me-central-1,m7g,AWS Graviton3 Processor,48,192.0,2.4011
me-central-1,m7g,AWS Graviton3 Processor,64,256.0,3.2014
me-central-1,m7i,Intel Xeon Platinum 8488C,2,8.0,0.12359
me-central-1,m7i,Intel Xeon Platinum 8488C,4,16.0,0.24718
me-central-1,m7i,Intel Xeon Platinum 8488C,8,32.0,0.49436
me-central-1,m7i,Intel Xeon Platinum 8488C,16,64.0,0.98872
me-central-1,m7i,Intel Xeon Platinum 8488C,32,128.0,1.97744
me-central-1,m7i,Intel Xeon Platinum 8488C,48,192.0,2.96616
me-central-1,m7i,Intel Xeon Platinum 8488C,64,256.0,3.95488
me-central-1,m7i,Intel Xeon Platinum 8488C,96,384.0,5.93232
me-central-1,m7i,Intel Xeon Platinum 8488C,192,768.0,11.86464
me-central-1,m8g,AWS Graviton4 Processor,1,4.0,0.05502
me-central-1,m8g,AWS Graviton4 Processor,2,8.0,0.11004
me-central-1,m8g,AWS Graviton4 Processor,4,16.0,0.22008
me-central-1,m8g,AWS Graviton4 Processor,8,32.0,0.44016
me-central-1,m8g,AWS Graviton4 Processor,16,64.0,0.88032
me-central-1,m8g,AWS Graviton4 Processor,32,128.0,1.76064
me-central-1,m8g,AWS Graviton4 Processor,48,192.0,2.64096
me-central-1,m8g,AWS Graviton4 Processor,64,256.0,3.52128
me-central-1,m8g,AWS Graviton4 Processor,96,384.0,5.28192
me-central-1,m8g,AWS Graviton4 Processor,192,768.0,10.56384
me-central-1,r6g,AWS Graviton2 Processor,1,8.0,0.062
me-central-1,r6g,AWS Graviton2 Processor,2,16.0,0.1241
me-central-1,r6g,AWS Graviton2 Processor,4,32.0,0.2482
me-central-1,r6g,AWS Graviton2 Processor,8,64.0,0.4963
me-central-1,r6g,AWS Graviton2 Processor,16,128.0,0.9926
me-central-1,r6g,AWS Graviton2 Processor,32,256.0,1.9853
me-central-1,r6g,AWS Graviton2 Processor,48,384.0,2.9779
me-central-1,r6g,AWS Graviton2 Processor,64,512.0,3.9706
me-central-1,r6i,Intel Xeon Platinum 8375C,2,16.0,0.1551
me-central-1,r6i,Intel Xeon Platinum 8375C,4,32.0,0.3102
me-central-1,r6i,Intel Xeon Platinum 8375C,8,64.0,0.6204
me-central-1,r6i,Intel Xeon Platinum 8375C,16,128.0,1.2408
me-central-1,r6i,Intel Xeon Platinum 8375C,32,256.0,2.4816
me-central-1,r6i,Intel Xeon Platinum 8375C,48,384.0,3.7224
me-central-1,r6i,Intel Xeon Platinum 8375C,64,512.0,4.9632
me-central-1,r6i,Intel Xeon Platinum 8375C,96,768.0,7.4448
me-central-1,r6i,Intel Xeon Platinum 8375C,128,1024.0,9.9264
me-central-1,r7g,AWS Graviton3 Processor,1,8.0,0.0659
me-central-1,r7g,AWS Graviton3 Processor,2,16.0,0.1318
me-central-1,r7g,AWS Graviton3 Processor,4,32.0,0.2637
me-central-1,r7g,AWS Graviton3 Processor,8,64.0,0.5274
me-central-1,r7g,AWS Graviton3 Processor,16,128.0,1.0547
me-central-1,r7g,AWS Graviton3 Processor,32,256.0,2.1094
me-central-1,r7g,AWS Graviton3 Processor,48,384.0,3.1642
me-central-1,r7g,AWS Graviton3 Processor,64,512.0,4.2189
me-central-1,r8g,AWS Graviton4 Processor,1,8.0,0.07251
me-central-1,r8g,AWS Graviton4 Processor,2,16.0,0.14502
me-central-1,r8g,AWS Graviton4 Processor,4,32.0,0.29004
me-central-1,r8g,AWS Graviton4 Processor,8,64.0,0.58008
me-central-1,r8g,AWS Graviton4 Processor,16,128.0,1.16016
me-central-1,r8g,AWS Graviton4 Processor,32,256.0,2.32032
me-central-1,r8g,AWS Graviton4 Processor,48,384.0,3.48048
me-central-1,r8g,AWS Graviton4 Processor,64,512.0,4.64064
me-central-1,r8g,AWS Graviton4 Processor,96,768.0,6.96096
me-central-1,r8g,AWS Graviton4 Processor,192,1536.0,13.92192
me-central-1,r8i,Intel Xeon 6 6985P-C,2,16.0,0.171
me-central-1,r8i,Intel Xeon 6 6985P-C,4,32.0,0.342
me-central-1,r8i,Intel Xeon 6 6985P-C,8,64.0,0.684
me-central-1,r8i,Intel Xeon 6 6985P-C,16,128.0,1.368
me-central-1,r8i,Intel Xeon 6 6985P-C,32,256.0,2.736
me-central-1,r8i,Intel Xeon 6 6985P-C,48,384.0,4.104
me-central-1,r8i,Intel Xeon 6 6985P-C,64,512.0,5.472
me-central-1,r8i,Intel Xeon 6 6985P-C,96,768.0,8.208
me-central-1,r8i,Intel Xeon 6 6985P-C,128,1024.0,10.944
me-central-1,r8i,Intel Xeon 6 6985P-C,192,1536.0,16.416
me-central-1,r8i,Intel Xeon 6 6985P-C,384,3072.0,32.832
me-south-1,c6g,AWS Graviton2 Processor,1,2.0,0.0425
me-south-1,c6g,AWS Graviton2 Processor,2,4.0,0.085
me-south-1,c6g,AWS Graviton2 Processor,4,8.0,0.17
me-south-1,c6g,AWS Graviton2 Processor,8,16.0,0.34
me-south-1,c6g,AWS Graviton2 Processor,16,32.0,0.68
me-south-1,c6g,AWS Graviton2 Processor,32,64.0,1.36
me-south-1,c6g,AWS Graviton2 Processor,48,96.0,2.04
me-south-1,c6g,AWS Graviton2 Processor,64,128.0,2.72
me-south-1,c6i,Intel Xeon Platinum 8375C,2,4.0,0.1056
me-south-1,c6i,Intel Xeon Platinum 8375C,4,8.0,0.2112
me-south-1,c6i,Intel Xeon Platinum 8375C,8,16.0,0.4224
me-south-1,c6i,Intel Xeon Platinum 8375C,16,32.0,0.8448
me-south-1,c6i,Intel Xeon Platinum 8375C,32,64.0,1.6896
me-south-1,c6i,Intel Xeon Platinum 8375C,48,96.0,2.5344
me-south-1,c6i,Intel Xeon Platinum 8375C,64,128.0,3.3792
me-south-1,c6i,Intel Xeon Platinum 8375C,96,192.0,5.0688
me-south-1,c6i,Intel Xeon Platinum 8375C,128,256.0,6.7584
me-south-1,c7g,AWS Graviton3 Processor,1,2.0,0.0449
me-south-1,c7g,AWS Graviton3 Processor,2,4.0,0.0898
me-south-1,c7g,AWS Graviton3 Processor,4,8.0,0.1795
me-south-1,c7g,AWS Graviton3 Processor,8,16.0,0.359
me-south-1,c7g,AWS Graviton3 Processor,16,32.0,0.7181
me-south-1,c7g,AWS Graviton3 Processor,32,64.0,1.4362
me-south-1,c7g,AWS Graviton3 Processor,48,96.0,2.1542
me-south-1,c7g,AWS Graviton3 Processor,64,128.0,2.8723
me-south-1,m6g,AWS Graviton2 Processor,1,4.0,0.047
me-south-1,m6g,AWS Graviton2 Processor,2,8.0,0.094
me-south-1,m6g,AWS Graviton2 Processor,4,16.0,0.188
me-south-1,m6g,AWS Graviton2 Processor,8,32.0,0.376
me-south-1,m6g,AWS Graviton2 Processor,16,64.0,0.752
me-south-1,m6g,AWS Graviton2 Processor,32,128.0,1.504
me-south-1,m6g,AWS Graviton2 Processor,48,192.0,2.256
me-south-1,m6g,AWS Graviton2 Processor,64,256.0,3.008
me-south-1,m6i,Intel Xeon Platinum 8375C,2,8.0,0.132
me-south-1,m6i,Intel Xeon Platinum 8375C,4,16.0,0.264
me-south-1,m6i,Intel Xeon Platinum 8375C,8,32.0,0.528
me-south-1,m6i,Intel Xeon Platinum 8375C,16,64.0,1.056
me-south-1,m6i,Intel Xeon Platinum 8375C,32,128.0,2.112
me-south-1,m6i,Intel Xeon Platinum 8375C,48,192.0,3.168
me-south-1,m6i,Intel Xeon Platinum 8375C,64,256.0,4.224
me-south-1,m6i,Intel Xeon Platinum 8375C,96,384.0,6.336
me-south-1,m6i,Intel Xeon Platinum 8375C,128,512.0,8.448
me-south-1,m7g,AWS Graviton3 Processor,1,4.0,0.0561
me-south-1,m7g,AWS Graviton3 Processor,2,8.0,0.1122
me-south-1,m7g,AWS Graviton3 Processor,4,16.0,0.2244
me-south-1,m7g,AWS Graviton3 Processor,8,32.0,0.4488
me-south-1,m7g,AWS Graviton3 Processor,16,64.0,0.8976
me-south-1,m7g,AWS Graviton3 Processor,32,128.0,1.7952
me-south-1,m7g,AWS Graviton3 Processor,48,192.0,2.6928
me-south-1,m7g,AWS Graviton3 Processor,64,256.0,3.5904
me-south-1,m8g,AWS Graviton4 Processor,1,4.0,0.06171
me-south-1,m8g,AWS Graviton4 Processor,2,8.0,0.12342
me-south-1,m8g,AWS Graviton4 Processor,4,16.0,0.24684
me-south-1,m8g,AWS Graviton4 Processor,8,32.0,0.49368
me-south-1,m8g,AWS Graviton4 Processor,16,64.0,0.98736
me-south-1,m8g,AWS Graviton4 Processor,32,128.0,1.97472
me-south-1,m8g,AWS Graviton4 Processor,48,192.0,2.96208
me-south-1,m8g,AWS Graviton4 Processor,64,256.0,3.94944
me-south-1,m8g,AWS Graviton4 Processor,96,384.0,5.92416
me-south-1,m8g,AWS Graviton4 Processor,192,768.0,11.84832
me-south-1,r6g,AWS Graviton2 Processor,1,8.0,0.062
me-south-1,r6g,AWS Graviton2 Processor,2,16.0,0.1241
me-south-1,r6g,AWS Graviton2 Processor,4,32.0,0.2482
me-south-1,r6g,AWS Graviton2 Processor,8,64.0,0.4963
me-south-1,r6g,AWS Graviton2 Processor,16,128.0,0.9926
me-south-1,r6g,AWS Graviton2 Processor,32,256.0,1.9853
me-south-1,r6g,AWS Graviton2 Processor,48,384.0,2.9779
me-south-1,r6g,AWS Graviton2 Processor,64,512.0,3.9706
me-south-1,r6i,Intel Xeon Platinum 8375C,2,16.0,0.1551
me-south-1,r6i,Intel Xeon Platinum 8375C,4,32.0,0.3102
me-south-1,r6i,Intel Xeon Platinum 8375C,8,64.0,0.6204
me-south-1,r6i,Intel Xeon Platinum 8375C,16,128.0,1.2408
me-south-1,r6i,Intel Xeon Platinum 8375C,32,256.0,2.4816
me-south-1,r6i,Intel Xeon Platinum 8375C,48,384.0,3.7224
me-south-1,r6i,Intel Xeon Platinum 8375C,64,512.0,4.9632
me-south-1,r6i,Intel Xeon Platinum 8375C,96,768.0,7.4448
me-south-1,r6i,Intel Xeon Platinum 8375C,128,1024.0,9.9264
me-south-1,r7g,AWS Graviton3 Processor,1,8.0,0.0659
me-south-1,r7g,AWS Graviton3 Processor,2,16.0,0.1318
me-south-1,r7g,AWS Graviton3 Processor,4,32.0,0.2637
me-south-1,r7g,AWS Graviton3 Processor,8,64.0,0.5273
me-south-1,r7g,AWS Graviton3 Processor,16,128.0,1.0547
me-south-1,r7g,AWS Graviton3 Processor,32,256.0,2.1094
me-south-1,r7g,AWS Graviton3 Processor,48,384.0,3.164
me-south-1,r7g,AWS Graviton3 Processor,64,512.0,4.2187
mx-central-1,c6g,AWS Graviton2 Processor,1,2.0,0.0357
mx-central-1,c6g,AWS Graviton2 Processor,2,4.0,0.0714
mx-central-1,c6g,AWS Graviton2 Processor,4,8.0,0.1428
mx-central-1,c6g,AWS Graviton2 Processor,8,16.0,0.2856
mx-central-1,c6g,AWS Graviton2 Processor,16,32.0,0.5712
mx-central-1,c6g,AWS Graviton2 Processor,32,64.0,1.1424
mx-central-1,c6g,AWS Graviton2 Processor,48,96.0,1.7136
mx-central-1,c6g,AWS Graviton2 Processor,64,128.0,2.2848
mx-central-1,c6i,Intel Xeon Platinum 8375C,2,4.0,0.08925
mx-central-1,c6i,Intel Xeon Platinum 8375C,4,8.0,0.1785
mx-central-1,c6i,Intel Xeon Platinum 8375C,8,16.0,0.357
mx-central-1,c6i,Intel Xeon Platinum 8375C,16,32.0,0.714
mx-central-1,c6i,Intel Xeon Platinum 8375C,32,64.0,1.428
mx-central-1,c6i,Intel Xeon Platinum 8375C,48,96.0,2.142
mx-central-1,c6i,Intel Xeon Platinum 8375C,64,128.0,2.856
mx-central-1,c6i,Intel Xeon Platinum 8375C,96,192.0,4.284
mx-central-1,c6i,Intel Xeon Platinum 8375C,128,256.0,5.712
mx-central-1,c7g,AWS Graviton3 Processor,1,2.0,0.0381
mx-central-1,c7g,AWS Graviton3 Processor,2,4.0,0.0761
mx-central-1,c7g,AWS Graviton3 Processor,4,8.0,0.1522
mx-central-1,c7g,AWS Graviton3 Processor,8,16.0,0.3045
mx-central-1,c7g,AWS Graviton3 Processor,16,32.0,0.609
mx-central-1,c7g,AWS Graviton3 Processor,32,64.0,1.2179
mx-central-1,c7g,AWS Graviton3 Processor,48,96.0,1.8269
mx-central-1,c7g,AWS Graviton3 Processor,64,128.0,2.4358
mx-central-1,c7i,Intel Xeon Platinum 8488C,2,4.0,0.09371
mx-central-1,c7i,Intel Xeon Platinum 8488C,4,8.0,0.18742
mx-central-1,c7i,Intel Xeon Platinum 8488C,8,16.0,0.37484
mx-central-1,c7i,Intel Xeon Platinum 8488C,16,32.0,0.74968
mx-central-1,c7i,Intel Xeon Platinum 8488C,32,64.0,1.49936
mx-central-1,c7i,Intel Xeon Platinum 8488C,48,96.0,2.24904
mx-central-1,c7i,Intel Xeon Platinum 8488C,64,128.0,2.99872
mx-central-1,c7i,Intel Xeon Platinum 8488C,96,192.0,4.49808
mx-central-1,c7i,Intel Xeon Platinum 8488C,192,384.0,8.99616
mx-central-1,m6g,AWS Graviton2 Processor,1,4.0,0.0404
mx-central-1,m6g,AWS Graviton2 Processor,2,8.0,0.0809
mx-central-1,m6g,AWS Graviton2 Processor,4,16.0,0.1617
mx-central-1,m6g,AWS Graviton2 Processor,8,32.0,0.3234
mx-central-1,m6g,AWS Graviton2 Processor,16,64.0,0.6469
mx-central-1,m6g,AWS Graviton2 Processor,32,128.0,1.2938
mx-central-1,m6g,AWS Graviton2 Processor,48,192.0,1.9406
mx-central-1,m6g,AWS Graviton2 Processor,64,256.0,2.5875
mx-central-1,m6i,Intel Xeon Platinum 8375C,2,8.0,0.1008
mx-central-1,m6i,Intel Xeon Platinum 8375C,4,16.0,0.2016
mx-central-1,m6i,Intel Xeon Platinum 8375C,8,32.0,0.4032
mx-central-1,m6i,Intel Xeon Platinum 8375C,16,64.0,0.8064
mx-central-1,m6i,Intel Xeon Platinum 8375C,32,128.0,1.6128
mx-central-1,m6i,Intel Xeon Platinum 8375C,48,192.0,2.4192
mx-central-1,m6i,Intel Xeon Platinum 8375C,64,256.0,3.2256
mx-central-1,m6i,Intel Xeon Platinum 8375C,96,384.0,4.8384
mx-central-1,m6i,Intel Xeon Platinum 8375C,128,512.0,6.4512
mx-central-1,m7g,AWS Graviton3 Processor,1,4.0,0.0428
mx-central-1,m7g,AWS Graviton3 Processor,2,8.0,0.0857
mx-central-1,m7g,AWS Graviton3 Processor,4,16.0,0.1714
mx-central-1,m7g,AWS Graviton3 Processor,8,32.0,0.3427
mx-central-1,m7g,AWS Graviton3 Processor,16,64.0,0.6854
mx-central-1,m7g,AWS Graviton3 Processor,32,128.0,1.3709
mx-central-1,m7g,AWS Graviton3 Processor,48,192.0,2.0563
mx-central-1,m7g,AWS Graviton3 Processor,64,256.0,2.7418
mx-central-1,m7i,Intel Xeon Platinum 8488C,2,8.0,0.10584
mx-central-1,m7i,Intel Xeon Platinum 8488C,4,16.0,0.21168
mx-central-1,m7i,Intel Xeon Platinum 8488C,8,32.0,0.42336
mx-central-1,m7i,Intel Xeon Platinum 8488C,16,64.0,0.84672
mx-central-1,m7i,Intel Xeon Platinum 8488C,32,128.0,1.69344
mx-central-1,m7i,Intel Xeon Platinum 8488C,48,192.0,2.54016
mx-central-1,m7i,Intel Xeon Platinum 8488C,64,256.0,3.38688
mx-central-1,m7i,Intel Xeon Platinum 8488C,96,384.0,5.08032
mx-central-1,m7i,Intel Xeon Platinum 8488C,192,768.0,10.16064
mx-central-1,r6g,AWS Graviton2 Processor,1,8.0,0.0529
mx-central-1,r6g,AWS Graviton2 Processor,2,16.0,0.1058
mx-central-1,r6g,AWS Graviton2 Processor,4,32.0,0.2117
mx-central-1,r6g,AWS Graviton2 Processor,8,64.0,0.4234
mx-central-1,r6g,AWS Graviton2 Processor,16,128.0,0.8467
mx-central-1,r6g,AWS Graviton2 Processor,32,256.0,1.6934
mx-central-1,r6g,AWS Graviton2 Processor,48,384.0,2.5402
mx-central-1,r6g,AWS Graviton2 Processor,64,512.0,3.3869
mx-central-1,r6i,Intel Xeon Platinum 8375C,2,16.0,0.1323
mx-central-1,r6i,Intel Xeon Platinum 8375C,4,32.0,0.2646
mx-central-1,r6i,Intel Xeon Platinum 8375C,8,64.0,0.5292
mx-central-1,r6i,Intel Xeon Platinum 8375C,16,128.0,1.0584
mx-central-1,r6i,Intel Xeon Platinum 8375C,32,256.0,2.1168
mx-central-1,r6i,Intel Xeon Platinum 8375C,48,384.0,3.1752
mx-central-1,r6i,Intel Xeon Platinum 8375C,64,512.0,4.2336
mx-central-1,r6i,Intel Xeon Platinum 8375C,96,768.0,6.3504
mx-central-1,r6i,Intel Xeon Platinum 8375C,128,1024.0,8.4672
mx-central-1,r7g,AWS Graviton3 Processor,1,8.0,0.0562
mx-central-1,r7g,AWS Graviton3 Processor,2,16.0,0.1125
mx-central-1,r7g,AWS Graviton3 Processor,4,32.0,0.2249
mx-central-1,r7g,AWS Graviton3 Processor,8,64.0,0.4498
mx-central-1,r7g,AWS Graviton3 Processor,16,128.0,0.8997
mx-central-1,r7g,AWS Graviton3 Processor,32,256.0,1.7994
mx-central-1,r7g,AWS Graviton3 Processor,48,384.0,2.699
mx-central-1,r7g,AWS Graviton3 Processor,64,512.0,3.5987
mx-central-1,r7i,Intel Xeon Platinum 8488C,2,16.0,0.13892
mx-central-1,r7i,Intel Xeon Platinum 8488C,4,32.0,0.27784
mx-central-1,r7i,Intel Xeon Platinum 8488C,8,64.0,0.55568
mx-central-1,r7i,Intel Xeon Platinum 8488C,16,128.0,1.11136
mx-central-1,r7i,Intel Xeon Platinum 8488C,32,256.0,2.22272
mx-central-1,r7i,Intel Xeon Platinum 8488C,48,384.0,3.33408
mx-central-1,r7i,Intel Xeon Platinum 8488C,64,512.0,4.44544
mx-central-1,r7i,Intel Xeon Platinum 8488C,96,768.0,6.66816
mx-central-1,r7i,Intel Xeon Platinum 8488C,192,1536.0,13.33632
mx-central-1,r8g,AWS Graviton4 Processor,1,8.0,0.06185
mx-central-1,r8g,AWS Graviton4 Processor,2,16.0,0.1237
mx-central-1,r8g,AWS Graviton4 Processor,4,32.0,0.2474
mx-central-1,r8g,AWS Graviton4 Processor,8,64.0,0.4948
mx-central-1,r8g,AWS Graviton4 Processor,16,128.0,0.9896
mx-central-1,r8g,AWS Graviton4 Processor,32,256.0,1.9792
mx-central-1,r8g,AWS Graviton4 Processor,48,384.0,2.9688
mx-central-1,r8g,AWS Graviton4 Processor,64,512.0,3.9584
mx-central-1,r8g,AWS Graviton4 Processor,96,768.0,5.9376
mx-central-1,r8g,AWS Graviton4 Processor,192,1536.0,11.8752
sa-east-1,c6a,AMD EPYC 7R13 Processor,2,4.0,0.1179
sa-east-1,c6a,AMD EPYC 7R13 Processor,4,8.0,0.2358
sa-east-1,c6a,AMD EPYC 7R13 Processor,8,16.0,0.4716
sa-east-1,c6a,AMD EPYC 7R13 Processor,16,32.0,0.9432
sa-east-1,c6a,AMD EPYC 7R13 Processor,32,64.0,1.8864
sa-east-1,c6a,AMD EPYC 7R13 Processor,48,96.0,2.8296
sa-east-1,c6a,AMD EPYC 7R13 Processor,64,128.0,3.7728
sa-east-1,c6a,AMD EPYC 7R13 Processor,96,192.0,5.6592
sa-east-1,c6a,AMD EPYC 7R13 Processor,128,256.0,7.5456
sa-east-1,c6a,AMD EPYC 7R13 Processor,192,384.0,11.3184
sa-east-1,c6g,AWS Graviton2 Processor,1,2.0,0.0524
sa-east-1,c6g,AWS Graviton2 Processor,2,4.0,0.1048
sa-east-1,c6g,AWS Graviton2 Processor,4,8.0,0.2096
sa-east-1,c6g,AWS Graviton2 Processor,8,16.0,0.4192
sa-east-1,c6g,AWS Graviton2 Processor,16,32.0,0.8384
sa-east-1,c6g,AWS Graviton2 Processor,32,64.0,1.6768
sa-east-1,c6g,AWS Graviton2 Processor,48,96.0,2.5152
sa-east-1,c6g,AWS Graviton2 Processor,64,128.0,3.3536
sa-east-1,c6i,Intel Xeon Platinum 8375C,2,4.0,0.131
sa-east-1,c6i,Intel Xeon Platinum 8375C,4,8.0,0.262
sa-east-1,c6i,Intel Xeon Platinum 8375C,8,16.0,0.524
sa-east-1,c6i,Intel Xeon Platinum 8375C,16,32.0,1.048
sa-east-1,c6i,Intel Xeon Platinum 8375C,32,64.0,2.096
sa-east-1,c6i,Intel Xeon Platinum 8375C,48,96.0,3.144
sa-east-1,c6i,Intel Xeon Platinum 8375C,64,128.0,4.192
sa-east-1,c6i,Intel Xeon Platinum 8375C,96,192.0,6.288
sa-east-1,c6i,Intel Xeon Platinum 8375C,128,256.0,8.384
sa-east-1,c7g,AWS Graviton3 Processor,1,2.0,0.0555
sa-east-1,c7g,AWS Graviton3 Processor,2,4.0,0.1111
sa-east-1,c7g,AWS Graviton3 Processor,4,8.0,0.2222
sa-east-1,c7g,AWS Graviton3 Processor,8,16.0,0.4443
sa-east-1,c7g,AWS Graviton3 Processor,16,32.0,0.8886
sa-east-1,c7g,AWS Graviton3 Processor,32,64.0,1.7773
sa-east-1,c7g,AWS Graviton3 Processor,48,96.0,2.6659
sa-east-1,c7g,AWS Graviton3 Processor,64,128.0,3.5546
sa-east-1,c7i,Intel Xeon Platinum 8488C,2,4.0,0.13755
sa-east-1,c7i,Intel Xeon Platinum 8488C,4,8.0,0.2751
sa-east-1,c7i,Intel Xeon Platinum 8488C,8,16.0,0.5502
sa-east-1,c7i,Intel Xeon Platinum 8488C,16,32.0,1.1004
sa-east-1,c7i,Intel Xeon Platinum 8488C,32,64.0,2.2008
sa-east-1,c7i,Intel Xeon Platinum 8488C,48,96.0,3.3012
sa-east-1,c7i,Intel Xeon Platinum 8488C,64,128.0,4.4016
sa-east-1,c7i,Intel Xeon Platinum 8488C,96,192.0,6.6024
sa-east-1,c7i,Intel Xeon Platinum 8488C,192,384.0,13.2048
sa-east-1,c8g,AWS Graviton4 Processor,1,2.0,0.06109
sa-east-1,c8g,AWS Graviton4 Processor,2,4.0,0.12218
sa-east-1,c8g,AWS Graviton4 Processor,4,8.0,0.24436
sa-east-1,c8g,AWS Graviton4 Processor,8,16.0,0.48872
sa-east-1,c8g,AWS Graviton4 Processor,16,32.0,0.97744
sa-east-1,c8g,AWS Graviton4 Processor,32,64.0,1.95488
sa-east-1,c8g,AWS Graviton4 Processor,48,96.0,2.93232
sa-east-1,c8g,AWS Graviton4 Processor,64,128.0,3.90976
sa-east-1,c8g,AWS Graviton4 Processor,96,192.0,5.86464
sa-east-1,c8g,AWS Graviton4 Processor,192,384.0,11.72928
sa-east-1,c8i,Intel Xeon 6 6975P-C,2,4.0,0.14443
sa-east-1,c8i,Intel Xeon 6 6975P-C,4,8.0,0.28886
sa-east-1,c8i,Intel Xeon 6 6975P-C,8,16.0,0.57772
sa-east-1,c8i,Intel Xeon 6 6975P-C,16,32.0,1.15544
sa-east-1,c8i,Intel Xeon 6 6975P-C,32,64.0,2.31088
sa-east-1,c8i,Intel Xeon 6 6975P-C,48,96.0,3.46632
sa-east-1,c8i,Intel Xeon 6 6975P-C,64,128.0,4.62176
sa-east-1,c8i,Intel Xeon 6 6975P-C,96,192.0,6.93264
sa-east-1,c8i,Intel Xeon 6 6975P-C,128,256.0,9.24352
sa-east-1,c8i,Intel Xeon 6 6975P-C,192,384.0,13.86528
sa-east-1,c8i,Intel Xeon 6 6975P-C,384,768.0,27.73056
sa-east-1,m6a,AMD EPYC 7R13 Processor,2,8.0,0.1377
sa-east-1,m6a,AMD EPYC 7R13 Processor,4,16.0,0.2754
sa-east-1,m6a,AMD EPYC 7R13 Processor,8,32.0,0.5508
sa-east-1,m6a,AMD EPYC 7R13 Processor,16,64.0,1.1016
sa-east-1,m6a,AMD EPYC 7R13 Processor,32,128.0,2.2032
sa-east-1,m6a,AMD EPYC 7R13 Processor,48,192.0,3.3048
sa-east-1,m6a,AMD EPYC 7R13 Processor,64,256.0,4.4064
sa-east-1,m6a,AMD EPYC 7R13 Processor,96,384.0,6.6096
sa-east-1,m6a,AMD EPYC 7R13 Processor,128,512.0,8.8128
sa-east-1,m6a,AMD EPYC 7R13 Processor,192,768.0,13.2192
sa-east-1,m6g,AWS Graviton2 Processor,1,4.0,0.0612
sa-east-1,m6g,AWS Graviton2 Processor,2,8.0,0.1224
sa-east-1,m6g,AWS Graviton2 Processor,4,16.0,0.2448
sa-east-1,m6g,AWS Graviton2 Processor,8,32.0,0.4896
sa-east-1,m6g,AWS Graviton2 Processor,16,64.0,0.9792
sa-east-1,m6g,AWS Graviton2 Processor,32,128.0,1.9584
sa-east-1,m6g,AWS Graviton2 Processor,48,192.0,2.9376
sa-east-1,m6g,AWS Graviton2 Processor,64,256.0,3.9168
sa-east-1,m6i,Intel Xeon Platinum 8375C,2,8.0,0.153
sa-east-1,m6i,Intel Xeon Platinum 8375C,4,16.0,0.306
sa-east-1,m6i,Intel Xeon Platinum 8375C,8,32.0,0.612
sa-east-1,m6i,Intel Xeon Platinum 8375C,16,64.0,1.224
sa-east-1,m6i,Intel Xeon Platinum 8375C,32,128.0,2.448
sa-east-1,m6i,Intel Xeon Platinum 8375C,48,192.0,3.672
sa-east-1,m6i,Intel Xeon Platinum 8375C,64,256.0,4.896
sa-east-1,m6i,Intel Xeon Platinum 8375C,96,384.0,7.344
sa-east-1,m6i,Intel Xeon Platinum 8375C,128,512.0,9.792
sa-east-1,m7g,AWS Graviton3 Processor,1,4.0,0.065
sa-east-1,m7g,AWS Graviton3 Processor,2,8.0,0.1301
sa-east-1,m7g,AWS Graviton3 Processor,4,16.0,0.2601
sa-east-1,m7g,AWS Graviton3 Processor,8,32.0,0.5202
sa-east-1,m7g,AWS Graviton3 Processor,16,64.0,1.0404
sa-east-1,m7g,AWS Graviton3 Processor,32,128.0,2.0808
sa-east-1,m7g,AWS Graviton3 Processor,48,192.0,3.1212
sa-east-1,m7g,AWS Graviton3 Processor,64,256.0,4.1616
sa-east-1,m7i,Intel Xeon Platinum 8488C,2,8.0,0.16065
sa-east-1,m7i,Intel Xeon Platinum 8488C,4,16.0,0.3213
sa-east-1,m7i,Intel Xeon Platinum 8488C,8,32.0,0.6426
sa-east-1,m7i,Intel Xeon Platinum 8488C,16,64.0,1.2852
sa-east-1,m7i,Intel Xeon Platinum 8488C,32,128.0,2.5704
sa-east-1,m7i,Intel Xeon Platinum 8488C,48,192.0,3.8556
sa-east-1,m7i,Intel Xeon Platinum 8488C,64,256.0,5.1408
sa-east-1,m7i,Intel Xeon Platinum 8488C,96,384.0,7.7112
sa-east-1,m7i,Intel Xeon Platinum 8488C,192,768.0,15.4224
sa-east-1,m8g,AWS Graviton4 Processor,1,4.0,0.07153
sa-east-1,m8g,AWS Graviton4 Processor,2,8.0,0.14306
sa-east-1,m8g,AWS Graviton4 Processor,4,16.0,0.28612
sa-east-1,m8g,AWS Graviton4 Processor,8,32.0,0.57224
sa-east-1,m8g,AWS Graviton4 Processor,16,64.0,1.14448
sa-east-1,m8g,AWS Graviton4 Processor,32,128.0,2.28896
sa-east-1,m8g,AWS Graviton4 Processor,48,192.0,3.43344
sa-east-1,m8g,AWS Graviton4 Processor,64,256.0,4.57792
sa-east-1,m8g,AWS Graviton4 Processor,96,384.0,6.86688
sa-east-1,m8g,AWS Graviton4 Processor,192,768.0,13.73376
sa-east-1,m8i,Intel Xeon 6 6975P-C,2,8.0,0.16868
sa-east-1,m8i,Intel Xeon 6 6975P-C,4,16.0,0.33736
sa-east-1,m8i,Intel Xeon 6 6975P-C,8,32.0,0.67472
sa-east-1,m8i,Intel Xeon 6 6975P-C,16,64.0,1.34944
sa-east-1,m8i,Intel Xeon 6 6975P-C,32,128.0,2.69888
sa-east-1,m8i,Intel Xeon 6 6975P-C,48,192.0,4.04832
sa-east-1,m8i,Intel Xeon 6 6975P-C,64,256.0,5.39776
sa-east-1,m8i,Intel Xeon 6 6975P-C,96,384.0,8.09664
sa-east-1,m8i,Intel Xeon 6 6975P-C,128,512.0,10.79552
sa-east-1,m8i,Intel Xeon 6 6975P-C,192,768.0,16.19328
sa-east-1,m8i,Intel Xeon 6 6975P-C,384,1536.0,32.38656
sa-east-1,r6g,AWS Graviton2 Processor,1,8.0,0.0804
sa-east-1,r6g,AWS Graviton2 Processor,2,16.0,0.1608
sa-east-1,r6g,AWS Graviton2 Processor,4,32.0,0.3216
sa-east-1,r6g,AWS Graviton2 Processor,8,64.0,0.6432
sa-east-1,r6g,AWS Graviton2 Processor,16,128.0,1.2864
sa-east-1,r6g,AWS Graviton2 Processor,32,256.0,2.5728
sa-east-1,r6g,AWS Graviton2 Processor,48,384.0,3.8592
sa-east-1,r6g,AWS Graviton2 Processor,64,512.0,5.1456
sa-east-1,r6i,Intel Xeon Platinum 8375C,2,16.0,0.201
sa-east-1,r6i,Intel Xeon Platinum 8375C,4,32.0,0.402
sa-east-1,r6i,Intel Xeon Platinum 8375C,8,64.0,0.804
sa-east-1,r6i,Intel Xeon Platinum 8375C,16,128.0,1.608
sa-east-1,r6i,Intel Xeon Platinum 8375C,32,256.0,3.216
sa-east-1,r6i,Intel Xeon Platinum 8375C,48,384.0,4.824
sa-east-1,r6i,Intel Xeon Platinum 8375C,64,512.0,6.432
sa-east-1,r6i,Intel Xeon Platinum 8375C,96,768.0,9.648
sa-east-1,r6i,Intel Xeon Platinum 8375C,128,1024.0,12.864
sa-east-1,r7g,AWS Graviton3 Processor,1,8.0,0.0852
sa-east-1,r7g,AWS Graviton3 Processor,2,16.0,0.1704
sa-east-1,r7g,AWS Graviton3 Processor,4,32.0,0.3409
sa-east-1,r7g,AWS Graviton3 Processor,8,64.0,0.6818
sa-east-1,r7g,AWS Graviton3 Processor,16,128.0,1.3635
sa-east-1,r7g,AWS Graviton3 Processor,32,256.0,2.727
sa-east-1,r7g,AWS Graviton3 Processor,48,384.0,4.0906
sa-east-1,r7g,AWS Graviton3 Processor,64,512.0,5.4541
sa-east-1,r7i,Intel Xeon Platinum 8488C,2,16.0,0.21105
sa-east-1,r7i,Intel Xeon Platinum 8488C,4,32.0,0.4221
sa-east-1,r7i,Intel Xeon Platinum 8488C,8,64.0,0.8442
sa-east-1,r7i,Intel Xeon Platinum 8488C,16,128.0,1.6884
sa-east-1,r7i,Intel Xeon Platinum 8488C,32,256.0,3.3768
sa-east-1,r7i,Intel Xeon Platinum 8488C,48,384.0,5.0652
sa-east-1,r7i,Intel Xeon Platinum 8488C,64,512.0,6.7536
sa-east-1,r7i,Intel Xeon Platinum 8488C,96,768.0,10.1304
sa-east-1,r7i,Intel Xeon Platinum 8488C,192,1536.0,20.2608
sa-east-1,r8g,AWS Graviton4 Processor,1,8.0,0.09374
sa-east-1,r8g,AWS Graviton4 Processor,2,16.0,0.18748
sa-east-1,r8g,AWS Graviton4 Processor,4,32.0,0.37496
sa-east-1,r8g,AWS Graviton4 Processor,8,64.0,0.74992
sa-east-1,r8g,AWS Graviton4 Processor,16,128.0,1.49984
sa-east-1,r8g,AWS Graviton4 Processor,32,256.0,2.99968
sa-east-1,r8g,AWS Graviton4 Processor,48,384.0,4.49952
sa-east-1,r8g,AWS Graviton4 Processor,64,512.0,5.99936
sa-east-1,r8g,AWS Graviton4 Processor,96,768.0,8.99904
sa-east-1,r8g,AWS Graviton4 Processor,192,1536.0,17.99808
sa-east-1,r8i,Intel Xeon 6 6985P-C,2,16.0,0.2216
sa-east-1,r8i,Intel Xeon 6 6985P-C,4,32.0,0.4432
sa-east-1,r8i,Intel Xeon 6 6985P-C,8,64.0,0.8864
sa-east-1,r8i,Intel Xeon 6 6985P-C,16,128.0,1.7728
sa-east-1,r8i,Intel Xeon 6 6985P-C,32,256.0,3.5456
sa-east-1,r8i,Intel Xeon 6 6985P-C,48,384.0,5.3184
sa-east-1,r8i,Intel Xeon 6 6985P-C,64,512.0,7.0912
sa-east-1,r8i,Intel Xeon 6 6985P-C,96,768.0,10.6368
sa-east-1,r8i,Intel Xeon 6 6985P-C,128,1024.0,14.1824
sa-east-1,r8i,Intel Xeon 6 6985P-C,192,1536.0,21.2736
sa-east-1,r8i,Intel Xeon 6 6985P-C,384,3072.0,42.5472
us-east-1,c6a,AMD EPYC 7R13 Processor,2,4.0,0.0765
us-east-1,c6a,AMD EPYC 7R13 Processor,4,8.0,0.153
us-east-1,c6a,AMD EPYC 7R13 Processor,8,16.0,0.306
us-east-1,c6a,AMD EPYC 7R13 Processor,16,32.0,0.612
us-east-1,c6a,AMD EPYC 7R13 Processor,32,64.0,1.224
us-east-1,c6a,AMD EPYC 7R13 Processor,48,96.0,1.836
us-east-1,c6a,AMD EPYC 7R13 Processor,64,128.0,2.448
us-east-1,c6a,AMD EPYC 7R13 Processor,96,192.0,3.672
us-east-1,c6a,AMD EPYC 7R13 Processor,128,256.0,4.896
us-east-1,c6a,AMD EPYC 7R13 Processor,192,384.0,7.344
us-east-1,c6g,AWS Graviton2 Processor,1,2.0,0.034
us-east-1,c6g,AWS Graviton2 Processor,2,4.0,0.068
us-east-1,c6g,AWS Graviton2 Processor,4,8.0,0.136
us-east-1,c6g,AWS Graviton2 Processor,8,16.0,0.272
us-east-1,c6g,AWS Graviton2 Processor,16,32.0,0.544
us-east-1,c6g,AWS Graviton2 Processor,32,64.0,1.088
us-east-1,c6g,AWS Graviton2 Processor,48,96.0,1.632
us-east-1,c6g,AWS Graviton2 Processor,64,128.0,2.176
us-east-1,c6i,Intel Xeon Platinum 8375C,2,4.0,0.085
us-east-1,c6i,Intel Xeon Platinum 8375C,4,8.0,0.17
us-east-1,c6i,Intel Xeon Platinum 8375C,8,16.0,0.34
us-east-1,c6i,Intel Xeon Platinum 8375C,16,32.0,0.68
us-east-1,c6i,Intel Xeon Platinum 8375C,32,64.0,1.36
us-east-1,c6i,Intel Xeon Platinum 8375C,48,96.0,2.04
us-east-1,c6i,Intel Xeon Platinum 8375C,64,128.0,2.72
us-east-1,c6i,Intel Xeon Platinum 8375C,96,192.0,4.08
us-east-1,c6i,Intel Xeon Platinum 8375C,128,256.0,5.44
us-east-1,c7a,AMD EPYC 9R14 Processor,1,2.0,0.05132
us-east-1,c7a,AMD EPYC 9R14 Processor,2,4.0,0.10264
us-east-1,c7a,AMD EPYC 9R14 Processor,4,8.0,0.20528
us-east-1,c7a,AMD EPYC 9R14 Processor,8,16.0,0.41056
us-east-1,c7a,AMD EPYC 9R14 Processor,16,32.0,0.82112
us-east-1,c7a,AMD EPYC 9R14 Processor,32,64.0,1.64224
us-east-1,c7a,AMD EPYC 9R14 Processor,48,96.0,2.46336
us-east-1,c7a,AMD EPYC 9R14 Processor,64,128.0,3.28448
us-east-1,c7a,AMD EPYC 9R14 Processor,96,192.0,4.92672
us-east-1,c7a,AMD EPYC 9R14 Processor,128,256.0,6.56896
us-east-1,c7a,AMD EPYC 9R14 Processor,192,384.0,9.85344
us-east-1,c7g,AWS Graviton3 Processor,1,2.0,0.0363
us-east-1,c7g,AWS Graviton3 Processor,2,4.0,0.0725
us-east-1,c7g,AWS Graviton3 Processor,4,8.0,0.145
us-east-1,c7g,AWS Graviton3 Processor,8,16.0,0.29
us-east-1,c7g,AWS Graviton3 Processor,16,32.0,0.58
us-east-1,c7g,AWS Graviton3 Processor,32,64.0,1.16
us-east-1,c7g,AWS Graviton3 Processor,48,96.0,1.74
us-east-1,c7g,AWS Graviton3 Processor,64,128.0,2.32
us-east-1,c7i,Intel Xeon Platinum 8488C,2,4.0,0.08925
us-east-1,c7i,Intel Xeon Platinum 8488C,4,8.0,0.1785
us-east-1,c7i,Intel Xeon Platinum 8488C,8,16.0,0.357
us-east-1,c7i,Intel Xeon Platinum 8488C,16,32.0,0.714
us-east-1,c7i,Intel Xeon Platinum 8488C,32,64.0,1.428
us-east-1,c7i,Intel Xeon Platinum 8488C,48,96.0,2.142
us-east-1,c7i,Intel Xeon Platinum 8488C,64,128.0,2.856
us-east-1,c7i,Intel Xeon Platinum 8488C,96,192.0,4.284
us-east-1,c7i,Intel Xeon Platinum 8488C,192,384.0,8.568
us-east-1,c8a,AMD EPYC 9R45 Processor,1,2.0,0.05389
us-east-1,c8a,AMD EPYC 9R45 Processor,2,4.0,0.10777
us-east-1,c8a,AMD EPYC 9R45 Processor,4,8.0,0.21554
us-east-1,c8a,AMD EPYC 9R45 Processor,8,16.0,0.43108
us-east-1,c8a,AMD EPYC 9R45 Processor,16,32.0,0.86216
us-east-1,c8a,AMD EPYC 9R45 Processor,32,64.0,1.72432
us-east-1,c8a,AMD EPYC 9R45 Processor,48,96.0,2.58648
us-east-1,c8a,AMD EPYC 9R45 Processor,64,128.0,3.44864
us-east-1,c8a,AMD EPYC 9R45 Processor,96,192.0,5.17296
us-east-1,c8a,AMD EPYC 9R45 Processor,192,384.0,10.34592
us-east-1,c8g,AWS Graviton4 Processor,1,2.0,0.03988
us-east-1,c8g,AWS Graviton4 Processor,2,4.0,0.07976
us-east-1,c8g,AWS Graviton4 Processor,4,8.0,0.15952
us-east-1,c8g,AWS Graviton4 Processor,8,16.0,0.31904
us-east-1,c8g,AWS Graviton4 Processor,16,32.0,0.63808
us-east-1,c8g,AWS Graviton4 Processor,32,64.0,1.27616
us-east-1,c8g,AWS Graviton4 Processor,48,96.0,1.91424
us-east-1,c8g,AWS Graviton4 Processor,64,128.0,2.55232
us-east-1,c8g,AWS Graviton4 Processor,96,192.0,3.82848
us-east-1,c8g,AWS Graviton4 Processor,192,384.0,7.65696
us-east-1,c8i,Intel Xeon 6 6975P-C,2,4.0,0.09371
us-east-1,c8i,Intel Xeon 6 6975P-C,4,8.0,0.18742
us-east-1,c8i,Intel Xeon 6 6975P-C,8,16.0,0.37484
us-east-1,c8i,Intel Xeon 6 6975P-C,16,32.0,0.74968
us-east-1,c8i,Intel Xeon 6 6975P-C,32,64.0,1.49936
us-east-1,c8i,Intel Xeon 6 6975P-C,48,96.0,2.24904
us-east-1,c8i,Intel Xeon 6 6975P-C,64,128.0,2.99872
us-east-1,c8i,Intel Xeon 6 6975P-C,96,192.0,4.49808
us-east-1,c8i,Intel Xeon 6 6975P-C,128,256.0,5.99744
us-east-1,c8i,Intel Xeon 6 6975P-C,192,384.0,8.99616
us-east-1,c8i,Intel Xeon 6 6975P-C,384,768.0,17.99232
us-east-1,c9g,AWS Graviton5 Processor,1,2.0,0.04347
us-east-1,c9g,AWS Graviton5 Processor,2,4.0,0.08694
us-east-1,c9g,AWS Graviton5 Processor,4,8.0,0.17388
us-east-1,c9g,AWS Graviton5 Processor,8,16.0,0.34776
us-east-1,c9g,AWS Graviton5 Processor,16,32.0,0.69552
us-east-1,c9g,AWS Graviton5 Processor,32,64.0,1.39104
us-east-1,c9g,AWS Graviton5 Processor,48,96.0,2.08656
us-east-1,c9g,AWS Graviton5 Processor,64,128.0,2.78208
us-east-1,c9g,AWS Graviton5 Processor,96,192.0,4.17312
us-east-1,c9g,AWS Graviton5 Processor,192,384.0,8.34624
us-east-1,m6a,AMD EPYC 7R13 Processor,2,8.0,0.0864
us-east-1,m6a,AMD EPYC 7R13 Processor,4,16.0,0.1728
us-east-1,m6a,AMD EPYC 7R13 Processor,8,32.0,0.3456
us-east-1,m6a,AMD EPYC 7R13 Processor,16,64.0,0.6912
us-east-1,m6a,AMD EPYC 7R13 Processor,32,128.0,1.3824
us-east-1,m6a,AMD EPYC 7R13 Processor,48,192.0,2.0736
us-east-1,m6a,AMD EPYC 7R13 Processor,64,256.0,2.7648
us-east-1,m6a,AMD EPYC 7R13 Processor,96,384.0,4.1472
us-east-1,m6a,AMD EPYC 7R13 Processor,128,512.0,5.5296
us-east-1,m6a,AMD EPYC 7R13 Processor,192,768.0,8.2944
us-east-1,m6g,AWS Graviton2 Processor,1,4.0,0.0385
us-east-1,m6g,AWS Graviton2 Processor,2,8.0,0.077
us-east-1,m6g,AWS Graviton2 Processor,4,16.0,0.154
us-east-1,m6g,AWS Graviton2 Processor,8,32.0,0.308
us-east-1,m6g,AWS Graviton2 Processor,16,64.0,0.616
us-east-1,m6g,AWS Graviton2 Processor,32,128.0,1.232
us-east-1,m6g,AWS Graviton2 Processor,48,192.0,1.848
us-east-1,m6g,AWS Graviton2 Processor,64,256.0,2.464
us-east-1,m6i,Intel Xeon Platinum 8375C,2,8.0,0.096
us-east-1,m6i,Intel Xeon Platinum 8375C,4,16.0,0.192
us-east-1,m6i,Intel Xeon Platinum 8375C,8,32.0,0.384
us-east-1,m6i,Intel Xeon Platinum 8375C,16,64.0,0.768
us-east-1,m6i,Intel Xeon Platinum 8375C,32,128.0,1.536
us-east-1,m6i,Intel Xeon Platinum 8375C,48,192.0,2.304
us-east-1,m6i,Intel Xeon Platinum 8375C,64,256.0,3.072
us-east-1,m6i,Intel Xeon Platinum 8375C,96,384.0,4.608
us-east-1,m6i,Intel Xeon Platinum 8375C,128,512.0,6.144
us-east-1,m7a,AMD EPYC 9R14 Processor,1,4.0,0.05796
us-east-1,m7a,AMD EPYC 9R14 Processor,2,8.0,0.11592
us-east-1,m7a,AMD EPYC 9R14 Processor,4,16.0,0.23184
us-east-1,m7a,AMD EPYC 9R14 Processor,8,32.0,0.46368
us-east-1,m7a,AMD EPYC 9R14 Processor,16,64.0,0.92736
us-east-1,m7a,AMD EPYC 9R14 Processor,32,128.0,1.85472
us-east-1,m7a,AMD EPYC 9R14 Processor,48,192.0,2.78208
us-east-1,m7a,AMD EPYC 9R14 Processor,64,256.0,3.70944
us-east-1,m7a,AMD EPYC 9R14 Processor,96,384.0,5.56416
us-east-1,m7a,AMD EPYC 9R14 Processor,128,512.0,7.41888
us-east-1,m7a,AMD EPYC 9R14 Processor,192,768.0,11.12832
us-east-1,m7g,AWS Graviton3 Processor,1,4.0,0.0408
us-east-1,m7g,AWS Graviton3 Processor,2,8.0,0.0816
us-east-1,m7g,AWS Graviton3 Processor,4,16.0,0.1632
us-east-1,m7g,AWS Graviton3 Processor,8,32.0,0.3264
us-east-1,m7g,AWS Graviton3 Processor,16,64.0,0.6528
us-east-1,m7g,AWS Graviton3 Processor,32,128.0,1.3056
us-east-1,m7g,AWS Graviton3 Processor,48,192.0,1.9584
us-east-1,m7g,AWS Graviton3 Processor,64,256.0,2.6112
us-east-1,m7i,Intel Xeon Platinum 8488C,2,8.0,0.1008
us-east-1,m7i,Intel Xeon Platinum 8488C,4,16.0,0.2016
us-east-1,m7i,Intel Xeon Platinum 8488C,8,32.0,0.4032
us-east-1,m7i,Intel Xeon Platinum 8488C,16,64.0,0.8064
us-east-1,m7i,Intel Xeon Platinum 8488C,32,128.0,1.6128
us-east-1,m7i,Intel Xeon Platinum 8488C,48,192.0,2.4192
us-east-1,m7i,Intel Xeon Platinum 8488C,64,256.0,3.2256
us-east-1,m7i,Intel Xeon Platinum 8488C,96,384.0,4.8384
us-east-1,m7i,Intel Xeon Platinum 8488C,192,768.0,9.6768
us-east-1,m8a,AMD EPYC 9R45 Processor,1,4.0,0.06086
us-east-1,m8a,AMD EPYC 9R45 Processor,2,8.0,0.12172
us-east-1,m8a,AMD EPYC 9R45 Processor,4,16.0,0.24344
us-east-1,m8a,AMD EPYC 9R45 Processor,8,32.0,0.48688
us-east-1,m8a,AMD EPYC 9R45 Processor,16,64.0,0.97376
us-east-1,m8a,AMD EPYC 9R45 Processor,32,128.0,1.94752
us-east-1,m8a,AMD EPYC 9R45 Processor,48,192.0,2.92128
us-east-1,m8a,AMD EPYC 9R45 Processor,64,256.0,3.89504
us-east-1,m8a,AMD EPYC 9R45 Processor,96,384.0,5.84256
us-east-1,m8a,AMD EPYC 9R45 Processor,192,768.0,11.68512
us-east-1,m8g,AWS Graviton4 Processor,1,4.0,0.04488
us-east-1,m8g,AWS Graviton4 Processor,2,8.0,0.08976
us-east-1,m8g,AWS Graviton4 Processor,4,16.0,0.17952
us-east-1,m8g,AWS Graviton4 Processor,8,32.0,0.35904
us-east-1,m8g,AWS Graviton4 Processor,16,64.0,0.71808
us-east-1,m8g,AWS Graviton4 Processor,32,128.0,1.43616
us-east-1,m8g,AWS Graviton4 Processor,48,192.0,2.15424
us-east-1,m8g,AWS Graviton4 Processor,64,256.0,2.87232
us-east-1,m8g,AWS Graviton4 Processor,96,384.0,4.30848
us-east-1,m8g,AWS Graviton4 Processor,192,768.0,8.61696
us-east-1,m8i,Intel Xeon 6 6975P-C,2,8.0,0.10584
us-east-1,m8i,Intel Xeon 6 6975P-C,4,16.0,0.21168
us-east-1,m8i,Intel Xeon 6 6975P-C,8,32.0,0.42336
us-east-1,m8i,Intel Xeon 6 6975P-C,16,64.0,0.84672
us-east-1,m8i,Intel Xeon 6 6975P-C,32,128.0,1.69344
us-east-1,m8i,Intel Xeon 6 6975P-C,48,192.0,2.54016
us-east-1,m8i,Intel Xeon 6 6975P-C,64,256.0,3.38688
us-east-1,m8i,Intel Xeon 6 6975P-C,96,384.0,5.08032
us-east-1,m8i,Intel Xeon 6 6975P-C,128,512.0,6.77376
us-east-1,m8i,Intel Xeon 6 6975P-C,192,768.0,10.16064
us-east-1,m8i,Intel Xeon 6 6975P-C,384,1536.0,20.32128
us-east-1,m9g,AWS Graviton5 Processor,1,4.0,0.04892
us-east-1,m9g,AWS Graviton5 Processor,2,8.0,0.09784
us-east-1,m9g,AWS Graviton5 Processor,4,16.0,0.19568
us-east-1,m9g,AWS Graviton5 Processor,8,32.0,0.39136
us-east-1,m9g,AWS Graviton5 Processor,16,64.0,0.78272
us-east-1,m9g,AWS Graviton5 Processor,32,128.0,1.56544
us-east-1,m9g,AWS Graviton5 Processor,48,192.0,2.34816
us-east-1,m9g,AWS Graviton5 Processor,64,256.0,3.13088
us-east-1,m9g,AWS Graviton5 Processor,96,384.0,4.69632
us-east-1,m9g,AWS Graviton5 Processor,192,768.0,9.39264
us-east-1,r6a,AMD EPYC 7R13 Processor,2,16.0,0.1134
us-east-1,r6a,AMD EPYC 7R13 Processor,4,32.0,0.2268
us-east-1,r6a,AMD EPYC 7R13 Processor,8,64.0,0.4536
us-east-1,r6a,AMD EPYC 7R13 Processor,16,128.0,0.9072
us-east-1,r6a,AMD EPYC 7R13 Processor,32,256.0,1.8144
us-east-1,r6a,AMD EPYC 7R13 Processor,48,384.0,2.7216
us-east-1,r6a,AMD EPYC 7R13 Processor,64,512.0,3.6288
us-east-1,r6a,AMD EPYC 7R13 Processor,96,768.0,5.4432
us-east-1,r6a,AMD EPYC 7R13 Processor,128,1024.0,7.2576
us-east-1,r6a,AMD EPYC 7R13 Processor,192,1536.0,10.8864
us-east-1,r6g,AWS Graviton2 Processor,1,8.0,0.0504
us-east-1,r6g,AWS Graviton2 Processor,2,16.0,0.1008
us-east-1,r6g,AWS Graviton2 Processor,4,32.0,0.2016
us-east-1,r6g,AWS Graviton2 Processor,8,64.0,0.4032
us-east-1,r6g,AWS Graviton2 Processor,16,128.0,0.8064
us-east-1,r6g,AWS Graviton2 Processor,32,256.0,1.6128
us-east-1,r6g,AWS Graviton2 Processor,48,384.0,2.4192
us-east-1,r6g,AWS Graviton2 Processor,64,512.0,3.2256
us-east-1,r6i,Intel Xeon Platinum 8375C,2,16.0,0.126
us-east-1,r6i,Intel Xeon Platinum 8375C,4,32.0,0.252
us-east-1,r6i,Intel Xeon Platinum 8375C,8,64.0,0.504
us-east-1,r6i,Intel Xeon Platinum 8375C,16,128.0,1.008
us-east-1,r6i,Intel Xeon Platinum 8375C,32,256.0,2.016
us-east-1,r6i,Intel Xeon Platinum 8375C,48,384.0,3.024
us-east-1,r6i,Intel Xeon Platinum 8375C,64,512.0,4.032
us-east-1,r6i,Intel Xeon Platinum 8375C,96,768.0,6.048
us-east-1,r6i,Intel Xeon Platinum 8375C,128,1024.0,8.064
us-east-1,r7a,AMD EPYC 9R14 Processor,1,8.0,0.07608
us-east-1,r7a,AMD EPYC 9R14 Processor,2,16.0,0.15215
us-east-1,r7a,AMD EPYC 9R14 Processor,4,32.0,0.3043
us-east-1,r7a,AMD EPYC 9R14 Processor,8,64.0,0.6086
us-east-1,r7a,AMD EPYC 9R14 Processor,16,128.0,1.2172
us-east-1,r7a,AMD EPYC 9R14 Processor,32,256.0,2.4344
us-east-1,r7a,AMD EPYC 9R14 Processor,48,384.0,3.6516
us-east-1,r7a,AMD EPYC 9R14 Processor,64,512.0,4.8688
us-east-1,r7a,AMD EPYC 9R14 Processor,96,768.0,7.3032
us-east-1,r7a,AMD EPYC 9R14 Processor,128,1024.0,9.7376
us-east-1,r7a,AMD EPYC 9R14 Processor,192,1536.0,14.6064
us-east-1,r7g,AWS Graviton3 Processor,1,8.0,0.0536
us-east-1,r7g,AWS Graviton3 Processor,2,16.0,0.1071
us-east-1,r7g,AWS Graviton3 Processor,4,32.0,0.2142
us-east-1,r7g,AWS Graviton3 Processor,8,64.0,0.4284
us-east-1,r7g,AWS Graviton3 Processor,16,128.0,0.8568
us-east-1,r7g,AWS Graviton3 Processor,32,256.0,1.7136
us-east-1,r7g,AWS Graviton3 Processor,48,384.0,2.5704
us-east-1,r7g,AWS Graviton3 Processor,64,512.0,3.4272
us-east-1,r7i,Intel Xeon Platinum 8488C,2,16.0,0.1323
us-east-1,r7i,Intel Xeon Platinum 8488C,4,32.0,0.2646
us-east-1,r7i,Intel Xeon Platinum 8488C,8,64.0,0.5292
us-east-1,r7i,Intel Xeon Platinum 8488C,16,128.0,1.0584
us-east-1,r7i,Intel Xeon Platinum 8488C,32,256.0,2.1168
us-east-1,r7i,Intel Xeon Platinum 8488C,48,384.0,3.1752
us-east-1,r7i,Intel Xeon Platinum 8488C,64,512.0,4.2336
us-east-1,r7i,Intel Xeon Platinum 8488C,96,768.0,6.3504
us-east-1,r7i,Intel Xeon Platinum 8488C,192,1536.0,12.7008
us-east-1,r8a,AMD EPYC 9R45 Processor,1,8.0,0.07988
us-east-1,r8a,AMD EPYC 9R45 Processor,2,16.0,0.15976
us-east-1,r8a,AMD EPYC 9R45 Processor,4,32.0,0.31952
us-east-1,r8a,AMD EPYC 9R45 Processor,8,64.0,0.63904
us-east-1,r8a,AMD EPYC 9R45 Processor,16,128.0,1.27808
us-east-1,r8a,AMD EPYC 9R45 Processor,32,256.0,2.55616
us-east-1,r8a,AMD EPYC 9R45 Processor,48,384.0,3.83424
us-east-1,r8a,AMD EPYC 9R45 Processor,64,512.0,5.11232
us-east-1,r8a,AMD EPYC 9R45 Processor,96,768.0,7.66848
us-east-1,r8a,AMD EPYC 9R45 Processor,192,1536.0,15.33696
us-east-1,r8g,AWS Graviton4 Processor,1,8.0,0.05891
us-east-1,r8g,AWS Graviton4 Processor,2,16.0,0.11782
us-east-1,r8g,AWS Graviton4 Processor,4,32.0,0.23564
us-east-1,r8g,AWS Graviton4 Processor,8,64.0,0.47128
us-east-1,r8g,AWS Graviton4 Processor,16,128.0,0.94256
us-east-1,r8g,AWS Graviton4 Processor,32,256.0,1.88512
us-east-1,r8g,AWS Graviton4 Processor,48,384.0,2.82768
us-east-1,r8g,AWS Graviton4 Processor,64,512.0,3.77024
us-east-1,r8g,AWS Graviton4 Processor,96,768.0,5.65536
us-east-1,r8g,AWS Graviton4 Processor,192,1536.0,11.31072
us-east-1,r8i,Intel Xeon 6 6985P-C,2,16.0,0.13892
us-east-1,r8i,Intel Xeon 6 6985P-C,4,32.0,0.27784
us-east-1,r8i,Intel Xeon 6 6985P-C,8,64.0,0.55568
us-east-1,r8i,Intel Xeon 6 6985P-C,16,128.0,1.11136
us-east-1,r8i,Intel Xeon 6 6985P-C,32,256.0,2.22272
us-east-1,r8i,Intel Xeon 6 6985P-C,48,384.0,3.33408
us-east-1,r8i,Intel Xeon 6 6985P-C,64,512.0,4.44544
us-east-1,r8i,Intel Xeon 6 6985P-C,96,768.0,6.66816
us-east-1,r8i,Intel Xeon 6 6985P-C,128,1024.0,8.89088
us-east-1,r8i,Intel Xeon 6 6985P-C,192,1536.0,13.33632
us-east-1,r8i,Intel Xeon 6 6985P-C,384,3072.0,26.67264
us-east-1,x8g,AWS Graviton4 Processor,1,16.0,0.0977
us-east-1,x8g,AWS Graviton4 Processor,2,32.0,0.1954
us-east-1,x8g,AWS Graviton4 Processor,4,64.0,0.3908
us-east-1,x8g,AWS Graviton4 Processor,8,128.0,0.7816
us-east-1,x8g,AWS Graviton4 Processor,16,256.0,1.5632
us-east-1,x8g,AWS Graviton4 Processor,32,512.0,3.1264
us-east-1,x8g,AWS Graviton4 Processor,48,768.0,4.6896
us-east-1,x8g,AWS Graviton4 Processor,64,1024.0,6.2528
us-east-1,x8g,AWS Graviton4 Processor,96,1536.0,9.3792
us-east-1,x8g,AWS Graviton4 Processor,192,3072.0,18.7584
us-east-1,x8i,Intel Xeon 6 6975P-C,2,32.0,0.21883
us-east-1,x8i,Intel Xeon 6 6975P-C,4,64.0,0.43766
us-east-1,x8i,Intel Xeon 6 6975P-C,8,128.0,0.87532
us-east-1,x8i,Intel Xeon 6 6975P-C,16,256.0,1.75064
us-east-1,x8i,Intel Xeon 6 6975P-C,32,512.0,3.50128
us-east-1,x8i,Intel Xeon 6 6975P-C,48,768.0,5.25192
us-east-1,x8i,Intel Xeon 6 6975P-C,64,1024.0,7.00256
us-east-1,x8i,Intel Xeon 6 6975P-C,96,1536.0,10.50384
us-east-1,x8i,Intel Xeon 6 6975P-C,128,2048.0,14.00512
us-east-1,x8i,Intel Xeon 6 6975P-C,192,3072.0,21.00768
us-east-1,x8i,Intel Xeon 6 6975P-C,256,4096.0,28.01024
us-east-1,x8i,Intel Xeon 6 6975P-C,384,6144.0,48.74438
us-east-2,c6a,AMD EPYC 7R13 Processor,2,4.0,0.0765
us-east-2,c6a,AMD EPYC 7R13 Processor,4,8.0,0.153
us-east-2,c6a,AMD EPYC 7R13 Processor,8,16.0,0.306
us-east-2,c6a,AMD EPYC 7R13 Processor,16,32.0,0.612
us-east-2,c6a,AMD EPYC 7R13 Processor,32,64.0,1.224
us-east-2,c6a,AMD EPYC 7R13 Processor,48,96.0,1.836
us-east-2,c6a,AMD EPYC 7R13 Processor,64,128.0,2.448
us-east-2,c6a,AMD EPYC 7R13 Processor,96,192.0,3.672
us-east-2,c6a,AMD EPYC 7R13 Processor,128,256.0,4.896
us-east-2,c6a,AMD EPYC 7R13 Processor,192,384.0,7.344
us-east-2,c6g,AWS Graviton2 Processor,1,2.0,0.034
us-east-2,c6g,AWS Graviton2 Processor,2,4.0,0.068
us-east-2,c6g,AWS Graviton2 Processor,4,8.0,0.136
us-east-2,c6g,AWS Graviton2 Processor,8,16.0,0.272
us-east-2,c6g,AWS Graviton2 Processor,16,32.0,0.544
us-east-2,c6g,AWS Graviton2 Processor,32,64.0,1.088
us-east-2,c6g,AWS Graviton2 Processor,48,96.0,1.632
us-east-2,c6g,AWS Graviton2 Processor,64,128.0,2.176
us-east-2,c6i,Intel Xeon Platinum 8375C,2,4.0,0.085
us-east-2,c6i,Intel Xeon Platinum 8375C,4,8.0,0.17
us-east-2,c6i,Intel Xeon Platinum 8375C,8,16.0,0.34
us-east-2,c6i,Intel Xeon Platinum 8375C,16,32.0,0.68
us-east-2,c6i,Intel Xeon Platinum 8375C,32,64.0,1.36
us-east-2,c6i,Intel Xeon Platinum 8375C,48,96.0,2.04
us-east-2,c6i,Intel Xeon Platinum 8375C,64,128.0,2.72
us-east-2,c6i,Intel Xeon Platinum 8375C,96,192.0,4.08
us-east-2,c6i,Intel Xeon Platinum 8375C,128,256.0,5.44
us-east-2,c7a,AMD EPYC 9R14 Processor,1,2.0,0.05132
us-east-2,c7a,AMD EPYC 9R14 Processor,2,4.0,0.10264
us-east-2,c7a,AMD EPYC 9R14 Processor,4,8.0,0.20528
us-east-2,c7a,AMD EPYC 9R14 Processor,8,16.0,0.41056
us-east-2,c7a,AMD EPYC 9R14 Processor,16,32.0,0.82112
us-east-2,c7a,AMD EPYC 9R14 Processor,32,64.0,1.64224
us-east-2,c7a,AMD EPYC 9R14 Processor,48,96.0,2.46336
us-east-2,c7a,AMD EPYC 9R14 Processor,64,128.0,3.28448
us-east-2,c7a,AMD EPYC 9R14 Processor,96,192.0,4.92672
us-east-2,c7a,AMD EPYC 9R14 Processor,128,256.0,6.56896
us-east-2,c7a,AMD EPYC 9R14 Processor,192,384.0,9.85344
us-east-2,c7g,AWS Graviton3 Processor,1,2.0,0.0361
us-east-2,c7g,AWS Graviton3 Processor,2,4.0,0.0723
us-east-2,c7g,AWS Graviton3 Processor,4,8.0,0.1445
us-east-2,c7g,AWS Graviton3 Processor,8,16.0,0.289
us-east-2,c7g,AWS Graviton3 Processor,16,32.0,0.5781
us-east-2,c7g,AWS Graviton3 Processor,32,64.0,1.1562
us-east-2,c7g,AWS Graviton3 Processor,48,96.0,1.7342
us-east-2,c7g,AWS Graviton3 Processor,64,128.0,2.3123
us-east-2,c7i,Intel Xeon Platinum 8488C,2,4.0,0.08925
us-east-2,c7i,Intel Xeon Platinum 8488C,4,8.0,0.1785
us-east-2,c7i,Intel Xeon Platinum 8488C,8,16.0,0.357
us-east-2,c7i,Intel Xeon Platinum 8488C,16,32.0,0.714
us-east-2,c7i,Intel Xeon Platinum 8488C,32,64.0,1.428
us-east-2,c7i,Intel Xeon Platinum 8488C,48,96.0,2.142
us-east-2,c7i,Intel Xeon Platinum 8488C,64,128.0,2.856
us-east-2,c7i,Intel Xeon Platinum 8488C,96,192.0,4.284
us-east-2,c7i,Intel Xeon Platinum 8488C,192,384.0,8.568
us-east-2,c8a,AMD EPYC 9R45 Processor,1,2.0,0.05389
us-east-2,c8a,AMD EPYC 9R45 Processor,2,4.0,0.10777
us-east-2,c8a,AMD EPYC 9R45 Processor,4,8.0,0.21554
us-east-2,c8a,AMD EPYC 9R45 Processor,8,16.0,0.43108
us-east-2,c8a,AMD EPYC 9R45 Processor,16,32.0,0.86216
us-east-2,c8a,AMD EPYC 9R45 Processor,32,64.0,1.72432
us-east-2,c8a,AMD EPYC 9R45 Processor,48,96.0,2.58648
us-east-2,c8a,AMD EPYC 9R45 Processor,64,128.0,3.44864
us-east-2,c8a,AMD EPYC 9R45 Processor,96,192.0,5.17296
us-east-2,c8a,AMD EPYC 9R45 Processor,192,384.0,10.34592
us-east-2,c8g,AWS Graviton4 Processor,1,2.0,0.03974
us-east-2,c8g,AWS Graviton4 Processor,2,4.0,0.07948
us-east-2,c8g,AWS Graviton4 Processor,4,8.0,0.15896
us-east-2,c8g,AWS Graviton4 Processor,8,16.0,0.31792
us-east-2,c8g,AWS Graviton4 Processor,16,32.0,0.63584
us-east-2,c8g,AWS Graviton4 Processor,32,64.0,1.27168
us-east-2,c8g,AWS Graviton4 Processor,48,96.0,1.90752
us-east-2,c8g,AWS Graviton4 Processor,64,128.0,2.54336
us-east-2,c8g,AWS Graviton4 Processor,96,192.0,3.81504
us-east-2,c8g,AWS Graviton4 Processor,192,384.0,7.63008
us-east-2,c8i,Intel Xeon 6 6975P-C,2,4.0,0.09371
us-east-2,c8i,Intel Xeon 6 6975P-C,4,8.0,0.18742
us-east-2,c8i,Intel Xeon 6 6975P-C,8,16.0,0.37484
us-east-2,c8i,Intel Xeon 6 6975P-C,16,32.0,0.74968
us-east-2,c8i,Intel Xeon 6 6975P-C,32,64.0,1.49936
us-east-2,c8i,Intel Xeon 6 6975P-C,48,96.0,2.24904
us-east-2,c8i,Intel Xeon 6 6975P-C,64,128.0,2.99872
us-east-2,c8i,Intel Xeon 6 6975P-C,96,192.0,4.49808
us-east-2,c8i,Intel Xeon 6 6975P-C,128,256.0,5.99744
us-east-2,c8i,Intel Xeon 6 6975P-C,192,384.0,8.99616
us-east-2,c8i,Intel Xeon 6 6975P-C,384,768.0,17.99232
us-east-2,c9g,AWS Graviton5 Processor,1,2.0,0.04332
us-east-2,c9g,AWS Graviton5 Processor,2,4.0,0.08664
us-east-2,c9g,AWS Graviton5 Processor,4,8.0,0.17328
us-east-2,c9g,AWS Graviton5 Processor,8,16.0,0.34656
us-east-2,c9g,AWS Graviton5 Processor,16,32.0,0.69312
us-east-2,c9g,AWS Graviton5 Processor,32,64.0,1.38624
us-east-2,c9g,AWS Graviton5 Processor,48,96.0,2.07936
us-east-2,c9g,AWS Graviton5 Processor,64,128.0,2.77248
us-east-2,c9g,AWS Graviton5 Processor,96,192.0,4.15872
us-east-2,c9g,AWS Graviton5 Processor,192,384.0,8.31744
us-east-2,m6a,AMD EPYC 7R13 Processor,2,8.0,0.0864
us-east-2,m6a,AMD EPYC 7R13 Processor,4,16.0,0.1728
us-east-2,m6a,AMD EPYC 7R13 Processor,8,32.0,0.3456
us-east-2,m6a,AMD EPYC 7R13 Processor,16,64.0,0.6912
us-east-2,m6a,AMD EPYC 7R13 Processor,32,128.0,1.3824
us-east-2,m6a,AMD EPYC 7R13 Processor,48,192.0,2.0736
us-east-2,m6a,AMD EPYC 7R13 Processor,64,256.0,2.7648
us-east-2,m6a,AMD EPYC 7R13 Processor,96,384.0,4.1472
us-east-2,m6a,AMD EPYC 7R13 Processor,128,512.0,5.5296
us-east-2,m6a,AMD EPYC 7R13 Processor,192,768.0,8.2944
us-east-2,m6g,AWS Graviton2 Processor,1,4.0,0.0385
us-east-2,m6g,AWS Graviton2 Processor,2,8.0,0.077
us-east-2,m6g,AWS Graviton2 Processor,4,16.0,0.154
us-east-2,m6g,AWS Graviton2 Processor,8,32.0,0.308
us-east-2,m6g,AWS Graviton2 Processor,16,64.0,0.616
us-east-2,m6g,AWS Graviton2 Processor,32,128.0,1.232
us-east-2,m6g,AWS Graviton2 Processor,48,192.0,1.848
us-east-2,m6g,AWS Graviton2 Processor,64,256.0,2.464
us-east-2,m6i,Intel Xeon Platinum 8375C,2,8.0,0.096
us-east-2,m6i,Intel Xeon Platinum 8375C,4,16.0,0.192
us-east-2,m6i,Intel Xeon Platinum 8375C,8,32.0,0.384
us-east-2,m6i,Intel Xeon Platinum 8375C,16,64.0,0.768
us-east-2,m6i,Intel Xeon Platinum 8375C,32,128.0,1.536
us-east-2,m6i,Intel Xeon Platinum 8375C,48,192.0,2.304
us-east-2,m6i,Intel Xeon Platinum 8375C,64,256.0,3.072
us-east-2,m6i,Intel Xeon Platinum 8375C,96,384.0,4.608
us-east-2,m6i,Intel Xeon Platinum 8375C,128,512.0,6.144
us-east-2,m7a,AMD EPYC 9R14 Processor,1,4.0,0.05796
us-east-2,m7a,AMD EPYC 9R14 Processor,2,8.0,0.11592
us-east-2,m7a,AMD EPYC 9R14 Processor,4,16.0,0.23184
us-east-2,m7a,AMD EPYC 9R14 Processor,8,32.0,0.46368
us-east-2,m7a,AMD EPYC 9R14 Processor,16,64.0,0.92736
us-east-2,m7a,AMD EPYC 9R14 Processor,32,128.0,1.85472
us-east-2,m7a,AMD EPYC 9R14 Processor,48,192.0,2.78208
us-east-2,m7a,AMD EPYC 9R14 Processor,64,256.0,3.70944
us-east-2,m7a,AMD EPYC 9R14 Processor,96,384.0,5.56416
us-east-2,m7a,AMD EPYC 9R14 Processor,128,512.0,7.41888
us-east-2,m7a,AMD EPYC 9R14 Processor,192,768.0,11.12832
us-east-2,m7g,AWS Graviton3 Processor,1,4.0,0.0408
us-east-2,m7g,AWS Graviton3 Processor,2,8.0,0.0816
us-east-2,m7g,AWS Graviton3 Processor,4,16.0,0.1632
us-east-2,m7g,AWS Graviton3 Processor,8,32.0,0.3264
us-east-2,m7g,AWS Graviton3 Processor,16,64.0,0.6528
us-east-2,m7g,AWS Graviton3 Processor,32,128.0,1.3056
us-east-2,m7g,AWS Graviton3 Processor,48,192.0,1.9584
us-east-2,m7g,AWS Graviton3 Processor,64,256.0,2.6112
us-east-2,m7i,Intel Xeon Platinum 8488C,2,8.0,0.1008
us-east-2,m7i,Intel Xeon Platinum 8488C,4,16.0,0.2016
us-east-2,m7i,Intel Xeon Platinum 8488C,8,32.0,0.4032
us-east-2,m7i,Intel Xeon Platinum 8488C,16,64.0,0.8064
us-east-2,m7i,Intel Xeon Platinum 8488C,32,128.0,1.6128
us-east-2,m7i,Intel Xeon Platinum 8488C,48,192.0,2.4192
us-east-2,m7i,Intel Xeon Platinum 8488C,64,256.0,3.2256
us-east-2,m7i,Intel Xeon Platinum 8488C,96,384.0,4.8384
us-east-2,m7i,Intel Xeon Platinum 8488C,192,768.0,9.6768
us-east-2,m8a,AMD EPYC 9R45 Processor,1,4.0,0.06086
us-east-2,m8a,AMD EPYC 9R45 Processor,2,8.0,0.12172
us-east-2,m8a,AMD EPYC 9R45 Processor,4,16.0,0.24344
us-east-2,m8a,AMD EPYC 9R45 Processor,8,32.0,0.48688
us-east-2,m8a,AMD EPYC 9R45 Processor,16,64.0,0.97376
us-east-2,m8a,AMD EPYC 9R45 Processor,32,128.0,1.94752
us-east-2,m8a,AMD EPYC 9R45 Processor,48,192.0,2.92128
us-east-2,m8a,AMD EPYC 9R45 Processor,64,256.0,3.89504
us-east-2,m8a,AMD EPYC 9R45 Processor,96,384.0,5.84256
us-east-2,m8a,AMD EPYC 9R45 Processor,192,768.0,11.68512
us-east-2,m8g,AWS Graviton4 Processor,1,4.0,0.04488
us-east-2,m8g,AWS Graviton4 Processor,2,8.0,0.08976
us-east-2,m8g,AWS Graviton4 Processor,4,16.0,0.17952
us-east-2,m8g,AWS Graviton4 Processor,8,32.0,0.35904
us-east-2,m8g,AWS Graviton4 Processor,16,64.0,0.71808
us-east-2,m8g,AWS Graviton4 Processor,32,128.0,1.43616
us-east-2,m8g,AWS Graviton4 Processor,48,192.0,2.15424
us-east-2,m8g,AWS Graviton4 Processor,64,256.0,2.87232
us-east-2,m8g,AWS Graviton4 Processor,96,384.0,4.30848
us-east-2,m8g,AWS Graviton4 Processor,192,768.0,8.61696
us-east-2,m8i,Intel Xeon 6 6975P-C,2,8.0,0.10584
us-east-2,m8i,Intel Xeon 6 6975P-C,4,16.0,0.21168
us-east-2,m8i,Intel Xeon 6 6975P-C,8,32.0,0.42336
us-east-2,m8i,Intel Xeon 6 6975P-C,16,64.0,0.84672
us-east-2,m8i,Intel Xeon 6 6975P-C,32,128.0,1.69344
us-east-2,m8i,Intel Xeon 6 6975P-C,48,192.0,2.54016
us-east-2,m8i,Intel Xeon 6 6975P-C,64,256.0,3.38688
us-east-2,m8i,Intel Xeon 6 6975P-C,96,384.0,5.08032
us-east-2,m8i,Intel Xeon 6 6975P-C,128,512.0,6.77376
us-east-2,m8i,Intel Xeon 6 6975P-C,192,768.0,10.16064
us-east-2,m8i,Intel Xeon 6 6975P-C,384,1536.0,20.32128
us-east-2,m9g,AWS Graviton5 Processor,1,4.0,0.04892
us-east-2,m9g,AWS Graviton5 Processor,2,8.0,0.09784
us-east-2,m9g,AWS Graviton5 Processor,4,16.0,0.19568
us-east-2,m9g,AWS Graviton5 Processor,8,32.0,0.39136
us-east-2,m9g,AWS Graviton5 Processor,16,64.0,0.78272
us-east-2,m9g,AWS Graviton5 Processor,32,128.0,1.56544
us-east-2,m9g,AWS Graviton5 Processor,48,192.0,2.34816
us-east-2,m9g,AWS Graviton5 Processor,64,256.0,3.13088
us-east-2,m9g,AWS Graviton5 Processor,96,384.0,4.69632
us-east-2,m9g,AWS Graviton5 Processor,192,768.0,9.39264
us-east-2,r6a,AMD EPYC 7R13 Processor,2,16.0,0.1134
us-east-2,r6a,AMD EPYC 7R13 Processor,4,32.0,0.2268
us-east-2,r6a,AMD EPYC 7R13 Processor,8,64.0,0.4536
us-east-2,r6a,AMD EPYC 7R13 Processor,16,128.0,0.9072
us-east-2,r6a,AMD EPYC 7R13 Processor,32,256.0,1.8144
us-east-2,r6a,AMD EPYC 7R13 Processor,48,384.0,2.7216
us-east-2,r6a,AMD EPYC 7R13 Processor,64,512.0,3.6288
us-east-2,r6a,AMD EPYC 7R13 Processor,96,768.0,5.4432
us-east-2,r6a,AMD EPYC 7R13 Processor,128,1024.0,7.2576
us-east-2,r6a,AMD EPYC 7R13 Processor,192,1536.0,10.8864
us-east-2,r6g,AWS Graviton2 Processor,1,8.0,0.0504
us-east-2,r6g,AWS Graviton2 Processor,2,16.0,0.1008
us-east-2,r6g,AWS Graviton2 Processor,4,32.0,0.2016
us-east-2,r6g,AWS Graviton2 Processor,8,64.0,0.4032
us-east-2,r6g,AWS Graviton2 Processor,16,128.0,0.8064
us-east-2,r6g,AWS Graviton2 Processor,32,256.0,1.6128
us-east-2,r6g,AWS Graviton2 Processor,48,384.0,2.4192
us-east-2,r6g,AWS Graviton2 Processor,64,512.0,3.2256
us-east-2,r6i,Intel Xeon Platinum 8375C,2,16.0,0.126
us-east-2,r6i,Intel Xeon Platinum 8375C,4,32.0,0.252
us-east-2,r6i,Intel Xeon Platinum 8375C,8,64.0,0.504
us-east-2,r6i,Intel Xeon Platinum 8375C,16,128.0,1.008
us-east-2,r6i,Intel Xeon Platinum 8375C,32,256.0,2.016
us-east-2,r6i,Intel Xeon Platinum 8375C,48,384.0,3.024
us-east-2,r6i,Intel Xeon Platinum 8375C,64,512.0,4.032
us-east-2,r6i,Intel Xeon Platinum 8375C,96,768.0,6.048
us-east-2,r6i,Intel Xeon Platinum 8375C,128,1024.0,8.064
us-east-2,r7a,AMD EPYC 9R14 Processor,1,8.0,0.07608
us-east-2,r7a,AMD EPYC 9R14 Processor,2,16.0,0.15215
us-east-2,r7a,AMD EPYC 9R14 Processor,4,32.0,0.3043
us-east-2,r7a,AMD EPYC 9R14 Processor,8,64.0,0.6086
us-east-2,r7a,AMD EPYC 9R14 Processor,16,128.0,1.2172
us-east-2,r7a,AMD EPYC 9R14 Processor,32,256.0,2.4344
us-east-2,r7a,AMD EPYC 9R14 Processor,48,384.0,3.6516
us-east-2,r7a,AMD EPYC 9R14 Processor,64,512.0,4.8688
us-east-2,r7a,AMD EPYC 9R14 Processor,96,768.0,7.3032
us-east-2,r7a,AMD EPYC 9R14 Processor,128,1024.0,9.7376
us-east-2,r7a,AMD EPYC 9R14 Processor,192,1536.0,14.6064
us-east-2,r7g,AWS Graviton3 Processor,1,8.0,0.0536
us-east-2,r7g,AWS Graviton3 Processor,2,16.0,0.1071
us-east-2,r7g,AWS Graviton3 Processor,4,32.0,0.2142
us-east-2,r7g,AWS Graviton3 Processor,8,64.0,0.4284
us-east-2,r7g,AWS Graviton3 Processor,16,128.0,0.8568
us-east-2,r7g,AWS Graviton3 Processor,32,256.0,1.7136
us-east-2,r7g,AWS Graviton3 Processor,48,384.0,2.5704
us-east-2,r7g,AWS Graviton3 Processor,64,512.0,3.4272
us-east-2,r7i,Intel Xeon Platinum 8488C,2,16.0,0.1323
us-east-2,r7i,Intel Xeon Platinum 8488C,4,32.0,0.2646
us-east-2,r7i,Intel Xeon Platinum 8488C,8,64.0,0.5292
us-east-2,r7i,Intel Xeon Platinum 8488C,16,128.0,1.0584
us-east-2,r7i,Intel Xeon Platinum 8488C,32,256.0,2.1168
us-east-2,r7i,Intel Xeon Platinum 8488C,48,384.0,3.1752
us-east-2,r7i,Intel Xeon Platinum 8488C,64,512.0,4.2336
us-east-2,r7i,Intel Xeon Platinum 8488C,96,768.0,6.3504
us-east-2,r7i,Intel Xeon Platinum 8488C,192,1536.0,12.7008
us-east-2,r8a,AMD EPYC 9R45 Processor,1,8.0,0.07988
us-east-2,r8a,AMD EPYC 9R45 Processor,2,16.0,0.15976
us-east-2,r8a,AMD EPYC 9R45 Processor,4,32.0,0.31952
us-east-2,r8a,AMD EPYC 9R45 Processor,8,64.0,0.63904
us-east-2,r8a,AMD EPYC 9R45 Processor,16,128.0,1.27808
us-east-2,r8a,AMD EPYC 9R45 Processor,32,256.0,2.55616
us-east-2,r8a,AMD EPYC 9R45 Processor,48,384.0,3.83424
us-east-2,r8a,AMD EPYC 9R45 Processor,64,512.0,5.11232
us-east-2,r8a,AMD EPYC 9R45 Processor,96,768.0,7.66848
us-east-2,r8a,AMD EPYC 9R45 Processor,192,1536.0,15.33696
us-east-2,r8g,AWS Graviton4 Processor,1,8.0,0.05891
us-east-2,r8g,AWS Graviton4 Processor,2,16.0,0.11782
us-east-2,r8g,AWS Graviton4 Processor,4,32.0,0.23564
us-east-2,r8g,AWS Graviton4 Processor,8,64.0,0.47128
us-east-2,r8g,AWS Graviton4 Processor,16,128.0,0.94256
us-east-2,r8g,AWS Graviton4 Processor,32,256.0,1.88512
us-east-2,r8g,AWS Graviton4 Processor,48,384.0,2.82768
us-east-2,r8g,AWS Graviton4 Processor,64,512.0,3.77024
us-east-2,r8g,AWS Graviton4 Processor,96,768.0,5.65536
us-east-2,r8g,AWS Graviton4 Processor,192,1536.0,11.31072
us-east-2,r8i,Intel Xeon 6 6985P-C,2,16.0,0.13892
us-east-2,r8i,Intel Xeon 6 6985P-C,4,32.0,0.27784
us-east-2,r8i,Intel Xeon 6 6985P-C,8,64.0,0.55568
us-east-2,r8i,Intel Xeon 6 6985P-C,16,128.0,1.11136
us-east-2,r8i,Intel Xeon 6 6985P-C,32,256.0,2.22272
us-east-2,r8i,Intel Xeon 6 6985P-C,48,384.0,3.33408
us-east-2,r8i,Intel Xeon 6 6985P-C,64,512.0,4.44544
us-east-2,r8i,Intel Xeon 6 6985P-C,96,768.0,6.66816
us-east-2,r8i,Intel Xeon 6 6985P-C,128,1024.0,8.89088
us-east-2,r8i,Intel Xeon 6 6985P-C,192,1536.0,13.33632
us-east-2,r8i,Intel Xeon 6 6985P-C,384,3072.0,26.67264
us-east-2,x8g,AWS Graviton4 Processor,1,16.0,0.0977
us-east-2,x8g,AWS Graviton4 Processor,2,32.0,0.1954
us-east-2,x8g,AWS Graviton4 Processor,4,64.0,0.3908
us-east-2,x8g,AWS Graviton4 Processor,8,128.0,0.7816
us-east-2,x8g,AWS Graviton4 Processor,16,256.0,1.5632
us-east-2,x8g,AWS Graviton4 Processor,32,512.0,3.1264
us-east-2,x8g,AWS Graviton4 Processor,48,768.0,4.6896
us-east-2,x8g,AWS Graviton4 Processor,64,1024.0,6.2528
us-east-2,x8g,AWS Graviton4 Processor,96,1536.0,9.3792
us-east-2,x8g,AWS Graviton4 Processor,192,3072.0,18.7584
us-east-2,x8i,Intel Xeon 6 6975P-C,2,32.0,0.21883
us-east-2,x8i,Intel Xeon 6 6975P-C,4,64.0,0.43766
us-east-2,x8i,Intel Xeon 6 6975P-C,8,128.0,0.87532
us-east-2,x8i,Intel Xeon 6 6975P-C,16,256.0,1.75064
us-east-2,x8i,Intel Xeon 6 6975P-C,32,512.0,3.50128
us-east-2,x8i,Intel Xeon 6 6975P-C,48,768.0,5.25192
us-east-2,x8i,Intel Xeon 6 6975P-C,64,1024.0,7.00256
us-east-2,x8i,Intel Xeon 6 6975P-C,96,1536.0,10.50384
us-east-2,x8i,Intel Xeon 6 6975P-C,128,2048.0,14.00512
us-east-2,x8i,Intel Xeon 6 6975P-C,192,3072.0,21.00768
us-east-2,x8i,Intel Xeon 6 6975P-C,256,4096.0,28.01024
us-east-2,x8i,Intel Xeon 6 6975P-C,384,6144.0,48.74438
us-west-1,c6a,AMD EPYC 7R13 Processor,2,4.0,0.0954
us-west-1,c6a,AMD EPYC 7R13 Processor,4,8.0,0.1908
us-west-1,c6a,AMD EPYC 7R13 Processor,8,16.0,0.3816
us-west-1,c6a,AMD EPYC 7R13 Processor,16,32.0,0.7632
us-west-1,c6a,AMD EPYC 7R13 Processor,32,64.0,1.5264
us-west-1,c6a,AMD EPYC 7R13 Processor,48,96.0,2.2896
us-west-1,c6a,AMD EPYC 7R13 Processor,64,128.0,3.0528
us-west-1,c6a,AMD EPYC 7R13 Processor,96,192.0,4.5792
us-west-1,c6a,AMD EPYC 7R13 Processor,128,256.0,6.1056
us-west-1,c6a,AMD EPYC 7R13 Processor,192,384.0,9.1584
us-west-1,c6g,AWS Graviton2 Processor,1,2.0,0.0424
us-west-1,c6g,AWS Graviton2 Processor,2,4.0,0.0848
us-west-1,c6g,AWS Graviton2 Processor,4,8.0,0.1696
us-west-1,c6g,AWS Graviton2 Processor,8,16.0,0.3392
us-west-1,c6g,AWS Graviton2 Processor,16,32.0,0.6784
us-west-1,c6g,AWS Graviton2 Processor,32,64.0,1.3568
us-west-1,c6g,AWS Graviton2 Processor,48,96.0,2.0352
us-west-1,c6g,AWS Graviton2 Processor,64,128.0,2.7136
us-west-1,c6i,Intel Xeon Platinum 8375C,2,4.0,0.106
us-west-1,c6i,Intel Xeon Platinum 8375C,4,8.0,0.212
us-west-1,c6i,Intel Xeon Platinum 8375C,8,16.0,0.424
us-west-1,c6i,Intel Xeon Platinum 8375C,16,32.0,0.848
us-west-1,c6i,Intel Xeon Platinum 8375C,32,64.0,1.696
us-west-1,c6i,Intel Xeon Platinum 8375C,48,96.0,2.544
us-west-1,c6i,Intel Xeon Platinum 8375C,64,128.0,3.392
us-west-1,c6i,Intel Xeon Platinum 8375C,96,192.0,5.088
us-west-1,c6i,Intel Xeon Platinum 8375C,128,256.0,6.784
us-west-1,c7g,AWS Graviton3 Processor,1,2.0,0.0451
us-west-1,c7g,AWS Graviton3 Processor,2,4.0,0.0901
us-west-1,c7g,AWS Graviton3 Processor,4,8.0,0.1802
us-west-1,c7g,AWS Graviton3 Processor,8,16.0,0.3604
us-west-1,c7g,AWS Graviton3 Processor,16,32.0,0.7208
us-west-1,c7g,AWS Graviton3 Processor,32,64.0,1.4416
us-west-1,c7g,AWS Graviton3 Processor,48,96.0,2.1624
us-west-1,c7g,AWS Graviton3 Processor,64,128.0,2.8832
us-west-1,c7i,Intel Xeon Platinum 8488C,2,4.0,0.1113
us-west-1,c7i,Intel Xeon Platinum 8488C,4,8.0,0.2226
us-west-1,c7i,Intel Xeon Platinum 8488C,8,16.0,0.4452
us-west-1,c7i,Intel Xeon Platinum 8488C,16,32.0,0.8904
us-west-1,c7i,Intel Xeon Platinum 8488C,32,64.0,1.7808
us-west-1,c7i,Intel Xeon Platinum 8488C,48,96.0,2.6712
us-west-1,c7i,Intel Xeon Platinum 8488C,64,128.0,3.5616
us-west-1,c7i,Intel Xeon Platinum 8488C,96,192.0,5.3424
us-west-1,c7i,Intel Xeon Platinum 8488C,192,384.0,10.6848
us-west-1,c8g,AWS Graviton4 Processor,1,2.0,0.04956
us-west-1,c8g,AWS Graviton4 Processor,2,4.0,0.09912
us-west-1,c8g,AWS Graviton4 Processor,4,8.0,0.19824
us-west-1,c8g,AWS Graviton4 Processor,8,16.0,0.39648
us-west-1,c8g,AWS Graviton4 Processor,16,32.0,0.79296
us-west-1,c8g,AWS Graviton4 Processor,32,64.0,1.58592
us-west-1,c8g,AWS Graviton4 Processor,48,96.0,2.37888
us-west-1,c8g,AWS Graviton4 Processor,64,128.0,3.17184
us-west-1,c8g,AWS Graviton4 Processor,96,192.0,4.75776
us-west-1,c8g,AWS Graviton4 Processor,192,384.0,9.51552
us-west-1,c8i,Intel Xeon 6 6975P-C,2,4.0,0.11686
us-west-1,c8i,Intel Xeon 6 6975P-C,4,8.0,0.23372
us-west-1,c8i,Intel Xeon 6 6975P-C,8,16.0,0.46744
us-west-1,c8i,Intel Xeon 6 6975P-C,16,32.0,0.93488
us-west-1,c8i,Intel Xeon 6 6975P-C,32,64.0,1.86976
us-west-1,c8i,Intel Xeon 6 6975P-C,48,96.0,2.80464
us-west-1,c8i,Intel Xeon 6 6975P-C,64,128.0,3.73952
us-west-1,c8i,Intel Xeon 6 6975P-C,96,192.0,5.60928
us-west-1,c8i,Intel Xeon 6 6975P-C,128,256.0,7.47904
us-west-1,c8i,Intel Xeon 6 6975P-C,192,384.0,11.21856
us-west-1,c8i,Intel Xeon 6 6975P-C,384,768.0,22.43712
us-west-1,m6a,AMD EPYC 7R13 Processor,2,8.0,0.1008
us-west-1,m6a,AMD EPYC 7R13 Processor,4,16.0,0.2016
us-west-1,m6a,AMD EPYC 7R13 Processor,8,32.0,0.4032
us-west-1,m6a,AMD EPYC 7R13 Processor,16,64.0,0.8064
us-west-1,m6a,AMD EPYC 7R13 Processor,32,128.0,1.6128
us-west-1,m6a,AMD EPYC 7R13 Processor,48,192.0,2.4192
us-west-1,m6a,AMD EPYC 7R13 Processor,64,256.0,3.2256
us-west-1,m6a,AMD EPYC 7R13 Processor,96,384.0,4.8384
us-west-1,m6a,AMD EPYC 7R13 Processor,128,512.0,6.4512
us-west-1,m6a,AMD EPYC 7R13 Processor,192,768.0,9.6768
us-west-1,m6g,AWS Graviton2 Processor,1,4.0,0.0448
us-west-1,m6g,AWS Graviton2 Processor,2,8.0,0.0896
us-west-1,m6g,AWS Graviton2 Processor,4,16.0,0.1792
us-west-1,m6g,AWS Graviton2 Processor,8,32.0,0.3584
us-west-1,m6g,AWS Graviton2 Processor,16,64.0,0.7168
us-west-1,m6g,AWS Graviton2 Processor,32,128.0,1.4336
us-west-1,m6g,AWS Graviton2 Processor,48,192.0,2.1504
us-west-1,m6g,AWS Graviton2 Processor,64,256.0,2.8672
us-west-1,m6i,Intel Xeon Platinum 8375C,2,8.0,0.112
us-west-1,m6i,Intel Xeon Platinum 8375C,4,16.0,0.224
us-west-1,m6i,Intel Xeon Platinum 8375C,8,32.0,0.448
us-west-1,m6i,Intel Xeon Platinum 8375C,16,64.0,0.896
us-west-1,m6i,Intel Xeon Platinum 8375C,32,128.0,1.792
us-west-1,m6i,Intel Xeon Platinum 8375C,48,192.0,2.688
us-west-1,m6i,Intel Xeon Platinum 8375C,64,256.0,3.584
us-west-1,m6i,Intel Xeon Platinum 8375C,96,384.0,5.376
us-west-1,m6i,Intel Xeon Platinum 8375C,128,512.0,7.168
us-west-1,m7g,AWS Graviton3 Processor,1,4.0,0.0476
us-west-1,m7g,AWS Graviton3 Processor,2,8.0,0.0952
us-west-1,m7g,AWS Graviton3 Processor,4,16.0,0.1904
us-west-1,m7g,AWS Graviton3 Processor,8,32.0,0.3808
us-west-1,m7g,AWS Graviton3 Processor,16,64.0,0.7616
us-west-1,m7g,AWS Graviton3 Processor,32,128.0,1.5232
us-west-1,m7g,AWS Graviton3 Processor,48,192.0,2.2848
us-west-1,m7g,AWS Graviton3 Processor,64,256.0,3.0464
us-west-1,m7i,Intel Xeon Platinum 8488C,2,8.0,0.1176
us-west-1,m7i,Intel Xeon Platinum 8488C,4,16.0,0.2352
us-west-1,m7i,Intel Xeon Platinum 8488C,8,32.0,0.4704
us-west-1,m7i,Intel Xeon Platinum 8488C,16,64.0,0.9408
us-west-1,m7i,Intel Xeon Platinum 8488C,32,128.0,1.8816
us-west-1,m7i,Intel Xeon Platinum 8488C,48,192.0,2.8224
us-west-1,m7i,Intel Xeon Platinum 8488C,64,256.0,3.7632
us-west-1,m7i,Intel Xeon Platinum 8488C,96,384.0,5.6448
us-west-1,m7i,Intel Xeon Platinum 8488C,192,768.0,11.2896
us-west-1,m8g,AWS Graviton4 Processor,1,4.0,0.05236
us-west-1,m8g,AWS Graviton4 Processor,2,8.0,0.10472
us-west-1,m8g,AWS Graviton4 Processor,4,16.0,0.20944
us-west-1,m8g,AWS Graviton4 Processor,8,32.0,0.41888
us-west-1,m8g,AWS Graviton4 Processor,16,64.0,0.83776
us-west-1,m8g,AWS Graviton4 Processor,32,128.0,1.67552
us-west-1,m8g,AWS Graviton4 Processor,48,192.0,2.51328
us-west-1,m8g,AWS Graviton4 Processor,64,256.0,3.35104
us-west-1,m8g,AWS Graviton4 Processor,96,384.0,5.02656
us-west-1,m8g,AWS Graviton4 Processor,192,768.0,10.05312
us-west-1,m8i,Intel Xeon 6 6975P-C,2,8.0,0.12348
us-west-1,m8i,Intel Xeon 6 6975P-C,4,16.0,0.24696
us-west-1,m8i,Intel Xeon 6 6975P-C,8,32.0,0.49392
us-west-1,m8i,Intel Xeon 6 6975P-C,16,64.0,0.98784
us-west-1,m8i,Intel Xeon 6 6975P-C,32,128.0,1.97568
us-west-1,m8i,Intel Xeon 6 6975P-C,48,192.0,2.96352
us-west-1,m8i,Intel Xeon 6 6975P-C,64,256.0,3.95136
us-west-1,m8i,Intel Xeon 6 6975P-C,96,384.0,5.92704
us-west-1,m8i,Intel Xeon 6 6975P-C,128,512.0,7.90272
us-west-1,m8i,Intel Xeon 6 6975P-C,192,768.0,11.85408
us-west-1,m8i,Intel Xeon 6 6975P-C,384,1536.0,23.70816
us-west-1,r6a,AMD EPYC 7R13 Processor,2,16.0,0.126
us-west-1,r6a,AMD EPYC 7R13 Processor,4,32.0,0.252
us-west-1,r6a,AMD EPYC 7R13 Processor,8,64.0,0.504
us-west-1,r6a,AMD EPYC 7R13 Processor,16,128.0,1.008
us-west-1,r6a,AMD EPYC 7R13 Processor,32,256.0,2.016
us-west-1,r6a,AMD EPYC 7R13 Processor,48,384.0,3.024
us-west-1,r6a,AMD EPYC 7R13 Processor,64,512.0,4.032
us-west-1,r6a,AMD EPYC 7R13 Processor,96,768.0,6.048
us-west-1,r6a,AMD EPYC 7R13 Processor,128,1024.0,8.064
us-west-1,r6a,AMD EPYC 7R13 Processor,192,1536.0,12.096
us-west-1,r6g,AWS Graviton2 Processor,1,8.0,0.056
us-west-1,r6g,AWS Graviton2 Processor,2,16.0,0.112
us-west-1,r6g,AWS Graviton2 Processor,4,32.0,0.224
us-west-1,r6g,AWS Graviton2 Processor,8,64.0,0.448
us-west-1,r6g,AWS Graviton2 Processor,16,128.0,0.896
us-west-1,r6g,AWS Graviton2 Processor,32,256.0,1.792
us-west-1,r6g,AWS Graviton2 Processor,48,384.0,2.688
us-west-1,r6g,AWS Graviton2 Processor,64,512.0,3.584
us-west-1,r6i,Intel Xeon Platinum 8375C,2,16.0,0.14
us-west-1,r6i,Intel Xeon Platinum 8375C,4,32.0,0.28
us-west-1,r6i,Intel Xeon Platinum 8375C,8,64.0,0.56
us-west-1,r6i,Intel Xeon Platinum 8375C,16,128.0,1.12
us-west-1,r6i,Intel Xeon Platinum 8375C,32,256.0,2.24
us-west-1,r6i,Intel Xeon Platinum 8375C,48,384.0,3.36
us-west-1,r6i,Intel Xeon Platinum 8375C,64,512.0,4.48
us-west-1,r6i,Intel Xeon Platinum 8375C,96,768.0,6.72
us-west-1,r6i,Intel Xeon Platinum 8375C,128,1024.0,8.96
us-west-1,r7g,AWS Graviton3 Processor,1,8.0,0.0595
us-west-1,r7g,AWS Graviton3 Processor,2,16.0,0.119
us-west-1,r7g,AWS Graviton3 Processor,4,32.0,0.238
us-west-1,r7g,AWS Graviton3 Processor,8,64.0,0.476
us-west-1,r7g,AWS Graviton3 Processor,16,128.0,0.952
us-west-1,r7g,AWS Graviton3 Processor,32,256.0,1.904
us-west-1,r7g,AWS Graviton3 Processor,48,384.0,2.856
us-west-1,r7g,AWS Graviton3 Processor,64,512.0,3.808
us-west-1,r7i,Intel Xeon Platinum 8488C,2,16.0,0.147
us-west-1,r7i,Intel Xeon Platinum 8488C,4,32.0,0.294
us-west-1,r7i,Intel Xeon Platinum 8488C,8,64.0,0.588
us-west-1,r7i,Intel Xeon Platinum 8488C,16,128.0,1.176
us-west-1,r7i,Intel Xeon Platinum 8488C,32,256.0,2.352
us-west-1,r7i,Intel Xeon Platinum 8488C,48,384.0,3.528
us-west-1,r7i,Intel Xeon Platinum 8488C,64,512.0,4.704
us-west-1,r7i,Intel Xeon Platinum 8488C,96,768.0,7.056
us-west-1,r7i,Intel Xeon Platinum 8488C,192,1536.0,14.112
us-west-1,r8g,AWS Graviton4 Processor,1,8.0,0.06545
us-west-1,r8g,AWS Graviton4 Processor,2,16.0,0.1309
us-west-1,r8g,AWS Graviton4 Processor,4,32.0,0.2618
us-west-1,r8g,AWS Graviton4 Processor,8,64.0,0.5236
us-west-1,r8g,AWS Graviton4 Processor,16,128.0,1.0472
us-west-1,r8g,AWS Graviton4 Processor,32,256.0,2.0944
us-west-1,r8g,AWS Graviton4 Processor,48,384.0,3.1416
us-west-1,r8g,AWS Graviton4 Processor,64,512.0,4.1888
us-west-1,r8g,AWS Graviton4 Processor,96,768.0,6.2832
us-west-1,r8g,AWS Graviton4 Processor,192,1536.0,12.5664
us-west-1,r8i,Intel Xeon 6 6985P-C,2,16.0,0.15435
us-west-1,r8i,Intel Xeon 6 6985P-C,4,32.0,0.3087
us-west-1,r8i,Intel Xeon 6 6985P-C,8,64.0,0.6174
us-west-1,r8i,Intel Xeon 6 6985P-C,16,128.0,1.2348
us-west-1,r8i,Intel Xeon 6 6985P-C,32,256.0,2.4696
us-west-1,r8i,Intel Xeon 6 6985P-C,48,384.0,3.7044
us-west-1,r8i,Intel Xeon 6 6985P-C,64,512.0,4.9392
us-west-1,r8i,Intel Xeon 6 6985P-C,96,768.0,7.4088
us-west-1,r8i,Intel Xeon 6 6985P-C,128,1024.0,9.8784
us-west-1,r8i,Intel Xeon 6 6985P-C,192,1536.0,14.8176
us-west-1,r8i,Intel Xeon 6 6985P-C,384,3072.0,29.6352
us-west-2,c6a,AMD EPYC 7R13 Processor,2,4.0,0.0765
us-west-2,c6a,AMD EPYC 7R13 Processor,4,8.0,0.153
us-west-2,c6a,AMD EPYC 7R13 Processor,8,16.0,0.306
us-west-2,c6a,AMD EPYC 7R13 Processor,16,32.0,0.612
us-west-2,c6a,AMD EPYC 7R13 Processor,32,64.0,1.224
us-west-2,c6a,AMD EPYC 7R13 Processor,48,96.0,1.836
us-west-2,c6a,AMD EPYC 7R13 Processor,64,128.0,2.448
us-west-2,c6a,AMD EPYC 7R13 Processor,96,192.0,3.672
us-west-2,c6a,AMD EPYC 7R13 Processor,128,256.0,4.896
us-west-2,c6a,AMD EPYC 7R13 Processor,192,384.0,7.344
us-west-2,c6g,AWS Graviton2 Processor,1,2.0,0.034
us-west-2,c6g,AWS Graviton2 Processor,2,4.0,0.068
us-west-2,c6g,AWS Graviton2 Processor,4,8.0,0.136
us-west-2,c6g,AWS Graviton2 Processor,8,16.0,0.272
us-west-2,c6g,AWS Graviton2 Processor,16,32.0,0.544
us-west-2,c6g,AWS Graviton2 Processor,32,64.0,1.088
us-west-2,c6g,AWS Graviton2 Processor,48,96.0,1.632
us-west-2,c6g,AWS Graviton2 Processor,64,128.0,2.176
us-west-2,c6i,Intel Xeon Platinum 8375C,2,4.0,0.085
us-west-2,c6i,Intel Xeon Platinum 8375C,4,8.0,0.17
us-west-2,c6i,Intel Xeon Platinum 8375C,8,16.0,0.34
us-west-2,c6i,Intel Xeon Platinum 8375C,16,32.0,0.68
us-west-2,c6i,Intel Xeon Platinum 8375C,32,64.0,1.36
us-west-2,c6i,Intel Xeon Platinum 8375C,48,96.0,2.04
us-west-2,c6i,Intel Xeon Platinum 8375C,64,128.0,2.72
us-west-2,c6i,Intel Xeon Platinum 8375C,96,192.0,4.08
us-west-2,c6i,Intel Xeon Platinum 8375C,128,256.0,5.44
us-west-2,c7a,AMD EPYC 9R14 Processor,1,2.0,0.05132
us-west-2,c7a,AMD EPYC 9R14 Processor,2,4.0,0.10264
us-west-2,c7a,AMD EPYC 9R14 Processor,4,8.0,0.20528
us-west-2,c7a,AMD EPYC 9R14 Processor,8,16.0,0.41056
us-west-2,c7a,AMD EPYC 9R14 Processor,16,32.0,0.82112
us-west-2,c7a,AMD EPYC 9R14 Processor,32,64.0,1.64224
us-west-2,c7a,AMD EPYC 9R14 Processor,48,96.0,2.46336
us-west-2,c7a,AMD EPYC 9R14 Processor,64,128.0,3.28448
us-west-2,c7a,AMD EPYC 9R14 Processor,96,192.0,4.92672
us-west-2,c7a,AMD EPYC 9R14 Processor,128,256.0,6.56896
us-west-2,c7a,AMD EPYC 9R14 Processor,192,384.0,9.85344
us-west-2,c7g,AWS Graviton3 Processor,1,2.0,0.0363
us-west-2,c7g,AWS Graviton3 Processor,2,4.0,0.0725
us-west-2,c7g,AWS Graviton3 Processor,4,8.0,0.145
us-west-2,c7g,AWS Graviton3 Processor,8,16.0,0.29
us-west-2,c7g,AWS Graviton3 Processor,16,32.0,0.58
us-west-2,c7g,AWS Graviton3 Processor,32,64.0,1.16
us-west-2,c7g,AWS Graviton3 Processor,48,96.0,1.74
us-west-2,c7g,AWS Graviton3 Processor,64,128.0,2.32
us-west-2,c7i,Intel Xeon Platinum 8488C,2,4.0,0.08925
us-west-2,c7i,Intel Xeon Platinum 8488C,4,8.0,0.1785
us-west-2,c7i,Intel Xeon Platinum 8488C,8,16.0,0.357
us-west-2,c7i,Intel Xeon Platinum 8488C,16,32.0,0.714
us-west-2,c7i,Intel Xeon Platinum 8488C,32,64.0,1.428
us-west-2,c7i,Intel Xeon Platinum 8488C,48,96.0,2.142
us-west-2,c7i,Intel Xeon Platinum 8488C,64,128.0,2.856
us-west-2,c7i,Intel Xeon Platinum 8488C,96,192.0,4.284
us-west-2,c7i,Intel Xeon Platinum 8488C,192,384.0,8.568
us-west-2,c8a,AMD EPYC 9R45 Processor,1,2.0,0.05389
us-west-2,c8a,AMD EPYC 9R45 Processor,2,4.0,0.10777
us-west-2,c8a,AMD EPYC 9R45 Processor,4,8.0,0.21554
us-west-2,c8a,AMD EPYC 9R45 Processor,8,16.0,0.43108
us-west-2,c8a,AMD EPYC 9R45 Processor,16,32.0,0.86216
us-west-2,c8a,AMD EPYC 9R45 Processor,32,64.0,1.72432
us-west-2,c8a,AMD EPYC 9R45 Processor,48,96.0,2.58648
us-west-2,c8a,AMD EPYC 9R45 Processor,64,128.0,3.44864
us-west-2,c8a,AMD EPYC 9R45 Processor,96,192.0,5.17296
us-west-2,c8a,AMD EPYC 9R45 Processor,192,384.0,10.34592
us-west-2,c8g,AWS Graviton4 Processor,1,2.0,0.03988
us-west-2,c8g,AWS Graviton4 Processor,2,4.0,0.07976
us-west-2,c8g,AWS Graviton4 Processor,4,8.0,0.15952
us-west-2,c8g,AWS Graviton4 Processor,8,16.0,0.31904
us-west-2,c8g,AWS Graviton4 Processor,16,32.0,0.63808
us-west-2,c8g,AWS Graviton4 Processor,32,64.0,1.27616
us-west-2,c8g,AWS Graviton4 Processor,48,96.0,1.91424
us-west-2,c8g,AWS Graviton4 Processor,64,128.0,2.55232
us-west-2,c8g,AWS Graviton4 Processor,96,192.0,3.82848
us-west-2,c8g,AWS Graviton4 Processor,192,384.0,7.65696
us-west-2,c8i,Intel Xeon 6 6975P-C,2,4.0,0.09371
us-west-2,c8i,Intel Xeon 6 6975P-C,4,8.0,0.18742
us-west-2,c8i,Intel Xeon 6 6975P-C,8,16.0,0.37484
us-west-2,c8i,Intel Xeon 6 6975P-C,16,32.0,0.74968
us-west-2,c8i,Intel Xeon 6 6975P-C,32,64.0,1.49936
us-west-2,c8i,Intel Xeon 6 6975P-C,48,96.0,2.24904
us-west-2,c8i,Intel Xeon 6 6975P-C,64,128.0,2.99872
us-west-2,c8i,Intel Xeon 6 6975P-C,96,192.0,4.49808
us-west-2,c8i,Intel Xeon 6 6975P-C,128,256.0,5.99744
us-west-2,c8i,Intel Xeon 6 6975P-C,192,384.0,8.99616
us-west-2,c8i,Intel Xeon 6 6975P-C,384,768.0,17.99232
us-west-2,c9g,AWS Graviton5 Processor,1,2.0,0.04347
us-west-2,c9g,AWS Graviton5 Processor,2,4.0,0.08694
us-west-2,c9g,AWS Graviton5 Processor,4,8.0,0.17388
us-west-2,c9g,AWS Graviton5 Processor,8,16.0,0.34776
us-west-2,c9g,AWS Graviton5 Processor,16,32.0,0.69552
us-west-2,c9g,AWS Graviton5 Processor,32,64.0,1.39104
us-west-2,c9g,AWS Graviton5 Processor,48,96.0,2.08656
us-west-2,c9g,AWS Graviton5 Processor,64,128.0,2.78208
us-west-2,c9g,AWS Graviton5 Processor,96,192.0,4.17312
us-west-2,c9g,AWS Graviton5 Processor,192,384.0,8.34624
us-west-2,m6a,AMD EPYC 7R13 Processor,2,8.0,0.0864
us-west-2,m6a,AMD EPYC 7R13 Processor,4,16.0,0.1728
us-west-2,m6a,AMD EPYC 7R13 Processor,8,32.0,0.3456
us-west-2,m6a,AMD EPYC 7R13 Processor,16,64.0,0.6912
us-west-2,m6a,AMD EPYC 7R13 Processor,32,128.0,1.3824
us-west-2,m6a,AMD EPYC 7R13 Processor,48,192.0,2.0736
us-west-2,m6a,AMD EPYC 7R13 Processor,64,256.0,2.7648
us-west-2,m6a,AMD EPYC 7R13 Processor,96,384.0,4.1472
us-west-2,m6a,AMD EPYC 7R13 Processor,128,512.0,5.5296
us-west-2,m6a,AMD EPYC 7R13 Processor,192,768.0,8.2944
us-west-2,m6g,AWS Graviton2 Processor,1,4.0,0.0385
us-west-2,m6g,AWS Graviton2 Processor,2,8.0,0.077
us-west-2,m6g,AWS Graviton2 Processor,4,16.0,0.154
us-west-2,m6g,AWS Graviton2 Processor,8,32.0,0.308
us-west-2,m6g,AWS Graviton2 Processor,16,64.0,0.616
us-west-2,m6g,AWS Graviton2 Processor,32,128.0,1.232
us-west-2,m6g,AWS Graviton2 Processor,48,192.0,1.848
us-west-2,m6g,AWS Graviton2 Processor,64,256.0,2.464
us-west-2,m6i,Intel Xeon Platinum 8375C,2,8.0,0.096
us-west-2,m6i,Intel Xeon Platinum 8375C,4,16.0,0.192
us-west-2,m6i,Intel Xeon Platinum 8375C,8,32.0,0.384
us-west-2,m6i,Intel Xeon Platinum 8375C,16,64.0,0.768
us-west-2,m6i,Intel Xeon Platinum 8375C,32,128.0,1.536
us-west-2,m6i,Intel Xeon Platinum 8375C,48,192.0,2.304
us-west-2,m6i,Intel Xeon Platinum 8375C,64,256.0,3.072
us-west-2,m6i,Intel Xeon Platinum 8375C,96,384.0,4.608
us-west-2,m6i,Intel Xeon Platinum 8375C,128,512.0,6.144
us-west-2,m7a,AMD EPYC 9R14 Processor,1,4.0,0.05796
us-west-2,m7a,AMD EPYC 9R14 Processor,2,8.0,0.11592
us-west-2,m7a,AMD EPYC 9R14 Processor,4,16.0,0.23184
us-west-2,m7a,AMD EPYC 9R14 Processor,8,32.0,0.46368
us-west-2,m7a,AMD EPYC 9R14 Processor,16,64.0,0.92736
us-west-2,m7a,AMD EPYC 9R14 Processor,32,128.0,1.85472
us-west-2,m7a,AMD EPYC 9R14 Processor,48,192.0,2.78208
us-west-2,m7a,AMD EPYC 9R14 Processor,64,256.0,3.70944
us-west-2,m7a,AMD EPYC 9R14 Processor,96,384.0,5.56416
us-west-2,m7a,AMD EPYC 9R14 Processor,128,512.0,7.41888
us-west-2,m7a,AMD EPYC 9R14 Processor,192,768.0,11.12832
us-west-2,m7g,AWS Graviton3 Processor,1,4.0,0.0408
us-west-2,m7g,AWS Graviton3 Processor,2,8.0,0.0816
us-west-2,m7g,AWS Graviton3 Processor,4,16.0,0.1632
us-west-2,m7g,AWS Graviton3 Processor,8,32.0,0.3264
us-west-2,m7g,AWS Graviton3 Processor,16,64.0,0.6528
us-west-2,m7g,AWS Graviton3 Processor,32,128.0,1.3056
us-west-2,m7g,AWS Graviton3 Processor,48,192.0,1.9584
us-west-2,m7g,AWS Graviton3 Processor,64,256.0,2.6112
us-west-2,m7i,Intel Xeon Platinum 8488C,2,8.0,0.1008
us-west-2,m7i,Intel Xeon Platinum 8488C,4,16.0,0.2016
us-west-2,m7i,Intel Xeon Platinum 8488C,8,32.0,0.4032
us-west-2,m7i,Intel Xeon Platinum 8488C,16,64.0,0.8064
us-west-2,m7i,Intel Xeon Platinum 8488C,32,128.0,1.6128
us-west-2,m7i,Intel Xeon Platinum 8488C,48,192.0,2.4192
us-west-2,m7i,Intel Xeon Platinum 8488C,64,256.0,3.2256
us-west-2,m7i,Intel Xeon Platinum 8488C,96,384.0,4.8384
us-west-2,m7i,Intel Xeon Platinum 8488C,192,768.0,9.6768
us-west-2,m8a,AMD EPYC 9R45 Processor,1,4.0,0.06086
us-west-2,m8a,AMD EPYC 9R45 Processor,2,8.0,0.12172
us-west-2,m8a,AMD EPYC 9R45 Processor,4,16.0,0.24344
us-west-2,m8a,AMD EPYC 9R45 Processor,8,32.0,0.48688
us-west-2,m8a,AMD EPYC 9R45 Processor,16,64.0,0.97376
us-west-2,m8a,AMD EPYC 9R45 Processor,32,128.0,1.94752
us-west-2,m8a,AMD EPYC 9R45 Processor,48,192.0,2.92128
us-west-2,m8a,AMD EPYC 9R45 Processor,64,256.0,3.89504
us-west-2,m8a,AMD EPYC 9R45 Processor,96,384.0,5.84256
us-west-2,m8a,AMD EPYC 9R45 Processor,192,768.0,11.68512
us-west-2,m8g,AWS Graviton4 Processor,1,4.0,0.04488
us-west-2,m8g,AWS Graviton4 Processor,2,8.0,0.08976
us-west-2,m8g,AWS Graviton4 Processor,4,16.0,0.17952
us-west-2,m8g,AWS Graviton4 Processor,8,32.0,0.35904
us-west-2,m8g,AWS Graviton4 Processor,16,64.0,0.71808
us-west-2,m8g,AWS Graviton4 Processor,32,128.0,1.43616
us-west-2,m8g,AWS Graviton4 Processor,48,192.0,2.15424
us-west-2,m8g,AWS Graviton4 Processor,64,256.0,2.87232
us-west-2,m8g,AWS Graviton4 Processor,96,384.0,4.30848
us-west-2,m8g,AWS Graviton4 Processor,192,768.0,8.61696
us-west-2,m8i,Intel Xeon 6 6975P-C,2,8.0,0.10584
us-west-2,m8i,Intel Xeon 6 6975P-C,4,16.0,0.21168
us-west-2,m8i,Intel Xeon 6 6975P-C,8,32.0,0.42336
us-west-2,m8i,Intel Xeon 6 6975P-C,16,64.0,0.84672
us-west-2,m8i,Intel Xeon 6 6975P-C,32,128.0,1.69344
us-west-2,m8i,Intel Xeon 6 6975P-C,48,192.0,2.54016
us-west-2,m8i,Intel Xeon 6 6975P-C,64,256.0,3.38688
us-west-2,m8i,Intel Xeon 6 6975P-C,96,384.0,5.08032
us-west-2,m8i,Intel Xeon 6 6975P-C,128,512.0,6.77376
us-west-2,m8i,Intel Xeon 6 6975P-C,192,768.0,10.16064
us-west-2,m8i,Intel Xeon 6 6975P-C,384,1536.0,20.32128
us-west-2,m9g,AWS Graviton5 Processor,1,4.0,0.04892
us-west-2,m9g,AWS Graviton5 Processor,2,8.0,0.09784
us-west-2,m9g,AWS Graviton5 Processor,4,16.0,0.19568
us-west-2,m9g,AWS Graviton5 Processor,8,32.0,0.39136
us-west-2,m9g,AWS Graviton5 Processor,16,64.0,0.78272
us-west-2,m9g,AWS Graviton5 Processor,32,128.0,1.56544
us-west-2,m9g,AWS Graviton5 Processor,48,192.0,2.34816
us-west-2,m9g,AWS Graviton5 Processor,64,256.0,3.13088
us-west-2,m9g,AWS Graviton5 Processor,96,384.0,4.69632
us-west-2,m9g,AWS Graviton5 Processor,192,768.0,9.39264
us-west-2,r6a,AMD EPYC 7R13 Processor,2,16.0,0.1134
us-west-2,r6a,AMD EPYC 7R13 Processor,4,32.0,0.2268
us-west-2,r6a,AMD EPYC 7R13 Processor,8,64.0,0.4536
us-west-2,r6a,AMD EPYC 7R13 Processor,16,128.0,0.9072
us-west-2,r6a,AMD EPYC 7R13 Processor,32,256.0,1.8144
us-west-2,r6a,AMD EPYC 7R13 Processor,48,384.0,2.7216
us-west-2,r6a,AMD EPYC 7R13 Processor,64,512.0,3.6288
us-west-2,r6a,AMD EPYC 7R13 Processor,96,768.0,5.4432
us-west-2,r6a,AMD EPYC 7R13 Processor,128,1024.0,7.2576
us-west-2,r6a,AMD EPYC 7R13 Processor,192,1536.0,10.8864
us-west-2,r6g,AWS Graviton2 Processor,1,8.0,0.0504
us-west-2,r6g,AWS Graviton2 Processor,2,16.0,0.1008
us-west-2,r6g,AWS Graviton2 Processor,4,32.0,0.2016
us-west-2,r6g,AWS Graviton2 Processor,8,64.0,0.4032
us-west-2,r6g,AWS Graviton2 Processor,16,128.0,0.8064
us-west-2,r6g,AWS Graviton2 Processor,32,256.0,1.6128
us-west-2,r6g,AWS Graviton2 Processor,48,384.0,2.4192
us-west-2,r6g,AWS Graviton2 Processor,64,512.0,3.2256
us-west-2,r6i,Intel Xeon Platinum 8375C,2,16.0,0.126
us-west-2,r6i,Intel Xeon Platinum 8375C,4,32.0,0.252
us-west-2,r6i,Intel Xeon Platinum 8375C,8,64.0,0.504
us-west-2,r6i,Intel Xeon Platinum 8375C,16,128.0,1.008
us-west-2,r6i,Intel Xeon Platinum 8375C,32,256.0,2.016
us-west-2,r6i,Intel Xeon Platinum 8375C,48,384.0,3.024
us-west-2,r6i,Intel Xeon Platinum 8375C,64,512.0,4.032
us-west-2,r6i,Intel Xeon Platinum 8375C,96,768.0,6.048
us-west-2,r6i,Intel Xeon Platinum 8375C,128,1024.0,8.064
us-west-2,r7a,AMD EPYC 9R14 Processor,1,8.0,0.07608
us-west-2,r7a,AMD EPYC 9R14 Processor,2,16.0,0.15215
us-west-2,r7a,AMD EPYC 9R14 Processor,4,32.0,0.3043
us-west-2,r7a,AMD EPYC 9R14 Processor,8,64.0,0.6086
us-west-2,r7a,AMD EPYC 9R14 Processor,16,128.0,1.2172
us-west-2,r7a,AMD EPYC 9R14 Processor,32,256.0,2.4344
us-west-2,r7a,AMD EPYC 9R14 Processor,48,384.0,3.6516
us-west-2,r7a,AMD EPYC 9R14 Processor,64,512.0,4.8688
us-west-2,r7a,AMD EPYC 9R14 Processor,96,768.0,7.3032
us-west-2,r7a,AMD EPYC 9R14 Processor,128,1024.0,9.7376
us-west-2,r7a,AMD EPYC 9R14 Processor,192,1536.0,14.6064
us-west-2,r7g,AWS Graviton3 Processor,1,8.0,0.0536
us-west-2,r7g,AWS Graviton3 Processor,2,16.0,0.1071
us-west-2,r7g,AWS Graviton3 Processor,4,32.0,0.2142
us-west-2,r7g,AWS Graviton3 Processor,8,64.0,0.4284
us-west-2,r7g,AWS Graviton3 Processor,16,128.0,0.8568
us-west-2,r7g,AWS Graviton3 Processor,32,256.0,1.7136
us-west-2,r7g,AWS Graviton3 Processor,48,384.0,2.5704
us-west-2,r7g,AWS Graviton3 Processor,64,512.0,3.4272
us-west-2,r7i,Intel Xeon Platinum 8488C,2,16.0,0.1323
us-west-2,r7i,Intel Xeon Platinum 8488C,4,32.0,0.2646
us-west-2,r7i,Intel Xeon Platinum 8488C,8,64.0,0.5292
us-west-2,r7i,Intel Xeon Platinum 8488C,16,128.0,1.0584
us-west-2,r7i,Intel Xeon Platinum 8488C,32,256.0,2.1168
us-west-2,r7i,Intel Xeon Platinum 8488C,48,384.0,3.1752
us-west-2,r7i,Intel Xeon Platinum 8488C,64,512.0,4.2336
us-west-2,r7i,Intel Xeon Platinum 8488C,96,768.0,6.3504
us-west-2,r7i,Intel Xeon Platinum 8488C,192,1536.0,12.7008
us-west-2,r8a,AMD EPYC 9R45 Processor,1,8.0,0.07988
us-west-2,r8a,AMD EPYC 9R45 Processor,2,16.0,0.15976
us-west-2,r8a,AMD EPYC 9R45 Processor,4,32.0,0.31952
us-west-2,r8a,AMD EPYC 9R45 Processor,8,64.0,0.63904
us-west-2,r8a,AMD EPYC 9R45 Processor,16,128.0,1.27808
us-west-2,r8a,AMD EPYC 9R45 Processor,32,256.0,2.55616
us-west-2,r8a,AMD EPYC 9R45 Processor,48,384.0,3.83424
us-west-2,r8a,AMD EPYC 9R45 Processor,64,512.0,5.11232
us-west-2,r8a,AMD EPYC 9R45 Processor,96,768.0,7.66848
us-west-2,r8a,AMD EPYC 9R45 Processor,192,1536.0,15.33696
us-west-2,r8g,AWS Graviton4 Processor,1,8.0,0.05891
us-west-2,r8g,AWS Graviton4 Processor,2,16.0,0.11782
us-west-2,r8g,AWS Graviton4 Processor,4,32.0,0.23564
us-west-2,r8g,AWS Graviton4 Processor,8,64.0,0.47128
us-west-2,r8g,AWS Graviton4 Processor,16,128.0,0.94256
us-west-2,r8g,AWS Graviton4 Processor,32,256.0,1.88512
us-west-2,r8g,AWS Graviton4 Processor,48,384.0,2.82768
us-west-2,r8g,AWS Graviton4 Processor,64,512.0,3.77024
us-west-2,r8g,AWS Graviton4 Processor,96,768.0,5.65536
us-west-2,r8g,AWS Graviton4 Processor,192,1536.0,11.31072
us-west-2,r8i,Intel Xeon 6 6985P-C,2,16.0,0.13892
us-west-2,r8i,Intel Xeon 6 6985P-C,4,32.0,0.27784
us-west-2,r8i,Intel Xeon 6 6985P-C,8,64.0,0.55568
us-west-2,r8i,Intel Xeon 6 6985P-C,16,128.0,1.11136
us-west-2,r8i,Intel Xeon 6 6985P-C,32,256.0,2.22272
us-west-2,r8i,Intel Xeon 6 6985P-C,48,384.0,3.33408
us-west-2,r8i,Intel Xeon 6 6985P-C,64,512.0,4.44544
us-west-2,r8i,Intel Xeon 6 6985P-C,96,768.0,6.66816
us-west-2,r8i,Intel Xeon 6 6985P-C,128,1024.0,8.89088
us-west-2,r8i,Intel Xeon 6 6985P-C,192,1536.0,13.33632
us-west-2,r8i,Intel Xeon 6 6985P-C,384,3072.0,26.67264
us-west-2,x8g,AWS Graviton4 Processor,1,16.0,0.0977
us-west-2,x8g,AWS Graviton4 Processor,2,32.0,0.1954
us-west-2,x8g,AWS Graviton4 Processor,4,64.0,0.3908
us-west-2,x8g,AWS Graviton4 Processor,8,128.0,0.7816
us-west-2,x8g,AWS Graviton4 Processor,16,256.0,1.5632
us-west-2,x8g,AWS Graviton4 Processor,32,512.0,3.1264
us-west-2,x8g,AWS Graviton4 Processor,48,768.0,4.6896
us-west-2,x8g,AWS Graviton4 Processor,64,1024.0,6.2528
us-west-2,x8g,AWS Graviton4 Processor,96,1536.0,9.3792
us-west-2,x8g,AWS Graviton4 Processor,192,3072.0,18.7584
us-west-2,x8i,Intel Xeon 6 6975P-C,2,32.0,0.21883
us-west-2,x8i,Intel Xeon 6 6975P-C,4,64.0,0.43766
us-west-2,x8i,Intel Xeon 6 6975P-C,8,128.0,0.87532
us-west-2,x8i,Intel Xeon 6 6975P-C,16,256.0,1.75064
us-west-2,x8i,Intel Xeon 6 6975P-C,32,512.0,3.50128
us-west-2,x8i,Intel Xeon 6 6975P-C,48,768.0,5.25192
us-west-2,x8i,Intel Xeon 6 6975P-C,64,1024.0,7.00256
us-west-2,x8i,Intel Xeon 6 6975P-C,96,1536.0,10.50384
us-west-2,x8i,Intel Xeon 6 6975P-C,128,2048.0,14.00512
us-west-2,x8i,Intel Xeon 6 6975P-C,192,3072.0,21.00768
us-west-2,x8i,Intel Xeon 6 6975P-C,256,4096.0,28.01024
us-west-2,x8i,Intel Xeon 6 6975P-C,384,6144.0,48.74438
